uniprot_id	protein_variant	am_pathogenicity	am_class
O60260	M1A	0.6477	pathogenic
O60260	M1C	0.469	ambiguous
O60260	M1D	0.9147	pathogenic
O60260	M1E	0.7715	pathogenic
O60260	M1F	0.4318	ambiguous
O60260	M1G	0.7148	pathogenic
O60260	M1H	0.8313	pathogenic
O60260	M1I	0.6856	pathogenic
O60260	M1K	0.6907	pathogenic
O60260	M1L	0.2013	benign
O60260	M1N	0.7566	pathogenic
O60260	M1P	0.859	pathogenic
O60260	M1Q	0.4953	ambiguous
O60260	M1R	0.6477	pathogenic
O60260	M1S	0.6328	pathogenic
O60260	M1T	0.6855	pathogenic
O60260	M1V	0.1905	benign
O60260	M1W	0.7548	pathogenic
O60260	M1Y	0.7694	pathogenic
O60260	I2A	0.1972	benign
O60260	I2C	0.7261	pathogenic
O60260	I2D	0.6095	pathogenic
O60260	I2E	0.4514	ambiguous
O60260	I2F	0.2123	benign
O60260	I2G	0.5209	ambiguous
O60260	I2H	0.6627	pathogenic
O60260	I2K	0.4894	ambiguous
O60260	I2L	0.1886	benign
O60260	I2M	0.1621	benign
O60260	I2N	0.3675	ambiguous
O60260	I2P	0.5675	pathogenic
O60260	I2Q	0.4737	ambiguous
O60260	I2R	0.3691	ambiguous
O60260	I2S	0.2981	benign
O60260	I2T	0.1939	benign
O60260	I2V	0.1986	benign
O60260	I2W	0.7225	pathogenic
O60260	I2Y	0.4983	ambiguous
O60260	V3A	0.6787	pathogenic
O60260	V3C	0.813	pathogenic
O60260	V3D	0.9121	pathogenic
O60260	V3E	0.8562	pathogenic
O60260	V3F	0.5469	ambiguous
O60260	V3G	0.5753	pathogenic
O60260	V3H	0.9469	pathogenic
O60260	V3I	0.235	benign
O60260	V3K	0.9054	pathogenic
O60260	V3L	0.37	ambiguous
O60260	V3M	0.5976	pathogenic
O60260	V3N	0.8813	pathogenic
O60260	V3P	0.8985	pathogenic
O60260	V3Q	0.8491	pathogenic
O60260	V3R	0.793	pathogenic
O60260	V3S	0.7373	pathogenic
O60260	V3T	0.7775	pathogenic
O60260	V3W	0.936	pathogenic
O60260	V3Y	0.8288	pathogenic
O60260	F4A	0.8636	pathogenic
O60260	F4C	0.8287	pathogenic
O60260	F4D	0.945	pathogenic
O60260	F4E	0.9545	pathogenic
O60260	F4G	0.9401	pathogenic
O60260	F4H	0.826	pathogenic
O60260	F4I	0.6867	pathogenic
O60260	F4K	0.9597	pathogenic
O60260	F4L	0.9562	pathogenic
O60260	F4M	0.8263	pathogenic
O60260	F4N	0.8423	pathogenic
O60260	F4P	0.9952	pathogenic
O60260	F4Q	0.9372	pathogenic
O60260	F4R	0.8942	pathogenic
O60260	F4S	0.8091	pathogenic
O60260	F4T	0.8488	pathogenic
O60260	F4V	0.651	pathogenic
O60260	F4W	0.6217	pathogenic
O60260	F4Y	0.2297	benign
O60260	V5A	0.8207	pathogenic
O60260	V5C	0.9353	pathogenic
O60260	V5D	0.9909	pathogenic
O60260	V5E	0.9762	pathogenic
O60260	V5F	0.8184	pathogenic
O60260	V5G	0.8638	pathogenic
O60260	V5H	0.9912	pathogenic
O60260	V5I	0.1443	benign
O60260	V5K	0.9821	pathogenic
O60260	V5L	0.7419	pathogenic
O60260	V5M	0.8729	pathogenic
O60260	V5N	0.9793	pathogenic
O60260	V5P	0.9678	pathogenic
O60260	V5Q	0.9668	pathogenic
O60260	V5R	0.9537	pathogenic
O60260	V5S	0.9067	pathogenic
O60260	V5T	0.8732	pathogenic
O60260	V5W	0.9941	pathogenic
O60260	V5Y	0.9768	pathogenic
O60260	R6A	0.9292	pathogenic
O60260	R6C	0.5731	pathogenic
O60260	R6D	0.9837	pathogenic
O60260	R6E	0.9181	pathogenic
O60260	R6F	0.948	pathogenic
O60260	R6G	0.8776	pathogenic
O60260	R6H	0.4982	ambiguous
O60260	R6I	0.8584	pathogenic
O60260	R6K	0.4557	ambiguous
O60260	R6L	0.7569	pathogenic
O60260	R6M	0.9217	pathogenic
O60260	R6N	0.9657	pathogenic
O60260	R6P	0.9729	pathogenic
O60260	R6Q	0.4521	ambiguous
O60260	R6S	0.9464	pathogenic
O60260	R6T	0.8989	pathogenic
O60260	R6V	0.8827	pathogenic
O60260	R6W	0.6453	pathogenic
O60260	R6Y	0.8638	pathogenic
O60260	F7A	0.9703	pathogenic
O60260	F7C	0.8242	pathogenic
O60260	F7D	0.9841	pathogenic
O60260	F7E	0.9853	pathogenic
O60260	F7G	0.9728	pathogenic
O60260	F7H	0.9228	pathogenic
O60260	F7I	0.8273	pathogenic
O60260	F7K	0.9854	pathogenic
O60260	F7L	0.9827	pathogenic
O60260	F7M	0.9202	pathogenic
O60260	F7N	0.9567	pathogenic
O60260	F7P	0.9983	pathogenic
O60260	F7Q	0.9807	pathogenic
O60260	F7R	0.9632	pathogenic
O60260	F7S	0.9404	pathogenic
O60260	F7T	0.9561	pathogenic
O60260	F7V	0.793	pathogenic
O60260	F7W	0.6758	pathogenic
O60260	F7Y	0.2812	benign
O60260	N8A	0.5961	pathogenic
O60260	N8C	0.5684	pathogenic
O60260	N8D	0.5394	ambiguous
O60260	N8E	0.8946	pathogenic
O60260	N8F	0.8815	pathogenic
O60260	N8G	0.5124	ambiguous
O60260	N8H	0.3489	ambiguous
O60260	N8I	0.8283	pathogenic
O60260	N8K	0.895	pathogenic
O60260	N8L	0.602	pathogenic
O60260	N8M	0.8595	pathogenic
O60260	N8P	0.8465	pathogenic
O60260	N8Q	0.761	pathogenic
O60260	N8R	0.7598	pathogenic
O60260	N8S	0.1331	benign
O60260	N8T	0.6022	pathogenic
O60260	N8V	0.7962	pathogenic
O60260	N8W	0.9425	pathogenic
O60260	N8Y	0.5365	ambiguous
O60260	S9A	0.1131	benign
O60260	S9C	0.2195	benign
O60260	S9D	0.7538	pathogenic
O60260	S9E	0.8099	pathogenic
O60260	S9F	0.5251	ambiguous
O60260	S9G	0.183	benign
O60260	S9H	0.6542	pathogenic
O60260	S9I	0.6107	pathogenic
O60260	S9K	0.9019	pathogenic
O60260	S9L	0.2924	benign
O60260	S9M	0.5617	ambiguous
O60260	S9N	0.5115	ambiguous
O60260	S9P	0.5402	ambiguous
O60260	S9Q	0.7446	pathogenic
O60260	S9R	0.8115	pathogenic
O60260	S9T	0.1673	benign
O60260	S9V	0.4983	ambiguous
O60260	S9W	0.6082	pathogenic
O60260	S9Y	0.4463	ambiguous
O60260	S10A	0.1929	benign
O60260	S10C	0.1548	benign
O60260	S10D	0.4938	ambiguous
O60260	S10E	0.7346	pathogenic
O60260	S10F	0.5595	ambiguous
O60260	S10G	0.1246	benign
O60260	S10H	0.4014	ambiguous
O60260	S10I	0.3838	ambiguous
O60260	S10K	0.7951	pathogenic
O60260	S10L	0.3306	benign
O60260	S10M	0.4735	ambiguous
O60260	S10N	0.1666	benign
O60260	S10P	0.6654	pathogenic
O60260	S10Q	0.6093	pathogenic
O60260	S10R	0.6132	pathogenic
O60260	S10T	0.1508	benign
O60260	S10V	0.4174	ambiguous
O60260	S10W	0.5843	pathogenic
O60260	S10Y	0.4503	ambiguous
O60260	H11A	0.2828	benign
O60260	H11C	0.1637	benign
O60260	H11D	0.2714	benign
O60260	H11E	0.3193	benign
O60260	H11F	0.2611	benign
O60260	H11G	0.2998	benign
O60260	H11I	0.3882	ambiguous
O60260	H11K	0.3003	benign
O60260	H11L	0.1555	benign
O60260	H11M	0.5473	ambiguous
O60260	H11N	0.1448	benign
O60260	H11P	0.2034	benign
O60260	H11Q	0.215	benign
O60260	H11R	0.1071	benign
O60260	H11S	0.2331	benign
O60260	H11T	0.3085	benign
O60260	H11V	0.2984	benign
O60260	H11W	0.3016	benign
O60260	H11Y	0.093	benign
O60260	G12A	0.2899	benign
O60260	G12C	0.4171	ambiguous
O60260	G12D	0.8428	pathogenic
O60260	G12E	0.8417	pathogenic
O60260	G12F	0.8849	pathogenic
O60260	G12H	0.8596	pathogenic
O60260	G12I	0.6465	pathogenic
O60260	G12K	0.9478	pathogenic
O60260	G12L	0.8205	pathogenic
O60260	G12M	0.8864	pathogenic
O60260	G12N	0.803	pathogenic
O60260	G12P	0.9134	pathogenic
O60260	G12Q	0.8489	pathogenic
O60260	G12R	0.8126	pathogenic
O60260	G12S	0.2198	benign
O60260	G12T	0.435	ambiguous
O60260	G12V	0.5127	ambiguous
O60260	G12W	0.805	pathogenic
O60260	G12Y	0.8241	pathogenic
O60260	F13A	0.9384	pathogenic
O60260	F13C	0.746	pathogenic
O60260	F13D	0.9718	pathogenic
O60260	F13E	0.955	pathogenic
O60260	F13G	0.9715	pathogenic
O60260	F13H	0.891	pathogenic
O60260	F13I	0.3974	ambiguous
O60260	F13K	0.964	pathogenic
O60260	F13L	0.9441	pathogenic
O60260	F13M	0.807	pathogenic
O60260	F13N	0.9341	pathogenic
O60260	F13P	0.9977	pathogenic
O60260	F13Q	0.9401	pathogenic
O60260	F13R	0.9396	pathogenic
O60260	F13S	0.8757	pathogenic
O60260	F13T	0.9116	pathogenic
O60260	F13V	0.4721	ambiguous
O60260	F13W	0.7794	pathogenic
O60260	F13Y	0.408	ambiguous
O60260	P14A	0.1242	benign
O60260	P14C	0.6959	pathogenic
O60260	P14D	0.8651	pathogenic
O60260	P14E	0.6267	pathogenic
O60260	P14F	0.8027	pathogenic
O60260	P14G	0.6834	pathogenic
O60260	P14H	0.5174	ambiguous
O60260	P14I	0.6844	pathogenic
O60260	P14K	0.7646	pathogenic
O60260	P14L	0.2577	benign
O60260	P14M	0.6541	pathogenic
O60260	P14N	0.8407	pathogenic
O60260	P14Q	0.4498	ambiguous
O60260	P14R	0.4236	ambiguous
O60260	P14S	0.3086	benign
O60260	P14T	0.3034	benign
O60260	P14V	0.4683	ambiguous
O60260	P14W	0.8312	pathogenic
O60260	P14Y	0.798	pathogenic
O60260	V15A	0.4064	ambiguous
O60260	V15C	0.9024	pathogenic
O60260	V15D	0.9436	pathogenic
O60260	V15E	0.6964	pathogenic
O60260	V15F	0.4268	ambiguous
O60260	V15G	0.6937	pathogenic
O60260	V15H	0.9424	pathogenic
O60260	V15I	0.1156	benign
O60260	V15K	0.8012	pathogenic
O60260	V15L	0.3169	benign
O60260	V15M	0.2023	benign
O60260	V15N	0.9286	pathogenic
O60260	V15P	0.9718	pathogenic
O60260	V15Q	0.7199	pathogenic
O60260	V15R	0.7477	pathogenic
O60260	V15S	0.7679	pathogenic
O60260	V15T	0.4494	ambiguous
O60260	V15W	0.9365	pathogenic
O60260	V15Y	0.906	pathogenic
O60260	E16A	0.1768	benign
O60260	E16C	0.8647	pathogenic
O60260	E16D	0.188	benign
O60260	E16F	0.8096	pathogenic
O60260	E16G	0.2986	benign
O60260	E16H	0.5307	ambiguous
O60260	E16I	0.5107	ambiguous
O60260	E16K	0.2156	benign
O60260	E16L	0.4815	ambiguous
O60260	E16M	0.5279	ambiguous
O60260	E16N	0.3693	ambiguous
O60260	E16P	0.5729	pathogenic
O60260	E16Q	0.1863	benign
O60260	E16R	0.3146	benign
O60260	E16S	0.2917	benign
O60260	E16T	0.3103	benign
O60260	E16V	0.2763	benign
O60260	E16W	0.9013	pathogenic
O60260	E16Y	0.7126	pathogenic
O60260	V17A	0.3391	benign
O60260	V17C	0.9027	pathogenic
O60260	V17D	0.8548	pathogenic
O60260	V17E	0.7568	pathogenic
O60260	V17F	0.4634	ambiguous
O60260	V17G	0.4145	ambiguous
O60260	V17H	0.9518	pathogenic
O60260	V17I	0.1239	benign
O60260	V17K	0.8495	pathogenic
O60260	V17L	0.3518	ambiguous
O60260	V17M	0.2978	benign
O60260	V17N	0.8537	pathogenic
O60260	V17P	0.9095	pathogenic
O60260	V17Q	0.8472	pathogenic
O60260	V17R	0.8218	pathogenic
O60260	V17S	0.6943	pathogenic
O60260	V17T	0.3974	ambiguous
O60260	V17W	0.9364	pathogenic
O60260	V17Y	0.8918	pathogenic
O60260	D18A	0.1214	benign
O60260	D18C	0.4145	ambiguous
O60260	D18E	0.1749	benign
O60260	D18F	0.5156	ambiguous
O60260	D18G	0.1123	benign
O60260	D18H	0.1832	benign
O60260	D18I	0.3443	ambiguous
O60260	D18K	0.2777	benign
O60260	D18L	0.3154	benign
O60260	D18M	0.5546	ambiguous
O60260	D18N	0.0807	benign
O60260	D18P	0.4345	ambiguous
O60260	D18Q	0.2366	benign
O60260	D18R	0.2333	benign
O60260	D18S	0.0937	benign
O60260	D18T	0.1938	benign
O60260	D18V	0.2155	benign
O60260	D18W	0.79	pathogenic
O60260	D18Y	0.2166	benign
O60260	S19A	0.0624	benign
O60260	S19C	0.0916	benign
O60260	S19D	0.2039	benign
O60260	S19E	0.2272	benign
O60260	S19F	0.1754	benign
O60260	S19G	0.0662	benign
O60260	S19H	0.2041	benign
O60260	S19I	0.1492	benign
O60260	S19K	0.2899	benign
O60260	S19L	0.0995	benign
O60260	S19M	0.1774	benign
O60260	S19N	0.1123	benign
O60260	S19P	0.0913	benign
O60260	S19Q	0.2558	benign
O60260	S19R	0.2042	benign
O60260	S19T	0.0765	benign
O60260	S19V	0.1456	benign
O60260	S19W	0.1748	benign
O60260	S19Y	0.152	benign
O60260	D20A	0.0929	benign
O60260	D20C	0.3419	ambiguous
O60260	D20E	0.1257	benign
O60260	D20F	0.3942	ambiguous
O60260	D20G	0.0914	benign
O60260	D20H	0.1315	benign
O60260	D20I	0.3063	benign
O60260	D20K	0.1929	benign
O60260	D20L	0.2525	benign
O60260	D20M	0.4449	ambiguous
O60260	D20N	0.0763	benign
O60260	D20P	0.4457	ambiguous
O60260	D20Q	0.1696	benign
O60260	D20R	0.1691	benign
O60260	D20S	0.0826	benign
O60260	D20T	0.1425	benign
O60260	D20V	0.1722	benign
O60260	D20W	0.7117	pathogenic
O60260	D20Y	0.1639	benign
O60260	T21A	0.086	benign
O60260	T21C	0.4637	ambiguous
O60260	T21D	0.4453	ambiguous
O60260	T21E	0.4864	ambiguous
O60260	T21F	0.3705	ambiguous
O60260	T21G	0.3585	ambiguous
O60260	T21H	0.3663	ambiguous
O60260	T21I	0.3316	benign
O60260	T21K	0.3904	ambiguous
O60260	T21L	0.1857	benign
O60260	T21M	0.1362	benign
O60260	T21N	0.2482	benign
O60260	T21P	0.458	ambiguous
O60260	T21Q	0.3853	ambiguous
O60260	T21R	0.2658	benign
O60260	T21S	0.1394	benign
O60260	T21V	0.2275	benign
O60260	T21W	0.652	pathogenic
O60260	T21Y	0.409	ambiguous
O60260	S22A	0.1608	benign
O60260	S22C	0.1905	benign
O60260	S22D	0.4949	ambiguous
O60260	S22E	0.7809	pathogenic
O60260	S22F	0.6533	pathogenic
O60260	S22G	0.139	benign
O60260	S22H	0.5941	pathogenic
O60260	S22I	0.6414	pathogenic
O60260	S22K	0.8487	pathogenic
O60260	S22L	0.2917	benign
O60260	S22M	0.526	ambiguous
O60260	S22N	0.2461	benign
O60260	S22P	0.3368	benign
O60260	S22Q	0.7607	pathogenic
O60260	S22R	0.728	pathogenic
O60260	S22T	0.1063	benign
O60260	S22V	0.5367	ambiguous
O60260	S22W	0.6151	pathogenic
O60260	S22Y	0.4996	ambiguous
O60260	I23A	0.9081	pathogenic
O60260	I23C	0.9515	pathogenic
O60260	I23D	0.9968	pathogenic
O60260	I23E	0.9959	pathogenic
O60260	I23F	0.7184	pathogenic
O60260	I23G	0.9888	pathogenic
O60260	I23H	0.9906	pathogenic
O60260	I23K	0.9929	pathogenic
O60260	I23L	0.4032	ambiguous
O60260	I23M	0.5335	ambiguous
O60260	I23N	0.9648	pathogenic
O60260	I23P	0.9602	pathogenic
O60260	I23Q	0.9929	pathogenic
O60260	I23R	0.9828	pathogenic
O60260	I23S	0.9329	pathogenic
O60260	I23T	0.9139	pathogenic
O60260	I23V	0.1037	benign
O60260	I23W	0.9903	pathogenic
O60260	I23Y	0.9682	pathogenic
O60260	F24A	0.166	benign
O60260	F24C	0.158	benign
O60260	F24D	0.4076	ambiguous
O60260	F24E	0.4353	ambiguous
O60260	F24G	0.3269	benign
O60260	F24H	0.2701	benign
O60260	F24I	0.1259	benign
O60260	F24K	0.4853	ambiguous
O60260	F24L	0.4227	ambiguous
O60260	F24M	0.3335	benign
O60260	F24N	0.3222	benign
O60260	F24P	0.7926	pathogenic
O60260	F24Q	0.3393	benign
O60260	F24R	0.2692	benign
O60260	F24S	0.113	benign
O60260	F24T	0.2203	benign
O60260	F24V	0.1223	benign
O60260	F24W	0.3038	benign
O60260	F24Y	0.1182	benign
O60260	Q25A	0.2636	benign
O60260	Q25C	0.5788	pathogenic
O60260	Q25D	0.3725	ambiguous
O60260	Q25E	0.0893	benign
O60260	Q25F	0.7104	pathogenic
O60260	Q25G	0.2892	benign
O60260	Q25H	0.2055	benign
O60260	Q25I	0.5312	ambiguous
O60260	Q25K	0.128	benign
O60260	Q25L	0.1605	benign
O60260	Q25M	0.4845	ambiguous
O60260	Q25N	0.4015	ambiguous
O60260	Q25P	0.3856	ambiguous
O60260	Q25R	0.094	benign
O60260	Q25S	0.3142	benign
O60260	Q25T	0.2894	benign
O60260	Q25V	0.3673	ambiguous
O60260	Q25W	0.4371	ambiguous
O60260	Q25Y	0.4802	ambiguous
O60260	L26A	0.9561	pathogenic
O60260	L26C	0.9392	pathogenic
O60260	L26D	0.9975	pathogenic
O60260	L26E	0.9819	pathogenic
O60260	L26F	0.6428	pathogenic
O60260	L26G	0.987	pathogenic
O60260	L26H	0.9785	pathogenic
O60260	L26I	0.2104	benign
O60260	L26K	0.9757	pathogenic
O60260	L26M	0.3291	benign
O60260	L26N	0.9937	pathogenic
O60260	L26P	0.9868	pathogenic
O60260	L26Q	0.9521	pathogenic
O60260	L26R	0.9461	pathogenic
O60260	L26S	0.9926	pathogenic
O60260	L26T	0.9657	pathogenic
O60260	L26V	0.2476	benign
O60260	L26W	0.8636	pathogenic
O60260	L26Y	0.9475	pathogenic
O60260	K27A	0.9489	pathogenic
O60260	K27C	0.9832	pathogenic
O60260	K27D	0.9968	pathogenic
O60260	K27E	0.909	pathogenic
O60260	K27F	0.9986	pathogenic
O60260	K27G	0.9764	pathogenic
O60260	K27H	0.9725	pathogenic
O60260	K27I	0.969	pathogenic
O60260	K27L	0.9381	pathogenic
O60260	K27M	0.8765	pathogenic
O60260	K27N	0.9921	pathogenic
O60260	K27P	0.993	pathogenic
O60260	K27Q	0.7605	pathogenic
O60260	K27R	0.314	benign
O60260	K27S	0.9834	pathogenic
O60260	K27T	0.8907	pathogenic
O60260	K27V	0.9511	pathogenic
O60260	K27W	0.996	pathogenic
O60260	K27Y	0.9927	pathogenic
O60260	E28A	0.1636	benign
O60260	E28C	0.901	pathogenic
O60260	E28D	0.2613	benign
O60260	E28F	0.9055	pathogenic
O60260	E28G	0.2328	benign
O60260	E28H	0.5903	pathogenic
O60260	E28I	0.6507	pathogenic
O60260	E28K	0.1878	benign
O60260	E28L	0.5323	ambiguous
O60260	E28M	0.5476	ambiguous
O60260	E28N	0.3841	ambiguous
O60260	E28P	0.9708	pathogenic
O60260	E28Q	0.1574	benign
O60260	E28R	0.2829	benign
O60260	E28S	0.3057	benign
O60260	E28T	0.3181	benign
O60260	E28V	0.3491	ambiguous
O60260	E28W	0.9373	pathogenic
O60260	E28Y	0.7678	pathogenic
O60260	V29A	0.0631	benign
O60260	V29C	0.6328	pathogenic
O60260	V29D	0.1542	benign
O60260	V29E	0.101	benign
O60260	V29F	0.1458	benign
O60260	V29G	0.1446	benign
O60260	V29H	0.335	benign
O60260	V29I	0.0931	benign
O60260	V29K	0.1782	benign
O60260	V29L	0.1653	benign
O60260	V29M	0.1	benign
O60260	V29N	0.1714	benign
O60260	V29P	0.7468	pathogenic
O60260	V29Q	0.1615	benign
O60260	V29R	0.1605	benign
O60260	V29S	0.1265	benign
O60260	V29T	0.0948	benign
O60260	V29W	0.5688	pathogenic
O60260	V29Y	0.3983	ambiguous
O60260	V30A	0.4125	ambiguous
O60260	V30C	0.9652	pathogenic
O60260	V30D	0.9899	pathogenic
O60260	V30E	0.9528	pathogenic
O60260	V30F	0.7965	pathogenic
O60260	V30G	0.7824	pathogenic
O60260	V30H	0.9914	pathogenic
O60260	V30I	0.1677	benign
O60260	V30K	0.9821	pathogenic
O60260	V30L	0.7673	pathogenic
O60260	V30M	0.6803	pathogenic
O60260	V30N	0.9836	pathogenic
O60260	V30P	0.9685	pathogenic
O60260	V30Q	0.964	pathogenic
O60260	V30R	0.9595	pathogenic
O60260	V30S	0.8404	pathogenic
O60260	V30T	0.5762	pathogenic
O60260	V30W	0.9928	pathogenic
O60260	V30Y	0.9844	pathogenic
O60260	A31C	0.8955	pathogenic
O60260	A31D	0.976	pathogenic
O60260	A31E	0.9143	pathogenic
O60260	A31F	0.946	pathogenic
O60260	A31G	0.1504	benign
O60260	A31H	0.9715	pathogenic
O60260	A31I	0.9738	pathogenic
O60260	A31K	0.9755	pathogenic
O60260	A31L	0.875	pathogenic
O60260	A31M	0.9157	pathogenic
O60260	A31N	0.959	pathogenic
O60260	A31P	0.9777	pathogenic
O60260	A31Q	0.885	pathogenic
O60260	A31R	0.9081	pathogenic
O60260	A31S	0.21	benign
O60260	A31T	0.7497	pathogenic
O60260	A31V	0.8635	pathogenic
O60260	A31W	0.9831	pathogenic
O60260	A31Y	0.967	pathogenic
O60260	K32A	0.2051	benign
O60260	K32C	0.5659	pathogenic
O60260	K32D	0.427	ambiguous
O60260	K32E	0.1033	benign
O60260	K32F	0.6894	pathogenic
O60260	K32G	0.2148	benign
O60260	K32H	0.2749	benign
O60260	K32I	0.3611	ambiguous
O60260	K32L	0.255	benign
O60260	K32M	0.2076	benign
O60260	K32N	0.3069	benign
O60260	K32P	0.6244	pathogenic
O60260	K32Q	0.0869	benign
O60260	K32R	0.0684	benign
O60260	K32S	0.2493	benign
O60260	K32T	0.1597	benign
O60260	K32V	0.2835	benign
O60260	K32W	0.6152	pathogenic
O60260	K32Y	0.5593	ambiguous
O60260	R33A	0.3139	benign
O60260	R33C	0.1517	benign
O60260	R33D	0.578	pathogenic
O60260	R33E	0.2215	benign
O60260	R33F	0.4801	ambiguous
O60260	R33G	0.2179	benign
O60260	R33H	0.0997	benign
O60260	R33I	0.2258	benign
O60260	R33K	0.1085	benign
O60260	R33L	0.1665	benign
O60260	R33M	0.2307	benign
O60260	R33N	0.4694	ambiguous
O60260	R33P	0.7509	pathogenic
O60260	R33Q	0.071	benign
O60260	R33S	0.3778	ambiguous
O60260	R33T	0.2226	benign
O60260	R33V	0.3008	benign
O60260	R33W	0.1286	benign
O60260	R33Y	0.2852	benign
O60260	Q34A	0.3902	ambiguous
O60260	Q34C	0.7621	pathogenic
O60260	Q34D	0.8284	pathogenic
O60260	Q34E	0.1382	benign
O60260	Q34F	0.8332	pathogenic
O60260	Q34G	0.5189	ambiguous
O60260	Q34H	0.4405	ambiguous
O60260	Q34I	0.6043	pathogenic
O60260	Q34K	0.1962	benign
O60260	Q34L	0.2584	benign
O60260	Q34M	0.5045	ambiguous
O60260	Q34N	0.6421	pathogenic
O60260	Q34P	0.718	pathogenic
O60260	Q34R	0.1743	benign
O60260	Q34S	0.5784	pathogenic
O60260	Q34T	0.4722	ambiguous
O60260	Q34V	0.4284	ambiguous
O60260	Q34W	0.6737	pathogenic
O60260	Q34Y	0.7071	pathogenic
O60260	G35A	0.2693	benign
O60260	G35C	0.4348	ambiguous
O60260	G35D	0.2365	benign
O60260	G35E	0.311	benign
O60260	G35F	0.8457	pathogenic
O60260	G35H	0.5265	ambiguous
O60260	G35I	0.7469	pathogenic
O60260	G35K	0.5368	ambiguous
O60260	G35L	0.7259	pathogenic
O60260	G35M	0.7308	pathogenic
O60260	G35N	0.3595	ambiguous
O60260	G35P	0.9609	pathogenic
O60260	G35Q	0.4188	ambiguous
O60260	G35R	0.4181	ambiguous
O60260	G35S	0.2027	benign
O60260	G35T	0.5172	ambiguous
O60260	G35V	0.5579	ambiguous
O60260	G35W	0.6683	pathogenic
O60260	G35Y	0.6731	pathogenic
O60260	V36A	0.254	benign
O60260	V36C	0.6962	pathogenic
O60260	V36D	0.5638	ambiguous
O60260	V36E	0.4191	ambiguous
O60260	V36F	0.1409	benign
O60260	V36G	0.296	benign
O60260	V36H	0.6416	pathogenic
O60260	V36I	0.077	benign
O60260	V36K	0.4467	ambiguous
O60260	V36L	0.1957	benign
O60260	V36M	0.1526	benign
O60260	V36N	0.4729	ambiguous
O60260	V36P	0.9129	pathogenic
O60260	V36Q	0.4095	ambiguous
O60260	V36R	0.389	ambiguous
O60260	V36S	0.3534	ambiguous
O60260	V36T	0.3383	benign
O60260	V36W	0.7615	pathogenic
O60260	V36Y	0.5713	pathogenic
O60260	P37A	0.0717	benign
O60260	P37C	0.3663	ambiguous
O60260	P37D	0.3089	benign
O60260	P37E	0.2044	benign
O60260	P37F	0.3771	ambiguous
O60260	P37G	0.2979	benign
O60260	P37H	0.1533	benign
O60260	P37I	0.3174	benign
O60260	P37K	0.2284	benign
O60260	P37L	0.0955	benign
O60260	P37M	0.2675	benign
O60260	P37N	0.3049	benign
O60260	P37Q	0.1226	benign
O60260	P37R	0.1166	benign
O60260	P37S	0.1097	benign
O60260	P37T	0.1045	benign
O60260	P37V	0.2004	benign
O60260	P37W	0.4417	ambiguous
O60260	P37Y	0.3699	ambiguous
O60260	A38C	0.547	ambiguous
O60260	A38D	0.3979	ambiguous
O60260	A38E	0.2869	benign
O60260	A38F	0.4704	ambiguous
O60260	A38G	0.18	benign
O60260	A38H	0.5592	ambiguous
O60260	A38I	0.2669	benign
O60260	A38K	0.472	ambiguous
O60260	A38L	0.26	benign
O60260	A38M	0.2949	benign
O60260	A38N	0.4171	ambiguous
O60260	A38P	0.14	benign
O60260	A38Q	0.4003	ambiguous
O60260	A38R	0.3911	ambiguous
O60260	A38S	0.1133	benign
O60260	A38T	0.1064	benign
O60260	A38V	0.1176	benign
O60260	A38W	0.7645	pathogenic
O60260	A38Y	0.6081	pathogenic
O60260	D39A	0.1341	benign
O60260	D39C	0.4361	ambiguous
O60260	D39E	0.1256	benign
O60260	D39F	0.4892	ambiguous
O60260	D39G	0.1068	benign
O60260	D39H	0.1575	benign
O60260	D39I	0.3661	ambiguous
O60260	D39K	0.2418	benign
O60260	D39L	0.3127	benign
O60260	D39M	0.5622	ambiguous
O60260	D39N	0.0947	benign
O60260	D39P	0.4608	ambiguous
O60260	D39Q	0.2061	benign
O60260	D39R	0.2207	benign
O60260	D39S	0.0982	benign
O60260	D39T	0.2234	benign
O60260	D39V	0.2137	benign
O60260	D39W	0.7029	pathogenic
O60260	D39Y	0.1873	benign
O60260	Q40A	0.2659	benign
O60260	Q40C	0.5402	ambiguous
O60260	Q40D	0.2872	benign
O60260	Q40E	0.081	benign
O60260	Q40F	0.7023	pathogenic
O60260	Q40G	0.2758	benign
O60260	Q40H	0.2165	benign
O60260	Q40I	0.4891	ambiguous
O60260	Q40K	0.1153	benign
O60260	Q40L	0.1842	benign
O60260	Q40M	0.4226	ambiguous
O60260	Q40N	0.2997	benign
O60260	Q40P	0.5171	ambiguous
O60260	Q40R	0.0938	benign
O60260	Q40S	0.2822	benign
O60260	Q40T	0.2586	benign
O60260	Q40V	0.3389	benign
O60260	Q40W	0.4692	ambiguous
O60260	Q40Y	0.461	ambiguous
O60260	L41A	0.9109	pathogenic
O60260	L41C	0.8984	pathogenic
O60260	L41D	0.9959	pathogenic
O60260	L41E	0.9708	pathogenic
O60260	L41F	0.6684	pathogenic
O60260	L41G	0.9717	pathogenic
O60260	L41H	0.9581	pathogenic
O60260	L41I	0.2694	benign
O60260	L41K	0.9637	pathogenic
O60260	L41M	0.3277	benign
O60260	L41N	0.9818	pathogenic
O60260	L41P	0.9755	pathogenic
O60260	L41Q	0.8911	pathogenic
O60260	L41R	0.9222	pathogenic
O60260	L41S	0.9757	pathogenic
O60260	L41T	0.9235	pathogenic
O60260	L41V	0.28	benign
O60260	L41W	0.8599	pathogenic
O60260	L41Y	0.9203	pathogenic
O60260	R42A	0.4114	ambiguous
O60260	R42C	0.1038	benign
O60260	R42D	0.6637	pathogenic
O60260	R42E	0.4338	ambiguous
O60260	R42F	0.5036	ambiguous
O60260	R42G	0.3459	ambiguous
O60260	R42H	0.0784	benign
O60260	R42I	0.4145	ambiguous
O60260	R42K	0.1965	benign
O60260	R42L	0.254	benign
O60260	R42M	0.4722	ambiguous
O60260	R42N	0.5244	ambiguous
O60260	R42P	0.9261	pathogenic
O60260	R42Q	0.1089	benign
O60260	R42S	0.4197	ambiguous
O60260	R42T	0.3293	benign
O60260	R42V	0.4018	ambiguous
O60260	R42W	0.1963	benign
O60260	R42Y	0.2893	benign
O60260	V43A	0.7952	pathogenic
O60260	V43C	0.9368	pathogenic
O60260	V43D	0.99	pathogenic
O60260	V43E	0.977	pathogenic
O60260	V43F	0.8011	pathogenic
O60260	V43G	0.817	pathogenic
O60260	V43H	0.9942	pathogenic
O60260	V43I	0.1535	benign
O60260	V43K	0.9893	pathogenic
O60260	V43L	0.6228	pathogenic
O60260	V43M	0.6855	pathogenic
O60260	V43N	0.9794	pathogenic
O60260	V43P	0.9832	pathogenic
O60260	V43Q	0.9805	pathogenic
O60260	V43R	0.9788	pathogenic
O60260	V43S	0.944	pathogenic
O60260	V43T	0.9117	pathogenic
O60260	V43W	0.9943	pathogenic
O60260	V43Y	0.9789	pathogenic
O60260	I44A	0.9691	pathogenic
O60260	I44C	0.9801	pathogenic
O60260	I44D	0.9949	pathogenic
O60260	I44E	0.9932	pathogenic
O60260	I44F	0.6515	pathogenic
O60260	I44G	0.9939	pathogenic
O60260	I44H	0.9693	pathogenic
O60260	I44K	0.9802	pathogenic
O60260	I44L	0.3522	ambiguous
O60260	I44M	0.5599	ambiguous
O60260	I44N	0.9457	pathogenic
O60260	I44P	0.9911	pathogenic
O60260	I44Q	0.9777	pathogenic
O60260	I44R	0.9431	pathogenic
O60260	I44S	0.9533	pathogenic
O60260	I44T	0.9552	pathogenic
O60260	I44V	0.4847	ambiguous
O60260	I44W	0.9708	pathogenic
O60260	I44Y	0.9152	pathogenic
O60260	F45A	0.9762	pathogenic
O60260	F45C	0.9296	pathogenic
O60260	F45D	0.9975	pathogenic
O60260	F45E	0.9972	pathogenic
O60260	F45G	0.9928	pathogenic
O60260	F45H	0.9663	pathogenic
O60260	F45I	0.8992	pathogenic
O60260	F45K	0.995	pathogenic
O60260	F45L	0.9813	pathogenic
O60260	F45M	0.9544	pathogenic
O60260	F45N	0.9943	pathogenic
O60260	F45P	0.9994	pathogenic
O60260	F45Q	0.9924	pathogenic
O60260	F45R	0.9765	pathogenic
O60260	F45S	0.9773	pathogenic
O60260	F45T	0.9863	pathogenic
O60260	F45V	0.8691	pathogenic
O60260	F45W	0.8671	pathogenic
O60260	F45Y	0.7048	pathogenic
O60260	A46C	0.6721	pathogenic
O60260	A46D	0.9535	pathogenic
O60260	A46E	0.9382	pathogenic
O60260	A46F	0.8206	pathogenic
O60260	A46G	0.5317	ambiguous
O60260	A46H	0.8884	pathogenic
O60260	A46I	0.9413	pathogenic
O60260	A46K	0.9621	pathogenic
O60260	A46L	0.6108	pathogenic
O60260	A46M	0.8236	pathogenic
O60260	A46N	0.9327	pathogenic
O60260	A46P	0.9639	pathogenic
O60260	A46Q	0.81	pathogenic
O60260	A46R	0.7901	pathogenic
O60260	A46S	0.3319	benign
O60260	A46T	0.7887	pathogenic
O60260	A46V	0.7939	pathogenic
O60260	A46W	0.9388	pathogenic
O60260	A46Y	0.8903	pathogenic
O60260	G47A	0.8483	pathogenic
O60260	G47C	0.9351	pathogenic
O60260	G47D	0.9675	pathogenic
O60260	G47E	0.9685	pathogenic
O60260	G47F	0.9925	pathogenic
O60260	G47H	0.9896	pathogenic
O60260	G47I	0.9921	pathogenic
O60260	G47K	0.986	pathogenic
O60260	G47L	0.9844	pathogenic
O60260	G47M	0.9898	pathogenic
O60260	G47N	0.9768	pathogenic
O60260	G47P	0.9972	pathogenic
O60260	G47Q	0.9693	pathogenic
O60260	G47R	0.9433	pathogenic
O60260	G47S	0.7589	pathogenic
O60260	G47T	0.9582	pathogenic
O60260	G47V	0.9762	pathogenic
O60260	G47W	0.967	pathogenic
O60260	G47Y	0.9887	pathogenic
O60260	K48A	0.6715	pathogenic
O60260	K48C	0.8342	pathogenic
O60260	K48D	0.8882	pathogenic
O60260	K48E	0.3405	ambiguous
O60260	K48F	0.9127	pathogenic
O60260	K48G	0.7906	pathogenic
O60260	K48H	0.4801	ambiguous
O60260	K48I	0.6193	pathogenic
O60260	K48L	0.6412	pathogenic
O60260	K48M	0.4181	ambiguous
O60260	K48N	0.7211	pathogenic
O60260	K48P	0.9809	pathogenic
O60260	K48Q	0.2083	benign
O60260	K48R	0.0818	benign
O60260	K48S	0.7281	pathogenic
O60260	K48T	0.3369	benign
O60260	K48V	0.5331	ambiguous
O60260	K48W	0.867	pathogenic
O60260	K48Y	0.8299	pathogenic
O60260	E49A	0.3684	ambiguous
O60260	E49C	0.9534	pathogenic
O60260	E49D	0.5144	ambiguous
O60260	E49F	0.9512	pathogenic
O60260	E49G	0.5894	pathogenic
O60260	E49H	0.8694	pathogenic
O60260	E49I	0.694	pathogenic
O60260	E49K	0.6332	pathogenic
O60260	E49L	0.7758	pathogenic
O60260	E49M	0.7634	pathogenic
O60260	E49N	0.7584	pathogenic
O60260	E49P	0.7613	pathogenic
O60260	E49Q	0.3778	ambiguous
O60260	E49R	0.7201	pathogenic
O60260	E49S	0.5952	pathogenic
O60260	E49T	0.5918	pathogenic
O60260	E49V	0.4344	ambiguous
O60260	E49W	0.9786	pathogenic
O60260	E49Y	0.9059	pathogenic
O60260	L50A	0.9405	pathogenic
O60260	L50C	0.9544	pathogenic
O60260	L50D	0.9972	pathogenic
O60260	L50E	0.9808	pathogenic
O60260	L50F	0.771	pathogenic
O60260	L50G	0.9759	pathogenic
O60260	L50H	0.9696	pathogenic
O60260	L50I	0.4379	ambiguous
O60260	L50K	0.9623	pathogenic
O60260	L50M	0.4793	ambiguous
O60260	L50N	0.9898	pathogenic
O60260	L50P	0.9759	pathogenic
O60260	L50Q	0.9414	pathogenic
O60260	L50R	0.9236	pathogenic
O60260	L50S	0.9897	pathogenic
O60260	L50T	0.968	pathogenic
O60260	L50V	0.5221	ambiguous
O60260	L50W	0.8818	pathogenic
O60260	L50Y	0.9437	pathogenic
O60260	R51A	0.1828	benign
O60260	R51C	0.1123	benign
O60260	R51D	0.3008	benign
O60260	R51E	0.1766	benign
O60260	R51F	0.3616	ambiguous
O60260	R51G	0.0957	benign
O60260	R51H	0.0905	benign
O60260	R51I	0.262	benign
O60260	R51K	0.0987	benign
O60260	R51L	0.1344	benign
O60260	R51M	0.2186	benign
O60260	R51N	0.2813	benign
O60260	R51P	0.17	benign
O60260	R51Q	0.0724	benign
O60260	R51S	0.1931	benign
O60260	R51T	0.1553	benign
O60260	R51V	0.2639	benign
O60260	R51W	0.1103	benign
O60260	R51Y	0.2453	benign
O60260	N52A	0.4836	ambiguous
O60260	N52C	0.6123	pathogenic
O60260	N52D	0.0752	benign
O60260	N52E	0.4762	ambiguous
O60260	N52F	0.9268	pathogenic
O60260	N52G	0.4165	ambiguous
O60260	N52H	0.2604	benign
O60260	N52I	0.7244	pathogenic
O60260	N52K	0.6343	pathogenic
O60260	N52L	0.6851	pathogenic
O60260	N52M	0.7094	pathogenic
O60260	N52P	0.6427	pathogenic
O60260	N52Q	0.617	pathogenic
O60260	N52R	0.6807	pathogenic
O60260	N52S	0.1117	benign
O60260	N52T	0.311	benign
O60260	N52V	0.6981	pathogenic
O60260	N52W	0.9115	pathogenic
O60260	N52Y	0.5021	ambiguous
O60260	D53A	0.1904	benign
O60260	D53C	0.5374	ambiguous
O60260	D53E	0.1626	benign
O60260	D53F	0.5831	pathogenic
O60260	D53G	0.1394	benign
O60260	D53H	0.2249	benign
O60260	D53I	0.4222	ambiguous
O60260	D53K	0.4104	ambiguous
O60260	D53L	0.4352	ambiguous
O60260	D53M	0.6834	pathogenic
O60260	D53N	0.1111	benign
O60260	D53P	0.6832	pathogenic
O60260	D53Q	0.3091	benign
O60260	D53R	0.3387	benign
O60260	D53S	0.1261	benign
O60260	D53T	0.25	benign
O60260	D53V	0.2669	benign
O60260	D53W	0.8336	pathogenic
O60260	D53Y	0.2595	benign
O60260	W54A	0.1244	benign
O60260	W54C	0.202	benign
O60260	W54D	0.3404	ambiguous
O60260	W54E	0.2584	benign
O60260	W54F	0.1282	benign
O60260	W54G	0.1158	benign
O60260	W54H	0.2799	benign
O60260	W54I	0.1606	benign
O60260	W54K	0.3017	benign
O60260	W54L	0.0639	benign
O60260	W54M	0.1332	benign
O60260	W54N	0.3566	ambiguous
O60260	W54P	0.8203	pathogenic
O60260	W54Q	0.2121	benign
O60260	W54R	0.2223	benign
O60260	W54S	0.1086	benign
O60260	W54T	0.1313	benign
O60260	W54V	0.1053	benign
O60260	W54Y	0.2461	benign
O60260	T55A	0.1254	benign
O60260	T55C	0.5012	ambiguous
O60260	T55D	0.492	ambiguous
O60260	T55E	0.326	benign
O60260	T55F	0.3827	ambiguous
O60260	T55G	0.3708	ambiguous
O60260	T55H	0.2821	benign
O60260	T55I	0.2274	benign
O60260	T55K	0.1441	benign
O60260	T55L	0.1227	benign
O60260	T55M	0.0824	benign
O60260	T55N	0.1689	benign
O60260	T55P	0.1782	benign
O60260	T55Q	0.1972	benign
O60260	T55R	0.116	benign
O60260	T55S	0.1732	benign
O60260	T55V	0.1812	benign
O60260	T55W	0.6255	pathogenic
O60260	T55Y	0.435	ambiguous
O60260	V56A	0.4863	ambiguous
O60260	V56C	0.8929	pathogenic
O60260	V56D	0.9539	pathogenic
O60260	V56E	0.8678	pathogenic
O60260	V56F	0.3912	ambiguous
O60260	V56G	0.6113	pathogenic
O60260	V56H	0.9546	pathogenic
O60260	V56I	0.0909	benign
O60260	V56K	0.8686	pathogenic
O60260	V56L	0.1472	benign
O60260	V56M	0.2407	benign
O60260	V56N	0.9114	pathogenic
O60260	V56P	0.8306	pathogenic
O60260	V56Q	0.8497	pathogenic
O60260	V56R	0.8152	pathogenic
O60260	V56S	0.7797	pathogenic
O60260	V56T	0.6411	pathogenic
O60260	V56W	0.926	pathogenic
O60260	V56Y	0.8969	pathogenic
O60260	Q57A	0.2301	benign
O60260	Q57C	0.6514	pathogenic
O60260	Q57D	0.4506	ambiguous
O60260	Q57E	0.0939	benign
O60260	Q57F	0.8125	pathogenic
O60260	Q57G	0.2122	benign
O60260	Q57H	0.328	benign
O60260	Q57I	0.5965	pathogenic
O60260	Q57K	0.0843	benign
O60260	Q57L	0.2387	benign
O60260	Q57M	0.4561	ambiguous
O60260	Q57N	0.3999	ambiguous
O60260	Q57P	0.2737	benign
O60260	Q57R	0.0864	benign
O60260	Q57S	0.296	benign
O60260	Q57T	0.2753	benign
O60260	Q57V	0.3986	ambiguous
O60260	Q57W	0.4702	ambiguous
O60260	Q57Y	0.6001	pathogenic
O60260	N58A	0.1532	benign
O60260	N58C	0.2094	benign
O60260	N58D	0.1064	benign
O60260	N58E	0.2517	benign
O60260	N58F	0.4892	ambiguous
O60260	N58G	0.1639	benign
O60260	N58H	0.0919	benign
O60260	N58I	0.2209	benign
O60260	N58K	0.1827	benign
O60260	N58L	0.2288	benign
O60260	N58M	0.275	benign
O60260	N58P	0.613	pathogenic
O60260	N58Q	0.213	benign
O60260	N58R	0.1936	benign
O60260	N58S	0.0714	benign
O60260	N58T	0.1132	benign
O60260	N58V	0.2269	benign
O60260	N58W	0.5834	pathogenic
O60260	N58Y	0.1545	benign
O60260	C59A	0.6079	pathogenic
O60260	C59D	0.9268	pathogenic
O60260	C59E	0.959	pathogenic
O60260	C59F	0.5241	ambiguous
O60260	C59G	0.3487	ambiguous
O60260	C59H	0.8517	pathogenic
O60260	C59I	0.7602	pathogenic
O60260	C59K	0.966	pathogenic
O60260	C59L	0.7025	pathogenic
O60260	C59M	0.8377	pathogenic
O60260	C59N	0.8576	pathogenic
O60260	C59P	0.9601	pathogenic
O60260	C59Q	0.9071	pathogenic
O60260	C59R	0.7639	pathogenic
O60260	C59S	0.5167	ambiguous
O60260	C59T	0.7034	pathogenic
O60260	C59V	0.6533	pathogenic
O60260	C59W	0.7038	pathogenic
O60260	C59Y	0.6119	pathogenic
O60260	D60A	0.4191	ambiguous
O60260	D60C	0.7768	pathogenic
O60260	D60E	0.4495	ambiguous
O60260	D60F	0.7782	pathogenic
O60260	D60G	0.3714	ambiguous
O60260	D60H	0.4932	ambiguous
O60260	D60I	0.7161	pathogenic
O60260	D60K	0.7512	pathogenic
O60260	D60L	0.667	pathogenic
O60260	D60M	0.8855	pathogenic
O60260	D60N	0.2224	benign
O60260	D60P	0.8443	pathogenic
O60260	D60Q	0.6284	pathogenic
O60260	D60R	0.6516	pathogenic
O60260	D60S	0.271	benign
O60260	D60T	0.6156	pathogenic
O60260	D60V	0.5278	ambiguous
O60260	D60W	0.9432	pathogenic
O60260	D60Y	0.429	ambiguous
O60260	L61A	0.8462	pathogenic
O60260	L61C	0.8993	pathogenic
O60260	L61D	0.9914	pathogenic
O60260	L61E	0.9636	pathogenic
O60260	L61F	0.4841	ambiguous
O60260	L61G	0.9643	pathogenic
O60260	L61H	0.9376	pathogenic
O60260	L61I	0.1441	benign
O60260	L61K	0.9467	pathogenic
O60260	L61M	0.2567	benign
O60260	L61N	0.9791	pathogenic
O60260	L61P	0.9237	pathogenic
O60260	L61Q	0.9077	pathogenic
O60260	L61R	0.874	pathogenic
O60260	L61S	0.9585	pathogenic
O60260	L61T	0.7982	pathogenic
O60260	L61V	0.1768	benign
O60260	L61W	0.7669	pathogenic
O60260	L61Y	0.9361	pathogenic
O60260	D62A	0.1151	benign
O60260	D62C	0.4392	ambiguous
O60260	D62E	0.1254	benign
O60260	D62F	0.4481	ambiguous
O60260	D62G	0.1021	benign
O60260	D62H	0.187	benign
O60260	D62I	0.3124	benign
O60260	D62K	0.2734	benign
O60260	D62L	0.24	benign
O60260	D62M	0.509	ambiguous
O60260	D62N	0.1139	benign
O60260	D62P	0.2378	benign
O60260	D62Q	0.2073	benign
O60260	D62R	0.2521	benign
O60260	D62S	0.1032	benign
O60260	D62T	0.2166	benign
O60260	D62V	0.1731	benign
O60260	D62W	0.7175	pathogenic
O60260	D62Y	0.189	benign
O60260	Q63A	0.2923	benign
O60260	Q63C	0.7333	pathogenic
O60260	Q63D	0.387	ambiguous
O60260	Q63E	0.0808	benign
O60260	Q63F	0.8099	pathogenic
O60260	Q63G	0.3073	benign
O60260	Q63H	0.3172	benign
O60260	Q63I	0.5953	pathogenic
O60260	Q63K	0.1482	benign
O60260	Q63L	0.2518	benign
O60260	Q63M	0.5184	ambiguous
O60260	Q63N	0.3776	ambiguous
O60260	Q63P	0.1697	benign
O60260	Q63R	0.1326	benign
O60260	Q63S	0.3126	benign
O60260	Q63T	0.3138	benign
O60260	Q63V	0.4209	ambiguous
O60260	Q63W	0.6056	pathogenic
O60260	Q63Y	0.613	pathogenic
O60260	Q64A	0.3724	ambiguous
O60260	Q64C	0.8224	pathogenic
O60260	Q64D	0.5338	ambiguous
O60260	Q64E	0.1258	benign
O60260	Q64F	0.8278	pathogenic
O60260	Q64G	0.3216	benign
O60260	Q64H	0.3937	ambiguous
O60260	Q64I	0.7698	pathogenic
O60260	Q64K	0.1867	benign
O60260	Q64L	0.2875	benign
O60260	Q64M	0.5455	ambiguous
O60260	Q64N	0.3741	ambiguous
O60260	Q64P	0.4128	ambiguous
O60260	Q64R	0.183	benign
O60260	Q64S	0.4222	ambiguous
O60260	Q64T	0.4439	ambiguous
O60260	Q64V	0.5745	pathogenic
O60260	Q64W	0.7268	pathogenic
O60260	Q64Y	0.6124	pathogenic
O60260	S65A	0.3415	ambiguous
O60260	S65C	0.5443	ambiguous
O60260	S65D	0.9137	pathogenic
O60260	S65E	0.9534	pathogenic
O60260	S65F	0.9317	pathogenic
O60260	S65G	0.4617	ambiguous
O60260	S65H	0.9191	pathogenic
O60260	S65I	0.9257	pathogenic
O60260	S65K	0.9873	pathogenic
O60260	S65L	0.7524	pathogenic
O60260	S65M	0.7808	pathogenic
O60260	S65N	0.8041	pathogenic
O60260	S65P	0.9749	pathogenic
O60260	S65Q	0.9438	pathogenic
O60260	S65R	0.9811	pathogenic
O60260	S65T	0.2961	benign
O60260	S65V	0.8587	pathogenic
O60260	S65W	0.8925	pathogenic
O60260	S65Y	0.8524	pathogenic
O60260	I66A	0.5834	pathogenic
O60260	I66C	0.9105	pathogenic
O60260	I66D	0.9652	pathogenic
O60260	I66E	0.9213	pathogenic
O60260	I66F	0.419	ambiguous
O60260	I66G	0.9361	pathogenic
O60260	I66H	0.8782	pathogenic
O60260	I66K	0.8489	pathogenic
O60260	I66L	0.2844	benign
O60260	I66M	0.1855	benign
O60260	I66N	0.764	pathogenic
O60260	I66P	0.93	pathogenic
O60260	I66Q	0.8722	pathogenic
O60260	I66R	0.7555	pathogenic
O60260	I66S	0.6479	pathogenic
O60260	I66T	0.2227	benign
O60260	I66V	0.095	benign
O60260	I66W	0.8931	pathogenic
O60260	I66Y	0.8461	pathogenic
O60260	V67A	0.8435	pathogenic
O60260	V67C	0.944	pathogenic
O60260	V67D	0.9959	pathogenic
O60260	V67E	0.9865	pathogenic
O60260	V67F	0.679	pathogenic
O60260	V67G	0.9394	pathogenic
O60260	V67H	0.9933	pathogenic
O60260	V67I	0.0857	benign
O60260	V67K	0.9883	pathogenic
O60260	V67L	0.3629	ambiguous
O60260	V67M	0.5847	pathogenic
O60260	V67N	0.989	pathogenic
O60260	V67P	0.9839	pathogenic
O60260	V67Q	0.98	pathogenic
O60260	V67R	0.9723	pathogenic
O60260	V67S	0.9604	pathogenic
O60260	V67T	0.8961	pathogenic
O60260	V67W	0.989	pathogenic
O60260	V67Y	0.975	pathogenic
O60260	H68A	0.9864	pathogenic
O60260	H68C	0.8542	pathogenic
O60260	H68D	0.9813	pathogenic
O60260	H68E	0.9885	pathogenic
O60260	H68F	0.8935	pathogenic
O60260	H68G	0.9907	pathogenic
O60260	H68I	0.9788	pathogenic
O60260	H68K	0.986	pathogenic
O60260	H68L	0.8742	pathogenic
O60260	H68M	0.9796	pathogenic
O60260	H68N	0.862	pathogenic
O60260	H68P	0.9515	pathogenic
O60260	H68Q	0.9655	pathogenic
O60260	H68R	0.9303	pathogenic
O60260	H68S	0.9655	pathogenic
O60260	H68T	0.985	pathogenic
O60260	H68V	0.972	pathogenic
O60260	H68W	0.8528	pathogenic
O60260	H68Y	0.6875	pathogenic
O60260	I69A	0.5227	ambiguous
O60260	I69C	0.8545	pathogenic
O60260	I69D	0.9899	pathogenic
O60260	I69E	0.9789	pathogenic
O60260	I69F	0.571	pathogenic
O60260	I69G	0.9389	pathogenic
O60260	I69H	0.9764	pathogenic
O60260	I69K	0.9734	pathogenic
O60260	I69L	0.2798	benign
O60260	I69M	0.2056	benign
O60260	I69N	0.9413	pathogenic
O60260	I69P	0.9771	pathogenic
O60260	I69Q	0.9675	pathogenic
O60260	I69R	0.9493	pathogenic
O60260	I69S	0.7976	pathogenic
O60260	I69T	0.5174	ambiguous
O60260	I69V	0.0618	benign
O60260	I69W	0.9773	pathogenic
O60260	I69Y	0.9447	pathogenic
O60260	V70A	0.7657	pathogenic
O60260	V70C	0.9387	pathogenic
O60260	V70D	0.9682	pathogenic
O60260	V70E	0.8947	pathogenic
O60260	V70F	0.5565	ambiguous
O60260	V70G	0.8121	pathogenic
O60260	V70H	0.9493	pathogenic
O60260	V70I	0.1276	benign
O60260	V70K	0.906	pathogenic
O60260	V70L	0.6174	pathogenic
O60260	V70M	0.5992	pathogenic
O60260	V70N	0.9419	pathogenic
O60260	V70P	0.967	pathogenic
O60260	V70Q	0.8379	pathogenic
O60260	V70R	0.7817	pathogenic
O60260	V70S	0.819	pathogenic
O60260	V70T	0.7231	pathogenic
O60260	V70W	0.9713	pathogenic
O60260	V70Y	0.9355	pathogenic
O60260	Q71A	0.2365	benign
O60260	Q71C	0.4566	ambiguous
O60260	Q71D	0.5449	ambiguous
O60260	Q71E	0.0944	benign
O60260	Q71F	0.6159	pathogenic
O60260	Q71G	0.2725	benign
O60260	Q71H	0.2413	benign
O60260	Q71I	0.3271	benign
O60260	Q71K	0.1028	benign
O60260	Q71L	0.0836	benign
O60260	Q71M	0.2961	benign
O60260	Q71N	0.4343	ambiguous
O60260	Q71P	0.1426	benign
O60260	Q71R	0.0925	benign
O60260	Q71S	0.3149	benign
O60260	Q71T	0.254	benign
O60260	Q71V	0.2084	benign
O60260	Q71W	0.3606	ambiguous
O60260	Q71Y	0.4421	ambiguous
O60260	R72A	0.1854	benign
O60260	R72C	0.1235	benign
O60260	R72D	0.3522	ambiguous
O60260	R72E	0.1733	benign
O60260	R72F	0.3126	benign
O60260	R72G	0.1094	benign
O60260	R72H	0.0905	benign
O60260	R72I	0.1437	benign
O60260	R72K	0.0835	benign
O60260	R72L	0.1362	benign
O60260	R72M	0.1474	benign
O60260	R72N	0.275	benign
O60260	R72P	0.2365	benign
O60260	R72Q	0.0794	benign
O60260	R72S	0.1962	benign
O60260	R72T	0.12	benign
O60260	R72V	0.1923	benign
O60260	R72W	0.1228	benign
O60260	R72Y	0.2209	benign
O60260	P73A	0.0886	benign
O60260	P73C	0.3122	benign
O60260	P73D	0.2711	benign
O60260	P73E	0.1889	benign
O60260	P73F	0.3243	benign
O60260	P73G	0.2065	benign
O60260	P73H	0.1294	benign
O60260	P73I	0.2413	benign
O60260	P73K	0.212	benign
O60260	P73L	0.1026	benign
O60260	P73M	0.2745	benign
O60260	P73N	0.2259	benign
O60260	P73Q	0.1145	benign
O60260	P73R	0.1125	benign
O60260	P73S	0.1019	benign
O60260	P73T	0.0957	benign
O60260	P73V	0.1769	benign
O60260	P73W	0.3556	ambiguous
O60260	P73Y	0.3008	benign
O60260	W74A	0.0818	benign
O60260	W74C	0.1557	benign
O60260	W74D	0.1324	benign
O60260	W74E	0.0922	benign
O60260	W74F	0.1357	benign
O60260	W74G	0.0495	benign
O60260	W74H	0.129	benign
O60260	W74I	0.1478	benign
O60260	W74K	0.1012	benign
O60260	W74L	0.0898	benign
O60260	W74M	0.1713	benign
O60260	W74N	0.1495	benign
O60260	W74P	0.1374	benign
O60260	W74Q	0.0797	benign
O60260	W74R	0.0743	benign
O60260	W74S	0.0736	benign
O60260	W74T	0.0919	benign
O60260	W74V	0.0997	benign
O60260	W74Y	0.1626	benign
O60260	R75A	0.1369	benign
O60260	R75C	0.1572	benign
O60260	R75D	0.2375	benign
O60260	R75E	0.1196	benign
O60260	R75F	0.2937	benign
O60260	R75G	0.0773	benign
O60260	R75H	0.107	benign
O60260	R75I	0.1349	benign
O60260	R75K	0.0721	benign
O60260	R75L	0.1212	benign
O60260	R75M	0.1241	benign
O60260	R75N	0.2081	benign
O60260	R75P	0.1677	benign
O60260	R75Q	0.0749	benign
O60260	R75S	0.1568	benign
O60260	R75T	0.1016	benign
O60260	R75V	0.1561	benign
O60260	R75W	0.1219	benign
O60260	R75Y	0.2362	benign
O60260	K76A	0.1153	benign
O60260	K76C	0.4038	ambiguous
O60260	K76D	0.1693	benign
O60260	K76E	0.0698	benign
O60260	K76F	0.4087	ambiguous
O60260	K76G	0.1274	benign
O60260	K76H	0.1711	benign
O60260	K76I	0.1854	benign
O60260	K76L	0.156	benign
O60260	K76M	0.1314	benign
O60260	K76N	0.1308	benign
O60260	K76P	0.159	benign
O60260	K76Q	0.0849	benign
O60260	K76R	0.0667	benign
O60260	K76S	0.1346	benign
O60260	K76T	0.0902	benign
O60260	K76V	0.1623	benign
O60260	K76W	0.3991	ambiguous
O60260	K76Y	0.3083	benign
O60260	G77A	0.0787	benign
O60260	G77C	0.1026	benign
O60260	G77D	0.0681	benign
O60260	G77E	0.0744	benign
O60260	G77F	0.2111	benign
O60260	G77H	0.1266	benign
O60260	G77I	0.1121	benign
O60260	G77K	0.1354	benign
O60260	G77L	0.157	benign
O60260	G77M	0.1973	benign
O60260	G77N	0.1086	benign
O60260	G77P	0.1895	benign
O60260	G77Q	0.1156	benign
O60260	G77R	0.0962	benign
O60260	G77S	0.0744	benign
O60260	G77T	0.0861	benign
O60260	G77V	0.0801	benign
O60260	G77W	0.1454	benign
O60260	G77Y	0.1327	benign
O60260	Q78A	0.0887	benign
O60260	Q78C	0.2486	benign
O60260	Q78D	0.1336	benign
O60260	Q78E	0.0636	benign
O60260	Q78F	0.2868	benign
O60260	Q78G	0.0933	benign
O60260	Q78H	0.106	benign
O60260	Q78I	0.1703	benign
O60260	Q78K	0.069	benign
O60260	Q78L	0.077	benign
O60260	Q78M	0.1789	benign
O60260	Q78N	0.1475	benign
O60260	Q78P	0.0539	benign
O60260	Q78R	0.061	benign
O60260	Q78S	0.1021	benign
O60260	Q78T	0.0961	benign
O60260	Q78V	0.1167	benign
O60260	Q78W	0.1503	benign
O60260	Q78Y	0.1992	benign
O60260	E79A	0.0797	benign
O60260	E79C	0.4116	ambiguous
O60260	E79D	0.0824	benign
O60260	E79F	0.3394	benign
O60260	E79G	0.0631	benign
O60260	E79H	0.1698	benign
O60260	E79I	0.1784	benign
O60260	E79K	0.0772	benign
O60260	E79L	0.1524	benign
O60260	E79M	0.215	benign
O60260	E79N	0.1224	benign
O60260	E79P	0.1528	benign
O60260	E79Q	0.0824	benign
O60260	E79R	0.0963	benign
O60260	E79S	0.1093	benign
O60260	E79T	0.1114	benign
O60260	E79V	0.1047	benign
O60260	E79W	0.4264	ambiguous
O60260	E79Y	0.2419	benign
O60260	M80A	0.0899	benign
O60260	M80C	0.3313	benign
O60260	M80D	0.2006	benign
O60260	M80E	0.1041	benign
O60260	M80F	0.1782	benign
O60260	M80G	0.1174	benign
O60260	M80H	0.1614	benign
O60260	M80I	0.1166	benign
O60260	M80K	0.054	benign
O60260	M80L	0.0853	benign
O60260	M80N	0.1097	benign
O60260	M80P	0.1165	benign
O60260	M80Q	0.0828	benign
O60260	M80R	0.0488	benign
O60260	M80S	0.1149	benign
O60260	M80T	0.0613	benign
O60260	M80V	0.0683	benign
O60260	M80W	0.2172	benign
O60260	M80Y	0.2344	benign
O60260	N81A	0.0794	benign
O60260	N81C	0.1332	benign
O60260	N81D	0.0652	benign
O60260	N81E	0.103	benign
O60260	N81F	0.1975	benign
O60260	N81G	0.1078	benign
O60260	N81H	0.0693	benign
O60260	N81I	0.0921	benign
O60260	N81K	0.0929	benign
O60260	N81L	0.0984	benign
O60260	N81M	0.1451	benign
O60260	N81P	0.1207	benign
O60260	N81Q	0.1202	benign
O60260	N81R	0.0935	benign
O60260	N81S	0.0719	benign
O60260	N81T	0.0719	benign
O60260	N81V	0.092	benign
O60260	N81W	0.2957	benign
O60260	N81Y	0.0836	benign
O60260	A82C	0.211	benign
O60260	A82D	0.094	benign
O60260	A82E	0.0929	benign
O60260	A82F	0.1328	benign
O60260	A82G	0.0805	benign
O60260	A82H	0.1579	benign
O60260	A82I	0.1104	benign
O60260	A82K	0.1263	benign
O60260	A82L	0.0887	benign
O60260	A82M	0.1144	benign
O60260	A82N	0.1186	benign
O60260	A82P	0.0786	benign
O60260	A82Q	0.1236	benign
O60260	A82R	0.0997	benign
O60260	A82S	0.0796	benign
O60260	A82T	0.0643	benign
O60260	A82V	0.0757	benign
O60260	A82W	0.2423	benign
O60260	A82Y	0.1689	benign
O60260	T83A	0.0559	benign
O60260	T83C	0.2185	benign
O60260	T83D	0.1336	benign
O60260	T83E	0.1077	benign
O60260	T83F	0.128	benign
O60260	T83G	0.1012	benign
O60260	T83H	0.1209	benign
O60260	T83I	0.0977	benign
O60260	T83K	0.0892	benign
O60260	T83L	0.0774	benign
O60260	T83M	0.0844	benign
O60260	T83N	0.0905	benign
O60260	T83P	0.0607	benign
O60260	T83Q	0.1081	benign
O60260	T83R	0.0659	benign
O60260	T83S	0.0783	benign
O60260	T83V	0.088	benign
O60260	T83W	0.2217	benign
O60260	T83Y	0.1548	benign
O60260	G84A	0.0705	benign
O60260	G84C	0.1096	benign
O60260	G84D	0.082	benign
O60260	G84E	0.0737	benign
O60260	G84F	0.2034	benign
O60260	G84H	0.1269	benign
O60260	G84I	0.1238	benign
O60260	G84K	0.1029	benign
O60260	G84L	0.1394	benign
O60260	G84M	0.1834	benign
O60260	G84N	0.1422	benign
O60260	G84P	0.1803	benign
O60260	G84Q	0.0992	benign
O60260	G84R	0.0698	benign
O60260	G84S	0.0844	benign
O60260	G84T	0.0845	benign
O60260	G84V	0.0855	benign
O60260	G84W	0.1178	benign
O60260	G84Y	0.1588	benign
O60260	G85A	0.0842	benign
O60260	G85C	0.1135	benign
O60260	G85D	0.0811	benign
O60260	G85E	0.0715	benign
O60260	G85F	0.2158	benign
O60260	G85H	0.133	benign
O60260	G85I	0.1234	benign
O60260	G85K	0.1048	benign
O60260	G85L	0.1542	benign
O60260	G85M	0.1819	benign
O60260	G85N	0.1385	benign
O60260	G85P	0.2409	benign
O60260	G85Q	0.1001	benign
O60260	G85R	0.0757	benign
O60260	G85S	0.0865	benign
O60260	G85T	0.09	benign
O60260	G85V	0.0911	benign
O60260	G85W	0.1232	benign
O60260	G85Y	0.1561	benign
O60260	D86A	0.0637	benign
O60260	D86C	0.1411	benign
O60260	D86E	0.0847	benign
O60260	D86F	0.1543	benign
O60260	D86G	0.0587	benign
O60260	D86H	0.0761	benign
O60260	D86I	0.1107	benign
O60260	D86K	0.0968	benign
O60260	D86L	0.1057	benign
O60260	D86M	0.2079	benign
O60260	D86N	0.0675	benign
O60260	D86P	0.1472	benign
O60260	D86Q	0.1006	benign
O60260	D86R	0.0778	benign
O60260	D86S	0.0651	benign
O60260	D86T	0.0865	benign
O60260	D86V	0.0781	benign
O60260	D86W	0.2917	benign
O60260	D86Y	0.076	benign
O60260	D87A	0.0674	benign
O60260	D87C	0.1283	benign
O60260	D87E	0.0885	benign
O60260	D87F	0.145	benign
O60260	D87G	0.0682	benign
O60260	D87H	0.0689	benign
O60260	D87I	0.0912	benign
O60260	D87K	0.0924	benign
O60260	D87L	0.0911	benign
O60260	D87M	0.1863	benign
O60260	D87N	0.066	benign
O60260	D87P	0.1508	benign
O60260	D87Q	0.095	benign
O60260	D87R	0.0788	benign
O60260	D87S	0.064	benign
O60260	D87T	0.0843	benign
O60260	D87V	0.0724	benign
O60260	D87W	0.2996	benign
O60260	D87Y	0.0704	benign
O60260	P88A	0.063	benign
O60260	P88C	0.1551	benign
O60260	P88D	0.1322	benign
O60260	P88E	0.1085	benign
O60260	P88F	0.1509	benign
O60260	P88G	0.1141	benign
O60260	P88H	0.0834	benign
O60260	P88I	0.1223	benign
O60260	P88K	0.1091	benign
O60260	P88L	0.0694	benign
O60260	P88M	0.1498	benign
O60260	P88N	0.1382	benign
O60260	P88Q	0.0801	benign
O60260	P88R	0.0652	benign
O60260	P88S	0.0731	benign
O60260	P88T	0.0686	benign
O60260	P88V	0.0977	benign
O60260	P88W	0.1727	benign
O60260	P88Y	0.1494	benign
O60260	R89A	0.0994	benign
O60260	R89C	0.1028	benign
O60260	R89D	0.1587	benign
O60260	R89E	0.1042	benign
O60260	R89F	0.1982	benign
O60260	R89G	0.0616	benign
O60260	R89H	0.0887	benign
O60260	R89I	0.1214	benign
O60260	R89K	0.0785	benign
O60260	R89L	0.0965	benign
O60260	R89M	0.1341	benign
O60260	R89N	0.1819	benign
O60260	R89P	0.1119	benign
O60260	R89Q	0.0675	benign
O60260	R89S	0.1203	benign
O60260	R89T	0.0957	benign
O60260	R89V	0.1261	benign
O60260	R89W	0.0831	benign
O60260	R89Y	0.1591	benign
O60260	N90A	0.0835	benign
O60260	N90C	0.1169	benign
O60260	N90D	0.0691	benign
O60260	N90E	0.1049	benign
O60260	N90F	0.1795	benign
O60260	N90G	0.1028	benign
O60260	N90H	0.0662	benign
O60260	N90I	0.0877	benign
O60260	N90K	0.0816	benign
O60260	N90L	0.0919	benign
O60260	N90M	0.1436	benign
O60260	N90P	0.1244	benign
O60260	N90Q	0.1166	benign
O60260	N90R	0.0843	benign
O60260	N90S	0.0683	benign
O60260	N90T	0.0767	benign
O60260	N90V	0.0879	benign
O60260	N90W	0.2574	benign
O60260	N90Y	0.0702	benign
O60260	A91C	0.2136	benign
O60260	A91D	0.0995	benign
O60260	A91E	0.0996	benign
O60260	A91F	0.1258	benign
O60260	A91G	0.0838	benign
O60260	A91H	0.1536	benign
O60260	A91I	0.108	benign
O60260	A91K	0.1302	benign
O60260	A91L	0.0832	benign
O60260	A91M	0.1096	benign
O60260	A91N	0.1231	benign
O60260	A91P	0.0781	benign
O60260	A91Q	0.1345	benign
O60260	A91R	0.0999	benign
O60260	A91S	0.0813	benign
O60260	A91T	0.0667	benign
O60260	A91V	0.0753	benign
O60260	A91W	0.2369	benign
O60260	A91Y	0.165	benign
O60260	A92C	0.2204	benign
O60260	A92D	0.0964	benign
O60260	A92E	0.0866	benign
O60260	A92F	0.1203	benign
O60260	A92G	0.0734	benign
O60260	A92H	0.1599	benign
O60260	A92I	0.104	benign
O60260	A92K	0.1172	benign
O60260	A92L	0.0763	benign
O60260	A92M	0.1037	benign
O60260	A92N	0.1285	benign
O60260	A92P	0.0764	benign
O60260	A92Q	0.114	benign
O60260	A92R	0.0908	benign
O60260	A92S	0.0773	benign
O60260	A92T	0.0666	benign
O60260	A92V	0.0715	benign
O60260	A92W	0.196	benign
O60260	A92Y	0.1755	benign
O60260	G93A	0.0693	benign
O60260	G93C	0.1185	benign
O60260	G93D	0.0778	benign
O60260	G93E	0.0742	benign
O60260	G93F	0.2049	benign
O60260	G93H	0.1335	benign
O60260	G93I	0.1207	benign
O60260	G93K	0.1107	benign
O60260	G93L	0.1437	benign
O60260	G93M	0.1879	benign
O60260	G93N	0.1414	benign
O60260	G93P	0.1988	benign
O60260	G93Q	0.1092	benign
O60260	G93R	0.0762	benign
O60260	G93S	0.0805	benign
O60260	G93T	0.0861	benign
O60260	G93V	0.0812	benign
O60260	G93W	0.1241	benign
O60260	G93Y	0.1538	benign
O60260	G94A	0.0746	benign
O60260	G94C	0.0922	benign
O60260	G94D	0.0765	benign
O60260	G94E	0.0864	benign
O60260	G94F	0.1596	benign
O60260	G94H	0.1154	benign
O60260	G94I	0.0948	benign
O60260	G94K	0.1289	benign
O60260	G94L	0.1319	benign
O60260	G94M	0.1811	benign
O60260	G94N	0.1195	benign
O60260	G94P	0.192	benign
O60260	G94Q	0.115	benign
O60260	G94R	0.0809	benign
O60260	G94S	0.0738	benign
O60260	G94T	0.0861	benign
O60260	G94V	0.0768	benign
O60260	G94W	0.1205	benign
O60260	G94Y	0.1237	benign
O60260	C95A	0.0847	benign
O60260	C95D	0.0821	benign
O60260	C95E	0.13	benign
O60260	C95F	0.0635	benign
O60260	C95G	0.0525	benign
O60260	C95H	0.0809	benign
O60260	C95I	0.1158	benign
O60260	C95K	0.1341	benign
O60260	C95L	0.0994	benign
O60260	C95M	0.1829	benign
O60260	C95N	0.0881	benign
O60260	C95P	0.0931	benign
O60260	C95Q	0.0996	benign
O60260	C95R	0.0603	benign
O60260	C95S	0.0642	benign
O60260	C95T	0.0972	benign
O60260	C95V	0.1119	benign
O60260	C95W	0.084	benign
O60260	C95Y	0.0634	benign
O60260	E96A	0.0824	benign
O60260	E96C	0.3241	benign
O60260	E96D	0.0877	benign
O60260	E96F	0.2609	benign
O60260	E96G	0.0615	benign
O60260	E96H	0.1414	benign
O60260	E96I	0.1484	benign
O60260	E96K	0.0674	benign
O60260	E96L	0.1202	benign
O60260	E96M	0.1818	benign
O60260	E96N	0.1315	benign
O60260	E96P	0.1369	benign
O60260	E96Q	0.0704	benign
O60260	E96R	0.0741	benign
O60260	E96S	0.0935	benign
O60260	E96T	0.1069	benign
O60260	E96V	0.1032	benign
O60260	E96W	0.3045	benign
O60260	E96Y	0.2124	benign
O60260	R97A	0.1092	benign
O60260	R97C	0.1433	benign
O60260	R97D	0.194	benign
O60260	R97E	0.1017	benign
O60260	R97F	0.2395	benign
O60260	R97G	0.0646	benign
O60260	R97H	0.1003	benign
O60260	R97I	0.1186	benign
O60260	R97K	0.0755	benign
O60260	R97L	0.1069	benign
O60260	R97M	0.1172	benign
O60260	R97N	0.2138	benign
O60260	R97P	0.1337	benign
O60260	R97Q	0.0727	benign
O60260	R97S	0.1521	benign
O60260	R97T	0.0829	benign
O60260	R97V	0.1328	benign
O60260	R97W	0.0949	benign
O60260	R97Y	0.1951	benign
O60260	E98A	0.0983	benign
O60260	E98C	0.561	ambiguous
O60260	E98D	0.1226	benign
O60260	E98F	0.3914	ambiguous
O60260	E98G	0.081	benign
O60260	E98H	0.2544	benign
O60260	E98I	0.1928	benign
O60260	E98K	0.0918	benign
O60260	E98L	0.1751	benign
O60260	E98M	0.2439	benign
O60260	E98N	0.197	benign
O60260	E98P	0.2145	benign
O60260	E98Q	0.094	benign
O60260	E98R	0.1341	benign
O60260	E98S	0.1467	benign
O60260	E98T	0.1502	benign
O60260	E98V	0.1171	benign
O60260	E98W	0.5654	pathogenic
O60260	E98Y	0.3178	benign
O60260	P99A	0.0804	benign
O60260	P99C	0.3089	benign
O60260	P99D	0.2538	benign
O60260	P99E	0.1727	benign
O60260	P99F	0.2657	benign
O60260	P99G	0.1953	benign
O60260	P99H	0.1347	benign
O60260	P99I	0.1993	benign
O60260	P99K	0.196	benign
O60260	P99L	0.0894	benign
O60260	P99M	0.2231	benign
O60260	P99N	0.2292	benign
O60260	P99Q	0.1139	benign
O60260	P99R	0.1093	benign
O60260	P99S	0.1024	benign
O60260	P99T	0.0897	benign
O60260	P99V	0.1442	benign
O60260	P99W	0.2956	benign
O60260	P99Y	0.2568	benign
O60260	Q100A	0.0916	benign
O60260	Q100C	0.292	benign
O60260	Q100D	0.1644	benign
O60260	Q100E	0.0597	benign
O60260	Q100F	0.3373	benign
O60260	Q100G	0.1009	benign
O60260	Q100H	0.1246	benign
O60260	Q100I	0.2097	benign
O60260	Q100K	0.0728	benign
O60260	Q100L	0.0784	benign
O60260	Q100M	0.2158	benign
O60260	Q100N	0.1774	benign
O60260	Q100P	0.0646	benign
O60260	Q100R	0.0662	benign
O60260	Q100S	0.1145	benign
O60260	Q100T	0.1137	benign
O60260	Q100V	0.1256	benign
O60260	Q100W	0.1839	benign
O60260	Q100Y	0.2196	benign
O60260	S101A	0.1507	benign
O60260	S101C	0.1531	benign
O60260	S101D	0.4256	ambiguous
O60260	S101E	0.5393	ambiguous
O60260	S101F	0.3363	benign
O60260	S101G	0.125	benign
O60260	S101H	0.3903	ambiguous
O60260	S101I	0.2631	benign
O60260	S101K	0.6787	pathogenic
O60260	S101L	0.2083	benign
O60260	S101M	0.339	benign
O60260	S101N	0.2231	benign
O60260	S101P	0.2431	benign
O60260	S101Q	0.5605	ambiguous
O60260	S101R	0.5682	pathogenic
O60260	S101T	0.1303	benign
O60260	S101V	0.2882	benign
O60260	S101W	0.3661	ambiguous
O60260	S101Y	0.2698	benign
O60260	L102A	0.5247	ambiguous
O60260	L102C	0.7284	pathogenic
O60260	L102D	0.8813	pathogenic
O60260	L102E	0.6215	pathogenic
O60260	L102F	0.2463	benign
O60260	L102G	0.7261	pathogenic
O60260	L102H	0.5279	ambiguous
O60260	L102I	0.1928	benign
O60260	L102K	0.5693	pathogenic
O60260	L102M	0.218	benign
O60260	L102N	0.7924	pathogenic
O60260	L102P	0.4609	ambiguous
O60260	L102Q	0.3908	ambiguous
O60260	L102R	0.3335	benign
O60260	L102S	0.6287	pathogenic
O60260	L102T	0.5768	pathogenic
O60260	L102V	0.1776	benign
O60260	L102W	0.3532	ambiguous
O60260	L102Y	0.614	pathogenic
O60260	T103A	0.3832	ambiguous
O60260	T103C	0.821	pathogenic
O60260	T103D	0.7844	pathogenic
O60260	T103E	0.7123	pathogenic
O60260	T103F	0.7124	pathogenic
O60260	T103G	0.5775	pathogenic
O60260	T103H	0.6334	pathogenic
O60260	T103I	0.7925	pathogenic
O60260	T103K	0.5918	pathogenic
O60260	T103L	0.3423	ambiguous
O60260	T103M	0.2969	benign
O60260	T103N	0.5641	pathogenic
O60260	T103P	0.4135	ambiguous
O60260	T103Q	0.581	pathogenic
O60260	T103R	0.467	ambiguous
O60260	T103S	0.3792	ambiguous
O60260	T103V	0.665	pathogenic
O60260	T103W	0.8525	pathogenic
O60260	T103Y	0.7783	pathogenic
O60260	R104A	0.4771	ambiguous
O60260	R104C	0.2908	benign
O60260	R104D	0.765	pathogenic
O60260	R104E	0.431	ambiguous
O60260	R104F	0.7389	pathogenic
O60260	R104G	0.3488	ambiguous
O60260	R104H	0.2106	benign
O60260	R104I	0.5427	ambiguous
O60260	R104K	0.2466	benign
O60260	R104L	0.3638	ambiguous
O60260	R104M	0.5042	ambiguous
O60260	R104N	0.7762	pathogenic
O60260	R104P	0.6434	pathogenic
O60260	R104Q	0.1579	benign
O60260	R104S	0.6101	pathogenic
O60260	R104T	0.3771	ambiguous
O60260	R104V	0.5067	ambiguous
O60260	R104W	0.2497	benign
O60260	R104Y	0.5995	pathogenic
O60260	V105A	0.3093	benign
O60260	V105C	0.8483	pathogenic
O60260	V105D	0.6418	pathogenic
O60260	V105E	0.5061	ambiguous
O60260	V105F	0.2738	benign
O60260	V105G	0.3509	ambiguous
O60260	V105H	0.8237	pathogenic
O60260	V105I	0.1027	benign
O60260	V105K	0.6334	pathogenic
O60260	V105L	0.2624	benign
O60260	V105M	0.2253	benign
O60260	V105N	0.6629	pathogenic
O60260	V105P	0.6854	pathogenic
O60260	V105Q	0.612	pathogenic
O60260	V105R	0.5298	ambiguous
O60260	V105S	0.5237	ambiguous
O60260	V105T	0.3922	ambiguous
O60260	V105W	0.7919	pathogenic
O60260	V105Y	0.7213	pathogenic
O60260	D106A	0.3865	ambiguous
O60260	D106C	0.7909	pathogenic
O60260	D106E	0.4435	ambiguous
O60260	D106F	0.7454	pathogenic
O60260	D106G	0.4543	ambiguous
O60260	D106H	0.4719	ambiguous
O60260	D106I	0.6271	pathogenic
O60260	D106K	0.7222	pathogenic
O60260	D106L	0.6061	pathogenic
O60260	D106M	0.8447	pathogenic
O60260	D106N	0.1885	benign
O60260	D106P	0.7604	pathogenic
O60260	D106Q	0.6211	pathogenic
O60260	D106R	0.6345	pathogenic
O60260	D106S	0.2713	benign
O60260	D106T	0.5532	ambiguous
O60260	D106V	0.4221	ambiguous
O60260	D106W	0.9274	pathogenic
O60260	D106Y	0.3513	ambiguous
O60260	L107A	0.5222	ambiguous
O60260	L107C	0.5301	ambiguous
O60260	L107D	0.813	pathogenic
O60260	L107E	0.66	pathogenic
O60260	L107F	0.0865	benign
O60260	L107G	0.6842	pathogenic
O60260	L107H	0.3949	ambiguous
O60260	L107I	0.121	benign
O60260	L107K	0.6001	pathogenic
O60260	L107M	0.1768	benign
O60260	L107N	0.6946	pathogenic
O60260	L107P	0.4373	ambiguous
O60260	L107Q	0.4317	ambiguous
O60260	L107R	0.3395	benign
O60260	L107S	0.6215	pathogenic
O60260	L107T	0.4629	ambiguous
O60260	L107V	0.1388	benign
O60260	L107W	0.2164	benign
O60260	L107Y	0.3732	ambiguous
O60260	S108A	0.1346	benign
O60260	S108C	0.1485	benign
O60260	S108D	0.3667	ambiguous
O60260	S108E	0.5403	ambiguous
O60260	S108F	0.3316	benign
O60260	S108G	0.091	benign
O60260	S108H	0.3557	ambiguous
O60260	S108I	0.329	benign
O60260	S108K	0.6881	pathogenic
O60260	S108L	0.1958	benign
O60260	S108M	0.3731	ambiguous
O60260	S108N	0.1959	benign
O60260	S108P	0.3029	benign
O60260	S108Q	0.5156	ambiguous
O60260	S108R	0.5192	ambiguous
O60260	S108T	0.1117	benign
O60260	S108V	0.3507	ambiguous
O60260	S108W	0.3712	ambiguous
O60260	S108Y	0.2917	benign
O60260	S109A	0.088	benign
O60260	S109C	0.0982	benign
O60260	S109D	0.1755	benign
O60260	S109E	0.3062	benign
O60260	S109F	0.2164	benign
O60260	S109G	0.0639	benign
O60260	S109H	0.2062	benign
O60260	S109I	0.1841	benign
O60260	S109K	0.3872	ambiguous
O60260	S109L	0.1428	benign
O60260	S109M	0.2637	benign
O60260	S109N	0.1175	benign
O60260	S109P	0.1636	benign
O60260	S109Q	0.3133	benign
O60260	S109R	0.2606	benign
O60260	S109T	0.0873	benign
O60260	S109V	0.1876	benign
O60260	S109W	0.2422	benign
O60260	S109Y	0.1799	benign
O60260	S110A	0.0854	benign
O60260	S110C	0.0902	benign
O60260	S110D	0.2599	benign
O60260	S110E	0.4119	ambiguous
O60260	S110F	0.1748	benign
O60260	S110G	0.0859	benign
O60260	S110H	0.237	benign
O60260	S110I	0.1984	benign
O60260	S110K	0.5407	ambiguous
O60260	S110L	0.1273	benign
O60260	S110M	0.2511	benign
O60260	S110N	0.1425	benign
O60260	S110P	0.1585	benign
O60260	S110Q	0.4194	ambiguous
O60260	S110R	0.3873	ambiguous
O60260	S110T	0.0874	benign
O60260	S110V	0.1841	benign
O60260	S110W	0.2178	benign
O60260	S110Y	0.1614	benign
O60260	V111A	0.1585	benign
O60260	V111C	0.5002	ambiguous
O60260	V111D	0.2317	benign
O60260	V111E	0.2214	benign
O60260	V111F	0.0959	benign
O60260	V111G	0.1775	benign
O60260	V111H	0.3169	benign
O60260	V111I	0.0714	benign
O60260	V111K	0.2577	benign
O60260	V111L	0.0952	benign
O60260	V111M	0.1141	benign
O60260	V111N	0.2074	benign
O60260	V111P	0.2671	benign
O60260	V111Q	0.2285	benign
O60260	V111R	0.1677	benign
O60260	V111S	0.1696	benign
O60260	V111T	0.19	benign
O60260	V111W	0.4654	ambiguous
O60260	V111Y	0.3161	benign
O60260	L112A	0.3811	ambiguous
O60260	L112C	0.5568	ambiguous
O60260	L112D	0.7597	pathogenic
O60260	L112E	0.4687	ambiguous
O60260	L112F	0.1388	benign
O60260	L112G	0.5734	pathogenic
O60260	L112H	0.2939	benign
O60260	L112I	0.1233	benign
O60260	L112K	0.3928	ambiguous
O60260	L112M	0.1842	benign
O60260	L112N	0.5915	pathogenic
O60260	L112P	0.2916	benign
O60260	L112Q	0.2353	benign
O60260	L112R	0.2119	benign
O60260	L112S	0.3957	ambiguous
O60260	L112T	0.3891	ambiguous
O60260	L112V	0.1388	benign
O60260	L112W	0.2396	benign
O60260	L112Y	0.4064	ambiguous
O60260	P113A	0.1078	benign
O60260	P113C	0.4359	ambiguous
O60260	P113D	0.4373	ambiguous
O60260	P113E	0.2883	benign
O60260	P113F	0.4696	ambiguous
O60260	P113G	0.3082	benign
O60260	P113H	0.1789	benign
O60260	P113I	0.4127	ambiguous
O60260	P113K	0.3292	benign
O60260	P113L	0.1292	benign
O60260	P113M	0.4011	ambiguous
O60260	P113N	0.424	ambiguous
O60260	P113Q	0.1885	benign
O60260	P113R	0.1576	benign
O60260	P113S	0.1589	benign
O60260	P113T	0.1349	benign
O60260	P113V	0.2752	benign
O60260	P113W	0.4743	ambiguous
O60260	P113Y	0.434	ambiguous
O60260	G114A	0.0667	benign
O60260	G114C	0.124	benign
O60260	G114D	0.115	benign
O60260	G114E	0.1044	benign
O60260	G114F	0.3139	benign
O60260	G114H	0.1814	benign
O60260	G114I	0.1749	benign
O60260	G114K	0.1691	benign
O60260	G114L	0.1811	benign
O60260	G114M	0.2131	benign
O60260	G114N	0.175	benign
O60260	G114P	0.2532	benign
O60260	G114Q	0.149	benign
O60260	G114R	0.1113	benign
O60260	G114S	0.0783	benign
O60260	G114T	0.0762	benign
O60260	G114V	0.1047	benign
O60260	G114W	0.1966	benign
O60260	G114Y	0.2294	benign
O60260	D115A	0.1071	benign
O60260	D115C	0.2968	benign
O60260	D115E	0.122	benign
O60260	D115F	0.2801	benign
O60260	D115G	0.0964	benign
O60260	D115H	0.1171	benign
O60260	D115I	0.1938	benign
O60260	D115K	0.1853	benign
O60260	D115L	0.1908	benign
O60260	D115M	0.4087	ambiguous
O60260	D115N	0.0782	benign
O60260	D115P	0.2731	benign
O60260	D115Q	0.1701	benign
O60260	D115R	0.1656	benign
O60260	D115S	0.0902	benign
O60260	D115T	0.1468	benign
O60260	D115V	0.1267	benign
O60260	D115W	0.5886	pathogenic
O60260	D115Y	0.1086	benign
O60260	S116A	0.0793	benign
O60260	S116C	0.1231	benign
O60260	S116D	0.3463	ambiguous
O60260	S116E	0.4401	ambiguous
O60260	S116F	0.2362	benign
O60260	S116G	0.1152	benign
O60260	S116H	0.3535	ambiguous
O60260	S116I	0.2505	benign
O60260	S116K	0.6371	pathogenic
O60260	S116L	0.1249	benign
O60260	S116M	0.2628	benign
O60260	S116N	0.2351	benign
O60260	S116P	0.1468	benign
O60260	S116Q	0.5098	ambiguous
O60260	S116R	0.517	ambiguous
O60260	S116T	0.0922	benign
O60260	S116V	0.1999	benign
O60260	S116W	0.2902	benign
O60260	S116Y	0.1956	benign
O60260	V117A	0.0786	benign
O60260	V117C	0.5042	ambiguous
O60260	V117D	0.1373	benign
O60260	V117E	0.1052	benign
O60260	V117F	0.114	benign
O60260	V117G	0.1004	benign
O60260	V117H	0.3087	benign
O60260	V117I	0.0873	benign
O60260	V117K	0.1548	benign
O60260	V117L	0.1294	benign
O60260	V117M	0.1043	benign
O60260	V117N	0.1665	benign
O60260	V117P	0.1988	benign
O60260	V117Q	0.1644	benign
O60260	V117R	0.1281	benign
O60260	V117S	0.1108	benign
O60260	V117T	0.0957	benign
O60260	V117W	0.4725	ambiguous
O60260	V117Y	0.3619	ambiguous
O60260	G118A	0.3025	benign
O60260	G118C	0.4572	ambiguous
O60260	G118D	0.4762	ambiguous
O60260	G118E	0.5196	ambiguous
O60260	G118F	0.8223	pathogenic
O60260	G118H	0.766	pathogenic
O60260	G118I	0.6202	pathogenic
O60260	G118K	0.8153	pathogenic
O60260	G118L	0.7103	pathogenic
O60260	G118M	0.7935	pathogenic
O60260	G118N	0.6429	pathogenic
O60260	G118P	0.8278	pathogenic
O60260	G118Q	0.7001	pathogenic
O60260	G118R	0.6839	pathogenic
O60260	G118S	0.2318	benign
O60260	G118T	0.4219	ambiguous
O60260	G118V	0.4685	ambiguous
O60260	G118W	0.7261	pathogenic
O60260	G118Y	0.751	pathogenic
O60260	L119A	0.5849	pathogenic
O60260	L119C	0.8324	pathogenic
O60260	L119D	0.8894	pathogenic
O60260	L119E	0.6814	pathogenic
O60260	L119F	0.3309	benign
O60260	L119G	0.7786	pathogenic
O60260	L119H	0.663	pathogenic
O60260	L119I	0.2317	benign
O60260	L119K	0.6314	pathogenic
O60260	L119M	0.2268	benign
O60260	L119N	0.7976	pathogenic
O60260	L119P	0.5747	pathogenic
O60260	L119Q	0.5389	ambiguous
O60260	L119R	0.4923	ambiguous
O60260	L119S	0.731	pathogenic
O60260	L119T	0.59	pathogenic
O60260	L119V	0.2362	benign
O60260	L119W	0.5168	ambiguous
O60260	L119Y	0.7198	pathogenic
O60260	A120C	0.8312	pathogenic
O60260	A120D	0.6983	pathogenic
O60260	A120E	0.6731	pathogenic
O60260	A120F	0.8409	pathogenic
O60260	A120G	0.3259	benign
O60260	A120H	0.8559	pathogenic
O60260	A120I	0.8412	pathogenic
O60260	A120K	0.8631	pathogenic
O60260	A120L	0.5641	pathogenic
O60260	A120M	0.6944	pathogenic
O60260	A120N	0.7413	pathogenic
O60260	A120P	0.6151	pathogenic
O60260	A120Q	0.7484	pathogenic
O60260	A120R	0.7465	pathogenic
O60260	A120S	0.2338	benign
O60260	A120T	0.3568	ambiguous
O60260	A120V	0.5164	ambiguous
O60260	A120W	0.9573	pathogenic
O60260	A120Y	0.8856	pathogenic
O60260	V121A	0.1704	benign
O60260	V121C	0.7512	pathogenic
O60260	V121D	0.3588	ambiguous
O60260	V121E	0.3116	benign
O60260	V121F	0.2047	benign
O60260	V121G	0.2495	benign
O60260	V121H	0.6474	pathogenic
O60260	V121I	0.0878	benign
O60260	V121K	0.4204	ambiguous
O60260	V121L	0.2123	benign
O60260	V121M	0.1587	benign
O60260	V121N	0.3462	ambiguous
O60260	V121P	0.6893	pathogenic
O60260	V121Q	0.4037	ambiguous
O60260	V121R	0.3479	ambiguous
O60260	V121S	0.2671	benign
O60260	V121T	0.2563	benign
O60260	V121W	0.8318	pathogenic
O60260	V121Y	0.6094	pathogenic
O60260	I122A	0.6972	pathogenic
O60260	I122C	0.8396	pathogenic
O60260	I122D	0.8708	pathogenic
O60260	I122E	0.865	pathogenic
O60260	I122F	0.2501	benign
O60260	I122G	0.8654	pathogenic
O60260	I122H	0.7693	pathogenic
O60260	I122K	0.7972	pathogenic
O60260	I122L	0.1943	benign
O60260	I122M	0.2339	benign
O60260	I122N	0.6199	pathogenic
O60260	I122P	0.8341	pathogenic
O60260	I122Q	0.7898	pathogenic
O60260	I122R	0.6729	pathogenic
O60260	I122S	0.6335	pathogenic
O60260	I122T	0.7081	pathogenic
O60260	I122V	0.1529	benign
O60260	I122W	0.8623	pathogenic
O60260	I122Y	0.6752	pathogenic
O60260	L123A	0.4693	ambiguous
O60260	L123C	0.6436	pathogenic
O60260	L123D	0.8158	pathogenic
O60260	L123E	0.5424	ambiguous
O60260	L123F	0.1997	benign
O60260	L123G	0.6262	pathogenic
O60260	L123H	0.4194	ambiguous
O60260	L123I	0.1419	benign
O60260	L123K	0.5172	ambiguous
O60260	L123M	0.2037	benign
O60260	L123N	0.6749	pathogenic
O60260	L123P	0.4531	ambiguous
O60260	L123Q	0.3187	benign
O60260	L123R	0.2917	benign
O60260	L123S	0.5102	ambiguous
O60260	L123T	0.4292	ambiguous
O60260	L123V	0.1619	benign
O60260	L123W	0.3783	ambiguous
O60260	L123Y	0.5822	pathogenic
O60260	H124A	0.0991	benign
O60260	H124C	0.1144	benign
O60260	H124D	0.0489	benign
O60260	H124E	0.0872	benign
O60260	H124F	0.2581	benign
O60260	H124G	0.0837	benign
O60260	H124I	0.2229	benign
O60260	H124K	0.0975	benign
O60260	H124L	0.1008	benign
O60260	H124M	0.2809	benign
O60260	H124N	0.052	benign
O60260	H124P	0.0766	benign
O60260	H124Q	0.0762	benign
O60260	H124R	0.0666	benign
O60260	H124S	0.0768	benign
O60260	H124T	0.1043	benign
O60260	H124V	0.1499	benign
O60260	H124W	0.2736	benign
O60260	H124Y	0.0964	benign
O60260	T125A	0.0636	benign
O60260	T125C	0.2471	benign
O60260	T125D	0.1023	benign
O60260	T125E	0.1023	benign
O60260	T125F	0.1825	benign
O60260	T125G	0.1039	benign
O60260	T125H	0.1155	benign
O60260	T125I	0.1512	benign
O60260	T125K	0.0935	benign
O60260	T125L	0.0972	benign
O60260	T125M	0.0953	benign
O60260	T125N	0.0723	benign
O60260	T125P	0.0662	benign
O60260	T125Q	0.1109	benign
O60260	T125R	0.0727	benign
O60260	T125S	0.0732	benign
O60260	T125V	0.1196	benign
O60260	T125W	0.2962	benign
O60260	T125Y	0.1697	benign
O60260	D126A	0.0882	benign
O60260	D126C	0.2611	benign
O60260	D126E	0.0951	benign
O60260	D126F	0.3154	benign
O60260	D126G	0.0673	benign
O60260	D126H	0.1233	benign
O60260	D126I	0.2055	benign
O60260	D126K	0.1533	benign
O60260	D126L	0.2003	benign
O60260	D126M	0.3728	ambiguous
O60260	D126N	0.0812	benign
O60260	D126P	0.2059	benign
O60260	D126Q	0.1411	benign
O60260	D126R	0.1343	benign
O60260	D126S	0.0763	benign
O60260	D126T	0.1252	benign
O60260	D126V	0.1289	benign
O60260	D126W	0.5254	ambiguous
O60260	D126Y	0.1407	benign
O60260	S127A	0.0749	benign
O60260	S127C	0.0776	benign
O60260	S127D	0.0849	benign
O60260	S127E	0.1264	benign
O60260	S127F	0.1314	benign
O60260	S127G	0.0582	benign
O60260	S127H	0.1063	benign
O60260	S127I	0.0972	benign
O60260	S127K	0.1573	benign
O60260	S127L	0.0985	benign
O60260	S127M	0.1629	benign
O60260	S127N	0.068	benign
O60260	S127P	0.0882	benign
O60260	S127Q	0.1472	benign
O60260	S127R	0.1097	benign
O60260	S127T	0.0737	benign
O60260	S127V	0.1146	benign
O60260	S127W	0.1348	benign
O60260	S127Y	0.0995	benign
O60260	R128A	0.1092	benign
O60260	R128C	0.1197	benign
O60260	R128D	0.1473	benign
O60260	R128E	0.0946	benign
O60260	R128F	0.2459	benign
O60260	R128G	0.0623	benign
O60260	R128H	0.0893	benign
O60260	R128I	0.1271	benign
O60260	R128K	0.0716	benign
O60260	R128L	0.1004	benign
O60260	R128M	0.1264	benign
O60260	R128N	0.1723	benign
O60260	R128P	0.1181	benign
O60260	R128Q	0.0662	benign
O60260	R128S	0.1216	benign
O60260	R128T	0.0865	benign
O60260	R128V	0.1365	benign
O60260	R128W	0.1006	benign
O60260	R128Y	0.1924	benign
O60260	K129A	0.0967	benign
O60260	K129C	0.2625	benign
O60260	K129D	0.1022	benign
O60260	K129E	0.0624	benign
O60260	K129F	0.31	benign
O60260	K129G	0.1051	benign
O60260	K129H	0.1155	benign
O60260	K129I	0.1379	benign
O60260	K129L	0.1238	benign
O60260	K129M	0.1095	benign
O60260	K129N	0.0811	benign
O60260	K129P	0.1461	benign
O60260	K129Q	0.074	benign
O60260	K129R	0.0646	benign
O60260	K129S	0.0896	benign
O60260	K129T	0.0742	benign
O60260	K129V	0.124	benign
O60260	K129W	0.3108	benign
O60260	K129Y	0.2046	benign
O60260	D130A	0.0739	benign
O60260	D130C	0.2283	benign
O60260	D130E	0.0916	benign
O60260	D130F	0.2239	benign
O60260	D130G	0.0639	benign
O60260	D130H	0.1069	benign
O60260	D130I	0.1287	benign
O60260	D130K	0.1395	benign
O60260	D130L	0.1375	benign
O60260	D130M	0.2773	benign
O60260	D130N	0.076	benign
O60260	D130P	0.1667	benign
O60260	D130Q	0.1306	benign
O60260	D130R	0.1236	benign
O60260	D130S	0.0779	benign
O60260	D130T	0.1065	benign
O60260	D130V	0.0824	benign
O60260	D130W	0.4452	ambiguous
O60260	D130Y	0.0918	benign
O60260	S131A	0.0649	benign
O60260	S131C	0.0809	benign
O60260	S131D	0.1386	benign
O60260	S131E	0.1651	benign
O60260	S131F	0.0876	benign
O60260	S131G	0.077	benign
O60260	S131H	0.136	benign
O60260	S131I	0.0857	benign
O60260	S131K	0.229	benign
O60260	S131L	0.0705	benign
O60260	S131M	0.1462	benign
O60260	S131N	0.1028	benign
O60260	S131P	0.0707	benign
O60260	S131Q	0.1966	benign
O60260	S131R	0.167	benign
O60260	S131T	0.0697	benign
O60260	S131V	0.0924	benign
O60260	S131W	0.1281	benign
O60260	S131Y	0.0884	benign
O60260	P132A	0.062	benign
O60260	P132C	0.1655	benign
O60260	P132D	0.1374	benign
O60260	P132E	0.1035	benign
O60260	P132F	0.1353	benign
O60260	P132G	0.1238	benign
O60260	P132H	0.0767	benign
O60260	P132I	0.1078	benign
O60260	P132K	0.1117	benign
O60260	P132L	0.0633	benign
O60260	P132M	0.1425	benign
O60260	P132N	0.1402	benign
O60260	P132Q	0.0731	benign
O60260	P132R	0.0683	benign
O60260	P132S	0.0676	benign
O60260	P132T	0.0664	benign
O60260	P132V	0.0871	benign
O60260	P132W	0.1777	benign
O60260	P132Y	0.1436	benign
O60260	P133A	0.0517	benign
O60260	P133C	0.19	benign
O60260	P133D	0.1394	benign
O60260	P133E	0.102	benign
O60260	P133F	0.1639	benign
O60260	P133G	0.1181	benign
O60260	P133H	0.0857	benign
O60260	P133I	0.1284	benign
O60260	P133K	0.1152	benign
O60260	P133L	0.0671	benign
O60260	P133M	0.1509	benign
O60260	P133N	0.1507	benign
O60260	P133Q	0.0776	benign
O60260	P133R	0.0709	benign
O60260	P133S	0.0699	benign
O60260	P133T	0.063	benign
O60260	P133V	0.0901	benign
O60260	P133W	0.2099	benign
O60260	P133Y	0.1722	benign
O60260	A134C	0.2838	benign
O60260	A134D	0.1079	benign
O60260	A134E	0.0966	benign
O60260	A134F	0.1716	benign
O60260	A134G	0.0844	benign
O60260	A134H	0.2016	benign
O60260	A134I	0.1444	benign
O60260	A134K	0.1536	benign
O60260	A134L	0.1017	benign
O60260	A134M	0.1449	benign
O60260	A134N	0.1509	benign
O60260	A134P	0.0825	benign
O60260	A134Q	0.1407	benign
O60260	A134R	0.1165	benign
O60260	A134S	0.0802	benign
O60260	A134T	0.0723	benign
O60260	A134V	0.0833	benign
O60260	A134W	0.3123	benign
O60260	A134Y	0.2253	benign
O60260	G135A	0.0767	benign
O60260	G135C	0.1374	benign
O60260	G135D	0.0873	benign
O60260	G135E	0.0791	benign
O60260	G135F	0.2672	benign
O60260	G135H	0.1492	benign
O60260	G135I	0.1359	benign
O60260	G135K	0.1221	benign
O60260	G135L	0.1775	benign
O60260	G135M	0.2292	benign
O60260	G135N	0.1558	benign
O60260	G135P	0.2236	benign
O60260	G135Q	0.1107	benign
O60260	G135R	0.0848	benign
O60260	G135S	0.087	benign
O60260	G135T	0.0944	benign
O60260	G135V	0.0911	benign
O60260	G135W	0.1614	benign
O60260	G135Y	0.1892	benign
O60260	S136A	0.0772	benign
O60260	S136C	0.0675	benign
O60260	S136D	0.098	benign
O60260	S136E	0.1217	benign
O60260	S136F	0.102	benign
O60260	S136G	0.0602	benign
O60260	S136H	0.0902	benign
O60260	S136I	0.0778	benign
O60260	S136K	0.1262	benign
O60260	S136L	0.085	benign
O60260	S136M	0.1416	benign
O60260	S136N	0.069	benign
O60260	S136P	0.0849	benign
O60260	S136Q	0.1212	benign
O60260	S136R	0.091	benign
O60260	S136T	0.077	benign
O60260	S136V	0.0971	benign
O60260	S136W	0.1181	benign
O60260	S136Y	0.0818	benign
O60260	P137A	0.0596	benign
O60260	P137C	0.2021	benign
O60260	P137D	0.1539	benign
O60260	P137E	0.1193	benign
O60260	P137F	0.1875	benign
O60260	P137G	0.1231	benign
O60260	P137H	0.09	benign
O60260	P137I	0.1581	benign
O60260	P137K	0.1287	benign
O60260	P137L	0.0751	benign
O60260	P137M	0.1788	benign
O60260	P137N	0.1647	benign
O60260	P137Q	0.0852	benign
O60260	P137R	0.0716	benign
O60260	P137S	0.0722	benign
O60260	P137T	0.0665	benign
O60260	P137V	0.1074	benign
O60260	P137W	0.2247	benign
O60260	P137Y	0.1858	benign
O60260	A138C	0.292	benign
O60260	A138D	0.1092	benign
O60260	A138E	0.104	benign
O60260	A138F	0.1913	benign
O60260	A138G	0.0774	benign
O60260	A138H	0.2118	benign
O60260	A138I	0.1724	benign
O60260	A138K	0.1726	benign
O60260	A138L	0.1157	benign
O60260	A138M	0.1746	benign
O60260	A138N	0.1597	benign
O60260	A138P	0.0808	benign
O60260	A138Q	0.1514	benign
O60260	A138R	0.1293	benign
O60260	A138S	0.0813	benign
O60260	A138T	0.0765	benign
O60260	A138V	0.0927	benign
O60260	A138W	0.3328	benign
O60260	A138Y	0.2418	benign
O60260	G139A	0.0891	benign
O60260	G139C	0.1215	benign
O60260	G139D	0.0933	benign
O60260	G139E	0.0983	benign
O60260	G139F	0.3026	benign
O60260	G139H	0.1768	benign
O60260	G139I	0.1764	benign
O60260	G139K	0.1786	benign
O60260	G139L	0.2266	benign
O60260	G139M	0.2976	benign
O60260	G139N	0.1633	benign
O60260	G139P	0.2489	benign
O60260	G139Q	0.1463	benign
O60260	G139R	0.1162	benign
O60260	G139S	0.0847	benign
O60260	G139T	0.1133	benign
O60260	G139V	0.1126	benign
O60260	G139W	0.2002	benign
O60260	G139Y	0.2134	benign
O60260	R140A	0.1205	benign
O60260	R140C	0.1347	benign
O60260	R140D	0.2022	benign
O60260	R140E	0.1275	benign
O60260	R140F	0.2528	benign
O60260	R140G	0.0715	benign
O60260	R140H	0.0929	benign
O60260	R140I	0.133	benign
O60260	R140K	0.0751	benign
O60260	R140L	0.1154	benign
O60260	R140M	0.1469	benign
O60260	R140N	0.1947	benign
O60260	R140P	0.1189	benign
O60260	R140Q	0.0779	benign
O60260	R140S	0.1376	benign
O60260	R140T	0.0931	benign
O60260	R140V	0.1538	benign
O60260	R140W	0.1262	benign
O60260	R140Y	0.2152	benign
O60260	S141A	0.0647	benign
O60260	S141C	0.0788	benign
O60260	S141D	0.1484	benign
O60260	S141E	0.175	benign
O60260	S141F	0.139	benign
O60260	S141G	0.0626	benign
O60260	S141H	0.1122	benign
O60260	S141I	0.1268	benign
O60260	S141K	0.1975	benign
O60260	S141L	0.0972	benign
O60260	S141M	0.1787	benign
O60260	S141N	0.0802	benign
O60260	S141P	0.0509	benign
O60260	S141Q	0.1478	benign
O60260	S141R	0.1256	benign
O60260	S141T	0.0747	benign
O60260	S141V	0.1208	benign
O60260	S141W	0.1484	benign
O60260	S141Y	0.1128	benign
O60260	I142A	0.0676	benign
O60260	I142C	0.2314	benign
O60260	I142D	0.1354	benign
O60260	I142E	0.1553	benign
O60260	I142F	0.0841	benign
O60260	I142G	0.1247	benign
O60260	I142H	0.1303	benign
O60260	I142K	0.1147	benign
O60260	I142L	0.069	benign
O60260	I142M	0.0833	benign
O60260	I142N	0.0645	benign
O60260	I142P	0.0968	benign
O60260	I142Q	0.1291	benign
O60260	I142R	0.0749	benign
O60260	I142S	0.06	benign
O60260	I142T	0.0611	benign
O60260	I142V	0.0578	benign
O60260	I142W	0.3605	ambiguous
O60260	I142Y	0.1947	benign
O60260	Y143A	0.3431	ambiguous
O60260	Y143C	0.0937	benign
O60260	Y143D	0.245	benign
O60260	Y143E	0.5156	ambiguous
O60260	Y143F	0.1477	benign
O60260	Y143G	0.2292	benign
O60260	Y143H	0.1552	benign
O60260	Y143I	0.4887	ambiguous
O60260	Y143K	0.4537	ambiguous
O60260	Y143L	0.3838	ambiguous
O60260	Y143M	0.6858	pathogenic
O60260	Y143N	0.1664	benign
O60260	Y143P	0.3266	benign
O60260	Y143Q	0.3478	ambiguous
O60260	Y143R	0.2288	benign
O60260	Y143S	0.1326	benign
O60260	Y143T	0.3189	benign
O60260	Y143V	0.3604	ambiguous
O60260	Y143W	0.3437	ambiguous
O60260	N144A	0.2375	benign
O60260	N144C	0.2448	benign
O60260	N144D	0.146	benign
O60260	N144E	0.4272	ambiguous
O60260	N144F	0.6954	pathogenic
O60260	N144G	0.2073	benign
O60260	N144H	0.0753	benign
O60260	N144I	0.4645	ambiguous
O60260	N144K	0.2422	benign
O60260	N144L	0.365	ambiguous
O60260	N144M	0.5832	pathogenic
O60260	N144P	0.2252	benign
O60260	N144Q	0.2965	benign
O60260	N144R	0.2209	benign
O60260	N144S	0.0711	benign
O60260	N144T	0.165	benign
O60260	N144V	0.4149	ambiguous
O60260	N144W	0.7341	pathogenic
O60260	N144Y	0.2224	benign
O60260	S145A	0.1339	benign
O60260	S145C	0.1585	benign
O60260	S145D	0.5988	pathogenic
O60260	S145E	0.7718	pathogenic
O60260	S145F	0.4291	ambiguous
O60260	S145G	0.1182	benign
O60260	S145H	0.4165	ambiguous
O60260	S145I	0.3876	ambiguous
O60260	S145K	0.8014	pathogenic
O60260	S145L	0.2503	benign
O60260	S145M	0.4533	ambiguous
O60260	S145N	0.2341	benign
O60260	S145P	0.3747	ambiguous
O60260	S145Q	0.6333	pathogenic
O60260	S145R	0.6103	pathogenic
O60260	S145T	0.1229	benign
O60260	S145V	0.3749	ambiguous
O60260	S145W	0.4844	ambiguous
O60260	S145Y	0.313	benign
O60260	F146A	0.9771	pathogenic
O60260	F146C	0.9181	pathogenic
O60260	F146D	0.9944	pathogenic
O60260	F146E	0.9956	pathogenic
O60260	F146G	0.9877	pathogenic
O60260	F146H	0.9501	pathogenic
O60260	F146I	0.894	pathogenic
O60260	F146K	0.9922	pathogenic
O60260	F146L	0.9897	pathogenic
O60260	F146M	0.9685	pathogenic
O60260	F146N	0.9781	pathogenic
O60260	F146P	0.997	pathogenic
O60260	F146Q	0.9883	pathogenic
O60260	F146R	0.9655	pathogenic
O60260	F146S	0.9546	pathogenic
O60260	F146T	0.9761	pathogenic
O60260	F146V	0.8584	pathogenic
O60260	F146W	0.8522	pathogenic
O60260	F146Y	0.4564	ambiguous
O60260	Y147A	0.9077	pathogenic
O60260	Y147C	0.4017	ambiguous
O60260	Y147D	0.9025	pathogenic
O60260	Y147E	0.9748	pathogenic
O60260	Y147F	0.0793	benign
O60260	Y147G	0.8914	pathogenic
O60260	Y147H	0.4002	ambiguous
O60260	Y147I	0.8601	pathogenic
O60260	Y147K	0.9649	pathogenic
O60260	Y147L	0.8204	pathogenic
O60260	Y147M	0.9179	pathogenic
O60260	Y147N	0.7369	pathogenic
O60260	Y147P	0.9642	pathogenic
O60260	Y147Q	0.9178	pathogenic
O60260	Y147R	0.8813	pathogenic
O60260	Y147S	0.6898	pathogenic
O60260	Y147T	0.9028	pathogenic
O60260	Y147V	0.7799	pathogenic
O60260	Y147W	0.4324	ambiguous
O60260	V148A	0.8534	pathogenic
O60260	V148C	0.957	pathogenic
O60260	V148D	0.9935	pathogenic
O60260	V148E	0.9874	pathogenic
O60260	V148F	0.9467	pathogenic
O60260	V148G	0.884	pathogenic
O60260	V148H	0.9963	pathogenic
O60260	V148I	0.1347	benign
O60260	V148K	0.9918	pathogenic
O60260	V148L	0.8318	pathogenic
O60260	V148M	0.8824	pathogenic
O60260	V148N	0.9785	pathogenic
O60260	V148P	0.9877	pathogenic
O60260	V148Q	0.9852	pathogenic
O60260	V148R	0.9733	pathogenic
O60260	V148S	0.9126	pathogenic
O60260	V148T	0.8407	pathogenic
O60260	V148W	0.9985	pathogenic
O60260	V148Y	0.9929	pathogenic
O60260	Y149A	0.9457	pathogenic
O60260	Y149C	0.4982	ambiguous
O60260	Y149D	0.9484	pathogenic
O60260	Y149E	0.9862	pathogenic
O60260	Y149F	0.0861	benign
O60260	Y149G	0.9389	pathogenic
O60260	Y149H	0.5045	ambiguous
O60260	Y149I	0.8745	pathogenic
O60260	Y149K	0.9832	pathogenic
O60260	Y149L	0.8494	pathogenic
O60260	Y149M	0.9421	pathogenic
O60260	Y149N	0.8263	pathogenic
O60260	Y149P	0.9851	pathogenic
O60260	Y149Q	0.9617	pathogenic
O60260	Y149R	0.9369	pathogenic
O60260	Y149S	0.815	pathogenic
O60260	Y149T	0.9532	pathogenic
O60260	Y149V	0.8232	pathogenic
O60260	Y149W	0.4147	ambiguous
O60260	C150A	0.9945	pathogenic
O60260	C150D	0.9982	pathogenic
O60260	C150E	0.9994	pathogenic
O60260	C150F	0.9858	pathogenic
O60260	C150G	0.9623	pathogenic
O60260	C150H	0.9946	pathogenic
O60260	C150I	0.997	pathogenic
O60260	C150K	0.9995	pathogenic
O60260	C150L	0.9908	pathogenic
O60260	C150M	0.9981	pathogenic
O60260	C150N	0.9985	pathogenic
O60260	C150P	0.9981	pathogenic
O60260	C150Q	0.9986	pathogenic
O60260	C150R	0.9915	pathogenic
O60260	C150S	0.9895	pathogenic
O60260	C150T	0.997	pathogenic
O60260	C150V	0.9929	pathogenic
O60260	C150W	0.9915	pathogenic
O60260	C150Y	0.9915	pathogenic
O60260	K151A	0.7878	pathogenic
O60260	K151C	0.934	pathogenic
O60260	K151D	0.9145	pathogenic
O60260	K151E	0.6418	pathogenic
O60260	K151F	0.9722	pathogenic
O60260	K151G	0.8219	pathogenic
O60260	K151H	0.7049	pathogenic
O60260	K151I	0.8801	pathogenic
O60260	K151L	0.8091	pathogenic
O60260	K151M	0.7734	pathogenic
O60260	K151N	0.8854	pathogenic
O60260	K151P	0.8286	pathogenic
O60260	K151Q	0.4889	ambiguous
O60260	K151R	0.1277	benign
O60260	K151S	0.8018	pathogenic
O60260	K151T	0.6206	pathogenic
O60260	K151V	0.814	pathogenic
O60260	K151W	0.9525	pathogenic
O60260	K151Y	0.9297	pathogenic
O60260	G152A	0.0961	benign
O60260	G152C	0.1643	benign
O60260	G152D	0.0964	benign
O60260	G152E	0.1066	benign
O60260	G152F	0.2845	benign
O60260	G152H	0.2067	benign
O60260	G152I	0.1438	benign
O60260	G152K	0.2489	benign
O60260	G152L	0.2132	benign
O60260	G152M	0.2682	benign
O60260	G152N	0.158	benign
O60260	G152P	0.6917	pathogenic
O60260	G152Q	0.1936	benign
O60260	G152R	0.2012	benign
O60260	G152S	0.083	benign
O60260	G152T	0.1129	benign
O60260	G152V	0.1003	benign
O60260	G152W	0.25	benign
O60260	G152Y	0.195	benign
O60260	P153A	0.1097	benign
O60260	P153C	0.3774	ambiguous
O60260	P153D	0.3384	benign
O60260	P153E	0.2543	benign
O60260	P153F	0.3125	benign
O60260	P153G	0.3145	benign
O60260	P153H	0.1672	benign
O60260	P153I	0.179	benign
O60260	P153K	0.2686	benign
O60260	P153L	0.1107	benign
O60260	P153M	0.2909	benign
O60260	P153N	0.2803	benign
O60260	P153Q	0.1773	benign
O60260	P153R	0.1496	benign
O60260	P153S	0.1425	benign
O60260	P153T	0.1103	benign
O60260	P153V	0.1488	benign
O60260	P153W	0.487	ambiguous
O60260	P153Y	0.329	benign
O60260	C154A	0.9738	pathogenic
O60260	C154D	0.9862	pathogenic
O60260	C154E	0.9948	pathogenic
O60260	C154F	0.9052	pathogenic
O60260	C154G	0.872	pathogenic
O60260	C154H	0.9736	pathogenic
O60260	C154I	0.9865	pathogenic
O60260	C154K	0.9966	pathogenic
O60260	C154L	0.9508	pathogenic
O60260	C154M	0.9884	pathogenic
O60260	C154N	0.9909	pathogenic
O60260	C154P	0.9862	pathogenic
O60260	C154Q	0.9915	pathogenic
O60260	C154R	0.9669	pathogenic
O60260	C154S	0.9584	pathogenic
O60260	C154T	0.9868	pathogenic
O60260	C154V	0.9729	pathogenic
O60260	C154W	0.9547	pathogenic
O60260	C154Y	0.9494	pathogenic
O60260	Q155A	0.1653	benign
O60260	Q155C	0.3049	benign
O60260	Q155D	0.2312	benign
O60260	Q155E	0.0777	benign
O60260	Q155F	0.4865	ambiguous
O60260	Q155G	0.0982	benign
O60260	Q155H	0.1218	benign
O60260	Q155I	0.4409	ambiguous
O60260	Q155K	0.0712	benign
O60260	Q155L	0.1196	benign
O60260	Q155M	0.3438	ambiguous
O60260	Q155N	0.1875	benign
O60260	Q155P	0.1561	benign
O60260	Q155R	0.0612	benign
O60260	Q155S	0.1627	benign
O60260	Q155T	0.197	benign
O60260	Q155V	0.2937	benign
O60260	Q155W	0.2829	benign
O60260	Q155Y	0.2916	benign
O60260	R156A	0.0893	benign
O60260	R156C	0.1002	benign
O60260	R156D	0.1949	benign
O60260	R156E	0.1165	benign
O60260	R156F	0.2828	benign
O60260	R156G	0.0589	benign
O60260	R156H	0.0873	benign
O60260	R156I	0.1602	benign
O60260	R156K	0.0729	benign
O60260	R156L	0.1155	benign
O60260	R156M	0.1177	benign
O60260	R156N	0.1753	benign
O60260	R156P	0.5775	pathogenic
O60260	R156Q	0.0664	benign
O60260	R156S	0.1093	benign
O60260	R156T	0.0724	benign
O60260	R156V	0.1573	benign
O60260	R156W	0.1485	benign
O60260	R156Y	0.2192	benign
O60260	V157A	0.6933	pathogenic
O60260	V157C	0.9136	pathogenic
O60260	V157D	0.9585	pathogenic
O60260	V157E	0.8851	pathogenic
O60260	V157F	0.5177	ambiguous
O60260	V157G	0.7254	pathogenic
O60260	V157H	0.972	pathogenic
O60260	V157I	0.0803	benign
O60260	V157K	0.9355	pathogenic
O60260	V157L	0.3417	ambiguous
O60260	V157M	0.4098	ambiguous
O60260	V157N	0.9177	pathogenic
O60260	V157P	0.6759	pathogenic
O60260	V157Q	0.9094	pathogenic
O60260	V157R	0.9082	pathogenic
O60260	V157S	0.8522	pathogenic
O60260	V157T	0.7695	pathogenic
O60260	V157W	0.9537	pathogenic
O60260	V157Y	0.909	pathogenic
O60260	Q158A	0.3027	benign
O60260	Q158C	0.6163	pathogenic
O60260	Q158D	0.8363	pathogenic
O60260	Q158E	0.1248	benign
O60260	Q158F	0.773	pathogenic
O60260	Q158G	0.4871	ambiguous
O60260	Q158H	0.4491	ambiguous
O60260	Q158I	0.4858	ambiguous
O60260	Q158K	0.1584	benign
O60260	Q158L	0.2012	benign
O60260	Q158M	0.4204	ambiguous
O60260	Q158N	0.6344	pathogenic
O60260	Q158P	0.7712	pathogenic
O60260	Q158R	0.1394	benign
O60260	Q158S	0.4416	ambiguous
O60260	Q158T	0.3112	benign
O60260	Q158V	0.2704	benign
O60260	Q158W	0.7155	pathogenic
O60260	Q158Y	0.6537	pathogenic
O60260	P159A	0.1163	benign
O60260	P159C	0.6697	pathogenic
O60260	P159D	0.7356	pathogenic
O60260	P159E	0.4522	ambiguous
O60260	P159F	0.7472	pathogenic
O60260	P159G	0.5595	ambiguous
O60260	P159H	0.3789	ambiguous
O60260	P159I	0.5617	ambiguous
O60260	P159K	0.4793	ambiguous
O60260	P159L	0.2006	benign
O60260	P159M	0.5489	ambiguous
O60260	P159N	0.6402	pathogenic
O60260	P159Q	0.2865	benign
O60260	P159R	0.2435	benign
O60260	P159S	0.2696	benign
O60260	P159T	0.237	benign
O60260	P159V	0.3736	ambiguous
O60260	P159W	0.7703	pathogenic
O60260	P159Y	0.6778	pathogenic
O60260	G160A	0.4838	ambiguous
O60260	G160C	0.9212	pathogenic
O60260	G160D	0.9933	pathogenic
O60260	G160E	0.9896	pathogenic
O60260	G160F	0.9963	pathogenic
O60260	G160H	0.9978	pathogenic
O60260	G160I	0.9882	pathogenic
O60260	G160K	0.9961	pathogenic
O60260	G160L	0.9834	pathogenic
O60260	G160M	0.9929	pathogenic
O60260	G160N	0.9958	pathogenic
O60260	G160P	0.9977	pathogenic
O60260	G160Q	0.9898	pathogenic
O60260	G160R	0.98	pathogenic
O60260	G160S	0.7447	pathogenic
O60260	G160T	0.9608	pathogenic
O60260	G160V	0.9521	pathogenic
O60260	G160W	0.9938	pathogenic
O60260	G160Y	0.9966	pathogenic
O60260	K161A	0.9825	pathogenic
O60260	K161C	0.9865	pathogenic
O60260	K161D	0.9942	pathogenic
O60260	K161E	0.9674	pathogenic
O60260	K161F	0.988	pathogenic
O60260	K161G	0.9863	pathogenic
O60260	K161H	0.9052	pathogenic
O60260	K161I	0.9334	pathogenic
O60260	K161L	0.9384	pathogenic
O60260	K161M	0.9017	pathogenic
O60260	K161N	0.9796	pathogenic
O60260	K161P	0.9934	pathogenic
O60260	K161Q	0.8891	pathogenic
O60260	K161R	0.3256	benign
O60260	K161S	0.9837	pathogenic
O60260	K161T	0.9301	pathogenic
O60260	K161V	0.9415	pathogenic
O60260	K161W	0.9877	pathogenic
O60260	K161Y	0.9658	pathogenic
O60260	L162A	0.9832	pathogenic
O60260	L162C	0.987	pathogenic
O60260	L162D	0.9993	pathogenic
O60260	L162E	0.9953	pathogenic
O60260	L162F	0.9324	pathogenic
O60260	L162G	0.9919	pathogenic
O60260	L162H	0.993	pathogenic
O60260	L162I	0.5839	pathogenic
O60260	L162K	0.9867	pathogenic
O60260	L162M	0.7526	pathogenic
O60260	L162N	0.9958	pathogenic
O60260	L162P	0.9873	pathogenic
O60260	L162Q	0.9881	pathogenic
O60260	L162R	0.9687	pathogenic
O60260	L162S	0.9973	pathogenic
O60260	L162T	0.9911	pathogenic
O60260	L162V	0.7287	pathogenic
O60260	L162W	0.9791	pathogenic
O60260	L162Y	0.9862	pathogenic
O60260	R163A	0.9803	pathogenic
O60260	R163C	0.8096	pathogenic
O60260	R163D	0.9951	pathogenic
O60260	R163E	0.9564	pathogenic
O60260	R163F	0.9802	pathogenic
O60260	R163G	0.9686	pathogenic
O60260	R163H	0.759	pathogenic
O60260	R163I	0.961	pathogenic
O60260	R163K	0.8495	pathogenic
O60260	R163L	0.9094	pathogenic
O60260	R163M	0.9762	pathogenic
O60260	R163N	0.994	pathogenic
O60260	R163P	0.9875	pathogenic
O60260	R163Q	0.703	pathogenic
O60260	R163S	0.985	pathogenic
O60260	R163T	0.9777	pathogenic
O60260	R163V	0.9607	pathogenic
O60260	R163W	0.7075	pathogenic
O60260	R163Y	0.9554	pathogenic
O60260	V164A	0.6459	pathogenic
O60260	V164C	0.9306	pathogenic
O60260	V164D	0.9867	pathogenic
O60260	V164E	0.9714	pathogenic
O60260	V164F	0.7768	pathogenic
O60260	V164G	0.7091	pathogenic
O60260	V164H	0.9882	pathogenic
O60260	V164I	0.3421	ambiguous
O60260	V164K	0.9736	pathogenic
O60260	V164L	0.8584	pathogenic
O60260	V164M	0.833	pathogenic
O60260	V164N	0.9668	pathogenic
O60260	V164P	0.9791	pathogenic
O60260	V164Q	0.9545	pathogenic
O60260	V164R	0.9187	pathogenic
O60260	V164S	0.8391	pathogenic
O60260	V164T	0.8472	pathogenic
O60260	V164W	0.9929	pathogenic
O60260	V164Y	0.9574	pathogenic
O60260	Q165A	0.3098	benign
O60260	Q165C	0.409	ambiguous
O60260	Q165D	0.8385	pathogenic
O60260	Q165E	0.1766	benign
O60260	Q165F	0.6975	pathogenic
O60260	Q165G	0.3868	ambiguous
O60260	Q165H	0.2985	benign
O60260	Q165I	0.5208	ambiguous
O60260	Q165K	0.1334	benign
O60260	Q165L	0.1941	benign
O60260	Q165M	0.4993	ambiguous
O60260	Q165N	0.5941	pathogenic
O60260	Q165P	0.8065	pathogenic
O60260	Q165R	0.0707	benign
O60260	Q165S	0.3837	ambiguous
O60260	Q165T	0.3224	benign
O60260	Q165V	0.348	ambiguous
O60260	Q165W	0.4739	ambiguous
O60260	Q165Y	0.5098	ambiguous
O60260	C166A	0.9938	pathogenic
O60260	C166D	0.997	pathogenic
O60260	C166E	0.9993	pathogenic
O60260	C166F	0.9811	pathogenic
O60260	C166G	0.9551	pathogenic
O60260	C166H	0.9939	pathogenic
O60260	C166I	0.9974	pathogenic
O60260	C166K	0.9994	pathogenic
O60260	C166L	0.99	pathogenic
O60260	C166M	0.9973	pathogenic
O60260	C166N	0.9969	pathogenic
O60260	C166P	0.998	pathogenic
O60260	C166Q	0.9991	pathogenic
O60260	C166R	0.9937	pathogenic
O60260	C166S	0.9936	pathogenic
O60260	C166T	0.9976	pathogenic
O60260	C166V	0.9932	pathogenic
O60260	C166W	0.9912	pathogenic
O60260	C166Y	0.9795	pathogenic
O60260	S167A	0.1008	benign
O60260	S167C	0.1169	benign
O60260	S167D	0.3088	benign
O60260	S167E	0.39	ambiguous
O60260	S167F	0.3967	ambiguous
O60260	S167G	0.0589	benign
O60260	S167H	0.2093	benign
O60260	S167I	0.1847	benign
O60260	S167K	0.309	benign
O60260	S167L	0.2388	benign
O60260	S167M	0.314	benign
O60260	S167N	0.1369	benign
O60260	S167P	0.656	pathogenic
O60260	S167Q	0.2709	benign
O60260	S167R	0.2157	benign
O60260	S167T	0.135	benign
O60260	S167V	0.2516	benign
O60260	S167W	0.4564	ambiguous
O60260	S167Y	0.3019	benign
O60260	T168A	0.072	benign
O60260	T168C	0.3494	ambiguous
O60260	T168D	0.2417	benign
O60260	T168E	0.2002	benign
O60260	T168F	0.1718	benign
O60260	T168G	0.1899	benign
O60260	T168H	0.1559	benign
O60260	T168I	0.1098	benign
O60260	T168K	0.1208	benign
O60260	T168L	0.088	benign
O60260	T168M	0.1079	benign
O60260	T168N	0.1069	benign
O60260	T168P	0.2516	benign
O60260	T168Q	0.1576	benign
O60260	T168R	0.0876	benign
O60260	T168S	0.0948	benign
O60260	T168V	0.1043	benign
O60260	T168W	0.4693	ambiguous
O60260	T168Y	0.2251	benign
O60260	C169A	0.9895	pathogenic
O60260	C169D	0.9937	pathogenic
O60260	C169E	0.9983	pathogenic
O60260	C169F	0.9671	pathogenic
O60260	C169G	0.9245	pathogenic
O60260	C169H	0.9863	pathogenic
O60260	C169I	0.9956	pathogenic
O60260	C169K	0.9984	pathogenic
O60260	C169L	0.9803	pathogenic
O60260	C169M	0.9953	pathogenic
O60260	C169N	0.9937	pathogenic
O60260	C169P	0.9917	pathogenic
O60260	C169Q	0.9969	pathogenic
O60260	C169R	0.9824	pathogenic
O60260	C169S	0.981	pathogenic
O60260	C169T	0.9928	pathogenic
O60260	C169V	0.9902	pathogenic
O60260	C169W	0.9804	pathogenic
O60260	C169Y	0.9809	pathogenic
O60260	R170A	0.2368	benign
O60260	R170C	0.1297	benign
O60260	R170D	0.452	ambiguous
O60260	R170E	0.1959	benign
O60260	R170F	0.4444	ambiguous
O60260	R170G	0.0822	benign
O60260	R170H	0.0806	benign
O60260	R170I	0.3669	ambiguous
O60260	R170K	0.0708	benign
O60260	R170L	0.1728	benign
O60260	R170M	0.2618	benign
O60260	R170N	0.325	benign
O60260	R170P	0.4761	ambiguous
O60260	R170Q	0.064	benign
O60260	R170S	0.2343	benign
O60260	R170T	0.1999	benign
O60260	R170V	0.3789	ambiguous
O60260	R170W	0.1499	benign
O60260	R170Y	0.317	benign
O60260	Q171A	0.3522	ambiguous
O60260	Q171C	0.8252	pathogenic
O60260	Q171D	0.4484	ambiguous
O60260	Q171E	0.0779	benign
O60260	Q171F	0.877	pathogenic
O60260	Q171G	0.3273	benign
O60260	Q171H	0.3965	ambiguous
O60260	Q171I	0.7846	pathogenic
O60260	Q171K	0.1562	benign
O60260	Q171L	0.2827	benign
O60260	Q171M	0.5584	ambiguous
O60260	Q171N	0.4371	ambiguous
O60260	Q171P	0.8071	pathogenic
O60260	Q171R	0.1681	benign
O60260	Q171S	0.3976	ambiguous
O60260	Q171T	0.4075	ambiguous
O60260	Q171V	0.5781	pathogenic
O60260	Q171W	0.8076	pathogenic
O60260	Q171Y	0.7368	pathogenic
O60260	A172C	0.7292	pathogenic
O60260	A172D	0.445	ambiguous
O60260	A172E	0.4487	ambiguous
O60260	A172F	0.6131	pathogenic
O60260	A172G	0.12	benign
O60260	A172H	0.6855	pathogenic
O60260	A172I	0.6962	pathogenic
O60260	A172K	0.6877	pathogenic
O60260	A172L	0.4019	ambiguous
O60260	A172M	0.3876	ambiguous
O60260	A172N	0.3633	ambiguous
O60260	A172P	0.3363	benign
O60260	A172Q	0.5026	ambiguous
O60260	A172R	0.5726	pathogenic
O60260	A172S	0.1131	benign
O60260	A172T	0.1263	benign
O60260	A172V	0.3427	ambiguous
O60260	A172W	0.8879	pathogenic
O60260	A172Y	0.7078	pathogenic
O60260	T173A	0.1007	benign
O60260	T173C	0.6763	pathogenic
O60260	T173D	0.8243	pathogenic
O60260	T173E	0.7367	pathogenic
O60260	T173F	0.5993	pathogenic
O60260	T173G	0.4511	ambiguous
O60260	T173H	0.6175	pathogenic
O60260	T173I	0.6927	pathogenic
O60260	T173K	0.5931	pathogenic
O60260	T173L	0.3006	benign
O60260	T173M	0.1862	benign
O60260	T173N	0.4209	ambiguous
O60260	T173P	0.4422	ambiguous
O60260	T173Q	0.5419	ambiguous
O60260	T173R	0.4119	ambiguous
O60260	T173S	0.2062	benign
O60260	T173V	0.4334	ambiguous
O60260	T173W	0.8972	pathogenic
O60260	T173Y	0.7136	pathogenic
O60260	L174A	0.9017	pathogenic
O60260	L174C	0.8881	pathogenic
O60260	L174D	0.998	pathogenic
O60260	L174E	0.9861	pathogenic
O60260	L174F	0.2448	benign
O60260	L174G	0.9812	pathogenic
O60260	L174H	0.9299	pathogenic
O60260	L174I	0.1796	benign
O60260	L174K	0.9549	pathogenic
O60260	L174M	0.2324	benign
O60260	L174N	0.9866	pathogenic
O60260	L174P	0.981	pathogenic
O60260	L174Q	0.9055	pathogenic
O60260	L174R	0.8849	pathogenic
O60260	L174S	0.9719	pathogenic
O60260	L174T	0.9209	pathogenic
O60260	L174V	0.1811	benign
O60260	L174W	0.7783	pathogenic
O60260	L174Y	0.8572	pathogenic
O60260	T175A	0.2888	benign
O60260	T175C	0.7434	pathogenic
O60260	T175D	0.8856	pathogenic
O60260	T175E	0.7087	pathogenic
O60260	T175F	0.5335	ambiguous
O60260	T175G	0.7463	pathogenic
O60260	T175H	0.4773	ambiguous
O60260	T175I	0.2956	benign
O60260	T175K	0.3964	ambiguous
O60260	T175L	0.1819	benign
O60260	T175M	0.1524	benign
O60260	T175N	0.4749	ambiguous
O60260	T175P	0.6529	pathogenic
O60260	T175Q	0.4183	ambiguous
O60260	T175R	0.2877	benign
O60260	T175S	0.3878	ambiguous
O60260	T175V	0.256	benign
O60260	T175W	0.8493	pathogenic
O60260	T175Y	0.647	pathogenic
O60260	L176A	0.9196	pathogenic
O60260	L176C	0.9628	pathogenic
O60260	L176D	0.9978	pathogenic
O60260	L176E	0.9862	pathogenic
O60260	L176F	0.8179	pathogenic
O60260	L176G	0.982	pathogenic
O60260	L176H	0.9805	pathogenic
O60260	L176I	0.3294	benign
O60260	L176K	0.9751	pathogenic
O60260	L176M	0.4558	ambiguous
O60260	L176N	0.9876	pathogenic
O60260	L176P	0.9584	pathogenic
O60260	L176Q	0.9535	pathogenic
O60260	L176R	0.9329	pathogenic
O60260	L176S	0.9791	pathogenic
O60260	L176T	0.9076	pathogenic
O60260	L176V	0.2342	benign
O60260	L176W	0.9707	pathogenic
O60260	L176Y	0.9834	pathogenic
O60260	T177A	0.0556	benign
O60260	T177C	0.2939	benign
O60260	T177D	0.1801	benign
O60260	T177E	0.1597	benign
O60260	T177F	0.1657	benign
O60260	T177G	0.1505	benign
O60260	T177H	0.1325	benign
O60260	T177I	0.1404	benign
O60260	T177K	0.1066	benign
O60260	T177L	0.0813	benign
O60260	T177M	0.0911	benign
O60260	T177N	0.0923	benign
O60260	T177P	0.1519	benign
O60260	T177Q	0.123	benign
O60260	T177R	0.0793	benign
O60260	T177S	0.0737	benign
O60260	T177V	0.1158	benign
O60260	T177W	0.3681	ambiguous
O60260	T177Y	0.1835	benign
O60260	Q178A	0.2577	benign
O60260	Q178C	0.6543	pathogenic
O60260	Q178D	0.4677	ambiguous
O60260	Q178E	0.08	benign
O60260	Q178F	0.8394	pathogenic
O60260	Q178G	0.2738	benign
O60260	Q178H	0.3026	benign
O60260	Q178I	0.649	pathogenic
O60260	Q178K	0.0957	benign
O60260	Q178L	0.2743	benign
O60260	Q178M	0.5333	ambiguous
O60260	Q178N	0.4767	ambiguous
O60260	Q178P	0.5424	ambiguous
O60260	Q178R	0.0726	benign
O60260	Q178S	0.3276	benign
O60260	Q178T	0.2785	benign
O60260	Q178V	0.3761	ambiguous
O60260	Q178W	0.5655	pathogenic
O60260	Q178Y	0.6316	pathogenic
O60260	G179A	0.4917	ambiguous
O60260	G179C	0.742	pathogenic
O60260	G179D	0.4177	ambiguous
O60260	G179E	0.5929	pathogenic
O60260	G179F	0.9078	pathogenic
O60260	G179H	0.926	pathogenic
O60260	G179I	0.8136	pathogenic
O60260	G179K	0.9344	pathogenic
O60260	G179L	0.8626	pathogenic
O60260	G179M	0.8916	pathogenic
O60260	G179N	0.7601	pathogenic
O60260	G179P	0.9168	pathogenic
O60260	G179Q	0.8845	pathogenic
O60260	G179R	0.9101	pathogenic
O60260	G179S	0.4017	ambiguous
O60260	G179T	0.7021	pathogenic
O60260	G179V	0.7031	pathogenic
O60260	G179W	0.865	pathogenic
O60260	G179Y	0.8305	pathogenic
O60260	P180A	0.8514	pathogenic
O60260	P180C	0.9885	pathogenic
O60260	P180D	0.9964	pathogenic
O60260	P180E	0.9886	pathogenic
O60260	P180F	0.9923	pathogenic
O60260	P180G	0.9887	pathogenic
O60260	P180H	0.9793	pathogenic
O60260	P180I	0.9629	pathogenic
O60260	P180K	0.9886	pathogenic
O60260	P180L	0.8733	pathogenic
O60260	P180M	0.9859	pathogenic
O60260	P180N	0.9963	pathogenic
O60260	P180Q	0.9796	pathogenic
O60260	P180R	0.9509	pathogenic
O60260	P180S	0.9752	pathogenic
O60260	P180T	0.957	pathogenic
O60260	P180V	0.9391	pathogenic
O60260	P180W	0.9968	pathogenic
O60260	P180Y	0.9942	pathogenic
O60260	S181A	0.0931	benign
O60260	S181C	0.1179	benign
O60260	S181D	0.5103	ambiguous
O60260	S181E	0.559	ambiguous
O60260	S181F	0.28	benign
O60260	S181G	0.1277	benign
O60260	S181H	0.4401	ambiguous
O60260	S181I	0.3018	benign
O60260	S181K	0.7142	pathogenic
O60260	S181L	0.1285	benign
O60260	S181M	0.3045	benign
O60260	S181N	0.2245	benign
O60260	S181P	0.7674	pathogenic
O60260	S181Q	0.524	ambiguous
O60260	S181R	0.5544	ambiguous
O60260	S181T	0.1059	benign
O60260	S181V	0.2491	benign
O60260	S181W	0.4633	ambiguous
O60260	S181Y	0.2825	benign
O60260	C182A	0.5093	ambiguous
O60260	C182D	0.595	pathogenic
O60260	C182E	0.7899	pathogenic
O60260	C182F	0.4431	ambiguous
O60260	C182G	0.16	benign
O60260	C182H	0.399	ambiguous
O60260	C182I	0.8291	pathogenic
O60260	C182K	0.74	pathogenic
O60260	C182L	0.677	pathogenic
O60260	C182M	0.8254	pathogenic
O60260	C182N	0.4094	ambiguous
O60260	C182P	0.9877	pathogenic
O60260	C182Q	0.4928	ambiguous
O60260	C182R	0.2707	benign
O60260	C182S	0.1993	benign
O60260	C182T	0.5471	ambiguous
O60260	C182V	0.7218	pathogenic
O60260	C182W	0.7488	pathogenic
O60260	C182Y	0.5294	ambiguous
O60260	W183A	0.9674	pathogenic
O60260	W183C	0.993	pathogenic
O60260	W183D	0.9948	pathogenic
O60260	W183E	0.9925	pathogenic
O60260	W183F	0.727	pathogenic
O60260	W183G	0.9226	pathogenic
O60260	W183H	0.9879	pathogenic
O60260	W183I	0.971	pathogenic
O60260	W183K	0.9941	pathogenic
O60260	W183L	0.8926	pathogenic
O60260	W183M	0.9718	pathogenic
O60260	W183N	0.9954	pathogenic
O60260	W183P	0.9841	pathogenic
O60260	W183Q	0.9939	pathogenic
O60260	W183R	0.986	pathogenic
O60260	W183S	0.9448	pathogenic
O60260	W183T	0.9744	pathogenic
O60260	W183V	0.9656	pathogenic
O60260	W183Y	0.928	pathogenic
O60260	D184A	0.1455	benign
O60260	D184C	0.6014	pathogenic
O60260	D184E	0.0777	benign
O60260	D184F	0.6875	pathogenic
O60260	D184G	0.1518	benign
O60260	D184H	0.2755	benign
O60260	D184I	0.4223	ambiguous
O60260	D184K	0.2337	benign
O60260	D184L	0.3925	ambiguous
O60260	D184M	0.5673	pathogenic
O60260	D184N	0.1095	benign
O60260	D184P	0.5377	ambiguous
O60260	D184Q	0.2225	benign
O60260	D184R	0.2933	benign
O60260	D184S	0.1298	benign
O60260	D184T	0.2582	benign
O60260	D184V	0.2382	benign
O60260	D184W	0.8092	pathogenic
O60260	D184Y	0.2782	benign
O60260	D185A	0.9314	pathogenic
O60260	D185C	0.9911	pathogenic
O60260	D185E	0.916	pathogenic
O60260	D185F	0.9948	pathogenic
O60260	D185G	0.9479	pathogenic
O60260	D185H	0.9097	pathogenic
O60260	D185I	0.9928	pathogenic
O60260	D185K	0.983	pathogenic
O60260	D185L	0.9889	pathogenic
O60260	D185M	0.9944	pathogenic
O60260	D185N	0.7042	pathogenic
O60260	D185P	0.9971	pathogenic
O60260	D185Q	0.9768	pathogenic
O60260	D185R	0.9839	pathogenic
O60260	D185S	0.8394	pathogenic
O60260	D185T	0.9705	pathogenic
O60260	D185V	0.9717	pathogenic
O60260	D185W	0.9981	pathogenic
O60260	D185Y	0.9439	pathogenic
O60260	V186A	0.9418	pathogenic
O60260	V186C	0.9897	pathogenic
O60260	V186D	0.9934	pathogenic
O60260	V186E	0.9842	pathogenic
O60260	V186F	0.9106	pathogenic
O60260	V186G	0.9597	pathogenic
O60260	V186H	0.9964	pathogenic
O60260	V186I	0.1473	benign
O60260	V186K	0.9882	pathogenic
O60260	V186L	0.869	pathogenic
O60260	V186M	0.8677	pathogenic
O60260	V186N	0.9887	pathogenic
O60260	V186P	0.9911	pathogenic
O60260	V186Q	0.989	pathogenic
O60260	V186R	0.9743	pathogenic
O60260	V186S	0.9733	pathogenic
O60260	V186T	0.933	pathogenic
O60260	V186W	0.9984	pathogenic
O60260	V186Y	0.9918	pathogenic
O60260	L187A	0.6604	pathogenic
O60260	L187C	0.7823	pathogenic
O60260	L187D	0.9495	pathogenic
O60260	L187E	0.6856	pathogenic
O60260	L187F	0.4555	ambiguous
O60260	L187G	0.8655	pathogenic
O60260	L187H	0.6449	pathogenic
O60260	L187I	0.1904	benign
O60260	L187K	0.61	pathogenic
O60260	L187M	0.1913	benign
O60260	L187N	0.7865	pathogenic
O60260	L187P	0.9581	pathogenic
O60260	L187Q	0.3343	benign
O60260	L187R	0.4523	ambiguous
O60260	L187S	0.7106	pathogenic
O60260	L187T	0.4942	ambiguous
O60260	L187V	0.2024	benign
O60260	L187W	0.6659	pathogenic
O60260	L187Y	0.8154	pathogenic
O60260	I188A	0.3097	benign
O60260	I188C	0.5511	ambiguous
O60260	I188D	0.4866	ambiguous
O60260	I188E	0.3082	benign
O60260	I188F	0.1206	benign
O60260	I188G	0.5839	pathogenic
O60260	I188H	0.2662	benign
O60260	I188K	0.2145	benign
O60260	I188L	0.0819	benign
O60260	I188M	0.0977	benign
O60260	I188N	0.1785	benign
O60260	I188P	0.8074	pathogenic
O60260	I188Q	0.2169	benign
O60260	I188R	0.1584	benign
O60260	I188S	0.2169	benign
O60260	I188T	0.1767	benign
O60260	I188V	0.0929	benign
O60260	I188W	0.5924	pathogenic
O60260	I188Y	0.3188	benign
O60260	P189A	0.106	benign
O60260	P189C	0.4534	ambiguous
O60260	P189D	0.531	ambiguous
O60260	P189E	0.2976	benign
O60260	P189F	0.6329	pathogenic
O60260	P189G	0.3371	benign
O60260	P189H	0.2002	benign
O60260	P189I	0.5249	ambiguous
O60260	P189K	0.2263	benign
O60260	P189L	0.2014	benign
O60260	P189M	0.5049	ambiguous
O60260	P189N	0.4219	ambiguous
O60260	P189Q	0.1493	benign
O60260	P189R	0.1048	benign
O60260	P189S	0.1453	benign
O60260	P189T	0.1548	benign
O60260	P189V	0.3658	ambiguous
O60260	P189W	0.607	pathogenic
O60260	P189Y	0.527	ambiguous
O60260	N190A	0.1787	benign
O60260	N190C	0.2317	benign
O60260	N190D	0.0826	benign
O60260	N190E	0.2043	benign
O60260	N190F	0.4906	ambiguous
O60260	N190G	0.1225	benign
O60260	N190H	0.0815	benign
O60260	N190I	0.3914	ambiguous
O60260	N190K	0.1443	benign
O60260	N190L	0.27	benign
O60260	N190M	0.3801	ambiguous
O60260	N190P	0.6144	pathogenic
O60260	N190Q	0.1776	benign
O60260	N190R	0.1504	benign
O60260	N190S	0.0788	benign
O60260	N190T	0.1817	benign
O60260	N190V	0.3371	benign
O60260	N190W	0.6241	pathogenic
O60260	N190Y	0.161	benign
O60260	R191A	0.4517	ambiguous
O60260	R191C	0.1648	benign
O60260	R191D	0.8111	pathogenic
O60260	R191E	0.3605	ambiguous
O60260	R191F	0.691	pathogenic
O60260	R191G	0.3249	benign
O60260	R191H	0.1387	benign
O60260	R191I	0.394	ambiguous
O60260	R191K	0.1218	benign
O60260	R191L	0.3054	benign
O60260	R191M	0.4069	ambiguous
O60260	R191N	0.6545	pathogenic
O60260	R191P	0.9217	pathogenic
O60260	R191Q	0.0748	benign
O60260	R191S	0.5414	ambiguous
O60260	R191T	0.3064	benign
O60260	R191V	0.4184	ambiguous
O60260	R191W	0.2682	benign
O60260	R191Y	0.5006	ambiguous
O60260	M192A	0.9065	pathogenic
O60260	M192C	0.9357	pathogenic
O60260	M192D	0.9941	pathogenic
O60260	M192E	0.9414	pathogenic
O60260	M192F	0.5732	pathogenic
O60260	M192G	0.9663	pathogenic
O60260	M192H	0.931	pathogenic
O60260	M192I	0.3738	ambiguous
O60260	M192K	0.6426	pathogenic
O60260	M192L	0.1594	benign
O60260	M192N	0.9591	pathogenic
O60260	M192P	0.9716	pathogenic
O60260	M192Q	0.7225	pathogenic
O60260	M192R	0.6603	pathogenic
O60260	M192S	0.942	pathogenic
O60260	M192T	0.8646	pathogenic
O60260	M192V	0.1959	benign
O60260	M192W	0.9173	pathogenic
O60260	M192Y	0.8843	pathogenic
O60260	S193A	0.0717	benign
O60260	S193C	0.0916	benign
O60260	S193D	0.1928	benign
O60260	S193E	0.2007	benign
O60260	S193F	0.1576	benign
O60260	S193G	0.0731	benign
O60260	S193H	0.1105	benign
O60260	S193I	0.1061	benign
O60260	S193K	0.1538	benign
O60260	S193L	0.1009	benign
O60260	S193M	0.1554	benign
O60260	S193N	0.0828	benign
O60260	S193P	0.159	benign
O60260	S193Q	0.1596	benign
O60260	S193R	0.1065	benign
O60260	S193T	0.0689	benign
O60260	S193V	0.1376	benign
O60260	S193W	0.1682	benign
O60260	S193Y	0.1286	benign
O60260	G194A	0.4321	ambiguous
O60260	G194C	0.8392	pathogenic
O60260	G194D	0.981	pathogenic
O60260	G194E	0.9765	pathogenic
O60260	G194F	0.9853	pathogenic
O60260	G194H	0.9902	pathogenic
O60260	G194I	0.9423	pathogenic
O60260	G194K	0.9807	pathogenic
O60260	G194L	0.9592	pathogenic
O60260	G194M	0.9758	pathogenic
O60260	G194N	0.9868	pathogenic
O60260	G194P	0.9932	pathogenic
O60260	G194Q	0.9718	pathogenic
O60260	G194R	0.924	pathogenic
O60260	G194S	0.6336	pathogenic
O60260	G194T	0.8633	pathogenic
O60260	G194V	0.847	pathogenic
O60260	G194W	0.9662	pathogenic
O60260	G194Y	0.9861	pathogenic
O60260	E195A	0.1197	benign
O60260	E195C	0.6212	pathogenic
O60260	E195D	0.1741	benign
O60260	E195F	0.4874	ambiguous
O60260	E195G	0.2035	benign
O60260	E195H	0.2189	benign
O60260	E195I	0.1742	benign
O60260	E195K	0.0739	benign
O60260	E195L	0.2208	benign
O60260	E195M	0.2627	benign
O60260	E195N	0.2151	benign
O60260	E195P	0.7637	pathogenic
O60260	E195Q	0.0819	benign
O60260	E195R	0.1119	benign
O60260	E195S	0.1728	benign
O60260	E195T	0.1354	benign
O60260	E195V	0.1161	benign
O60260	E195W	0.7046	pathogenic
O60260	E195Y	0.3846	ambiguous
O60260	C196A	0.9936	pathogenic
O60260	C196D	0.998	pathogenic
O60260	C196E	0.9991	pathogenic
O60260	C196F	0.9653	pathogenic
O60260	C196G	0.9654	pathogenic
O60260	C196H	0.9954	pathogenic
O60260	C196I	0.9898	pathogenic
O60260	C196K	0.9993	pathogenic
O60260	C196L	0.9785	pathogenic
O60260	C196M	0.9929	pathogenic
O60260	C196N	0.997	pathogenic
O60260	C196P	0.9956	pathogenic
O60260	C196Q	0.9991	pathogenic
O60260	C196R	0.9939	pathogenic
O60260	C196S	0.9946	pathogenic
O60260	C196T	0.9967	pathogenic
O60260	C196V	0.9843	pathogenic
O60260	C196W	0.9871	pathogenic
O60260	C196Y	0.9737	pathogenic
O60260	Q197A	0.3443	ambiguous
O60260	Q197C	0.6465	pathogenic
O60260	Q197D	0.6319	pathogenic
O60260	Q197E	0.1212	benign
O60260	Q197F	0.6573	pathogenic
O60260	Q197G	0.3752	ambiguous
O60260	Q197H	0.2554	benign
O60260	Q197I	0.4993	ambiguous
O60260	Q197K	0.1224	benign
O60260	Q197L	0.1393	benign
O60260	Q197M	0.4468	ambiguous
O60260	Q197N	0.4524	ambiguous
O60260	Q197P	0.4795	ambiguous
O60260	Q197R	0.0993	benign
O60260	Q197S	0.4063	ambiguous
O60260	Q197T	0.3663	ambiguous
O60260	Q197V	0.3454	ambiguous
O60260	Q197W	0.551	ambiguous
O60260	Q197Y	0.5066	ambiguous
O60260	S198A	0.0936	benign
O60260	S198C	0.1314	benign
O60260	S198D	0.4143	ambiguous
O60260	S198E	0.4995	ambiguous
O60260	S198F	0.1176	benign
O60260	S198G	0.1844	benign
O60260	S198H	0.2907	benign
O60260	S198I	0.2123	benign
O60260	S198K	0.717	pathogenic
O60260	S198L	0.1084	benign
O60260	S198M	0.2149	benign
O60260	S198N	0.2119	benign
O60260	S198P	0.7452	pathogenic
O60260	S198Q	0.4907	ambiguous
O60260	S198R	0.6391	pathogenic
O60260	S198T	0.1184	benign
O60260	S198V	0.1998	benign
O60260	S198W	0.2229	benign
O60260	S198Y	0.12	benign
O60260	P199A	0.0613	benign
O60260	P199C	0.2587	benign
O60260	P199D	0.1767	benign
O60260	P199E	0.1264	benign
O60260	P199F	0.2395	benign
O60260	P199G	0.1629	benign
O60260	P199H	0.1081	benign
O60260	P199I	0.1596	benign
O60260	P199K	0.1449	benign
O60260	P199L	0.0767	benign
O60260	P199M	0.1927	benign
O60260	P199N	0.1665	benign
O60260	P199Q	0.0868	benign
O60260	P199R	0.0848	benign
O60260	P199S	0.0752	benign
O60260	P199T	0.0758	benign
O60260	P199V	0.1177	benign
O60260	P199W	0.3038	benign
O60260	P199Y	0.2319	benign
O60260	H200A	0.0786	benign
O60260	H200C	0.0898	benign
O60260	H200D	0.05	benign
O60260	H200E	0.1059	benign
O60260	H200F	0.1744	benign
O60260	H200G	0.0657	benign
O60260	H200I	0.1511	benign
O60260	H200K	0.1199	benign
O60260	H200L	0.077	benign
O60260	H200M	0.2517	benign
O60260	H200N	0.0461	benign
O60260	H200P	0.1164	benign
O60260	H200Q	0.0874	benign
O60260	H200R	0.0705	benign
O60260	H200S	0.0632	benign
O60260	H200T	0.0908	benign
O60260	H200V	0.1056	benign
O60260	H200W	0.25	benign
O60260	H200Y	0.074	benign
O60260	C201A	0.9868	pathogenic
O60260	C201D	0.9927	pathogenic
O60260	C201E	0.997	pathogenic
O60260	C201F	0.929	pathogenic
O60260	C201G	0.9339	pathogenic
O60260	C201H	0.9772	pathogenic
O60260	C201I	0.977	pathogenic
O60260	C201K	0.9978	pathogenic
O60260	C201L	0.9664	pathogenic
O60260	C201M	0.9916	pathogenic
O60260	C201N	0.9919	pathogenic
O60260	C201P	0.9919	pathogenic
O60260	C201Q	0.9938	pathogenic
O60260	C201R	0.9799	pathogenic
O60260	C201S	0.9719	pathogenic
O60260	C201T	0.9889	pathogenic
O60260	C201V	0.975	pathogenic
O60260	C201W	0.9789	pathogenic
O60260	C201Y	0.9681	pathogenic
O60260	P202A	0.0646	benign
O60260	P202C	0.2403	benign
O60260	P202D	0.1833	benign
O60260	P202E	0.1423	benign
O60260	P202F	0.2509	benign
O60260	P202G	0.1643	benign
O60260	P202H	0.0949	benign
O60260	P202I	0.2039	benign
O60260	P202K	0.1485	benign
O60260	P202L	0.083	benign
O60260	P202M	0.2143	benign
O60260	P202N	0.1687	benign
O60260	P202Q	0.0942	benign
O60260	P202R	0.0838	benign
O60260	P202S	0.0756	benign
O60260	P202T	0.0728	benign
O60260	P202V	0.1412	benign
O60260	P202W	0.3052	benign
O60260	P202Y	0.2407	benign
O60260	G203A	0.3275	benign
O60260	G203C	0.6347	pathogenic
O60260	G203D	0.6753	pathogenic
O60260	G203E	0.6756	pathogenic
O60260	G203F	0.9335	pathogenic
O60260	G203H	0.8548	pathogenic
O60260	G203I	0.8625	pathogenic
O60260	G203K	0.8756	pathogenic
O60260	G203L	0.8744	pathogenic
O60260	G203M	0.9056	pathogenic
O60260	G203N	0.7489	pathogenic
O60260	G203P	0.9665	pathogenic
O60260	G203Q	0.777	pathogenic
O60260	G203R	0.7591	pathogenic
O60260	G203S	0.2279	benign
O60260	G203T	0.6145	pathogenic
O60260	G203V	0.7086	pathogenic
O60260	G203W	0.8986	pathogenic
O60260	G203Y	0.893	pathogenic
O60260	T204A	0.0767	benign
O60260	T204C	0.325	benign
O60260	T204D	0.1828	benign
O60260	T204E	0.1661	benign
O60260	T204F	0.1672	benign
O60260	T204G	0.1587	benign
O60260	T204H	0.1362	benign
O60260	T204I	0.1378	benign
O60260	T204K	0.0934	benign
O60260	T204L	0.0949	benign
O60260	T204M	0.0971	benign
O60260	T204N	0.0773	benign
O60260	T204P	0.1437	benign
O60260	T204Q	0.1291	benign
O60260	T204R	0.0732	benign
O60260	T204S	0.0879	benign
O60260	T204V	0.1203	benign
O60260	T204W	0.4151	ambiguous
O60260	T204Y	0.1992	benign
O60260	S205A	0.0644	benign
O60260	S205C	0.0732	benign
O60260	S205D	0.1734	benign
O60260	S205E	0.1623	benign
O60260	S205F	0.1374	benign
O60260	S205G	0.0714	benign
O60260	S205H	0.104	benign
O60260	S205I	0.0785	benign
O60260	S205K	0.1312	benign
O60260	S205L	0.0885	benign
O60260	S205M	0.1154	benign
O60260	S205N	0.0877	benign
O60260	S205P	0.3714	ambiguous
O60260	S205Q	0.1353	benign
O60260	S205R	0.0869	benign
O60260	S205T	0.0597	benign
O60260	S205V	0.0922	benign
O60260	S205W	0.1555	benign
O60260	S205Y	0.1155	benign
O60260	A206C	0.8372	pathogenic
O60260	A206D	0.9839	pathogenic
O60260	A206E	0.9544	pathogenic
O60260	A206F	0.9518	pathogenic
O60260	A206G	0.4829	ambiguous
O60260	A206H	0.9819	pathogenic
O60260	A206I	0.818	pathogenic
O60260	A206K	0.9731	pathogenic
O60260	A206L	0.746	pathogenic
O60260	A206M	0.8559	pathogenic
O60260	A206N	0.9736	pathogenic
O60260	A206P	0.8618	pathogenic
O60260	A206Q	0.9246	pathogenic
O60260	A206R	0.896	pathogenic
O60260	A206S	0.3826	ambiguous
O60260	A206T	0.5083	ambiguous
O60260	A206V	0.4422	ambiguous
O60260	A206W	0.9902	pathogenic
O60260	A206Y	0.9801	pathogenic
O60260	E207A	0.2647	benign
O60260	E207C	0.8932	pathogenic
O60260	E207D	0.3634	ambiguous
O60260	E207F	0.8756	pathogenic
O60260	E207G	0.449	ambiguous
O60260	E207H	0.5761	pathogenic
O60260	E207I	0.5015	ambiguous
O60260	E207K	0.2068	benign
O60260	E207L	0.5968	pathogenic
O60260	E207M	0.5991	pathogenic
O60260	E207N	0.5023	ambiguous
O60260	E207P	0.9762	pathogenic
O60260	E207Q	0.1589	benign
O60260	E207R	0.2898	benign
O60260	E207S	0.3414	ambiguous
O60260	E207T	0.3226	benign
O60260	E207V	0.2868	benign
O60260	E207W	0.9458	pathogenic
O60260	E207Y	0.8115	pathogenic
O60260	F208A	0.9946	pathogenic
O60260	F208C	0.9857	pathogenic
O60260	F208D	0.9975	pathogenic
O60260	F208E	0.9982	pathogenic
O60260	F208G	0.9942	pathogenic
O60260	F208H	0.9915	pathogenic
O60260	F208I	0.9477	pathogenic
O60260	F208K	0.998	pathogenic
O60260	F208L	0.997	pathogenic
O60260	F208M	0.9844	pathogenic
O60260	F208N	0.9925	pathogenic
O60260	F208P	0.9996	pathogenic
O60260	F208Q	0.998	pathogenic
O60260	F208R	0.9941	pathogenic
O60260	F208S	0.994	pathogenic
O60260	F208T	0.9954	pathogenic
O60260	F208V	0.9479	pathogenic
O60260	F208W	0.9475	pathogenic
O60260	F208Y	0.7145	pathogenic
O60260	F209A	0.9163	pathogenic
O60260	F209C	0.7023	pathogenic
O60260	F209D	0.9753	pathogenic
O60260	F209E	0.9824	pathogenic
O60260	F209G	0.9675	pathogenic
O60260	F209H	0.7271	pathogenic
O60260	F209I	0.5675	pathogenic
O60260	F209K	0.9737	pathogenic
O60260	F209L	0.9576	pathogenic
O60260	F209M	0.8921	pathogenic
O60260	F209N	0.9164	pathogenic
O60260	F209P	0.9985	pathogenic
O60260	F209Q	0.9457	pathogenic
O60260	F209R	0.8915	pathogenic
O60260	F209S	0.7712	pathogenic
O60260	F209T	0.8671	pathogenic
O60260	F209V	0.5295	ambiguous
O60260	F209W	0.6726	pathogenic
O60260	F209Y	0.1473	benign
O60260	F210A	0.9843	pathogenic
O60260	F210C	0.932	pathogenic
O60260	F210D	0.9988	pathogenic
O60260	F210E	0.9981	pathogenic
O60260	F210G	0.9912	pathogenic
O60260	F210H	0.9854	pathogenic
O60260	F210I	0.8929	pathogenic
O60260	F210K	0.9973	pathogenic
O60260	F210L	0.9303	pathogenic
O60260	F210M	0.8883	pathogenic
O60260	F210N	0.9955	pathogenic
O60260	F210P	0.9984	pathogenic
O60260	F210Q	0.9908	pathogenic
O60260	F210R	0.9874	pathogenic
O60260	F210S	0.982	pathogenic
O60260	F210T	0.9916	pathogenic
O60260	F210V	0.8919	pathogenic
O60260	F210W	0.9212	pathogenic
O60260	F210Y	0.8007	pathogenic
O60260	K211A	0.9707	pathogenic
O60260	K211C	0.9709	pathogenic
O60260	K211D	0.9966	pathogenic
O60260	K211E	0.9735	pathogenic
O60260	K211F	0.9936	pathogenic
O60260	K211G	0.9855	pathogenic
O60260	K211H	0.8563	pathogenic
O60260	K211I	0.961	pathogenic
O60260	K211L	0.9266	pathogenic
O60260	K211M	0.9335	pathogenic
O60260	K211N	0.9894	pathogenic
O60260	K211P	0.9903	pathogenic
O60260	K211Q	0.7878	pathogenic
O60260	K211R	0.1896	benign
O60260	K211S	0.975	pathogenic
O60260	K211T	0.9129	pathogenic
O60260	K211V	0.9515	pathogenic
O60260	K211W	0.9862	pathogenic
O60260	K211Y	0.9744	pathogenic
O60260	C212A	0.9927	pathogenic
O60260	C212D	0.9968	pathogenic
O60260	C212E	0.9993	pathogenic
O60260	C212F	0.9831	pathogenic
O60260	C212G	0.9593	pathogenic
O60260	C212H	0.9958	pathogenic
O60260	C212I	0.9966	pathogenic
O60260	C212K	0.9996	pathogenic
O60260	C212L	0.9898	pathogenic
O60260	C212M	0.9967	pathogenic
O60260	C212N	0.9975	pathogenic
O60260	C212P	0.9971	pathogenic
O60260	C212Q	0.9993	pathogenic
O60260	C212R	0.9946	pathogenic
O60260	C212S	0.9929	pathogenic
O60260	C212T	0.9966	pathogenic
O60260	C212V	0.9916	pathogenic
O60260	C212W	0.9872	pathogenic
O60260	C212Y	0.9825	pathogenic
O60260	G213A	0.1009	benign
O60260	G213C	0.3088	benign
O60260	G213D	0.7114	pathogenic
O60260	G213E	0.59	pathogenic
O60260	G213F	0.8453	pathogenic
O60260	G213H	0.6953	pathogenic
O60260	G213I	0.5579	ambiguous
O60260	G213K	0.7203	pathogenic
O60260	G213L	0.671	pathogenic
O60260	G213M	0.6973	pathogenic
O60260	G213N	0.6289	pathogenic
O60260	G213P	0.9637	pathogenic
O60260	G213Q	0.5633	ambiguous
O60260	G213R	0.4446	ambiguous
O60260	G213S	0.0977	benign
O60260	G213T	0.2734	benign
O60260	G213V	0.3771	ambiguous
O60260	G213W	0.7402	pathogenic
O60260	G213Y	0.7846	pathogenic
O60260	A214C	0.3988	ambiguous
O60260	A214D	0.1883	benign
O60260	A214E	0.1875	benign
O60260	A214F	0.2449	benign
O60260	A214G	0.1448	benign
O60260	A214H	0.3534	ambiguous
O60260	A214I	0.2258	benign
O60260	A214K	0.3503	ambiguous
O60260	A214L	0.1761	benign
O60260	A214M	0.204	benign
O60260	A214N	0.19	benign
O60260	A214P	0.5628	ambiguous
O60260	A214Q	0.2661	benign
O60260	A214R	0.2693	benign
O60260	A214S	0.081	benign
O60260	A214T	0.0814	benign
O60260	A214V	0.111	benign
O60260	A214W	0.6519	pathogenic
O60260	A214Y	0.3924	ambiguous
O60260	H215A	0.9747	pathogenic
O60260	H215C	0.6319	pathogenic
O60260	H215D	0.9437	pathogenic
O60260	H215E	0.9739	pathogenic
O60260	H215F	0.9053	pathogenic
O60260	H215G	0.9593	pathogenic
O60260	H215I	0.9712	pathogenic
O60260	H215K	0.9676	pathogenic
O60260	H215L	0.8013	pathogenic
O60260	H215M	0.9735	pathogenic
O60260	H215N	0.8736	pathogenic
O60260	H215P	0.7386	pathogenic
O60260	H215Q	0.9672	pathogenic
O60260	H215R	0.9	pathogenic
O60260	H215S	0.9365	pathogenic
O60260	H215T	0.9798	pathogenic
O60260	H215V	0.9622	pathogenic
O60260	H215W	0.8961	pathogenic
O60260	H215Y	0.7536	pathogenic
O60260	P216A	0.1253	benign
O60260	P216C	0.5975	pathogenic
O60260	P216D	0.6511	pathogenic
O60260	P216E	0.4315	ambiguous
O60260	P216F	0.6224	pathogenic
O60260	P216G	0.518	ambiguous
O60260	P216H	0.289	benign
O60260	P216I	0.4331	ambiguous
O60260	P216K	0.4807	ambiguous
O60260	P216L	0.1661	benign
O60260	P216M	0.4895	ambiguous
O60260	P216N	0.5818	pathogenic
O60260	P216Q	0.2594	benign
O60260	P216R	0.2329	benign
O60260	P216S	0.2103	benign
O60260	P216T	0.1782	benign
O60260	P216V	0.3029	benign
O60260	P216W	0.7385	pathogenic
O60260	P216Y	0.6194	pathogenic
O60260	T217A	0.1122	benign
O60260	T217C	0.7046	pathogenic
O60260	T217D	0.7713	pathogenic
O60260	T217E	0.7026	pathogenic
O60260	T217F	0.6505	pathogenic
O60260	T217G	0.3737	ambiguous
O60260	T217H	0.6313	pathogenic
O60260	T217I	0.5208	ambiguous
O60260	T217K	0.5879	pathogenic
O60260	T217L	0.2454	benign
O60260	T217M	0.2189	benign
O60260	T217N	0.3845	ambiguous
O60260	T217P	0.178	benign
O60260	T217Q	0.552	ambiguous
O60260	T217R	0.4368	ambiguous
O60260	T217S	0.1882	benign
O60260	T217V	0.3252	benign
O60260	T217W	0.9113	pathogenic
O60260	T217Y	0.7634	pathogenic
O60260	S218A	0.0757	benign
O60260	S218C	0.1152	benign
O60260	S218D	0.3087	benign
O60260	S218E	0.4167	ambiguous
O60260	S218F	0.2268	benign
O60260	S218G	0.0943	benign
O60260	S218H	0.3559	ambiguous
O60260	S218I	0.2503	benign
O60260	S218K	0.5886	pathogenic
O60260	S218L	0.1002	benign
O60260	S218M	0.219	benign
O60260	S218N	0.1747	benign
O60260	S218P	0.1824	benign
O60260	S218Q	0.4606	ambiguous
O60260	S218R	0.4823	ambiguous
O60260	S218T	0.0831	benign
O60260	S218V	0.1985	benign
O60260	S218W	0.277	benign
O60260	S218Y	0.2218	benign
O60260	D219A	0.1227	benign
O60260	D219C	0.4685	ambiguous
O60260	D219E	0.1142	benign
O60260	D219F	0.5165	ambiguous
O60260	D219G	0.1061	benign
O60260	D219H	0.2061	benign
O60260	D219I	0.3207	benign
O60260	D219K	0.2646	benign
O60260	D219L	0.2785	benign
O60260	D219M	0.5288	ambiguous
O60260	D219N	0.0889	benign
O60260	D219P	0.3503	ambiguous
O60260	D219Q	0.2201	benign
O60260	D219R	0.2673	benign
O60260	D219S	0.0995	benign
O60260	D219T	0.2011	benign
O60260	D219V	0.1861	benign
O60260	D219W	0.7744	pathogenic
O60260	D219Y	0.2186	benign
O60260	K220A	0.1476	benign
O60260	K220C	0.5034	ambiguous
O60260	K220D	0.1858	benign
O60260	K220E	0.0645	benign
O60260	K220F	0.6226	pathogenic
O60260	K220G	0.1652	benign
O60260	K220H	0.2164	benign
O60260	K220I	0.2981	benign
O60260	K220L	0.2214	benign
O60260	K220M	0.159	benign
O60260	K220N	0.1666	benign
O60260	K220P	0.3968	ambiguous
O60260	K220Q	0.0843	benign
O60260	K220R	0.0757	benign
O60260	K220S	0.1585	benign
O60260	K220T	0.0904	benign
O60260	K220V	0.2268	benign
O60260	K220W	0.5596	ambiguous
O60260	K220Y	0.4492	ambiguous
O60260	E221A	0.2452	benign
O60260	E221C	0.8862	pathogenic
O60260	E221D	0.0815	benign
O60260	E221F	0.8687	pathogenic
O60260	E221G	0.2271	benign
O60260	E221H	0.6568	pathogenic
O60260	E221I	0.6429	pathogenic
O60260	E221K	0.3779	ambiguous
O60260	E221L	0.6555	pathogenic
O60260	E221M	0.6907	pathogenic
O60260	E221N	0.304	benign
O60260	E221P	0.8031	pathogenic
O60260	E221Q	0.2864	benign
O60260	E221R	0.5346	ambiguous
O60260	E221S	0.322	benign
O60260	E221T	0.3981	ambiguous
O60260	E221V	0.3697	ambiguous
O60260	E221W	0.9415	pathogenic
O60260	E221Y	0.7249	pathogenic
O60260	T222A	0.1001	benign
O60260	T222C	0.5161	ambiguous
O60260	T222D	0.4029	ambiguous
O60260	T222E	0.2915	benign
O60260	T222F	0.3004	benign
O60260	T222G	0.2976	benign
O60260	T222H	0.2605	benign
O60260	T222I	0.2076	benign
O60260	T222K	0.1522	benign
O60260	T222L	0.1385	benign
O60260	T222M	0.0989	benign
O60260	T222N	0.129	benign
O60260	T222P	0.1331	benign
O60260	T222Q	0.216	benign
O60260	T222R	0.1209	benign
O60260	T222S	0.1528	benign
O60260	T222V	0.1798	benign
O60260	T222W	0.6484	pathogenic
O60260	T222Y	0.3336	benign
O60260	S223A	0.1119	benign
O60260	S223C	0.2018	benign
O60260	S223D	0.9572	pathogenic
O60260	S223E	0.9656	pathogenic
O60260	S223F	0.76	pathogenic
O60260	S223G	0.3247	benign
O60260	S223H	0.9275	pathogenic
O60260	S223I	0.7222	pathogenic
O60260	S223K	0.9938	pathogenic
O60260	S223L	0.3976	ambiguous
O60260	S223M	0.6137	pathogenic
O60260	S223N	0.7916	pathogenic
O60260	S223P	0.7942	pathogenic
O60260	S223Q	0.9562	pathogenic
O60260	S223R	0.9825	pathogenic
O60260	S223T	0.2657	benign
O60260	S223V	0.5445	ambiguous
O60260	S223W	0.8485	pathogenic
O60260	S223Y	0.7642	pathogenic
O60260	V224A	0.2795	benign
O60260	V224C	0.9332	pathogenic
O60260	V224D	0.9183	pathogenic
O60260	V224E	0.8501	pathogenic
O60260	V224F	0.6212	pathogenic
O60260	V224G	0.6938	pathogenic
O60260	V224H	0.9588	pathogenic
O60260	V224I	0.144	benign
O60260	V224K	0.9092	pathogenic
O60260	V224L	0.6767	pathogenic
O60260	V224M	0.4531	ambiguous
O60260	V224N	0.8644	pathogenic
O60260	V224P	0.8306	pathogenic
O60260	V224Q	0.8656	pathogenic
O60260	V224R	0.848	pathogenic
O60260	V224S	0.584	pathogenic
O60260	V224T	0.3995	ambiguous
O60260	V224W	0.9871	pathogenic
O60260	V224Y	0.9577	pathogenic
O60260	A225C	0.7534	pathogenic
O60260	A225D	0.9346	pathogenic
O60260	A225E	0.8888	pathogenic
O60260	A225F	0.7856	pathogenic
O60260	A225G	0.3589	ambiguous
O60260	A225H	0.9511	pathogenic
O60260	A225I	0.4323	ambiguous
O60260	A225K	0.9649	pathogenic
O60260	A225L	0.4387	ambiguous
O60260	A225M	0.5959	pathogenic
O60260	A225N	0.8612	pathogenic
O60260	A225P	0.1506	benign
O60260	A225Q	0.8906	pathogenic
O60260	A225R	0.9244	pathogenic
O60260	A225S	0.2111	benign
O60260	A225T	0.2517	benign
O60260	A225V	0.1798	benign
O60260	A225W	0.9781	pathogenic
O60260	A225Y	0.9331	pathogenic
O60260	L226A	0.9648	pathogenic
O60260	L226C	0.9704	pathogenic
O60260	L226D	0.9987	pathogenic
O60260	L226E	0.9937	pathogenic
O60260	L226F	0.8747	pathogenic
O60260	L226G	0.9902	pathogenic
O60260	L226H	0.9845	pathogenic
O60260	L226I	0.6138	pathogenic
O60260	L226K	0.9895	pathogenic
O60260	L226M	0.6249	pathogenic
O60260	L226N	0.9909	pathogenic
O60260	L226P	0.9828	pathogenic
O60260	L226Q	0.9752	pathogenic
O60260	L226R	0.9699	pathogenic
O60260	L226S	0.985	pathogenic
O60260	L226T	0.97	pathogenic
O60260	L226V	0.6638	pathogenic
O60260	L226W	0.9785	pathogenic
O60260	L226Y	0.9878	pathogenic
O60260	H227A	0.2156	benign
O60260	H227C	0.1989	benign
O60260	H227D	0.0961	benign
O60260	H227E	0.2879	benign
O60260	H227F	0.3579	ambiguous
O60260	H227G	0.1958	benign
O60260	H227I	0.4032	ambiguous
O60260	H227K	0.3012	benign
O60260	H227L	0.1633	benign
O60260	H227M	0.4884	ambiguous
O60260	H227N	0.0435	benign
O60260	H227P	0.0722	benign
O60260	H227Q	0.2105	benign
O60260	H227R	0.1773	benign
O60260	H227S	0.1088	benign
O60260	H227T	0.1961	benign
O60260	H227V	0.3184	benign
O60260	H227W	0.4441	ambiguous
O60260	H227Y	0.0765	benign
O60260	L228A	0.6332	pathogenic
O60260	L228C	0.7016	pathogenic
O60260	L228D	0.9208	pathogenic
O60260	L228E	0.7414	pathogenic
O60260	L228F	0.3533	ambiguous
O60260	L228G	0.8336	pathogenic
O60260	L228H	0.4337	ambiguous
O60260	L228I	0.3046	benign
O60260	L228K	0.7701	pathogenic
O60260	L228M	0.1956	benign
O60260	L228N	0.7333	pathogenic
O60260	L228P	0.9481	pathogenic
O60260	L228Q	0.38	ambiguous
O60260	L228R	0.5774	pathogenic
O60260	L228S	0.6489	pathogenic
O60260	L228T	0.6666	pathogenic
O60260	L228V	0.2847	benign
O60260	L228W	0.5783	pathogenic
O60260	L228Y	0.6875	pathogenic
O60260	I229A	0.8113	pathogenic
O60260	I229C	0.9551	pathogenic
O60260	I229D	0.9969	pathogenic
O60260	I229E	0.99	pathogenic
O60260	I229F	0.5269	ambiguous
O60260	I229G	0.9817	pathogenic
O60260	I229H	0.9885	pathogenic
O60260	I229K	0.9856	pathogenic
O60260	I229L	0.2539	benign
O60260	I229M	0.3129	benign
O60260	I229N	0.9771	pathogenic
O60260	I229P	0.977	pathogenic
O60260	I229Q	0.983	pathogenic
O60260	I229R	0.9732	pathogenic
O60260	I229S	0.9295	pathogenic
O60260	I229T	0.7472	pathogenic
O60260	I229V	0.0935	benign
O60260	I229W	0.9843	pathogenic
O60260	I229Y	0.9598	pathogenic
O60260	A230C	0.3012	benign
O60260	A230D	0.3564	ambiguous
O60260	A230E	0.2567	benign
O60260	A230F	0.3202	benign
O60260	A230G	0.1611	benign
O60260	A230H	0.3243	benign
O60260	A230I	0.2105	benign
O60260	A230K	0.3088	benign
O60260	A230L	0.1534	benign
O60260	A230M	0.1457	benign
O60260	A230N	0.2083	benign
O60260	A230P	0.6775	pathogenic
O60260	A230Q	0.2515	benign
O60260	A230R	0.2095	benign
O60260	A230S	0.0856	benign
O60260	A230T	0.0546	benign
O60260	A230V	0.1171	benign
O60260	A230W	0.6636	pathogenic
O60260	A230Y	0.4129	ambiguous
O60260	T231A	0.0619	benign
O60260	T231C	0.3811	ambiguous
O60260	T231D	0.3085	benign
O60260	T231E	0.2896	benign
O60260	T231F	0.2997	benign
O60260	T231G	0.1837	benign
O60260	T231H	0.2553	benign
O60260	T231I	0.2394	benign
O60260	T231K	0.2244	benign
O60260	T231L	0.1335	benign
O60260	T231M	0.1231	benign
O60260	T231N	0.1181	benign
O60260	T231P	0.0673	benign
O60260	T231Q	0.225	benign
O60260	T231R	0.1497	benign
O60260	T231S	0.0977	benign
O60260	T231V	0.1668	benign
O60260	T231W	0.5915	pathogenic
O60260	T231Y	0.3348	benign
O60260	N232A	0.9532	pathogenic
O60260	N232C	0.9203	pathogenic
O60260	N232D	0.9422	pathogenic
O60260	N232E	0.9918	pathogenic
O60260	N232F	0.9963	pathogenic
O60260	N232G	0.9405	pathogenic
O60260	N232H	0.9063	pathogenic
O60260	N232I	0.969	pathogenic
O60260	N232K	0.9893	pathogenic
O60260	N232L	0.9538	pathogenic
O60260	N232M	0.9838	pathogenic
O60260	N232P	0.9337	pathogenic
O60260	N232Q	0.9888	pathogenic
O60260	N232R	0.9784	pathogenic
O60260	N232S	0.5231	ambiguous
O60260	N232T	0.8803	pathogenic
O60260	N232V	0.9506	pathogenic
O60260	N232W	0.9982	pathogenic
O60260	N232Y	0.9562	pathogenic
O60260	S233A	0.1247	benign
O60260	S233C	0.1195	benign
O60260	S233D	0.3842	ambiguous
O60260	S233E	0.4753	ambiguous
O60260	S233F	0.256	benign
O60260	S233G	0.1071	benign
O60260	S233H	0.2145	benign
O60260	S233I	0.1751	benign
O60260	S233K	0.4737	ambiguous
O60260	S233L	0.1823	benign
O60260	S233M	0.2914	benign
O60260	S233N	0.1358	benign
O60260	S233P	0.4464	ambiguous
O60260	S233Q	0.3633	ambiguous
O60260	S233R	0.2888	benign
O60260	S233T	0.0886	benign
O60260	S233V	0.2299	benign
O60260	S233W	0.3068	benign
O60260	S233Y	0.2012	benign
O60260	R234A	0.514	ambiguous
O60260	R234C	0.1981	benign
O60260	R234D	0.7652	pathogenic
O60260	R234E	0.3831	ambiguous
O60260	R234F	0.7132	pathogenic
O60260	R234G	0.29	benign
O60260	R234H	0.156	benign
O60260	R234I	0.4957	ambiguous
O60260	R234K	0.1408	benign
O60260	R234L	0.3069	benign
O60260	R234M	0.4234	ambiguous
O60260	R234N	0.7115	pathogenic
O60260	R234P	0.7678	pathogenic
O60260	R234Q	0.0882	benign
O60260	R234S	0.617	pathogenic
O60260	R234T	0.4362	ambiguous
O60260	R234V	0.5594	ambiguous
O60260	R234W	0.1987	benign
O60260	R234Y	0.5217	ambiguous
O60260	N235A	0.135	benign
O60260	N235C	0.1779	benign
O60260	N235D	0.0567	benign
O60260	N235E	0.1497	benign
O60260	N235F	0.3886	ambiguous
O60260	N235G	0.1093	benign
O60260	N235H	0.0826	benign
O60260	N235I	0.2774	benign
O60260	N235K	0.1493	benign
O60260	N235L	0.2297	benign
O60260	N235M	0.3054	benign
O60260	N235P	0.5541	ambiguous
O60260	N235Q	0.1543	benign
O60260	N235R	0.1486	benign
O60260	N235S	0.0766	benign
O60260	N235T	0.1396	benign
O60260	N235V	0.2376	benign
O60260	N235W	0.5422	ambiguous
O60260	N235Y	0.1244	benign
O60260	I236A	0.7224	pathogenic
O60260	I236C	0.8285	pathogenic
O60260	I236D	0.9331	pathogenic
O60260	I236E	0.8793	pathogenic
O60260	I236F	0.4392	ambiguous
O60260	I236G	0.9177	pathogenic
O60260	I236H	0.8201	pathogenic
O60260	I236K	0.7586	pathogenic
O60260	I236L	0.2817	benign
O60260	I236M	0.2613	benign
O60260	I236N	0.5816	pathogenic
O60260	I236P	0.934	pathogenic
O60260	I236Q	0.8088	pathogenic
O60260	I236R	0.6283	pathogenic
O60260	I236S	0.6752	pathogenic
O60260	I236T	0.5297	ambiguous
O60260	I236V	0.089	benign
O60260	I236W	0.9463	pathogenic
O60260	I236Y	0.8039	pathogenic
O60260	T237A	0.0677	benign
O60260	T237C	0.3027	benign
O60260	T237D	0.2775	benign
O60260	T237E	0.2671	benign
O60260	T237F	0.2414	benign
O60260	T237G	0.1877	benign
O60260	T237H	0.1964	benign
O60260	T237I	0.1708	benign
O60260	T237K	0.2125	benign
O60260	T237L	0.1101	benign
O60260	T237M	0.1172	benign
O60260	T237N	0.1114	benign
O60260	T237P	0.055	benign
O60260	T237Q	0.2078	benign
O60260	T237R	0.1547	benign
O60260	T237S	0.0862	benign
O60260	T237V	0.1474	benign
O60260	T237W	0.5424	ambiguous
O60260	T237Y	0.2454	benign
O60260	C238A	0.994	pathogenic
O60260	C238D	0.9985	pathogenic
O60260	C238E	0.9998	pathogenic
O60260	C238F	0.9917	pathogenic
O60260	C238G	0.971	pathogenic
O60260	C238H	0.998	pathogenic
O60260	C238I	0.9987	pathogenic
O60260	C238K	0.9999	pathogenic
O60260	C238L	0.9949	pathogenic
O60260	C238M	0.9985	pathogenic
O60260	C238N	0.9987	pathogenic
O60260	C238P	0.9986	pathogenic
O60260	C238Q	0.9997	pathogenic
O60260	C238R	0.9977	pathogenic
O60260	C238S	0.9922	pathogenic
O60260	C238T	0.9982	pathogenic
O60260	C238V	0.995	pathogenic
O60260	C238W	0.9972	pathogenic
O60260	C238Y	0.9952	pathogenic
O60260	I239A	0.8778	pathogenic
O60260	I239C	0.949	pathogenic
O60260	I239D	0.9945	pathogenic
O60260	I239E	0.9886	pathogenic
O60260	I239F	0.5773	pathogenic
O60260	I239G	0.9811	pathogenic
O60260	I239H	0.9787	pathogenic
O60260	I239K	0.9781	pathogenic
O60260	I239L	0.2156	benign
O60260	I239M	0.2775	benign
O60260	I239N	0.9429	pathogenic
O60260	I239P	0.966	pathogenic
O60260	I239Q	0.9761	pathogenic
O60260	I239R	0.9573	pathogenic
O60260	I239S	0.903	pathogenic
O60260	I239T	0.9142	pathogenic
O60260	I239V	0.172	benign
O60260	I239W	0.9813	pathogenic
O60260	I239Y	0.9393	pathogenic
O60260	T240A	0.0858	benign
O60260	T240C	0.6053	pathogenic
O60260	T240D	0.9368	pathogenic
O60260	T240E	0.9147	pathogenic
O60260	T240F	0.7198	pathogenic
O60260	T240G	0.4416	ambiguous
O60260	T240H	0.8195	pathogenic
O60260	T240I	0.4074	ambiguous
O60260	T240K	0.8989	pathogenic
O60260	T240L	0.2565	benign
O60260	T240M	0.234	benign
O60260	T240N	0.5575	ambiguous
O60260	T240P	0.4416	ambiguous
O60260	T240Q	0.8209	pathogenic
O60260	T240R	0.7977	pathogenic
O60260	T240S	0.2166	benign
O60260	T240V	0.29	benign
O60260	T240W	0.9604	pathogenic
O60260	T240Y	0.8315	pathogenic
O60260	C241A	0.9922	pathogenic
O60260	C241D	0.9952	pathogenic
O60260	C241E	0.9991	pathogenic
O60260	C241F	0.9786	pathogenic
O60260	C241G	0.9465	pathogenic
O60260	C241H	0.9925	pathogenic
O60260	C241I	0.9978	pathogenic
O60260	C241K	0.9994	pathogenic
O60260	C241L	0.9921	pathogenic
O60260	C241M	0.9966	pathogenic
O60260	C241N	0.9965	pathogenic
O60260	C241P	0.9981	pathogenic
O60260	C241Q	0.9986	pathogenic
O60260	C241R	0.9893	pathogenic
O60260	C241S	0.9867	pathogenic
O60260	C241T	0.9961	pathogenic
O60260	C241V	0.9929	pathogenic
O60260	C241W	0.9894	pathogenic
O60260	C241Y	0.9882	pathogenic
O60260	T242A	0.0895	benign
O60260	T242C	0.4647	ambiguous
O60260	T242D	0.5269	ambiguous
O60260	T242E	0.3057	benign
O60260	T242F	0.4463	ambiguous
O60260	T242G	0.1619	benign
O60260	T242H	0.3774	ambiguous
O60260	T242I	0.4351	ambiguous
O60260	T242K	0.1884	benign
O60260	T242L	0.1118	benign
O60260	T242M	0.0849	benign
O60260	T242N	0.214	benign
O60260	T242P	0.2744	benign
O60260	T242Q	0.2213	benign
O60260	T242R	0.1299	benign
O60260	T242S	0.144	benign
O60260	T242V	0.2554	benign
O60260	T242W	0.7046	pathogenic
O60260	T242Y	0.5036	ambiguous
O60260	D243A	0.456	ambiguous
O60260	D243C	0.9082	pathogenic
O60260	D243E	0.3504	ambiguous
O60260	D243F	0.9209	pathogenic
O60260	D243G	0.4722	ambiguous
O60260	D243H	0.7175	pathogenic
O60260	D243I	0.8816	pathogenic
O60260	D243K	0.8404	pathogenic
O60260	D243L	0.8382	pathogenic
O60260	D243M	0.9269	pathogenic
O60260	D243N	0.2728	benign
O60260	D243P	0.9817	pathogenic
O60260	D243Q	0.7747	pathogenic
O60260	D243R	0.8192	pathogenic
O60260	D243S	0.3379	benign
O60260	D243T	0.6855	pathogenic
O60260	D243V	0.6783	pathogenic
O60260	D243W	0.9823	pathogenic
O60260	D243Y	0.6214	pathogenic
O60260	V244A	0.2361	benign
O60260	V244C	0.631	pathogenic
O60260	V244D	0.2745	benign
O60260	V244E	0.2427	benign
O60260	V244F	0.1691	benign
O60260	V244G	0.2753	benign
O60260	V244H	0.4925	ambiguous
O60260	V244I	0.0612	benign
O60260	V244K	0.2991	benign
O60260	V244L	0.1714	benign
O60260	V244M	0.1306	benign
O60260	V244N	0.1936	benign
O60260	V244P	0.6234	pathogenic
O60260	V244Q	0.302	benign
O60260	V244R	0.2377	benign
O60260	V244S	0.2106	benign
O60260	V244T	0.1395	benign
O60260	V244W	0.7186	pathogenic
O60260	V244Y	0.4727	ambiguous
O60260	R245A	0.3876	ambiguous
O60260	R245C	0.1357	benign
O60260	R245D	0.682	pathogenic
O60260	R245E	0.3303	benign
O60260	R245F	0.527	ambiguous
O60260	R245G	0.247	benign
O60260	R245H	0.1375	benign
O60260	R245I	0.2898	benign
O60260	R245K	0.1589	benign
O60260	R245L	0.2275	benign
O60260	R245M	0.2537	benign
O60260	R245N	0.6071	pathogenic
O60260	R245P	0.8399	pathogenic
O60260	R245Q	0.0957	benign
O60260	R245S	0.3954	ambiguous
O60260	R245T	0.2422	benign
O60260	R245V	0.3172	benign
O60260	R245W	0.2064	benign
O60260	R245Y	0.3881	ambiguous
O60260	S246A	0.2144	benign
O60260	S246C	0.2022	benign
O60260	S246D	0.2657	benign
O60260	S246E	0.5751	pathogenic
O60260	S246F	0.4198	ambiguous
O60260	S246G	0.1713	benign
O60260	S246H	0.4235	ambiguous
O60260	S246I	0.3839	ambiguous
O60260	S246K	0.828	pathogenic
O60260	S246L	0.2682	benign
O60260	S246M	0.3807	ambiguous
O60260	S246N	0.1399	benign
O60260	S246P	0.6315	pathogenic
O60260	S246Q	0.6417	pathogenic
O60260	S246R	0.7896	pathogenic
O60260	S246T	0.1097	benign
O60260	S246V	0.4282	ambiguous
O60260	S246W	0.5096	ambiguous
O60260	S246Y	0.3243	benign
O60260	P247A	0.3753	ambiguous
O60260	P247C	0.8447	pathogenic
O60260	P247D	0.8692	pathogenic
O60260	P247E	0.6514	pathogenic
O60260	P247F	0.926	pathogenic
O60260	P247G	0.8704	pathogenic
O60260	P247H	0.6713	pathogenic
O60260	P247I	0.6615	pathogenic
O60260	P247K	0.8244	pathogenic
O60260	P247L	0.4322	ambiguous
O60260	P247M	0.7762	pathogenic
O60260	P247N	0.8429	pathogenic
O60260	P247Q	0.6254	pathogenic
O60260	P247R	0.6183	pathogenic
O60260	P247S	0.554	ambiguous
O60260	P247T	0.342	ambiguous
O60260	P247V	0.4918	ambiguous
O60260	P247W	0.9389	pathogenic
O60260	P247Y	0.9006	pathogenic
O60260	V248A	0.7513	pathogenic
O60260	V248C	0.9357	pathogenic
O60260	V248D	0.9882	pathogenic
O60260	V248E	0.9589	pathogenic
O60260	V248F	0.7827	pathogenic
O60260	V248G	0.8677	pathogenic
O60260	V248H	0.9894	pathogenic
O60260	V248I	0.1149	benign
O60260	V248K	0.9785	pathogenic
O60260	V248L	0.5546	ambiguous
O60260	V248M	0.5078	ambiguous
O60260	V248N	0.9592	pathogenic
O60260	V248P	0.9886	pathogenic
O60260	V248Q	0.9505	pathogenic
O60260	V248R	0.9545	pathogenic
O60260	V248S	0.8654	pathogenic
O60260	V248T	0.7644	pathogenic
O60260	V248W	0.9951	pathogenic
O60260	V248Y	0.9781	pathogenic
O60260	L249A	0.8353	pathogenic
O60260	L249C	0.8892	pathogenic
O60260	L249D	0.9989	pathogenic
O60260	L249E	0.9915	pathogenic
O60260	L249F	0.3996	ambiguous
O60260	L249G	0.9828	pathogenic
O60260	L249H	0.9766	pathogenic
O60260	L249I	0.1326	benign
O60260	L249K	0.9909	pathogenic
O60260	L249M	0.2601	benign
O60260	L249N	0.9946	pathogenic
O60260	L249P	0.9888	pathogenic
O60260	L249Q	0.9671	pathogenic
O60260	L249R	0.9723	pathogenic
O60260	L249S	0.975	pathogenic
O60260	L249T	0.8962	pathogenic
O60260	L249V	0.1169	benign
O60260	L249W	0.9108	pathogenic
O60260	L249Y	0.9475	pathogenic
O60260	V250A	0.6901	pathogenic
O60260	V250C	0.9127	pathogenic
O60260	V250D	0.9452	pathogenic
O60260	V250E	0.854	pathogenic
O60260	V250F	0.5458	ambiguous
O60260	V250G	0.7606	pathogenic
O60260	V250H	0.9418	pathogenic
O60260	V250I	0.1022	benign
O60260	V250K	0.9092	pathogenic
O60260	V250L	0.3924	ambiguous
O60260	V250M	0.4877	ambiguous
O60260	V250N	0.878	pathogenic
O60260	V250P	0.958	pathogenic
O60260	V250Q	0.8317	pathogenic
O60260	V250R	0.8305	pathogenic
O60260	V250S	0.7867	pathogenic
O60260	V250T	0.7077	pathogenic
O60260	V250W	0.9661	pathogenic
O60260	V250Y	0.8982	pathogenic
O60260	F251A	0.9802	pathogenic
O60260	F251C	0.9516	pathogenic
O60260	F251D	0.9972	pathogenic
O60260	F251E	0.9971	pathogenic
O60260	F251G	0.9889	pathogenic
O60260	F251H	0.9784	pathogenic
O60260	F251I	0.9511	pathogenic
O60260	F251K	0.9983	pathogenic
O60260	F251L	0.9881	pathogenic
O60260	F251M	0.9564	pathogenic
O60260	F251N	0.9877	pathogenic
O60260	F251P	0.9988	pathogenic
O60260	F251Q	0.994	pathogenic
O60260	F251R	0.994	pathogenic
O60260	F251S	0.9493	pathogenic
O60260	F251T	0.9848	pathogenic
O60260	F251V	0.943	pathogenic
O60260	F251W	0.9254	pathogenic
O60260	F251Y	0.6526	pathogenic
O60260	Q252A	0.2123	benign
O60260	Q252C	0.6941	pathogenic
O60260	Q252D	0.4112	ambiguous
O60260	Q252E	0.076	benign
O60260	Q252F	0.8517	pathogenic
O60260	Q252G	0.2875	benign
O60260	Q252H	0.368	ambiguous
O60260	Q252I	0.6186	pathogenic
O60260	Q252K	0.2155	benign
O60260	Q252L	0.2279	benign
O60260	Q252M	0.5574	ambiguous
O60260	Q252N	0.404	ambiguous
O60260	Q252P	0.054	benign
O60260	Q252R	0.1761	benign
O60260	Q252S	0.2045	benign
O60260	Q252T	0.2516	benign
O60260	Q252V	0.4313	ambiguous
O60260	Q252W	0.7069	pathogenic
O60260	Q252Y	0.6952	pathogenic
O60260	C253A	0.9929	pathogenic
O60260	C253D	0.9932	pathogenic
O60260	C253E	0.999	pathogenic
O60260	C253F	0.9879	pathogenic
O60260	C253G	0.9313	pathogenic
O60260	C253H	0.996	pathogenic
O60260	C253I	0.9976	pathogenic
O60260	C253K	0.9995	pathogenic
O60260	C253L	0.9919	pathogenic
O60260	C253M	0.997	pathogenic
O60260	C253N	0.9961	pathogenic
O60260	C253P	0.9982	pathogenic
O60260	C253Q	0.9992	pathogenic
O60260	C253R	0.995	pathogenic
O60260	C253S	0.991	pathogenic
O60260	C253T	0.9965	pathogenic
O60260	C253V	0.9939	pathogenic
O60260	C253W	0.9932	pathogenic
O60260	C253Y	0.9888	pathogenic
O60260	N254A	0.0997	benign
O60260	N254C	0.167	benign
O60260	N254D	0.0678	benign
O60260	N254E	0.1338	benign
O60260	N254F	0.3099	benign
O60260	N254G	0.1394	benign
O60260	N254H	0.0762	benign
O60260	N254I	0.12	benign
O60260	N254K	0.1322	benign
O60260	N254L	0.1362	benign
O60260	N254M	0.2234	benign
O60260	N254P	0.1645	benign
O60260	N254Q	0.15	benign
O60260	N254R	0.1284	benign
O60260	N254S	0.0626	benign
O60260	N254T	0.0856	benign
O60260	N254V	0.1178	benign
O60260	N254W	0.5399	ambiguous
O60260	N254Y	0.1296	benign
O60260	S255A	0.091	benign
O60260	S255C	0.0646	benign
O60260	S255D	0.0915	benign
O60260	S255E	0.1898	benign
O60260	S255F	0.114	benign
O60260	S255G	0.0818	benign
O60260	S255H	0.0824	benign
O60260	S255I	0.1782	benign
O60260	S255K	0.3073	benign
O60260	S255L	0.1192	benign
O60260	S255M	0.2509	benign
O60260	S255N	0.0709	benign
O60260	S255P	0.2896	benign
O60260	S255Q	0.1835	benign
O60260	S255R	0.1956	benign
O60260	S255T	0.1094	benign
O60260	S255V	0.1754	benign
O60260	S255W	0.1441	benign
O60260	S255Y	0.0625	benign
O60260	R256A	0.4373	ambiguous
O60260	R256C	0.1377	benign
O60260	R256D	0.6187	pathogenic
O60260	R256E	0.4005	ambiguous
O60260	R256F	0.6267	pathogenic
O60260	R256G	0.1462	benign
O60260	R256H	0.0934	benign
O60260	R256I	0.6509	pathogenic
O60260	R256K	0.1667	benign
O60260	R256L	0.3349	benign
O60260	R256M	0.5199	ambiguous
O60260	R256N	0.4933	ambiguous
O60260	R256P	0.7658	pathogenic
O60260	R256Q	0.1001	benign
O60260	R256S	0.3791	ambiguous
O60260	R256T	0.426	ambiguous
O60260	R256V	0.658	pathogenic
O60260	R256W	0.2407	benign
O60260	R256Y	0.3834	ambiguous
O60260	H257A	0.9962	pathogenic
O60260	H257C	0.9071	pathogenic
O60260	H257D	0.9754	pathogenic
O60260	H257E	0.9887	pathogenic
O60260	H257F	0.9847	pathogenic
O60260	H257G	0.9945	pathogenic
O60260	H257I	0.9974	pathogenic
O60260	H257K	0.99	pathogenic
O60260	H257L	0.9653	pathogenic
O60260	H257M	0.9956	pathogenic
O60260	H257N	0.9578	pathogenic
O60260	H257P	0.9611	pathogenic
O60260	H257Q	0.9893	pathogenic
O60260	H257R	0.971	pathogenic
O60260	H257S	0.9918	pathogenic
O60260	H257T	0.9977	pathogenic
O60260	H257V	0.9964	pathogenic
O60260	H257W	0.9762	pathogenic
O60260	H257Y	0.9416	pathogenic
O60260	V258A	0.4762	ambiguous
O60260	V258C	0.9231	pathogenic
O60260	V258D	0.977	pathogenic
O60260	V258E	0.9468	pathogenic
O60260	V258F	0.9022	pathogenic
O60260	V258G	0.6938	pathogenic
O60260	V258H	0.9846	pathogenic
O60260	V258I	0.219	benign
O60260	V258K	0.9738	pathogenic
O60260	V258L	0.8801	pathogenic
O60260	V258M	0.7482	pathogenic
O60260	V258N	0.9194	pathogenic
O60260	V258P	0.9856	pathogenic
O60260	V258Q	0.937	pathogenic
O60260	V258R	0.9368	pathogenic
O60260	V258S	0.5967	pathogenic
O60260	V258T	0.4007	ambiguous
O60260	V258W	0.9976	pathogenic
O60260	V258Y	0.988	pathogenic
O60260	I259A	0.8204	pathogenic
O60260	I259C	0.9527	pathogenic
O60260	I259D	0.9966	pathogenic
O60260	I259E	0.993	pathogenic
O60260	I259F	0.68	pathogenic
O60260	I259G	0.9779	pathogenic
O60260	I259H	0.9906	pathogenic
O60260	I259K	0.9935	pathogenic
O60260	I259L	0.2734	benign
O60260	I259M	0.2214	benign
O60260	I259N	0.9447	pathogenic
O60260	I259P	0.9946	pathogenic
O60260	I259Q	0.9843	pathogenic
O60260	I259R	0.9864	pathogenic
O60260	I259S	0.8396	pathogenic
O60260	I259T	0.7341	pathogenic
O60260	I259V	0.2025	benign
O60260	I259W	0.9941	pathogenic
O60260	I259Y	0.9754	pathogenic
O60260	C260A	0.9966	pathogenic
O60260	C260D	0.9982	pathogenic
O60260	C260E	0.9997	pathogenic
O60260	C260F	0.9864	pathogenic
O60260	C260G	0.9799	pathogenic
O60260	C260H	0.9936	pathogenic
O60260	C260I	0.999	pathogenic
O60260	C260K	0.9999	pathogenic
O60260	C260L	0.9944	pathogenic
O60260	C260M	0.9987	pathogenic
O60260	C260N	0.9987	pathogenic
O60260	C260P	0.9989	pathogenic
O60260	C260Q	0.9995	pathogenic
O60260	C260R	0.9976	pathogenic
O60260	C260S	0.9899	pathogenic
O60260	C260T	0.9985	pathogenic
O60260	C260V	0.9978	pathogenic
O60260	C260W	0.9954	pathogenic
O60260	C260Y	0.9932	pathogenic
O60260	L261A	0.7383	pathogenic
O60260	L261C	0.8942	pathogenic
O60260	L261D	0.979	pathogenic
O60260	L261E	0.8369	pathogenic
O60260	L261F	0.4939	ambiguous
O60260	L261G	0.9327	pathogenic
O60260	L261H	0.8329	pathogenic
O60260	L261I	0.1507	benign
O60260	L261K	0.8436	pathogenic
O60260	L261M	0.2287	benign
O60260	L261N	0.9267	pathogenic
O60260	L261P	0.8012	pathogenic
O60260	L261Q	0.7124	pathogenic
O60260	L261R	0.7365	pathogenic
O60260	L261S	0.8442	pathogenic
O60260	L261T	0.5179	ambiguous
O60260	L261V	0.1741	benign
O60260	L261W	0.6968	pathogenic
O60260	L261Y	0.8981	pathogenic
O60260	D262A	0.4873	ambiguous
O60260	D262C	0.9071	pathogenic
O60260	D262E	0.2931	benign
O60260	D262F	0.9198	pathogenic
O60260	D262G	0.4204	ambiguous
O60260	D262H	0.6388	pathogenic
O60260	D262I	0.877	pathogenic
O60260	D262K	0.8225	pathogenic
O60260	D262L	0.8297	pathogenic
O60260	D262M	0.9534	pathogenic
O60260	D262N	0.3188	benign
O60260	D262P	0.7255	pathogenic
O60260	D262Q	0.6986	pathogenic
O60260	D262R	0.7717	pathogenic
O60260	D262S	0.3444	ambiguous
O60260	D262T	0.688	pathogenic
O60260	D262V	0.6968	pathogenic
O60260	D262W	0.9701	pathogenic
O60260	D262Y	0.6027	pathogenic
O60260	C263A	0.994	pathogenic
O60260	C263D	0.9967	pathogenic
O60260	C263E	0.9994	pathogenic
O60260	C263F	0.9899	pathogenic
O60260	C263G	0.972	pathogenic
O60260	C263H	0.9942	pathogenic
O60260	C263I	0.9979	pathogenic
O60260	C263K	0.9997	pathogenic
O60260	C263L	0.9935	pathogenic
O60260	C263M	0.9979	pathogenic
O60260	C263N	0.9979	pathogenic
O60260	C263P	0.9991	pathogenic
O60260	C263Q	0.9993	pathogenic
O60260	C263R	0.995	pathogenic
O60260	C263S	0.9904	pathogenic
O60260	C263T	0.9968	pathogenic
O60260	C263V	0.9944	pathogenic
O60260	C263W	0.9956	pathogenic
O60260	C263Y	0.992	pathogenic
O60260	F264A	0.9914	pathogenic
O60260	F264C	0.9721	pathogenic
O60260	F264D	0.9992	pathogenic
O60260	F264E	0.9993	pathogenic
O60260	F264G	0.9961	pathogenic
O60260	F264H	0.9906	pathogenic
O60260	F264I	0.9563	pathogenic
O60260	F264K	0.9993	pathogenic
O60260	F264L	0.9912	pathogenic
O60260	F264M	0.9766	pathogenic
O60260	F264N	0.9975	pathogenic
O60260	F264P	0.9997	pathogenic
O60260	F264Q	0.9981	pathogenic
O60260	F264R	0.9969	pathogenic
O60260	F264S	0.9911	pathogenic
O60260	F264T	0.9933	pathogenic
O60260	F264V	0.9467	pathogenic
O60260	F264W	0.9409	pathogenic
O60260	F264Y	0.8348	pathogenic
O60260	H265A	0.3477	ambiguous
O60260	H265C	0.1886	benign
O60260	H265D	0.3717	ambiguous
O60260	H265E	0.3219	benign
O60260	H265F	0.2778	benign
O60260	H265G	0.3623	ambiguous
O60260	H265I	0.4167	ambiguous
O60260	H265K	0.3474	ambiguous
O60260	H265L	0.149	benign
O60260	H265M	0.6169	pathogenic
O60260	H265N	0.1838	benign
O60260	H265P	0.5091	ambiguous
O60260	H265Q	0.2024	benign
O60260	H265R	0.1089	benign
O60260	H265S	0.275	benign
O60260	H265T	0.3824	ambiguous
O60260	H265V	0.3485	ambiguous
O60260	H265W	0.333	benign
O60260	H265Y	0.0729	benign
O60260	L266A	0.3496	ambiguous
O60260	L266C	0.6164	pathogenic
O60260	L266D	0.72	pathogenic
O60260	L266E	0.4472	ambiguous
O60260	L266F	0.2261	benign
O60260	L266G	0.5819	pathogenic
O60260	L266H	0.2842	benign
O60260	L266I	0.1394	benign
O60260	L266K	0.4698	ambiguous
O60260	L266M	0.15	benign
O60260	L266N	0.4665	ambiguous
O60260	L266P	0.9073	pathogenic
O60260	L266Q	0.1973	benign
O60260	L266R	0.213	benign
O60260	L266S	0.3498	ambiguous
O60260	L266T	0.266	benign
O60260	L266V	0.134	benign
O60260	L266W	0.4057	ambiguous
O60260	L266Y	0.5019	ambiguous
O60260	Y267A	0.9793	pathogenic
O60260	Y267C	0.8866	pathogenic
O60260	Y267D	0.9805	pathogenic
O60260	Y267E	0.9948	pathogenic
O60260	Y267F	0.2591	benign
O60260	Y267G	0.9687	pathogenic
O60260	Y267H	0.9108	pathogenic
O60260	Y267I	0.9669	pathogenic
O60260	Y267K	0.9966	pathogenic
O60260	Y267L	0.8263	pathogenic
O60260	Y267M	0.9715	pathogenic
O60260	Y267N	0.9436	pathogenic
O60260	Y267P	0.9944	pathogenic
O60260	Y267Q	0.9896	pathogenic
O60260	Y267R	0.9839	pathogenic
O60260	Y267S	0.9247	pathogenic
O60260	Y267T	0.9778	pathogenic
O60260	Y267V	0.934	pathogenic
O60260	Y267W	0.8313	pathogenic
O60260	C268A	0.4579	ambiguous
O60260	C268D	0.9973	pathogenic
O60260	C268E	0.9972	pathogenic
O60260	C268F	0.9427	pathogenic
O60260	C268G	0.4066	ambiguous
O60260	C268H	0.9946	pathogenic
O60260	C268I	0.8912	pathogenic
O60260	C268K	0.9991	pathogenic
O60260	C268L	0.7926	pathogenic
O60260	C268M	0.902	pathogenic
O60260	C268N	0.9808	pathogenic
O60260	C268P	0.9978	pathogenic
O60260	C268Q	0.9905	pathogenic
O60260	C268R	0.9896	pathogenic
O60260	C268S	0.4837	ambiguous
O60260	C268T	0.7091	pathogenic
O60260	C268V	0.7229	pathogenic
O60260	C268W	0.9919	pathogenic
O60260	C268Y	0.9863	pathogenic
O60260	V269A	0.3111	benign
O60260	V269C	0.8439	pathogenic
O60260	V269D	0.7214	pathogenic
O60260	V269E	0.3064	benign
O60260	V269F	0.3155	benign
O60260	V269G	0.4986	ambiguous
O60260	V269H	0.7225	pathogenic
O60260	V269I	0.0902	benign
O60260	V269K	0.433	ambiguous
O60260	V269L	0.2389	benign
O60260	V269M	0.1322	benign
O60260	V269N	0.5409	ambiguous
O60260	V269P	0.9827	pathogenic
O60260	V269Q	0.2947	benign
O60260	V269R	0.3617	ambiguous
O60260	V269S	0.4111	ambiguous
O60260	V269T	0.2709	benign
O60260	V269W	0.901	pathogenic
O60260	V269Y	0.7789	pathogenic
O60260	T270A	0.2678	benign
O60260	T270C	0.8161	pathogenic
O60260	T270D	0.926	pathogenic
O60260	T270E	0.8356	pathogenic
O60260	T270F	0.8246	pathogenic
O60260	T270G	0.6825	pathogenic
O60260	T270H	0.7766	pathogenic
O60260	T270I	0.6662	pathogenic
O60260	T270K	0.8266	pathogenic
O60260	T270L	0.4133	ambiguous
O60260	T270M	0.2262	benign
O60260	T270N	0.5738	pathogenic
O60260	T270P	0.83	pathogenic
O60260	T270Q	0.6788	pathogenic
O60260	T270R	0.7231	pathogenic
O60260	T270S	0.3246	benign
O60260	T270V	0.4808	ambiguous
O60260	T270W	0.9436	pathogenic
O60260	T270Y	0.8718	pathogenic
O60260	R271A	0.6888	pathogenic
O60260	R271C	0.1902	benign
O60260	R271D	0.9875	pathogenic
O60260	R271E	0.8205	pathogenic
O60260	R271F	0.8422	pathogenic
O60260	R271G	0.6867	pathogenic
O60260	R271H	0.2765	benign
O60260	R271I	0.7071	pathogenic
O60260	R271K	0.2067	benign
O60260	R271L	0.4501	ambiguous
O60260	R271M	0.4107	ambiguous
O60260	R271N	0.945	pathogenic
O60260	R271P	0.9883	pathogenic
O60260	R271Q	0.1506	benign
O60260	R271S	0.8132	pathogenic
O60260	R271T	0.7045	pathogenic
O60260	R271V	0.6409	pathogenic
O60260	R271W	0.3787	ambiguous
O60260	R271Y	0.7074	pathogenic
O60260	L272A	0.9742	pathogenic
O60260	L272C	0.9775	pathogenic
O60260	L272D	0.9993	pathogenic
O60260	L272E	0.993	pathogenic
O60260	L272F	0.9293	pathogenic
O60260	L272G	0.9918	pathogenic
O60260	L272H	0.9901	pathogenic
O60260	L272I	0.4928	ambiguous
O60260	L272K	0.9875	pathogenic
O60260	L272M	0.6045	pathogenic
O60260	L272N	0.9953	pathogenic
O60260	L272P	0.9966	pathogenic
O60260	L272Q	0.9734	pathogenic
O60260	L272R	0.9692	pathogenic
O60260	L272S	0.9943	pathogenic
O60260	L272T	0.9816	pathogenic
O60260	L272V	0.608	pathogenic
O60260	L272W	0.9741	pathogenic
O60260	L272Y	0.9874	pathogenic
O60260	N273A	0.6745	pathogenic
O60260	N273C	0.7547	pathogenic
O60260	N273D	0.4178	ambiguous
O60260	N273E	0.822	pathogenic
O60260	N273F	0.9568	pathogenic
O60260	N273G	0.57	pathogenic
O60260	N273H	0.4227	ambiguous
O60260	N273I	0.8797	pathogenic
O60260	N273K	0.8746	pathogenic
O60260	N273L	0.7202	pathogenic
O60260	N273M	0.8236	pathogenic
O60260	N273P	0.9734	pathogenic
O60260	N273Q	0.7709	pathogenic
O60260	N273R	0.7956	pathogenic
O60260	N273S	0.1562	benign
O60260	N273T	0.5376	ambiguous
O60260	N273V	0.8551	pathogenic
O60260	N273W	0.9645	pathogenic
O60260	N273Y	0.6721	pathogenic
O60260	D274A	0.7518	pathogenic
O60260	D274C	0.957	pathogenic
O60260	D274E	0.4436	ambiguous
O60260	D274F	0.9624	pathogenic
O60260	D274G	0.744	pathogenic
O60260	D274H	0.8317	pathogenic
O60260	D274I	0.9469	pathogenic
O60260	D274K	0.925	pathogenic
O60260	D274L	0.9098	pathogenic
O60260	D274M	0.973	pathogenic
O60260	D274N	0.3599	ambiguous
O60260	D274P	0.9939	pathogenic
O60260	D274Q	0.8364	pathogenic
O60260	D274R	0.8881	pathogenic
O60260	D274S	0.5465	ambiguous
O60260	D274T	0.8502	pathogenic
O60260	D274V	0.8566	pathogenic
O60260	D274W	0.9898	pathogenic
O60260	D274Y	0.7718	pathogenic
O60260	R275A	0.9905	pathogenic
O60260	R275C	0.7946	pathogenic
O60260	R275D	0.996	pathogenic
O60260	R275E	0.9721	pathogenic
O60260	R275F	0.9897	pathogenic
O60260	R275G	0.9385	pathogenic
O60260	R275H	0.6381	pathogenic
O60260	R275I	0.9906	pathogenic
O60260	R275K	0.7778	pathogenic
O60260	R275L	0.9546	pathogenic
O60260	R275M	0.9874	pathogenic
O60260	R275N	0.9927	pathogenic
O60260	R275P	0.9944	pathogenic
O60260	R275Q	0.6561	pathogenic
O60260	R275S	0.9892	pathogenic
O60260	R275T	0.9919	pathogenic
O60260	R275V	0.9919	pathogenic
O60260	R275W	0.8404	pathogenic
O60260	R275Y	0.9679	pathogenic
O60260	Q276A	0.4171	ambiguous
O60260	Q276C	0.7801	pathogenic
O60260	Q276D	0.7637	pathogenic
O60260	Q276E	0.1753	benign
O60260	Q276F	0.9028	pathogenic
O60260	Q276G	0.3833	ambiguous
O60260	Q276H	0.5318	ambiguous
O60260	Q276I	0.8214	pathogenic
O60260	Q276K	0.208	benign
O60260	Q276L	0.2861	benign
O60260	Q276M	0.6116	pathogenic
O60260	Q276N	0.6029	pathogenic
O60260	Q276P	0.9272	pathogenic
O60260	Q276R	0.1567	benign
O60260	Q276S	0.5174	ambiguous
O60260	Q276T	0.5638	ambiguous
O60260	Q276V	0.6421	pathogenic
O60260	Q276W	0.8236	pathogenic
O60260	Q276Y	0.7664	pathogenic
O60260	F277A	0.9938	pathogenic
O60260	F277C	0.9928	pathogenic
O60260	F277D	0.9986	pathogenic
O60260	F277E	0.9987	pathogenic
O60260	F277G	0.9954	pathogenic
O60260	F277H	0.9948	pathogenic
O60260	F277I	0.9759	pathogenic
O60260	F277K	0.9991	pathogenic
O60260	F277L	0.9922	pathogenic
O60260	F277M	0.9743	pathogenic
O60260	F277N	0.9974	pathogenic
O60260	F277P	0.9996	pathogenic
O60260	F277Q	0.9985	pathogenic
O60260	F277R	0.9967	pathogenic
O60260	F277S	0.9968	pathogenic
O60260	F277T	0.9978	pathogenic
O60260	F277V	0.9749	pathogenic
O60260	F277W	0.933	pathogenic
O60260	F277Y	0.7823	pathogenic
O60260	V278A	0.3051	benign
O60260	V278C	0.6489	pathogenic
O60260	V278D	0.4549	ambiguous
O60260	V278E	0.3065	benign
O60260	V278F	0.1656	benign
O60260	V278G	0.3848	ambiguous
O60260	V278H	0.4977	ambiguous
O60260	V278I	0.0656	benign
O60260	V278K	0.4174	ambiguous
O60260	V278L	0.1374	benign
O60260	V278M	0.1521	benign
O60260	V278N	0.3617	ambiguous
O60260	V278P	0.879	pathogenic
O60260	V278Q	0.3008	benign
O60260	V278R	0.2958	benign
O60260	V278S	0.303	benign
O60260	V278T	0.2295	benign
O60260	V278W	0.6989	pathogenic
O60260	V278Y	0.5023	ambiguous
O60260	H279A	0.2449	benign
O60260	H279C	0.1461	benign
O60260	H279D	0.3683	ambiguous
O60260	H279E	0.3147	benign
O60260	H279F	0.2086	benign
O60260	H279G	0.348	ambiguous
O60260	H279I	0.3669	ambiguous
O60260	H279K	0.3981	ambiguous
O60260	H279L	0.107	benign
O60260	H279M	0.44	ambiguous
O60260	H279N	0.1606	benign
O60260	H279P	0.1097	benign
O60260	H279Q	0.1893	benign
O60260	H279R	0.1459	benign
O60260	H279S	0.2399	benign
O60260	H279T	0.3325	benign
O60260	H279V	0.2725	benign
O60260	H279W	0.2631	benign
O60260	H279Y	0.0772	benign
O60260	D280A	0.3918	ambiguous
O60260	D280C	0.6523	pathogenic
O60260	D280E	0.3734	ambiguous
O60260	D280F	0.7972	pathogenic
O60260	D280G	0.6794	pathogenic
O60260	D280H	0.2029	benign
O60260	D280I	0.5955	pathogenic
O60260	D280K	0.7741	pathogenic
O60260	D280L	0.6274	pathogenic
O60260	D280M	0.8579	pathogenic
O60260	D280N	0.1749	benign
O60260	D280P	0.9343	pathogenic
O60260	D280Q	0.6159	pathogenic
O60260	D280R	0.7555	pathogenic
O60260	D280S	0.2391	benign
O60260	D280T	0.5337	ambiguous
O60260	D280V	0.4342	ambiguous
O60260	D280W	0.9537	pathogenic
O60260	D280Y	0.3543	ambiguous
O60260	P281A	0.0679	benign
O60260	P281C	0.3154	benign
O60260	P281D	0.1953	benign
O60260	P281E	0.1186	benign
O60260	P281F	0.3233	benign
O60260	P281G	0.195	benign
O60260	P281H	0.1185	benign
O60260	P281I	0.211	benign
O60260	P281K	0.1448	benign
O60260	P281L	0.0933	benign
O60260	P281M	0.2231	benign
O60260	P281N	0.2142	benign
O60260	P281Q	0.0942	benign
O60260	P281R	0.0847	benign
O60260	P281S	0.0901	benign
O60260	P281T	0.0847	benign
O60260	P281V	0.1425	benign
O60260	P281W	0.3309	benign
O60260	P281Y	0.2834	benign
O60260	Q282A	0.1117	benign
O60260	Q282C	0.3433	ambiguous
O60260	Q282D	0.1509	benign
O60260	Q282E	0.0578	benign
O60260	Q282F	0.3929	ambiguous
O60260	Q282G	0.1457	benign
O60260	Q282H	0.128	benign
O60260	Q282I	0.1744	benign
O60260	Q282K	0.0807	benign
O60260	Q282L	0.0782	benign
O60260	Q282M	0.2226	benign
O60260	Q282N	0.1653	benign
O60260	Q282P	0.163	benign
O60260	Q282R	0.0769	benign
O60260	Q282S	0.1259	benign
O60260	Q282T	0.118	benign
O60260	Q282V	0.1086	benign
O60260	Q282W	0.2593	benign
O60260	Q282Y	0.244	benign
O60260	L283A	0.2629	benign
O60260	L283C	0.3763	ambiguous
O60260	L283D	0.6667	pathogenic
O60260	L283E	0.3513	ambiguous
O60260	L283F	0.0959	benign
O60260	L283G	0.5341	ambiguous
O60260	L283H	0.1716	benign
O60260	L283I	0.0859	benign
O60260	L283K	0.3265	benign
O60260	L283M	0.1381	benign
O60260	L283N	0.4198	ambiguous
O60260	L283P	0.726	pathogenic
O60260	L283Q	0.168	benign
O60260	L283R	0.1745	benign
O60260	L283S	0.3447	ambiguous
O60260	L283T	0.222	benign
O60260	L283V	0.0922	benign
O60260	L283W	0.1273	benign
O60260	L283Y	0.2223	benign
O60260	G284A	0.8398	pathogenic
O60260	G284C	0.9301	pathogenic
O60260	G284D	0.9805	pathogenic
O60260	G284E	0.985	pathogenic
O60260	G284F	0.9884	pathogenic
O60260	G284H	0.9899	pathogenic
O60260	G284I	0.98	pathogenic
O60260	G284K	0.9943	pathogenic
O60260	G284L	0.9779	pathogenic
O60260	G284M	0.9927	pathogenic
O60260	G284N	0.9876	pathogenic
O60260	G284P	0.9917	pathogenic
O60260	G284Q	0.9864	pathogenic
O60260	G284R	0.9758	pathogenic
O60260	G284S	0.8214	pathogenic
O60260	G284T	0.9576	pathogenic
O60260	G284V	0.9608	pathogenic
O60260	G284W	0.9754	pathogenic
O60260	G284Y	0.9836	pathogenic
O60260	Y285A	0.9863	pathogenic
O60260	Y285C	0.8673	pathogenic
O60260	Y285D	0.9839	pathogenic
O60260	Y285E	0.9974	pathogenic
O60260	Y285F	0.2832	benign
O60260	Y285G	0.9707	pathogenic
O60260	Y285H	0.9729	pathogenic
O60260	Y285I	0.9647	pathogenic
O60260	Y285K	0.9975	pathogenic
O60260	Y285L	0.8916	pathogenic
O60260	Y285M	0.971	pathogenic
O60260	Y285N	0.9481	pathogenic
O60260	Y285P	0.989	pathogenic
O60260	Y285Q	0.9969	pathogenic
O60260	Y285R	0.9922	pathogenic
O60260	Y285S	0.9459	pathogenic
O60260	Y285T	0.9874	pathogenic
O60260	Y285V	0.9347	pathogenic
O60260	Y285W	0.821	pathogenic
O60260	S286A	0.4132	ambiguous
O60260	S286C	0.4488	ambiguous
O60260	S286D	0.9868	pathogenic
O60260	S286E	0.9914	pathogenic
O60260	S286F	0.9538	pathogenic
O60260	S286G	0.4403	ambiguous
O60260	S286H	0.9581	pathogenic
O60260	S286I	0.9169	pathogenic
O60260	S286K	0.9975	pathogenic
O60260	S286L	0.6958	pathogenic
O60260	S286M	0.8142	pathogenic
O60260	S286N	0.8919	pathogenic
O60260	S286P	0.9585	pathogenic
O60260	S286Q	0.9832	pathogenic
O60260	S286R	0.9933	pathogenic
O60260	S286T	0.0728	benign
O60260	S286V	0.8207	pathogenic
O60260	S286W	0.9639	pathogenic
O60260	S286Y	0.9308	pathogenic
O60260	L287A	0.9453	pathogenic
O60260	L287C	0.9673	pathogenic
O60260	L287D	0.9995	pathogenic
O60260	L287E	0.9956	pathogenic
O60260	L287F	0.8645	pathogenic
O60260	L287G	0.9948	pathogenic
O60260	L287H	0.9908	pathogenic
O60260	L287I	0.2477	benign
O60260	L287K	0.9949	pathogenic
O60260	L287M	0.558	ambiguous
O60260	L287N	0.9963	pathogenic
O60260	L287P	0.991	pathogenic
O60260	L287Q	0.9812	pathogenic
O60260	L287R	0.9857	pathogenic
O60260	L287S	0.9858	pathogenic
O60260	L287T	0.9562	pathogenic
O60260	L287V	0.3277	benign
O60260	L287W	0.983	pathogenic
O60260	L287Y	0.9903	pathogenic
O60260	P288A	0.1783	benign
O60260	P288C	0.7481	pathogenic
O60260	P288D	0.8228	pathogenic
O60260	P288E	0.65	pathogenic
O60260	P288F	0.8356	pathogenic
O60260	P288G	0.45	ambiguous
O60260	P288H	0.5136	ambiguous
O60260	P288I	0.8422	pathogenic
O60260	P288K	0.7691	pathogenic
O60260	P288L	0.3857	ambiguous
O60260	P288M	0.7847	pathogenic
O60260	P288N	0.738	pathogenic
O60260	P288Q	0.436	ambiguous
O60260	P288R	0.4533	ambiguous
O60260	P288S	0.2311	benign
O60260	P288T	0.3757	ambiguous
O60260	P288V	0.6943	pathogenic
O60260	P288W	0.8859	pathogenic
O60260	P288Y	0.8065	pathogenic
O60260	C289A	0.9942	pathogenic
O60260	C289D	0.9986	pathogenic
O60260	C289E	0.9998	pathogenic
O60260	C289F	0.9897	pathogenic
O60260	C289G	0.9789	pathogenic
O60260	C289H	0.9974	pathogenic
O60260	C289I	0.9984	pathogenic
O60260	C289K	0.9999	pathogenic
O60260	C289L	0.9939	pathogenic
O60260	C289M	0.9984	pathogenic
O60260	C289N	0.9991	pathogenic
O60260	C289P	0.9983	pathogenic
O60260	C289Q	0.9997	pathogenic
O60260	C289R	0.9976	pathogenic
O60260	C289S	0.9924	pathogenic
O60260	C289T	0.9984	pathogenic
O60260	C289V	0.9948	pathogenic
O60260	C289W	0.9953	pathogenic
O60260	C289Y	0.9941	pathogenic
O60260	V290A	0.2852	benign
O60260	V290C	0.9258	pathogenic
O60260	V290D	0.9563	pathogenic
O60260	V290E	0.9027	pathogenic
O60260	V290F	0.631	pathogenic
O60260	V290G	0.6538	pathogenic
O60260	V290H	0.9711	pathogenic
O60260	V290I	0.1674	benign
O60260	V290K	0.9526	pathogenic
O60260	V290L	0.6073	pathogenic
O60260	V290M	0.5234	ambiguous
O60260	V290N	0.9328	pathogenic
O60260	V290P	0.4243	ambiguous
O60260	V290Q	0.9156	pathogenic
O60260	V290R	0.9007	pathogenic
O60260	V290S	0.6639	pathogenic
O60260	V290T	0.5495	ambiguous
O60260	V290W	0.986	pathogenic
O60260	V290Y	0.957	pathogenic
O60260	A291C	0.6743	pathogenic
O60260	A291D	0.7827	pathogenic
O60260	A291E	0.6673	pathogenic
O60260	A291F	0.6458	pathogenic
O60260	A291G	0.2038	benign
O60260	A291H	0.8695	pathogenic
O60260	A291I	0.5141	ambiguous
O60260	A291K	0.8956	pathogenic
O60260	A291L	0.4421	ambiguous
O60260	A291M	0.5283	ambiguous
O60260	A291N	0.7587	pathogenic
O60260	A291P	0.8141	pathogenic
O60260	A291Q	0.7259	pathogenic
O60260	A291R	0.7593	pathogenic
O60260	A291S	0.1641	benign
O60260	A291T	0.238	benign
O60260	A291V	0.2003	benign
O60260	A291W	0.8999	pathogenic
O60260	A291Y	0.8144	pathogenic
O60260	G292A	0.2336	benign
O60260	G292C	0.3936	ambiguous
O60260	G292D	0.3514	ambiguous
O60260	G292E	0.3964	ambiguous
O60260	G292F	0.7821	pathogenic
O60260	G292H	0.5541	ambiguous
O60260	G292I	0.7346	pathogenic
O60260	G292K	0.6368	pathogenic
O60260	G292L	0.676	pathogenic
O60260	G292M	0.749	pathogenic
O60260	G292N	0.3779	ambiguous
O60260	G292P	0.966	pathogenic
O60260	G292Q	0.4623	ambiguous
O60260	G292R	0.4056	ambiguous
O60260	G292S	0.1519	benign
O60260	G292T	0.4074	ambiguous
O60260	G292V	0.555	ambiguous
O60260	G292W	0.7108	pathogenic
O60260	G292Y	0.6569	pathogenic
O60260	C293A	0.9949	pathogenic
O60260	C293D	0.9934	pathogenic
O60260	C293E	0.9984	pathogenic
O60260	C293F	0.9486	pathogenic
O60260	C293G	0.966	pathogenic
O60260	C293H	0.9878	pathogenic
O60260	C293I	0.9936	pathogenic
O60260	C293K	0.999	pathogenic
O60260	C293L	0.9847	pathogenic
O60260	C293M	0.9949	pathogenic
O60260	C293N	0.9955	pathogenic
O60260	C293P	0.9984	pathogenic
O60260	C293Q	0.9979	pathogenic
O60260	C293R	0.9915	pathogenic
O60260	C293S	0.9882	pathogenic
O60260	C293T	0.9967	pathogenic
O60260	C293V	0.9914	pathogenic
O60260	C293W	0.9821	pathogenic
O60260	C293Y	0.9744	pathogenic
O60260	P294A	0.0793	benign
O60260	P294C	0.3097	benign
O60260	P294D	0.1947	benign
O60260	P294E	0.116	benign
O60260	P294F	0.3462	ambiguous
O60260	P294G	0.2091	benign
O60260	P294H	0.1178	benign
O60260	P294I	0.2515	benign
O60260	P294K	0.1533	benign
O60260	P294L	0.1188	benign
O60260	P294M	0.266	benign
O60260	P294N	0.2057	benign
O60260	P294Q	0.0911	benign
O60260	P294R	0.088	benign
O60260	P294S	0.0887	benign
O60260	P294T	0.0891	benign
O60260	P294V	0.1769	benign
O60260	P294W	0.3546	ambiguous
O60260	P294Y	0.3076	benign
O60260	N295A	0.1716	benign
O60260	N295C	0.287	benign
O60260	N295D	0.0575	benign
O60260	N295E	0.2205	benign
O60260	N295F	0.503	ambiguous
O60260	N295G	0.1693	benign
O60260	N295H	0.1163	benign
O60260	N295I	0.344	ambiguous
O60260	N295K	0.2789	benign
O60260	N295L	0.2788	benign
O60260	N295M	0.408	ambiguous
O60260	N295P	0.6155	pathogenic
O60260	N295Q	0.2625	benign
O60260	N295R	0.2839	benign
O60260	N295S	0.082	benign
O60260	N295T	0.1517	benign
O60260	N295V	0.2675	benign
O60260	N295W	0.726	pathogenic
O60260	N295Y	0.1789	benign
O60260	S296A	0.1944	benign
O60260	S296C	0.3472	ambiguous
O60260	S296D	0.9646	pathogenic
O60260	S296E	0.969	pathogenic
O60260	S296F	0.8925	pathogenic
O60260	S296G	0.424	ambiguous
O60260	S296H	0.9104	pathogenic
O60260	S296I	0.9266	pathogenic
O60260	S296K	0.9954	pathogenic
O60260	S296L	0.7804	pathogenic
O60260	S296M	0.8908	pathogenic
O60260	S296N	0.8842	pathogenic
O60260	S296P	0.9636	pathogenic
O60260	S296Q	0.9542	pathogenic
O60260	S296R	0.9815	pathogenic
O60260	S296T	0.5392	ambiguous
O60260	S296V	0.8506	pathogenic
O60260	S296W	0.9296	pathogenic
O60260	S296Y	0.8429	pathogenic
O60260	L297A	0.4998	ambiguous
O60260	L297C	0.5708	pathogenic
O60260	L297D	0.9101	pathogenic
O60260	L297E	0.6813	pathogenic
O60260	L297F	0.1396	benign
O60260	L297G	0.7819	pathogenic
O60260	L297H	0.3502	ambiguous
O60260	L297I	0.2045	benign
O60260	L297K	0.547	ambiguous
O60260	L297M	0.2006	benign
O60260	L297N	0.7141	pathogenic
O60260	L297P	0.7657	pathogenic
O60260	L297Q	0.338	benign
O60260	L297R	0.3071	benign
O60260	L297S	0.5415	ambiguous
O60260	L297T	0.513	ambiguous
O60260	L297V	0.1515	benign
O60260	L297W	0.2653	benign
O60260	L297Y	0.371	ambiguous
O60260	I298A	0.9501	pathogenic
O60260	I298C	0.9538	pathogenic
O60260	I298D	0.9961	pathogenic
O60260	I298E	0.9853	pathogenic
O60260	I298F	0.6787	pathogenic
O60260	I298G	0.9885	pathogenic
O60260	I298H	0.98	pathogenic
O60260	I298K	0.9781	pathogenic
O60260	I298L	0.2066	benign
O60260	I298M	0.3772	ambiguous
O60260	I298N	0.963	pathogenic
O60260	I298P	0.9713	pathogenic
O60260	I298Q	0.97	pathogenic
O60260	I298R	0.9623	pathogenic
O60260	I298S	0.9603	pathogenic
O60260	I298T	0.9544	pathogenic
O60260	I298V	0.1383	benign
O60260	I298W	0.9779	pathogenic
O60260	I298Y	0.9473	pathogenic
O60260	K299A	0.3825	ambiguous
O60260	K299C	0.7702	pathogenic
O60260	K299D	0.6372	pathogenic
O60260	K299E	0.1406	benign
O60260	K299F	0.8847	pathogenic
O60260	K299G	0.4357	ambiguous
O60260	K299H	0.4	ambiguous
O60260	K299I	0.6034	pathogenic
O60260	K299L	0.4672	ambiguous
O60260	K299M	0.347	ambiguous
O60260	K299N	0.5272	ambiguous
O60260	K299P	0.5519	ambiguous
O60260	K299Q	0.1378	benign
O60260	K299R	0.0869	benign
O60260	K299S	0.4324	ambiguous
O60260	K299T	0.1871	benign
O60260	K299V	0.4886	ambiguous
O60260	K299W	0.802	pathogenic
O60260	K299Y	0.7541	pathogenic
O60260	E300A	0.7563	pathogenic
O60260	E300C	0.9875	pathogenic
O60260	E300D	0.4737	ambiguous
O60260	E300F	0.9919	pathogenic
O60260	E300G	0.6958	pathogenic
O60260	E300H	0.9686	pathogenic
O60260	E300I	0.9787	pathogenic
O60260	E300K	0.9002	pathogenic
O60260	E300L	0.9741	pathogenic
O60260	E300M	0.9698	pathogenic
O60260	E300N	0.8628	pathogenic
O60260	E300P	0.9805	pathogenic
O60260	E300Q	0.6935	pathogenic
O60260	E300R	0.9363	pathogenic
O60260	E300S	0.8057	pathogenic
O60260	E300T	0.9093	pathogenic
O60260	E300V	0.9109	pathogenic
O60260	E300W	0.9973	pathogenic
O60260	E300Y	0.976	pathogenic
O60260	L301A	0.3511	ambiguous
O60260	L301C	0.6368	pathogenic
O60260	L301D	0.8995	pathogenic
O60260	L301E	0.6632	pathogenic
O60260	L301F	0.4347	ambiguous
O60260	L301G	0.6641	pathogenic
O60260	L301H	0.5934	pathogenic
O60260	L301I	0.1083	benign
O60260	L301K	0.6339	pathogenic
O60260	L301M	0.1838	benign
O60260	L301N	0.5715	pathogenic
O60260	L301P	0.3089	benign
O60260	L301Q	0.3593	ambiguous
O60260	L301R	0.4599	ambiguous
O60260	L301S	0.4547	ambiguous
O60260	L301T	0.2381	benign
O60260	L301V	0.0904	benign
O60260	L301W	0.5693	pathogenic
O60260	L301Y	0.7662	pathogenic
O60260	H302A	0.974	pathogenic
O60260	H302C	0.8382	pathogenic
O60260	H302D	0.9735	pathogenic
O60260	H302E	0.9778	pathogenic
O60260	H302F	0.9128	pathogenic
O60260	H302G	0.977	pathogenic
O60260	H302I	0.9812	pathogenic
O60260	H302K	0.9769	pathogenic
O60260	H302L	0.8407	pathogenic
O60260	H302M	0.9853	pathogenic
O60260	H302N	0.8887	pathogenic
O60260	H302P	0.7497	pathogenic
O60260	H302Q	0.9286	pathogenic
O60260	H302R	0.8748	pathogenic
O60260	H302S	0.9495	pathogenic
O60260	H302T	0.9864	pathogenic
O60260	H302V	0.9785	pathogenic
O60260	H302W	0.8267	pathogenic
O60260	H302Y	0.7014	pathogenic
O60260	H303A	0.9418	pathogenic
O60260	H303C	0.7033	pathogenic
O60260	H303D	0.9621	pathogenic
O60260	H303E	0.9756	pathogenic
O60260	H303F	0.8775	pathogenic
O60260	H303G	0.9779	pathogenic
O60260	H303I	0.8103	pathogenic
O60260	H303K	0.9887	pathogenic
O60260	H303L	0.5412	ambiguous
O60260	H303M	0.9203	pathogenic
O60260	H303N	0.7925	pathogenic
O60260	H303P	0.7847	pathogenic
O60260	H303Q	0.9408	pathogenic
O60260	H303R	0.9603	pathogenic
O60260	H303S	0.9143	pathogenic
O60260	H303T	0.9281	pathogenic
O60260	H303V	0.8248	pathogenic
O60260	H303W	0.9226	pathogenic
O60260	H303Y	0.6916	pathogenic
O60260	F304A	0.9957	pathogenic
O60260	F304C	0.9776	pathogenic
O60260	F304D	0.9995	pathogenic
O60260	F304E	0.9991	pathogenic
O60260	F304G	0.9974	pathogenic
O60260	F304H	0.9908	pathogenic
O60260	F304I	0.9597	pathogenic
O60260	F304K	0.999	pathogenic
O60260	F304L	0.9872	pathogenic
O60260	F304M	0.9687	pathogenic
O60260	F304N	0.9977	pathogenic
O60260	F304P	0.9996	pathogenic
O60260	F304Q	0.9978	pathogenic
O60260	F304R	0.9965	pathogenic
O60260	F304S	0.9948	pathogenic
O60260	F304T	0.9964	pathogenic
O60260	F304V	0.9576	pathogenic
O60260	F304W	0.9493	pathogenic
O60260	F304Y	0.8305	pathogenic
O60260	R305A	0.8662	pathogenic
O60260	R305C	0.2072	benign
O60260	R305D	0.9796	pathogenic
O60260	R305E	0.8455	pathogenic
O60260	R305F	0.8217	pathogenic
O60260	R305G	0.7836	pathogenic
O60260	R305H	0.1991	benign
O60260	R305I	0.7916	pathogenic
O60260	R305K	0.376	ambiguous
O60260	R305L	0.5459	ambiguous
O60260	R305M	0.7919	pathogenic
O60260	R305N	0.9414	pathogenic
O60260	R305P	0.959	pathogenic
O60260	R305Q	0.2184	benign
O60260	R305S	0.9006	pathogenic
O60260	R305T	0.8606	pathogenic
O60260	R305V	0.8044	pathogenic
O60260	R305W	0.2752	benign
O60260	R305Y	0.6092	pathogenic
O60260	I306A	0.6185	pathogenic
O60260	I306C	0.7788	pathogenic
O60260	I306D	0.9745	pathogenic
O60260	I306E	0.945	pathogenic
O60260	I306F	0.3176	benign
O60260	I306G	0.8921	pathogenic
O60260	I306H	0.9152	pathogenic
O60260	I306K	0.9267	pathogenic
O60260	I306L	0.1142	benign
O60260	I306M	0.1854	benign
O60260	I306N	0.8053	pathogenic
O60260	I306P	0.9372	pathogenic
O60260	I306Q	0.9046	pathogenic
O60260	I306R	0.8732	pathogenic
O60260	I306S	0.7006	pathogenic
O60260	I306T	0.7069	pathogenic
O60260	I306V	0.0919	benign
O60260	I306W	0.9308	pathogenic
O60260	I306Y	0.8057	pathogenic
O60260	L307A	0.7965	pathogenic
O60260	L307C	0.9207	pathogenic
O60260	L307D	0.9977	pathogenic
O60260	L307E	0.9822	pathogenic
O60260	L307F	0.7895	pathogenic
O60260	L307G	0.9673	pathogenic
O60260	L307H	0.9766	pathogenic
O60260	L307I	0.3764	ambiguous
O60260	L307K	0.9862	pathogenic
O60260	L307M	0.3199	benign
O60260	L307N	0.9894	pathogenic
O60260	L307P	0.9612	pathogenic
O60260	L307Q	0.9284	pathogenic
O60260	L307R	0.955	pathogenic
O60260	L307S	0.9368	pathogenic
O60260	L307T	0.8164	pathogenic
O60260	L307V	0.4043	ambiguous
O60260	L307W	0.9504	pathogenic
O60260	L307Y	0.9863	pathogenic
O60260	G308A	0.5513	ambiguous
O60260	G308C	0.7625	pathogenic
O60260	G308D	0.5148	ambiguous
O60260	G308E	0.633	pathogenic
O60260	G308F	0.9762	pathogenic
O60260	G308H	0.8826	pathogenic
O60260	G308I	0.9625	pathogenic
O60260	G308K	0.8424	pathogenic
O60260	G308L	0.9214	pathogenic
O60260	G308M	0.9479	pathogenic
O60260	G308N	0.748	pathogenic
O60260	G308P	0.9275	pathogenic
O60260	G308Q	0.7839	pathogenic
O60260	G308R	0.7626	pathogenic
O60260	G308S	0.3066	benign
O60260	G308T	0.6307	pathogenic
O60260	G308V	0.8892	pathogenic
O60260	G308W	0.9047	pathogenic
O60260	G308Y	0.9496	pathogenic
O60260	E309A	0.1819	benign
O60260	E309C	0.8461	pathogenic
O60260	E309D	0.1328	benign
O60260	E309F	0.7623	pathogenic
O60260	E309G	0.1778	benign
O60260	E309H	0.4742	ambiguous
O60260	E309I	0.4369	ambiguous
O60260	E309K	0.125	benign
O60260	E309L	0.3961	ambiguous
O60260	E309M	0.457	ambiguous
O60260	E309N	0.2817	benign
O60260	E309P	0.4091	ambiguous
O60260	E309Q	0.1596	benign
O60260	E309R	0.2134	benign
O60260	E309S	0.2476	benign
O60260	E309T	0.2731	benign
O60260	E309V	0.2457	benign
O60260	E309W	0.8351	pathogenic
O60260	E309Y	0.6335	pathogenic
O60260	E310A	0.1526	benign
O60260	E310C	0.8609	pathogenic
O60260	E310D	0.1414	benign
O60260	E310F	0.7711	pathogenic
O60260	E310G	0.154	benign
O60260	E310H	0.4835	ambiguous
O60260	E310I	0.4498	ambiguous
O60260	E310K	0.1838	benign
O60260	E310L	0.4271	ambiguous
O60260	E310M	0.5027	ambiguous
O60260	E310N	0.3114	benign
O60260	E310P	0.5089	ambiguous
O60260	E310Q	0.1546	benign
O60260	E310R	0.2883	benign
O60260	E310S	0.2447	benign
O60260	E310T	0.2599	benign
O60260	E310V	0.2399	benign
O60260	E310W	0.8426	pathogenic
O60260	E310Y	0.614	pathogenic
O60260	Q311A	0.3933	ambiguous
O60260	Q311C	0.947	pathogenic
O60260	Q311D	0.7546	pathogenic
O60260	Q311E	0.1788	benign
O60260	Q311F	0.8861	pathogenic
O60260	Q311G	0.5056	ambiguous
O60260	Q311H	0.7598	pathogenic
O60260	Q311I	0.7537	pathogenic
O60260	Q311K	0.5621	ambiguous
O60260	Q311L	0.4312	ambiguous
O60260	Q311M	0.543	ambiguous
O60260	Q311N	0.3679	ambiguous
O60260	Q311P	0.4986	ambiguous
O60260	Q311R	0.5885	pathogenic
O60260	Q311S	0.4744	ambiguous
O60260	Q311T	0.5562	ambiguous
O60260	Q311V	0.6379	pathogenic
O60260	Q311W	0.9152	pathogenic
O60260	Q311Y	0.8212	pathogenic
O60260	Y312A	0.9847	pathogenic
O60260	Y312C	0.9296	pathogenic
O60260	Y312D	0.9675	pathogenic
O60260	Y312E	0.9889	pathogenic
O60260	Y312F	0.5912	pathogenic
O60260	Y312G	0.9175	pathogenic
O60260	Y312H	0.9637	pathogenic
O60260	Y312I	0.9804	pathogenic
O60260	Y312K	0.9883	pathogenic
O60260	Y312L	0.925	pathogenic
O60260	Y312M	0.9734	pathogenic
O60260	Y312N	0.9185	pathogenic
O60260	Y312P	0.9959	pathogenic
O60260	Y312Q	0.9898	pathogenic
O60260	Y312R	0.9688	pathogenic
O60260	Y312S	0.9588	pathogenic
O60260	Y312T	0.9881	pathogenic
O60260	Y312V	0.9515	pathogenic
O60260	Y312W	0.8464	pathogenic
O60260	N313A	0.1567	benign
O60260	N313C	0.2195	benign
O60260	N313D	0.1071	benign
O60260	N313E	0.2051	benign
O60260	N313F	0.4396	ambiguous
O60260	N313G	0.1789	benign
O60260	N313H	0.0864	benign
O60260	N313I	0.2167	benign
O60260	N313K	0.2153	benign
O60260	N313L	0.1743	benign
O60260	N313M	0.3061	benign
O60260	N313P	0.814	pathogenic
O60260	N313Q	0.1865	benign
O60260	N313R	0.1918	benign
O60260	N313S	0.0755	benign
O60260	N313T	0.1362	benign
O60260	N313V	0.212	benign
O60260	N313W	0.5845	pathogenic
O60260	N313Y	0.1547	benign
O60260	R314A	0.9081	pathogenic
O60260	R314C	0.5065	ambiguous
O60260	R314D	0.9714	pathogenic
O60260	R314E	0.8773	pathogenic
O60260	R314F	0.9562	pathogenic
O60260	R314G	0.8788	pathogenic
O60260	R314H	0.4125	ambiguous
O60260	R314I	0.8055	pathogenic
O60260	R314K	0.5344	ambiguous
O60260	R314L	0.6772	pathogenic
O60260	R314M	0.8984	pathogenic
O60260	R314N	0.959	pathogenic
O60260	R314P	0.99	pathogenic
O60260	R314Q	0.3328	benign
O60260	R314S	0.9371	pathogenic
O60260	R314T	0.8545	pathogenic
O60260	R314V	0.8613	pathogenic
O60260	R314W	0.6076	pathogenic
O60260	R314Y	0.8807	pathogenic
O60260	Y315A	0.9909	pathogenic
O60260	Y315C	0.9353	pathogenic
O60260	Y315D	0.996	pathogenic
O60260	Y315E	0.998	pathogenic
O60260	Y315F	0.3646	ambiguous
O60260	Y315G	0.9776	pathogenic
O60260	Y315H	0.985	pathogenic
O60260	Y315I	0.9504	pathogenic
O60260	Y315K	0.9976	pathogenic
O60260	Y315L	0.7617	pathogenic
O60260	Y315M	0.9652	pathogenic
O60260	Y315N	0.9859	pathogenic
O60260	Y315P	0.9965	pathogenic
O60260	Y315Q	0.9966	pathogenic
O60260	Y315R	0.9912	pathogenic
O60260	Y315S	0.9816	pathogenic
O60260	Y315T	0.9933	pathogenic
O60260	Y315V	0.911	pathogenic
O60260	Y315W	0.8861	pathogenic
O60260	Q316A	0.6921	pathogenic
O60260	Q316C	0.9064	pathogenic
O60260	Q316D	0.9925	pathogenic
O60260	Q316E	0.4437	ambiguous
O60260	Q316F	0.9685	pathogenic
O60260	Q316G	0.8304	pathogenic
O60260	Q316H	0.8032	pathogenic
O60260	Q316I	0.7935	pathogenic
O60260	Q316K	0.3963	ambiguous
O60260	Q316L	0.2586	benign
O60260	Q316M	0.6808	pathogenic
O60260	Q316N	0.9285	pathogenic
O60260	Q316P	0.9628	pathogenic
O60260	Q316R	0.3856	ambiguous
O60260	Q316S	0.8377	pathogenic
O60260	Q316T	0.8002	pathogenic
O60260	Q316V	0.6589	pathogenic
O60260	Q316W	0.9487	pathogenic
O60260	Q316Y	0.9551	pathogenic
O60260	Q317A	0.1951	benign
O60260	Q317C	0.4651	ambiguous
O60260	Q317D	0.4775	ambiguous
O60260	Q317E	0.1213	benign
O60260	Q317F	0.6257	pathogenic
O60260	Q317G	0.2497	benign
O60260	Q317H	0.1725	benign
O60260	Q317I	0.4104	ambiguous
O60260	Q317K	0.1089	benign
O60260	Q317L	0.1247	benign
O60260	Q317M	0.3583	ambiguous
O60260	Q317N	0.2937	benign
O60260	Q317P	0.7359	pathogenic
O60260	Q317R	0.0815	benign
O60260	Q317S	0.2668	benign
O60260	Q317T	0.2165	benign
O60260	Q317V	0.2601	benign
O60260	Q317W	0.417	ambiguous
O60260	Q317Y	0.3851	ambiguous
O60260	Y318A	0.9676	pathogenic
O60260	Y318C	0.9237	pathogenic
O60260	Y318D	0.9588	pathogenic
O60260	Y318E	0.9916	pathogenic
O60260	Y318F	0.2442	benign
O60260	Y318G	0.9503	pathogenic
O60260	Y318H	0.9398	pathogenic
O60260	Y318I	0.963	pathogenic
O60260	Y318K	0.9929	pathogenic
O60260	Y318L	0.8936	pathogenic
O60260	Y318M	0.9562	pathogenic
O60260	Y318N	0.9367	pathogenic
O60260	Y318P	0.9975	pathogenic
O60260	Y318Q	0.9896	pathogenic
O60260	Y318R	0.9776	pathogenic
O60260	Y318S	0.9434	pathogenic
O60260	Y318T	0.9808	pathogenic
O60260	Y318V	0.925	pathogenic
O60260	Y318W	0.7518	pathogenic
O60260	G319A	0.1302	benign
O60260	G319C	0.7775	pathogenic
O60260	G319D	0.9892	pathogenic
O60260	G319E	0.9836	pathogenic
O60260	G319F	0.992	pathogenic
O60260	G319H	0.9923	pathogenic
O60260	G319I	0.9684	pathogenic
O60260	G319K	0.9954	pathogenic
O60260	G319L	0.9519	pathogenic
O60260	G319M	0.9729	pathogenic
O60260	G319N	0.9855	pathogenic
O60260	G319P	0.9965	pathogenic
O60260	G319Q	0.9777	pathogenic
O60260	G319R	0.9719	pathogenic
O60260	G319S	0.2984	benign
O60260	G319T	0.8192	pathogenic
O60260	G319V	0.893	pathogenic
O60260	G319W	0.9879	pathogenic
O60260	G319Y	0.9925	pathogenic
O60260	A320C	0.8886	pathogenic
O60260	A320D	0.9797	pathogenic
O60260	A320E	0.9428	pathogenic
O60260	A320F	0.9462	pathogenic
O60260	A320G	0.5675	pathogenic
O60260	A320H	0.9822	pathogenic
O60260	A320I	0.879	pathogenic
O60260	A320K	0.977	pathogenic
O60260	A320L	0.7013	pathogenic
O60260	A320M	0.6439	pathogenic
O60260	A320N	0.9467	pathogenic
O60260	A320P	0.9824	pathogenic
O60260	A320Q	0.9244	pathogenic
O60260	A320R	0.9209	pathogenic
O60260	A320S	0.3031	benign
O60260	A320T	0.1512	benign
O60260	A320V	0.4756	ambiguous
O60260	A320W	0.9911	pathogenic
O60260	A320Y	0.9858	pathogenic
O60260	E321A	0.7543	pathogenic
O60260	E321C	0.9959	pathogenic
O60260	E321D	0.9736	pathogenic
O60260	E321F	0.9972	pathogenic
O60260	E321G	0.8374	pathogenic
O60260	E321H	0.991	pathogenic
O60260	E321I	0.9855	pathogenic
O60260	E321K	0.8554	pathogenic
O60260	E321L	0.9787	pathogenic
O60260	E321M	0.969	pathogenic
O60260	E321N	0.9875	pathogenic
O60260	E321P	0.9972	pathogenic
O60260	E321Q	0.681	pathogenic
O60260	E321R	0.8916	pathogenic
O60260	E321S	0.907	pathogenic
O60260	E321T	0.9318	pathogenic
O60260	E321V	0.9366	pathogenic
O60260	E321W	0.9981	pathogenic
O60260	E321Y	0.9958	pathogenic
O60260	E322A	0.5597	ambiguous
O60260	E322C	0.9888	pathogenic
O60260	E322D	0.6556	pathogenic
O60260	E322F	0.9817	pathogenic
O60260	E322G	0.7505	pathogenic
O60260	E322H	0.9611	pathogenic
O60260	E322I	0.9485	pathogenic
O60260	E322K	0.8908	pathogenic
O60260	E322L	0.941	pathogenic
O60260	E322M	0.937	pathogenic
O60260	E322N	0.8868	pathogenic
O60260	E322P	0.9969	pathogenic
O60260	E322Q	0.6628	pathogenic
O60260	E322R	0.9094	pathogenic
O60260	E322S	0.8041	pathogenic
O60260	E322T	0.8675	pathogenic
O60260	E322V	0.839	pathogenic
O60260	E322W	0.9943	pathogenic
O60260	E322Y	0.9567	pathogenic
O60260	C323A	0.5579	ambiguous
O60260	C323D	0.9366	pathogenic
O60260	C323E	0.9417	pathogenic
O60260	C323F	0.2101	benign
O60260	C323G	0.367	ambiguous
O60260	C323H	0.6989	pathogenic
O60260	C323I	0.783	pathogenic
O60260	C323K	0.9515	pathogenic
O60260	C323L	0.5668	pathogenic
O60260	C323M	0.7342	pathogenic
O60260	C323N	0.8246	pathogenic
O60260	C323P	0.9954	pathogenic
O60260	C323Q	0.8657	pathogenic
O60260	C323R	0.7277	pathogenic
O60260	C323S	0.5764	pathogenic
O60260	C323T	0.7578	pathogenic
O60260	C323V	0.6082	pathogenic
O60260	C323W	0.4603	ambiguous
O60260	C323Y	0.2196	benign
O60260	V324A	0.7561	pathogenic
O60260	V324C	0.9538	pathogenic
O60260	V324D	0.9939	pathogenic
O60260	V324E	0.9736	pathogenic
O60260	V324F	0.6945	pathogenic
O60260	V324G	0.8762	pathogenic
O60260	V324H	0.9891	pathogenic
O60260	V324I	0.1112	benign
O60260	V324K	0.9809	pathogenic
O60260	V324L	0.2547	benign
O60260	V324M	0.4996	ambiguous
O60260	V324N	0.9757	pathogenic
O60260	V324P	0.9902	pathogenic
O60260	V324Q	0.9615	pathogenic
O60260	V324R	0.9521	pathogenic
O60260	V324S	0.9177	pathogenic
O60260	V324T	0.7678	pathogenic
O60260	V324W	0.9896	pathogenic
O60260	V324Y	0.9748	pathogenic
O60260	L325A	0.8816	pathogenic
O60260	L325C	0.9293	pathogenic
O60260	L325D	0.9932	pathogenic
O60260	L325E	0.9354	pathogenic
O60260	L325F	0.5555	ambiguous
O60260	L325G	0.9527	pathogenic
O60260	L325H	0.8535	pathogenic
O60260	L325I	0.3258	benign
O60260	L325K	0.8627	pathogenic
O60260	L325M	0.375	ambiguous
O60260	L325N	0.9643	pathogenic
O60260	L325P	0.9823	pathogenic
O60260	L325Q	0.6803	pathogenic
O60260	L325R	0.5997	pathogenic
O60260	L325S	0.9368	pathogenic
O60260	L325T	0.8938	pathogenic
O60260	L325V	0.4359	ambiguous
O60260	L325W	0.6789	pathogenic
O60260	L325Y	0.8779	pathogenic
O60260	Q326A	0.2627	benign
O60260	Q326C	0.6625	pathogenic
O60260	Q326D	0.6997	pathogenic
O60260	Q326E	0.138	benign
O60260	Q326F	0.8159	pathogenic
O60260	Q326G	0.3011	benign
O60260	Q326H	0.3653	ambiguous
O60260	Q326I	0.6428	pathogenic
O60260	Q326K	0.1337	benign
O60260	Q326L	0.169	benign
O60260	Q326M	0.481	ambiguous
O60260	Q326N	0.5281	ambiguous
O60260	Q326P	0.8128	pathogenic
O60260	Q326R	0.0983	benign
O60260	Q326S	0.3679	ambiguous
O60260	Q326T	0.3522	ambiguous
O60260	Q326V	0.4386	ambiguous
O60260	Q326W	0.6122	pathogenic
O60260	Q326Y	0.6537	pathogenic
O60260	M327A	0.4099	ambiguous
O60260	M327C	0.8147	pathogenic
O60260	M327D	0.8121	pathogenic
O60260	M327E	0.5219	ambiguous
O60260	M327F	0.4196	ambiguous
O60260	M327G	0.6461	pathogenic
O60260	M327H	0.5807	pathogenic
O60260	M327I	0.4374	ambiguous
O60260	M327K	0.3165	benign
O60260	M327L	0.0819	benign
O60260	M327N	0.5248	ambiguous
O60260	M327P	0.953	pathogenic
O60260	M327Q	0.3081	benign
O60260	M327R	0.2815	benign
O60260	M327S	0.4662	ambiguous
O60260	M327T	0.3807	ambiguous
O60260	M327V	0.2096	benign
O60260	M327W	0.5962	pathogenic
O60260	M327Y	0.6531	pathogenic
O60260	G328A	0.5628	ambiguous
O60260	G328C	0.7904	pathogenic
O60260	G328D	0.4252	ambiguous
O60260	G328E	0.5774	pathogenic
O60260	G328F	0.9594	pathogenic
O60260	G328H	0.8151	pathogenic
O60260	G328I	0.9521	pathogenic
O60260	G328K	0.7707	pathogenic
O60260	G328L	0.9291	pathogenic
O60260	G328M	0.9357	pathogenic
O60260	G328N	0.6329	pathogenic
O60260	G328P	0.9837	pathogenic
O60260	G328Q	0.6949	pathogenic
O60260	G328R	0.6495	pathogenic
O60260	G328S	0.3791	ambiguous
O60260	G328T	0.7593	pathogenic
O60260	G328V	0.8848	pathogenic
O60260	G328W	0.889	pathogenic
O60260	G328Y	0.8974	pathogenic
O60260	G329A	0.6128	pathogenic
O60260	G329C	0.8934	pathogenic
O60260	G329D	0.969	pathogenic
O60260	G329E	0.9687	pathogenic
O60260	G329F	0.9676	pathogenic
O60260	G329H	0.9837	pathogenic
O60260	G329I	0.9625	pathogenic
O60260	G329K	0.9872	pathogenic
O60260	G329L	0.9648	pathogenic
O60260	G329M	0.9718	pathogenic
O60260	G329N	0.9784	pathogenic
O60260	G329P	0.9972	pathogenic
O60260	G329Q	0.9766	pathogenic
O60260	G329R	0.955	pathogenic
O60260	G329S	0.6589	pathogenic
O60260	G329T	0.9095	pathogenic
O60260	G329V	0.9244	pathogenic
O60260	G329W	0.9348	pathogenic
O60260	G329Y	0.9634	pathogenic
O60260	V330A	0.3117	benign
O60260	V330C	0.7613	pathogenic
O60260	V330D	0.7831	pathogenic
O60260	V330E	0.5869	pathogenic
O60260	V330F	0.1645	benign
O60260	V330G	0.4255	ambiguous
O60260	V330H	0.7903	pathogenic
O60260	V330I	0.0854	benign
O60260	V330K	0.6717	pathogenic
O60260	V330L	0.1679	benign
O60260	V330M	0.161	benign
O60260	V330N	0.6585	pathogenic
O60260	V330P	0.9665	pathogenic
O60260	V330Q	0.5656	pathogenic
O60260	V330R	0.5481	ambiguous
O60260	V330S	0.4665	ambiguous
O60260	V330T	0.3851	ambiguous
O60260	V330W	0.7964	pathogenic
O60260	V330Y	0.621	pathogenic
O60260	L331A	0.8794	pathogenic
O60260	L331C	0.9034	pathogenic
O60260	L331D	0.9931	pathogenic
O60260	L331E	0.9731	pathogenic
O60260	L331F	0.4123	ambiguous
O60260	L331G	0.9572	pathogenic
O60260	L331H	0.8809	pathogenic
O60260	L331I	0.3859	ambiguous
O60260	L331K	0.9359	pathogenic
O60260	L331M	0.3616	ambiguous
O60260	L331N	0.9695	pathogenic
O60260	L331P	0.8771	pathogenic
O60260	L331Q	0.8461	pathogenic
O60260	L331R	0.7899	pathogenic
O60260	L331S	0.9351	pathogenic
O60260	L331T	0.8849	pathogenic
O60260	L331V	0.446	ambiguous
O60260	L331W	0.7272	pathogenic
O60260	L331Y	0.8585	pathogenic
O60260	C332A	0.9935	pathogenic
O60260	C332D	0.9982	pathogenic
O60260	C332E	0.9995	pathogenic
O60260	C332F	0.9643	pathogenic
O60260	C332G	0.98	pathogenic
O60260	C332H	0.9939	pathogenic
O60260	C332I	0.995	pathogenic
O60260	C332K	0.9998	pathogenic
O60260	C332L	0.9772	pathogenic
O60260	C332M	0.9971	pathogenic
O60260	C332N	0.9987	pathogenic
O60260	C332P	0.9943	pathogenic
O60260	C332Q	0.9993	pathogenic
O60260	C332R	0.996	pathogenic
O60260	C332S	0.9916	pathogenic
O60260	C332T	0.9984	pathogenic
O60260	C332V	0.9921	pathogenic
O60260	C332W	0.9869	pathogenic
O60260	C332Y	0.9844	pathogenic
O60260	P333A	0.6619	pathogenic
O60260	P333C	0.948	pathogenic
O60260	P333D	0.9833	pathogenic
O60260	P333E	0.9501	pathogenic
O60260	P333F	0.9654	pathogenic
O60260	P333G	0.9142	pathogenic
O60260	P333H	0.8595	pathogenic
O60260	P333I	0.916	pathogenic
O60260	P333K	0.9526	pathogenic
O60260	P333L	0.6745	pathogenic
O60260	P333M	0.9474	pathogenic
O60260	P333N	0.9751	pathogenic
O60260	P333Q	0.8525	pathogenic
O60260	P333R	0.7555	pathogenic
O60260	P333S	0.7878	pathogenic
O60260	P333T	0.7684	pathogenic
O60260	P333V	0.8317	pathogenic
O60260	P333W	0.9717	pathogenic
O60260	P333Y	0.9633	pathogenic
O60260	R334A	0.1044	benign
O60260	R334C	0.082	benign
O60260	R334D	0.2905	benign
O60260	R334E	0.1663	benign
O60260	R334F	0.2111	benign
O60260	R334G	0.0762	benign
O60260	R334H	0.0738	benign
O60260	R334I	0.1545	benign
O60260	R334K	0.1035	benign
O60260	R334L	0.1005	benign
O60260	R334M	0.1353	benign
O60260	R334N	0.1945	benign
O60260	R334P	0.4932	ambiguous
O60260	R334Q	0.0658	benign
O60260	R334S	0.0878	benign
O60260	R334T	0.0908	benign
O60260	R334V	0.1542	benign
O60260	R334W	0.1199	benign
O60260	R334Y	0.1499	benign
O60260	P335A	0.0765	benign
O60260	P335C	0.5428	ambiguous
O60260	P335D	0.5165	ambiguous
O60260	P335E	0.2616	benign
O60260	P335F	0.5084	ambiguous
O60260	P335G	0.3097	benign
O60260	P335H	0.2424	benign
O60260	P335I	0.3198	benign
O60260	P335K	0.2831	benign
O60260	P335L	0.1365	benign
O60260	P335M	0.3702	ambiguous
O60260	P335N	0.4669	ambiguous
O60260	P335Q	0.164	benign
O60260	P335R	0.1301	benign
O60260	P335S	0.1608	benign
O60260	P335T	0.1468	benign
O60260	P335V	0.1968	benign
O60260	P335W	0.5574	ambiguous
O60260	P335Y	0.49	ambiguous
O60260	G336A	0.1684	benign
O60260	G336C	0.2688	benign
O60260	G336D	0.1947	benign
O60260	G336E	0.2526	benign
O60260	G336F	0.5622	ambiguous
O60260	G336H	0.3629	ambiguous
O60260	G336I	0.4804	ambiguous
O60260	G336K	0.5291	ambiguous
O60260	G336L	0.5017	ambiguous
O60260	G336M	0.6001	pathogenic
O60260	G336N	0.2746	benign
O60260	G336P	0.8654	pathogenic
O60260	G336Q	0.3508	ambiguous
O60260	G336R	0.312	benign
O60260	G336S	0.1082	benign
O60260	G336T	0.233	benign
O60260	G336V	0.3303	benign
O60260	G336W	0.4624	ambiguous
O60260	G336Y	0.4413	ambiguous
O60260	C337A	0.9903	pathogenic
O60260	C337D	0.9932	pathogenic
O60260	C337E	0.998	pathogenic
O60260	C337F	0.9652	pathogenic
O60260	C337G	0.9469	pathogenic
O60260	C337H	0.9893	pathogenic
O60260	C337I	0.9938	pathogenic
O60260	C337K	0.9986	pathogenic
O60260	C337L	0.9834	pathogenic
O60260	C337M	0.9937	pathogenic
O60260	C337N	0.9952	pathogenic
O60260	C337P	0.9961	pathogenic
O60260	C337Q	0.9973	pathogenic
O60260	C337R	0.9854	pathogenic
O60260	C337S	0.9853	pathogenic
O60260	C337T	0.9939	pathogenic
O60260	C337V	0.9893	pathogenic
O60260	C337W	0.9708	pathogenic
O60260	C337Y	0.9815	pathogenic
O60260	G338A	0.5767	pathogenic
O60260	G338C	0.7646	pathogenic
O60260	G338D	0.9082	pathogenic
O60260	G338E	0.8913	pathogenic
O60260	G338F	0.9485	pathogenic
O60260	G338H	0.9077	pathogenic
O60260	G338I	0.9441	pathogenic
O60260	G338K	0.9261	pathogenic
O60260	G338L	0.926	pathogenic
O60260	G338M	0.9488	pathogenic
O60260	G338N	0.8998	pathogenic
O60260	G338P	0.9808	pathogenic
O60260	G338Q	0.8459	pathogenic
O60260	G338R	0.7444	pathogenic
O60260	G338S	0.4125	ambiguous
O60260	G338T	0.7966	pathogenic
O60260	G338V	0.8849	pathogenic
O60260	G338W	0.8909	pathogenic
O60260	G338Y	0.9352	pathogenic
O60260	A339C	0.6409	pathogenic
O60260	A339D	0.6511	pathogenic
O60260	A339E	0.4565	ambiguous
O60260	A339F	0.4539	ambiguous
O60260	A339G	0.2824	benign
O60260	A339H	0.6563	pathogenic
O60260	A339I	0.4945	ambiguous
O60260	A339K	0.7392	pathogenic
O60260	A339L	0.3544	ambiguous
O60260	A339M	0.3039	benign
O60260	A339N	0.5148	ambiguous
O60260	A339P	0.9398	pathogenic
O60260	A339Q	0.4401	ambiguous
O60260	A339R	0.5636	ambiguous
O60260	A339S	0.1294	benign
O60260	A339T	0.1737	benign
O60260	A339V	0.225	benign
O60260	A339W	0.8572	pathogenic
O60260	A339Y	0.6818	pathogenic
O60260	G340A	0.3171	benign
O60260	G340C	0.7608	pathogenic
O60260	G340D	0.9678	pathogenic
O60260	G340E	0.9556	pathogenic
O60260	G340F	0.9412	pathogenic
O60260	G340H	0.9799	pathogenic
O60260	G340I	0.8269	pathogenic
O60260	G340K	0.9861	pathogenic
O60260	G340L	0.8834	pathogenic
O60260	G340M	0.9452	pathogenic
O60260	G340N	0.9744	pathogenic
O60260	G340P	0.9697	pathogenic
O60260	G340Q	0.9659	pathogenic
O60260	G340R	0.936	pathogenic
O60260	G340S	0.4563	ambiguous
O60260	G340T	0.781	pathogenic
O60260	G340V	0.6803	pathogenic
O60260	G340W	0.931	pathogenic
O60260	G340Y	0.9516	pathogenic
O60260	L341A	0.8583	pathogenic
O60260	L341C	0.8275	pathogenic
O60260	L341D	0.9898	pathogenic
O60260	L341E	0.9344	pathogenic
O60260	L341F	0.1958	benign
O60260	L341G	0.955	pathogenic
O60260	L341H	0.7644	pathogenic
O60260	L341I	0.1114	benign
O60260	L341K	0.8393	pathogenic
O60260	L341M	0.2423	benign
O60260	L341N	0.955	pathogenic
O60260	L341P	0.9707	pathogenic
O60260	L341Q	0.739	pathogenic
O60260	L341R	0.6658	pathogenic
O60260	L341S	0.932	pathogenic
O60260	L341T	0.868	pathogenic
O60260	L341V	0.1774	benign
O60260	L341W	0.4954	ambiguous
O60260	L341Y	0.6622	pathogenic
O60260	L342A	0.7432	pathogenic
O60260	L342C	0.7699	pathogenic
O60260	L342D	0.966	pathogenic
O60260	L342E	0.8434	pathogenic
O60260	L342F	0.1687	benign
O60260	L342G	0.9141	pathogenic
O60260	L342H	0.629	pathogenic
O60260	L342I	0.1378	benign
O60260	L342K	0.7804	pathogenic
O60260	L342M	0.2334	benign
O60260	L342N	0.903	pathogenic
O60260	L342P	0.8075	pathogenic
O60260	L342Q	0.5628	ambiguous
O60260	L342R	0.5721	pathogenic
O60260	L342S	0.8127	pathogenic
O60260	L342T	0.7384	pathogenic
O60260	L342V	0.1878	benign
O60260	L342W	0.3485	ambiguous
O60260	L342Y	0.5392	ambiguous
O60260	P343A	0.1494	benign
O60260	P343C	0.6069	pathogenic
O60260	P343D	0.8772	pathogenic
O60260	P343E	0.6517	pathogenic
O60260	P343F	0.5995	pathogenic
O60260	P343G	0.559	ambiguous
O60260	P343H	0.5697	pathogenic
O60260	P343I	0.2908	benign
O60260	P343K	0.6989	pathogenic
O60260	P343L	0.0979	benign
O60260	P343M	0.3832	ambiguous
O60260	P343N	0.83	pathogenic
O60260	P343Q	0.4808	ambiguous
O60260	P343R	0.4415	ambiguous
O60260	P343S	0.3874	ambiguous
O60260	P343T	0.2347	benign
O60260	P343V	0.1674	benign
O60260	P343W	0.7076	pathogenic
O60260	P343Y	0.6972	pathogenic
O60260	E344A	0.0724	benign
O60260	E344C	0.5522	ambiguous
O60260	E344D	0.0869	benign
O60260	E344F	0.3965	ambiguous
O60260	E344G	0.0705	benign
O60260	E344H	0.2135	benign
O60260	E344I	0.1939	benign
O60260	E344K	0.0765	benign
O60260	E344L	0.1467	benign
O60260	E344M	0.2314	benign
O60260	E344N	0.1506	benign
O60260	E344P	0.1574	benign
O60260	E344Q	0.0811	benign
O60260	E344R	0.1113	benign
O60260	E344S	0.1033	benign
O60260	E344T	0.1215	benign
O60260	E344V	0.1096	benign
O60260	E344W	0.5713	pathogenic
O60260	E344Y	0.3278	benign
O60260	P345A	0.0573	benign
O60260	P345C	0.2718	benign
O60260	P345D	0.146	benign
O60260	P345E	0.1005	benign
O60260	P345F	0.2501	benign
O60260	P345G	0.1279	benign
O60260	P345H	0.1049	benign
O60260	P345I	0.1668	benign
O60260	P345K	0.1004	benign
O60260	P345L	0.0838	benign
O60260	P345M	0.1574	benign
O60260	P345N	0.1503	benign
O60260	P345Q	0.0766	benign
O60260	P345R	0.0759	benign
O60260	P345S	0.0797	benign
O60260	P345T	0.0655	benign
O60260	P345V	0.1185	benign
O60260	P345W	0.2418	benign
O60260	P345Y	0.2271	benign
O60260	D346A	0.0693	benign
O60260	D346C	0.1595	benign
O60260	D346E	0.0708	benign
O60260	D346F	0.2211	benign
O60260	D346G	0.0465	benign
O60260	D346H	0.0936	benign
O60260	D346I	0.1405	benign
O60260	D346K	0.1206	benign
O60260	D346L	0.1248	benign
O60260	D346M	0.2538	benign
O60260	D346N	0.0722	benign
O60260	D346P	0.2367	benign
O60260	D346Q	0.0932	benign
O60260	D346R	0.0984	benign
O60260	D346S	0.062	benign
O60260	D346T	0.0962	benign
O60260	D346V	0.0931	benign
O60260	D346W	0.334	benign
O60260	D346Y	0.1037	benign
O60260	Q347A	0.1177	benign
O60260	Q347C	0.2614	benign
O60260	Q347D	0.218	benign
O60260	Q347E	0.0665	benign
O60260	Q347F	0.3831	ambiguous
O60260	Q347G	0.1126	benign
O60260	Q347H	0.1412	benign
O60260	Q347I	0.1781	benign
O60260	Q347K	0.0737	benign
O60260	Q347L	0.0784	benign
O60260	Q347M	0.19	benign
O60260	Q347N	0.2238	benign
O60260	Q347P	0.1508	benign
O60260	Q347R	0.0638	benign
O60260	Q347S	0.1398	benign
O60260	Q347T	0.1082	benign
O60260	Q347V	0.1077	benign
O60260	Q347W	0.2106	benign
O60260	Q347Y	0.2545	benign
O60260	R348A	0.4023	ambiguous
O60260	R348C	0.2667	benign
O60260	R348D	0.6414	pathogenic
O60260	R348E	0.2797	benign
O60260	R348F	0.639	pathogenic
O60260	R348G	0.2224	benign
O60260	R348H	0.1748	benign
O60260	R348I	0.2855	benign
O60260	R348K	0.0978	benign
O60260	R348L	0.2632	benign
O60260	R348M	0.2738	benign
O60260	R348N	0.5698	pathogenic
O60260	R348P	0.4352	ambiguous
O60260	R348Q	0.1002	benign
O60260	R348S	0.5011	ambiguous
O60260	R348T	0.2544	benign
O60260	R348V	0.3268	benign
O60260	R348W	0.2034	benign
O60260	R348Y	0.4718	ambiguous
O60260	K349A	0.189	benign
O60260	K349C	0.4385	ambiguous
O60260	K349D	0.5257	ambiguous
O60260	K349E	0.1014	benign
O60260	K349F	0.474	ambiguous
O60260	K349G	0.2801	benign
O60260	K349H	0.241	benign
O60260	K349I	0.2008	benign
O60260	K349L	0.1537	benign
O60260	K349M	0.108	benign
O60260	K349N	0.3303	benign
O60260	K349P	0.4255	ambiguous
O60260	K349Q	0.0965	benign
O60260	K349R	0.0656	benign
O60260	K349S	0.2901	benign
O60260	K349T	0.1318	benign
O60260	K349V	0.1736	benign
O60260	K349W	0.439	ambiguous
O60260	K349Y	0.3666	ambiguous
O60260	V350A	0.5525	ambiguous
O60260	V350C	0.9061	pathogenic
O60260	V350D	0.8814	pathogenic
O60260	V350E	0.7458	pathogenic
O60260	V350F	0.3651	ambiguous
O60260	V350G	0.5581	ambiguous
O60260	V350H	0.9252	pathogenic
O60260	V350I	0.078	benign
O60260	V350K	0.8645	pathogenic
O60260	V350L	0.2474	benign
O60260	V350M	0.3003	benign
O60260	V350N	0.8251	pathogenic
O60260	V350P	0.933	pathogenic
O60260	V350Q	0.8144	pathogenic
O60260	V350R	0.8137	pathogenic
O60260	V350S	0.7684	pathogenic
O60260	V350T	0.675	pathogenic
O60260	V350W	0.9005	pathogenic
O60260	V350Y	0.7677	pathogenic
O60260	T351A	0.0716	benign
O60260	T351C	0.2439	benign
O60260	T351D	0.2314	benign
O60260	T351E	0.1655	benign
O60260	T351F	0.1097	benign
O60260	T351G	0.1772	benign
O60260	T351H	0.1473	benign
O60260	T351I	0.0697	benign
O60260	T351K	0.1326	benign
O60260	T351L	0.0673	benign
O60260	T351M	0.082	benign
O60260	T351N	0.1004	benign
O60260	T351P	0.1163	benign
O60260	T351Q	0.1406	benign
O60260	T351R	0.0924	benign
O60260	T351S	0.0957	benign
O60260	T351V	0.077	benign
O60260	T351W	0.3177	benign
O60260	T351Y	0.1669	benign
O60260	C352A	0.9731	pathogenic
O60260	C352D	0.9948	pathogenic
O60260	C352E	0.9975	pathogenic
O60260	C352F	0.9498	pathogenic
O60260	C352G	0.9153	pathogenic
O60260	C352H	0.9904	pathogenic
O60260	C352I	0.9858	pathogenic
O60260	C352K	0.9984	pathogenic
O60260	C352L	0.9634	pathogenic
O60260	C352M	0.9878	pathogenic
O60260	C352N	0.9962	pathogenic
O60260	C352P	0.9903	pathogenic
O60260	C352Q	0.9966	pathogenic
O60260	C352R	0.977	pathogenic
O60260	C352S	0.9734	pathogenic
O60260	C352T	0.9885	pathogenic
O60260	C352V	0.9684	pathogenic
O60260	C352W	0.9688	pathogenic
O60260	C352Y	0.9783	pathogenic
O60260	E353A	0.1125	benign
O60260	E353C	0.6204	pathogenic
O60260	E353D	0.1334	benign
O60260	E353F	0.4988	ambiguous
O60260	E353G	0.1122	benign
O60260	E353H	0.2574	benign
O60260	E353I	0.242	benign
O60260	E353K	0.0909	benign
O60260	E353L	0.211	benign
O60260	E353M	0.3171	benign
O60260	E353N	0.2283	benign
O60260	E353P	0.3089	benign
O60260	E353Q	0.0998	benign
O60260	E353R	0.1304	benign
O60260	E353S	0.1557	benign
O60260	E353T	0.1614	benign
O60260	E353V	0.1452	benign
O60260	E353W	0.6688	pathogenic
O60260	E353Y	0.4178	ambiguous
O60260	G354A	0.0632	benign
O60260	G354C	0.1365	benign
O60260	G354D	0.097	benign
O60260	G354E	0.064	benign
O60260	G354F	0.2385	benign
O60260	G354H	0.1502	benign
O60260	G354I	0.1153	benign
O60260	G354K	0.1067	benign
O60260	G354L	0.1419	benign
O60260	G354M	0.1666	benign
O60260	G354N	0.1541	benign
O60260	G354P	0.1554	benign
O60260	G354Q	0.0946	benign
O60260	G354R	0.0808	benign
O60260	G354S	0.0864	benign
O60260	G354T	0.0794	benign
O60260	G354V	0.0795	benign
O60260	G354W	0.1383	benign
O60260	G354Y	0.1729	benign
O60260	G355A	0.0895	benign
O60260	G355C	0.1095	benign
O60260	G355D	0.0917	benign
O60260	G355E	0.0928	benign
O60260	G355F	0.2392	benign
O60260	G355H	0.1534	benign
O60260	G355I	0.1231	benign
O60260	G355K	0.1435	benign
O60260	G355L	0.1765	benign
O60260	G355M	0.2139	benign
O60260	G355N	0.1318	benign
O60260	G355P	0.3479	ambiguous
O60260	G355Q	0.1239	benign
O60260	G355R	0.0936	benign
O60260	G355S	0.0777	benign
O60260	G355T	0.1005	benign
O60260	G355V	0.0934	benign
O60260	G355W	0.1651	benign
O60260	G355Y	0.1737	benign
O60260	N356A	0.0876	benign
O60260	N356C	0.1153	benign
O60260	N356D	0.0676	benign
O60260	N356E	0.1153	benign
O60260	N356F	0.1968	benign
O60260	N356G	0.0981	benign
O60260	N356H	0.0684	benign
O60260	N356I	0.112	benign
O60260	N356K	0.0993	benign
O60260	N356L	0.1094	benign
O60260	N356M	0.1717	benign
O60260	N356P	0.1535	benign
O60260	N356Q	0.1144	benign
O60260	N356R	0.0919	benign
O60260	N356S	0.0568	benign
O60260	N356T	0.0822	benign
O60260	N356V	0.1092	benign
O60260	N356W	0.2804	benign
O60260	N356Y	0.0857	benign
O60260	G357A	0.097	benign
O60260	G357C	0.1189	benign
O60260	G357D	0.0989	benign
O60260	G357E	0.1276	benign
O60260	G357F	0.2631	benign
O60260	G357H	0.154	benign
O60260	G357I	0.1544	benign
O60260	G357K	0.2241	benign
O60260	G357L	0.1988	benign
O60260	G357M	0.2743	benign
O60260	G357N	0.1458	benign
O60260	G357P	0.4078	ambiguous
O60260	G357Q	0.1684	benign
O60260	G357R	0.13	benign
O60260	G357S	0.0777	benign
O60260	G357T	0.1093	benign
O60260	G357V	0.1115	benign
O60260	G357W	0.2034	benign
O60260	G357Y	0.1769	benign
O60260	L358A	0.1628	benign
O60260	L358C	0.3789	ambiguous
O60260	L358D	0.4988	ambiguous
O60260	L358E	0.2556	benign
O60260	L358F	0.1043	benign
O60260	L358G	0.2909	benign
O60260	L358H	0.1834	benign
O60260	L358I	0.0941	benign
O60260	L358K	0.2192	benign
O60260	L358M	0.1097	benign
O60260	L358N	0.312	benign
O60260	L358P	0.1815	benign
O60260	L358Q	0.1241	benign
O60260	L358R	0.1277	benign
O60260	L358S	0.1915	benign
O60260	L358T	0.1744	benign
O60260	L358V	0.0937	benign
O60260	L358W	0.1392	benign
O60260	L358Y	0.2845	benign
O60260	G359A	0.3392	benign
O60260	G359C	0.5573	ambiguous
O60260	G359D	0.7764	pathogenic
O60260	G359E	0.7689	pathogenic
O60260	G359F	0.8267	pathogenic
O60260	G359H	0.853	pathogenic
O60260	G359I	0.7403	pathogenic
O60260	G359K	0.9199	pathogenic
O60260	G359L	0.7483	pathogenic
O60260	G359M	0.8913	pathogenic
O60260	G359N	0.8188	pathogenic
O60260	G359P	0.8726	pathogenic
O60260	G359Q	0.8225	pathogenic
O60260	G359R	0.7768	pathogenic
O60260	G359S	0.2978	benign
O60260	G359T	0.6098	pathogenic
O60260	G359V	0.6063	pathogenic
O60260	G359W	0.7513	pathogenic
O60260	G359Y	0.778	pathogenic
O60260	C360A	0.9741	pathogenic
O60260	C360D	0.975	pathogenic
O60260	C360E	0.9929	pathogenic
O60260	C360F	0.9089	pathogenic
O60260	C360G	0.8663	pathogenic
O60260	C360H	0.971	pathogenic
O60260	C360I	0.9859	pathogenic
O60260	C360K	0.9952	pathogenic
O60260	C360L	0.9596	pathogenic
O60260	C360M	0.9867	pathogenic
O60260	C360N	0.9843	pathogenic
O60260	C360P	0.9829	pathogenic
O60260	C360Q	0.9912	pathogenic
O60260	C360R	0.9588	pathogenic
O60260	C360S	0.9614	pathogenic
O60260	C360T	0.9845	pathogenic
O60260	C360V	0.977	pathogenic
O60260	C360W	0.9326	pathogenic
O60260	C360Y	0.9481	pathogenic
O60260	G361A	0.2958	benign
O60260	G361C	0.3765	ambiguous
O60260	G361D	0.3147	benign
O60260	G361E	0.3665	ambiguous
O60260	G361F	0.7797	pathogenic
O60260	G361H	0.4818	ambiguous
O60260	G361I	0.6984	pathogenic
O60260	G361K	0.5867	pathogenic
O60260	G361L	0.6759	pathogenic
O60260	G361M	0.7662	pathogenic
O60260	G361N	0.408	ambiguous
O60260	G361P	0.9084	pathogenic
O60260	G361Q	0.4012	ambiguous
O60260	G361R	0.3477	ambiguous
O60260	G361S	0.151	benign
O60260	G361T	0.4075	ambiguous
O60260	G361V	0.5685	pathogenic
O60260	G361W	0.6276	pathogenic
O60260	G361Y	0.6381	pathogenic
O60260	F362A	0.4224	ambiguous
O60260	F362C	0.362	ambiguous
O60260	F362D	0.7046	pathogenic
O60260	F362E	0.6961	pathogenic
O60260	F362G	0.5922	pathogenic
O60260	F362H	0.5094	ambiguous
O60260	F362I	0.2215	benign
O60260	F362K	0.7445	pathogenic
O60260	F362L	0.4601	ambiguous
O60260	F362M	0.3568	ambiguous
O60260	F362N	0.6252	pathogenic
O60260	F362P	0.9434	pathogenic
O60260	F362Q	0.6104	pathogenic
O60260	F362R	0.5877	pathogenic
O60260	F362S	0.3942	ambiguous
O60260	F362T	0.5007	ambiguous
O60260	F362V	0.2179	benign
O60260	F362W	0.3223	benign
O60260	F362Y	0.1647	benign
O60260	A363C	0.23	benign
O60260	A363D	0.1182	benign
O60260	A363E	0.1112	benign
O60260	A363F	0.1393	benign
O60260	A363G	0.1074	benign
O60260	A363H	0.2149	benign
O60260	A363I	0.0714	benign
O60260	A363K	0.2455	benign
O60260	A363L	0.0734	benign
O60260	A363M	0.1136	benign
O60260	A363N	0.1402	benign
O60260	A363P	0.1162	benign
O60260	A363Q	0.1725	benign
O60260	A363R	0.1625	benign
O60260	A363S	0.0695	benign
O60260	A363T	0.0638	benign
O60260	A363V	0.051	benign
O60260	A363W	0.3944	ambiguous
O60260	A363Y	0.2161	benign
O60260	F364A	0.9768	pathogenic
O60260	F364C	0.97	pathogenic
O60260	F364D	0.9978	pathogenic
O60260	F364E	0.9979	pathogenic
O60260	F364G	0.9878	pathogenic
O60260	F364H	0.988	pathogenic
O60260	F364I	0.8603	pathogenic
O60260	F364K	0.9983	pathogenic
O60260	F364L	0.9896	pathogenic
O60260	F364M	0.9662	pathogenic
O60260	F364N	0.9942	pathogenic
O60260	F364P	0.9988	pathogenic
O60260	F364Q	0.9962	pathogenic
O60260	F364R	0.9913	pathogenic
O60260	F364S	0.9733	pathogenic
O60260	F364T	0.9853	pathogenic
O60260	F364V	0.835	pathogenic
O60260	F364W	0.8898	pathogenic
O60260	F364Y	0.7687	pathogenic
O60260	C365A	0.9913	pathogenic
O60260	C365D	0.9951	pathogenic
O60260	C365E	0.9985	pathogenic
O60260	C365F	0.9601	pathogenic
O60260	C365G	0.9497	pathogenic
O60260	C365H	0.9832	pathogenic
O60260	C365I	0.9951	pathogenic
O60260	C365K	0.9993	pathogenic
O60260	C365L	0.9759	pathogenic
O60260	C365M	0.9968	pathogenic
O60260	C365N	0.9967	pathogenic
O60260	C365P	0.9958	pathogenic
O60260	C365Q	0.9968	pathogenic
O60260	C365R	0.9855	pathogenic
O60260	C365S	0.9801	pathogenic
O60260	C365T	0.9959	pathogenic
O60260	C365V	0.9905	pathogenic
O60260	C365W	0.978	pathogenic
O60260	C365Y	0.9781	pathogenic
O60260	R366A	0.5041	ambiguous
O60260	R366C	0.2759	benign
O60260	R366D	0.9132	pathogenic
O60260	R366E	0.5704	pathogenic
O60260	R366F	0.7118	pathogenic
O60260	R366G	0.3264	benign
O60260	R366H	0.2206	benign
O60260	R366I	0.4807	ambiguous
O60260	R366K	0.1442	benign
O60260	R366L	0.328	benign
O60260	R366M	0.4855	ambiguous
O60260	R366N	0.8547	pathogenic
O60260	R366P	0.787	pathogenic
O60260	R366Q	0.1303	benign
O60260	R366S	0.6401	pathogenic
O60260	R366T	0.4458	ambiguous
O60260	R366V	0.5015	ambiguous
O60260	R366W	0.2568	benign
O60260	R366Y	0.581	pathogenic
O60260	E367A	0.1058	benign
O60260	E367C	0.5918	pathogenic
O60260	E367D	0.0654	benign
O60260	E367F	0.4244	ambiguous
O60260	E367G	0.1147	benign
O60260	E367H	0.2212	benign
O60260	E367I	0.2006	benign
O60260	E367K	0.1331	benign
O60260	E367L	0.2028	benign
O60260	E367M	0.3241	benign
O60260	E367N	0.1147	benign
O60260	E367P	0.5923	pathogenic
O60260	E367Q	0.105	benign
O60260	E367R	0.1618	benign
O60260	E367S	0.1282	benign
O60260	E367T	0.151	benign
O60260	E367V	0.1241	benign
O60260	E367W	0.6447	pathogenic
O60260	E367Y	0.2898	benign
O60260	C368A	0.9782	pathogenic
O60260	C368D	0.9698	pathogenic
O60260	C368E	0.9908	pathogenic
O60260	C368F	0.9526	pathogenic
O60260	C368G	0.8173	pathogenic
O60260	C368H	0.9775	pathogenic
O60260	C368I	0.9906	pathogenic
O60260	C368K	0.9953	pathogenic
O60260	C368L	0.9693	pathogenic
O60260	C368M	0.9864	pathogenic
O60260	C368N	0.9832	pathogenic
O60260	C368P	0.9924	pathogenic
O60260	C368Q	0.9928	pathogenic
O60260	C368R	0.9661	pathogenic
O60260	C368S	0.978	pathogenic
O60260	C368T	0.9861	pathogenic
O60260	C368V	0.9794	pathogenic
O60260	C368W	0.9486	pathogenic
O60260	C368Y	0.9464	pathogenic
O60260	K369A	0.7393	pathogenic
O60260	K369C	0.8521	pathogenic
O60260	K369D	0.9321	pathogenic
O60260	K369E	0.5238	ambiguous
O60260	K369F	0.9279	pathogenic
O60260	K369G	0.5099	ambiguous
O60260	K369H	0.5761	pathogenic
O60260	K369I	0.8706	pathogenic
O60260	K369L	0.5333	ambiguous
O60260	K369M	0.4923	ambiguous
O60260	K369N	0.8478	pathogenic
O60260	K369P	0.9227	pathogenic
O60260	K369Q	0.3078	benign
O60260	K369R	0.093	benign
O60260	K369S	0.8002	pathogenic
O60260	K369T	0.5673	pathogenic
O60260	K369V	0.7853	pathogenic
O60260	K369W	0.8454	pathogenic
O60260	K369Y	0.8492	pathogenic
O60260	E370A	0.1243	benign
O60260	E370C	0.8338	pathogenic
O60260	E370D	0.1467	benign
O60260	E370F	0.7029	pathogenic
O60260	E370G	0.1166	benign
O60260	E370H	0.4896	ambiguous
O60260	E370I	0.4605	ambiguous
O60260	E370K	0.1966	benign
O60260	E370L	0.3405	ambiguous
O60260	E370M	0.4168	ambiguous
O60260	E370N	0.2811	benign
O60260	E370P	0.9062	pathogenic
O60260	E370Q	0.1479	benign
O60260	E370R	0.2654	benign
O60260	E370S	0.2307	benign
O60260	E370T	0.2441	benign
O60260	E370V	0.2244	benign
O60260	E370W	0.8598	pathogenic
O60260	E370Y	0.5674	pathogenic
O60260	A371C	0.4345	ambiguous
O60260	A371D	0.1099	benign
O60260	A371E	0.0876	benign
O60260	A371F	0.2285	benign
O60260	A371G	0.0992	benign
O60260	A371H	0.281	benign
O60260	A371I	0.1515	benign
O60260	A371K	0.206	benign
O60260	A371L	0.1236	benign
O60260	A371M	0.1671	benign
O60260	A371N	0.1596	benign
O60260	A371P	0.076	benign
O60260	A371Q	0.1618	benign
O60260	A371R	0.1788	benign
O60260	A371S	0.089	benign
O60260	A371T	0.0791	benign
O60260	A371V	0.0895	benign
O60260	A371W	0.4474	ambiguous
O60260	A371Y	0.2971	benign
O60260	Y372A	0.384	ambiguous
O60260	Y372C	0.1695	benign
O60260	Y372D	0.3333	benign
O60260	Y372E	0.6638	pathogenic
O60260	Y372F	0.0796	benign
O60260	Y372G	0.4317	ambiguous
O60260	Y372H	0.227	benign
O60260	Y372I	0.5385	ambiguous
O60260	Y372K	0.7886	pathogenic
O60260	Y372L	0.5713	pathogenic
O60260	Y372M	0.717	pathogenic
O60260	Y372N	0.2997	benign
O60260	Y372P	0.5616	ambiguous
O60260	Y372Q	0.6246	pathogenic
O60260	Y372R	0.5647	pathogenic
O60260	Y372S	0.2141	benign
O60260	Y372T	0.5298	ambiguous
O60260	Y372V	0.4001	ambiguous
O60260	Y372W	0.2192	benign
O60260	H373A	0.8929	pathogenic
O60260	H373C	0.5899	pathogenic
O60260	H373D	0.87	pathogenic
O60260	H373E	0.8294	pathogenic
O60260	H373F	0.829	pathogenic
O60260	H373G	0.828	pathogenic
O60260	H373I	0.9184	pathogenic
O60260	H373K	0.7375	pathogenic
O60260	H373L	0.6386	pathogenic
O60260	H373M	0.942	pathogenic
O60260	H373N	0.7579	pathogenic
O60260	H373P	0.5849	pathogenic
O60260	H373Q	0.7127	pathogenic
O60260	H373R	0.3323	benign
O60260	H373S	0.8418	pathogenic
O60260	H373T	0.8865	pathogenic
O60260	H373V	0.8547	pathogenic
O60260	H373W	0.7137	pathogenic
O60260	H373Y	0.5715	pathogenic
O60260	E374A	0.0991	benign
O60260	E374C	0.6139	pathogenic
O60260	E374D	0.0946	benign
O60260	E374F	0.513	ambiguous
O60260	E374G	0.1111	benign
O60260	E374H	0.2307	benign
O60260	E374I	0.2628	benign
O60260	E374K	0.0845	benign
O60260	E374L	0.2322	benign
O60260	E374M	0.3307	benign
O60260	E374N	0.1818	benign
O60260	E374P	0.233	benign
O60260	E374Q	0.0987	benign
O60260	E374R	0.1189	benign
O60260	E374S	0.1399	benign
O60260	E374T	0.1433	benign
O60260	E374V	0.1512	benign
O60260	E374W	0.631	pathogenic
O60260	E374Y	0.4002	ambiguous
O60260	G375A	0.1844	benign
O60260	G375C	0.4397	ambiguous
O60260	G375D	0.1532	benign
O60260	G375E	0.1714	benign
O60260	G375F	0.6987	pathogenic
O60260	G375H	0.4909	ambiguous
O60260	G375I	0.5073	ambiguous
O60260	G375K	0.3735	ambiguous
O60260	G375L	0.5511	ambiguous
O60260	G375M	0.5708	pathogenic
O60260	G375N	0.3224	benign
O60260	G375P	0.8063	pathogenic
O60260	G375Q	0.3748	ambiguous
O60260	G375R	0.3131	benign
O60260	G375S	0.1502	benign
O60260	G375T	0.247	benign
O60260	G375V	0.3175	benign
O60260	G375W	0.4874	ambiguous
O60260	G375Y	0.5381	ambiguous
O60260	E376A	0.08	benign
O60260	E376C	0.4878	ambiguous
O60260	E376D	0.0767	benign
O60260	E376F	0.3976	ambiguous
O60260	E376G	0.0824	benign
O60260	E376H	0.2016	benign
O60260	E376I	0.1953	benign
O60260	E376K	0.0829	benign
O60260	E376L	0.1929	benign
O60260	E376M	0.2622	benign
O60260	E376N	0.1354	benign
O60260	E376P	0.162	benign
O60260	E376Q	0.0903	benign
O60260	E376R	0.1126	benign
O60260	E376S	0.1077	benign
O60260	E376T	0.1175	benign
O60260	E376V	0.1205	benign
O60260	E376W	0.5436	ambiguous
O60260	E376Y	0.3006	benign
O60260	C377A	0.9157	pathogenic
O60260	C377D	0.9517	pathogenic
O60260	C377E	0.9797	pathogenic
O60260	C377F	0.834	pathogenic
O60260	C377G	0.7251	pathogenic
O60260	C377H	0.9644	pathogenic
O60260	C377I	0.9222	pathogenic
O60260	C377K	0.9881	pathogenic
O60260	C377L	0.8881	pathogenic
O60260	C377M	0.9572	pathogenic
O60260	C377N	0.9582	pathogenic
O60260	C377P	0.9117	pathogenic
O60260	C377Q	0.9845	pathogenic
O60260	C377R	0.939	pathogenic
O60260	C377S	0.9404	pathogenic
O60260	C377T	0.9564	pathogenic
O60260	C377V	0.8943	pathogenic
O60260	C377W	0.9283	pathogenic
O60260	C377Y	0.8565	pathogenic
O60260	S378A	0.0647	benign
O60260	S378C	0.0817	benign
O60260	S378D	0.1102	benign
O60260	S378E	0.1373	benign
O60260	S378F	0.118	benign
O60260	S378G	0.0572	benign
O60260	S378H	0.1127	benign
O60260	S378I	0.0875	benign
O60260	S378K	0.1744	benign
O60260	S378L	0.0842	benign
O60260	S378M	0.1453	benign
O60260	S378N	0.0802	benign
O60260	S378P	0.0928	benign
O60260	S378Q	0.156	benign
O60260	S378R	0.1168	benign
O60260	S378T	0.0692	benign
O60260	S378V	0.0956	benign
O60260	S378W	0.1379	benign
O60260	S378Y	0.1137	benign
O60260	A379C	0.2526	benign
O60260	A379D	0.1107	benign
O60260	A379E	0.1089	benign
O60260	A379F	0.1508	benign
O60260	A379G	0.0894	benign
O60260	A379H	0.1843	benign
O60260	A379I	0.1257	benign
O60260	A379K	0.1577	benign
O60260	A379L	0.0911	benign
O60260	A379M	0.1177	benign
O60260	A379N	0.1297	benign
O60260	A379P	0.0894	benign
O60260	A379Q	0.1481	benign
O60260	A379R	0.1279	benign
O60260	A379S	0.0786	benign
O60260	A379T	0.0667	benign
O60260	A379V	0.0755	benign
O60260	A379W	0.2871	benign
O60260	A379Y	0.2113	benign
O60260	V380A	0.069	benign
O60260	V380C	0.3188	benign
O60260	V380D	0.1023	benign
O60260	V380E	0.094	benign
O60260	V380F	0.0706	benign
O60260	V380G	0.0706	benign
O60260	V380H	0.1597	benign
O60260	V380I	0.0753	benign
O60260	V380K	0.1173	benign
O60260	V380L	0.0627	benign
O60260	V380M	0.0806	benign
O60260	V380N	0.1023	benign
O60260	V380P	0.0962	benign
O60260	V380Q	0.0999	benign
O60260	V380R	0.085	benign
O60260	V380S	0.076	benign
O60260	V380T	0.0878	benign
O60260	V380W	0.2371	benign
O60260	V380Y	0.1938	benign
O60260	F381A	0.0855	benign
O60260	F381C	0.0993	benign
O60260	F381D	0.1901	benign
O60260	F381E	0.2285	benign
O60260	F381G	0.1603	benign
O60260	F381H	0.2046	benign
O60260	F381I	0.0819	benign
O60260	F381K	0.2676	benign
O60260	F381L	0.316	benign
O60260	F381M	0.1979	benign
O60260	F381N	0.1788	benign
O60260	F381P	0.204	benign
O60260	F381Q	0.2191	benign
O60260	F381R	0.1727	benign
O60260	F381S	0.077	benign
O60260	F381T	0.0951	benign
O60260	F381V	0.0741	benign
O60260	F381W	0.1612	benign
O60260	F381Y	0.0991	benign
O60260	E382A	0.0764	benign
O60260	E382C	0.4913	ambiguous
O60260	E382D	0.1056	benign
O60260	E382F	0.4036	ambiguous
O60260	E382G	0.0778	benign
O60260	E382H	0.1902	benign
O60260	E382I	0.2295	benign
O60260	E382K	0.0925	benign
O60260	E382L	0.1663	benign
O60260	E382M	0.2604	benign
O60260	E382N	0.1862	benign
O60260	E382P	0.1477	benign
O60260	E382Q	0.0849	benign
O60260	E382R	0.107	benign
O60260	E382S	0.1098	benign
O60260	E382T	0.1141	benign
O60260	E382V	0.1286	benign
O60260	E382W	0.5105	ambiguous
O60260	E382Y	0.3117	benign
O60260	A383C	0.3389	benign
O60260	A383D	0.108	benign
O60260	A383E	0.1132	benign
O60260	A383F	0.1757	benign
O60260	A383G	0.084	benign
O60260	A383H	0.2445	benign
O60260	A383I	0.1481	benign
O60260	A383K	0.2073	benign
O60260	A383L	0.1168	benign
O60260	A383M	0.151	benign
O60260	A383N	0.1361	benign
O60260	A383P	0.0912	benign
O60260	A383Q	0.18	benign
O60260	A383R	0.1749	benign
O60260	A383S	0.082	benign
O60260	A383T	0.0705	benign
O60260	A383V	0.0838	benign
O60260	A383W	0.3991	ambiguous
O60260	A383Y	0.235	benign
O60260	S384A	0.0582	benign
O60260	S384C	0.094	benign
O60260	S384D	0.191	benign
O60260	S384E	0.1995	benign
O60260	S384F	0.1182	benign
O60260	S384G	0.0698	benign
O60260	S384H	0.1999	benign
O60260	S384I	0.1227	benign
O60260	S384K	0.2944	benign
O60260	S384L	0.0776	benign
O60260	S384M	0.1603	benign
O60260	S384N	0.1274	benign
O60260	S384P	0.071	benign
O60260	S384Q	0.2366	benign
O60260	S384R	0.2134	benign
O60260	S384T	0.0726	benign
O60260	S384V	0.1088	benign
O60260	S384W	0.1344	benign
O60260	S384Y	0.1183	benign
O60260	G385A	0.084	benign
O60260	G385C	0.1412	benign
O60260	G385D	0.111	benign
O60260	G385E	0.1089	benign
O60260	G385F	0.3062	benign
O60260	G385H	0.2125	benign
O60260	G385I	0.1587	benign
O60260	G385K	0.2075	benign
O60260	G385L	0.212	benign
O60260	G385M	0.2746	benign
O60260	G385N	0.1864	benign
O60260	G385P	0.2991	benign
O60260	G385Q	0.1677	benign
O60260	G385R	0.1266	benign
O60260	G385S	0.0851	benign
O60260	G385T	0.1085	benign
O60260	G385V	0.1026	benign
O60260	G385W	0.2012	benign
O60260	G385Y	0.2377	benign
O60260	T386A	0.0565	benign
O60260	T386C	0.2594	benign
O60260	T386D	0.1485	benign
O60260	T386E	0.1174	benign
O60260	T386F	0.1367	benign
O60260	T386G	0.1017	benign
O60260	T386H	0.1382	benign
O60260	T386I	0.1003	benign
O60260	T386K	0.098	benign
O60260	T386L	0.0792	benign
O60260	T386M	0.0715	benign
O60260	T386N	0.0885	benign
O60260	T386P	0.0736	benign
O60260	T386Q	0.1116	benign
O60260	T386R	0.0776	benign
O60260	T386S	0.0833	benign
O60260	T386V	0.0852	benign
O60260	T386W	0.2732	benign
O60260	T386Y	0.1656	benign
O60260	T387A	0.0551	benign
O60260	T387C	0.2786	benign
O60260	T387D	0.1433	benign
O60260	T387E	0.1175	benign
O60260	T387F	0.1511	benign
O60260	T387G	0.1027	benign
O60260	T387H	0.1555	benign
O60260	T387I	0.0885	benign
O60260	T387K	0.1138	benign
O60260	T387L	0.0836	benign
O60260	T387M	0.0738	benign
O60260	T387N	0.0924	benign
O60260	T387P	0.0735	benign
O60260	T387Q	0.1244	benign
O60260	T387R	0.0885	benign
O60260	T387S	0.0843	benign
O60260	T387V	0.0721	benign
O60260	T387W	0.3333	benign
O60260	T387Y	0.1898	benign
O60260	T388A	0.0563	benign
O60260	T388C	0.2684	benign
O60260	T388D	0.1698	benign
O60260	T388E	0.1381	benign
O60260	T388F	0.1518	benign
O60260	T388G	0.1081	benign
O60260	T388H	0.1476	benign
O60260	T388I	0.1114	benign
O60260	T388K	0.1208	benign
O60260	T388L	0.0819	benign
O60260	T388M	0.0866	benign
O60260	T388N	0.0952	benign
O60260	T388P	0.0672	benign
O60260	T388Q	0.123	benign
O60260	T388R	0.0911	benign
O60260	T388S	0.0757	benign
O60260	T388V	0.0929	benign
O60260	T388W	0.3176	benign
O60260	T388Y	0.1865	benign
O60260	Q389A	0.1437	benign
O60260	Q389C	0.6709	pathogenic
O60260	Q389D	0.308	benign
O60260	Q389E	0.0798	benign
O60260	Q389F	0.6913	pathogenic
O60260	Q389G	0.1625	benign
O60260	Q389H	0.2847	benign
O60260	Q389I	0.4356	ambiguous
O60260	Q389K	0.1203	benign
O60260	Q389L	0.1602	benign
O60260	Q389M	0.3564	ambiguous
O60260	Q389N	0.3234	benign
O60260	Q389P	0.0925	benign
O60260	Q389R	0.1038	benign
O60260	Q389S	0.2026	benign
O60260	Q389T	0.1766	benign
O60260	Q389V	0.2226	benign
O60260	Q389W	0.4889	ambiguous
O60260	Q389Y	0.5166	ambiguous
O60260	A390C	0.3451	ambiguous
O60260	A390D	0.1315	benign
O60260	A390E	0.1454	benign
O60260	A390F	0.2188	benign
O60260	A390G	0.0815	benign
O60260	A390H	0.2859	benign
O60260	A390I	0.1721	benign
O60260	A390K	0.2972	benign
O60260	A390L	0.137	benign
O60260	A390M	0.1878	benign
O60260	A390N	0.1574	benign
O60260	A390P	0.0988	benign
O60260	A390Q	0.2151	benign
O60260	A390R	0.2237	benign
O60260	A390S	0.0869	benign
O60260	A390T	0.0774	benign
O60260	A390V	0.0893	benign
O60260	A390W	0.4605	ambiguous
O60260	A390Y	0.3006	benign
O60260	Y391A	0.6284	pathogenic
O60260	Y391C	0.1968	benign
O60260	Y391D	0.6026	pathogenic
O60260	Y391E	0.8371	pathogenic
O60260	Y391F	0.0852	benign
O60260	Y391G	0.5466	ambiguous
O60260	Y391H	0.4856	ambiguous
O60260	Y391I	0.6109	pathogenic
O60260	Y391K	0.8644	pathogenic
O60260	Y391L	0.5422	ambiguous
O60260	Y391M	0.7257	pathogenic
O60260	Y391N	0.5023	ambiguous
O60260	Y391P	0.7544	pathogenic
O60260	Y391Q	0.7841	pathogenic
O60260	Y391R	0.7203	pathogenic
O60260	Y391S	0.3794	ambiguous
O60260	Y391T	0.6484	pathogenic
O60260	Y391V	0.4496	ambiguous
O60260	Y391W	0.3254	benign
O60260	R392A	0.1216	benign
O60260	R392C	0.1157	benign
O60260	R392D	0.2913	benign
O60260	R392E	0.1367	benign
O60260	R392F	0.2658	benign
O60260	R392G	0.092	benign
O60260	R392H	0.0901	benign
O60260	R392I	0.115	benign
O60260	R392K	0.0848	benign
O60260	R392L	0.104	benign
O60260	R392M	0.138	benign
O60260	R392N	0.2796	benign
O60260	R392P	0.2187	benign
O60260	R392Q	0.0766	benign
O60260	R392S	0.165	benign
O60260	R392T	0.0867	benign
O60260	R392V	0.1258	benign
O60260	R392W	0.1166	benign
O60260	R392Y	0.2307	benign
O60260	V393A	0.3326	benign
O60260	V393C	0.904	pathogenic
O60260	V393D	0.7069	pathogenic
O60260	V393E	0.5803	pathogenic
O60260	V393F	0.362	ambiguous
O60260	V393G	0.3906	ambiguous
O60260	V393H	0.8771	pathogenic
O60260	V393I	0.0965	benign
O60260	V393K	0.7172	pathogenic
O60260	V393L	0.4026	ambiguous
O60260	V393M	0.3196	benign
O60260	V393N	0.6985	pathogenic
O60260	V393P	0.6718	pathogenic
O60260	V393Q	0.6784	pathogenic
O60260	V393R	0.6371	pathogenic
O60260	V393S	0.5423	ambiguous
O60260	V393T	0.3678	ambiguous
O60260	V393W	0.8892	pathogenic
O60260	V393Y	0.836	pathogenic
O60260	D394A	0.288	benign
O60260	D394C	0.6773	pathogenic
O60260	D394E	0.3437	ambiguous
O60260	D394F	0.7748	pathogenic
O60260	D394G	0.2446	benign
O60260	D394H	0.4016	ambiguous
O60260	D394I	0.6478	pathogenic
O60260	D394K	0.6133	pathogenic
O60260	D394L	0.5754	pathogenic
O60260	D394M	0.7949	pathogenic
O60260	D394N	0.1259	benign
O60260	D394P	0.721	pathogenic
O60260	D394Q	0.5312	ambiguous
O60260	D394R	0.5426	ambiguous
O60260	D394S	0.1525	benign
O60260	D394T	0.4081	ambiguous
O60260	D394V	0.4129	ambiguous
O60260	D394W	0.8921	pathogenic
O60260	D394Y	0.3844	ambiguous
O60260	E395A	0.1033	benign
O60260	E395C	0.7166	pathogenic
O60260	E395D	0.1518	benign
O60260	E395F	0.5952	pathogenic
O60260	E395G	0.1	benign
O60260	E395H	0.3056	benign
O60260	E395I	0.2838	benign
O60260	E395K	0.0764	benign
O60260	E395L	0.2618	benign
O60260	E395M	0.3331	benign
O60260	E395N	0.2449	benign
O60260	E395P	0.2552	benign
O60260	E395Q	0.0985	benign
O60260	E395R	0.1213	benign
O60260	E395S	0.1674	benign
O60260	E395T	0.1673	benign
O60260	E395V	0.1666	benign
O60260	E395W	0.6942	pathogenic
O60260	E395Y	0.4679	ambiguous
O60260	R396A	0.0884	benign
O60260	R396C	0.1618	benign
O60260	R396D	0.1658	benign
O60260	R396E	0.0876	benign
O60260	R396F	0.2158	benign
O60260	R396G	0.0745	benign
O60260	R396H	0.0916	benign
O60260	R396I	0.1005	benign
O60260	R396K	0.0558	benign
O60260	R396L	0.0882	benign
O60260	R396M	0.0864	benign
O60260	R396N	0.1504	benign
O60260	R396P	0.2284	benign
O60260	R396Q	0.0697	benign
O60260	R396S	0.1216	benign
O60260	R396T	0.0725	benign
O60260	R396V	0.1128	benign
O60260	R396W	0.1164	benign
O60260	R396Y	0.1891	benign
O60260	A397C	0.6303	pathogenic
O60260	A397D	0.3302	benign
O60260	A397E	0.252	benign
O60260	A397F	0.3963	ambiguous
O60260	A397G	0.2144	benign
O60260	A397H	0.4873	ambiguous
O60260	A397I	0.3223	benign
O60260	A397K	0.3994	ambiguous
O60260	A397L	0.2133	benign
O60260	A397M	0.2715	benign
O60260	A397N	0.3002	benign
O60260	A397P	0.6243	pathogenic
O60260	A397Q	0.3263	benign
O60260	A397R	0.2978	benign
O60260	A397S	0.1305	benign
O60260	A397T	0.1146	benign
O60260	A397V	0.1468	benign
O60260	A397W	0.7438	pathogenic
O60260	A397Y	0.5332	ambiguous
O60260	A398C	0.7369	pathogenic
O60260	A398D	0.6869	pathogenic
O60260	A398E	0.3922	ambiguous
O60260	A398F	0.5929	pathogenic
O60260	A398G	0.2849	benign
O60260	A398H	0.7776	pathogenic
O60260	A398I	0.4602	ambiguous
O60260	A398K	0.624	pathogenic
O60260	A398L	0.3363	benign
O60260	A398M	0.3766	ambiguous
O60260	A398N	0.6359	pathogenic
O60260	A398P	0.8124	pathogenic
O60260	A398Q	0.495	ambiguous
O60260	A398R	0.468	ambiguous
O60260	A398S	0.1645	benign
O60260	A398T	0.1649	benign
O60260	A398V	0.1975	benign
O60260	A398W	0.8447	pathogenic
O60260	A398Y	0.7552	pathogenic
O60260	E399A	0.1119	benign
O60260	E399C	0.7019	pathogenic
O60260	E399D	0.1832	benign
O60260	E399F	0.5843	pathogenic
O60260	E399G	0.1137	benign
O60260	E399H	0.3182	benign
O60260	E399I	0.2881	benign
O60260	E399K	0.0924	benign
O60260	E399L	0.227	benign
O60260	E399M	0.3266	benign
O60260	E399N	0.2621	benign
O60260	E399P	0.724	pathogenic
O60260	E399Q	0.0918	benign
O60260	E399R	0.126	benign
O60260	E399S	0.1804	benign
O60260	E399T	0.2044	benign
O60260	E399V	0.1669	benign
O60260	E399W	0.7124	pathogenic
O60260	E399Y	0.4698	ambiguous
O60260	Q400A	0.1337	benign
O60260	Q400C	0.3772	ambiguous
O60260	Q400D	0.2308	benign
O60260	Q400E	0.0735	benign
O60260	Q400F	0.4373	ambiguous
O60260	Q400G	0.1538	benign
O60260	Q400H	0.1381	benign
O60260	Q400I	0.264	benign
O60260	Q400K	0.0708	benign
O60260	Q400L	0.0943	benign
O60260	Q400M	0.2478	benign
O60260	Q400N	0.1993	benign
O60260	Q400P	0.2341	benign
O60260	Q400R	0.0646	benign
O60260	Q400S	0.2012	benign
O60260	Q400T	0.152	benign
O60260	Q400V	0.1762	benign
O60260	Q400W	0.2398	benign
O60260	Q400Y	0.2656	benign
O60260	A401C	0.8811	pathogenic
O60260	A401D	0.9355	pathogenic
O60260	A401E	0.9088	pathogenic
O60260	A401F	0.9239	pathogenic
O60260	A401G	0.2117	benign
O60260	A401H	0.9502	pathogenic
O60260	A401I	0.9559	pathogenic
O60260	A401K	0.9762	pathogenic
O60260	A401L	0.8467	pathogenic
O60260	A401M	0.8829	pathogenic
O60260	A401N	0.8847	pathogenic
O60260	A401P	0.9677	pathogenic
O60260	A401Q	0.8959	pathogenic
O60260	A401R	0.9302	pathogenic
O60260	A401S	0.1453	benign
O60260	A401T	0.6632	pathogenic
O60260	A401V	0.7885	pathogenic
O60260	A401W	0.9802	pathogenic
O60260	A401Y	0.9427	pathogenic
O60260	R402A	0.4203	ambiguous
O60260	R402C	0.1251	benign
O60260	R402D	0.7972	pathogenic
O60260	R402E	0.43	ambiguous
O60260	R402F	0.6176	pathogenic
O60260	R402G	0.3039	benign
O60260	R402H	0.1571	benign
O60260	R402I	0.3657	ambiguous
O60260	R402K	0.179	benign
O60260	R402L	0.2609	benign
O60260	R402M	0.4179	ambiguous
O60260	R402N	0.71	pathogenic
O60260	R402P	0.8662	pathogenic
O60260	R402Q	0.1002	benign
O60260	R402S	0.5025	ambiguous
O60260	R402T	0.3661	ambiguous
O60260	R402V	0.3845	ambiguous
O60260	R402W	0.2438	benign
O60260	R402Y	0.4595	ambiguous
O60260	W403A	0.915	pathogenic
O60260	W403C	0.9775	pathogenic
O60260	W403D	0.9752	pathogenic
O60260	W403E	0.9637	pathogenic
O60260	W403F	0.7679	pathogenic
O60260	W403G	0.742	pathogenic
O60260	W403H	0.9701	pathogenic
O60260	W403I	0.9506	pathogenic
O60260	W403K	0.9855	pathogenic
O60260	W403L	0.8556	pathogenic
O60260	W403M	0.9483	pathogenic
O60260	W403N	0.9794	pathogenic
O60260	W403P	0.9861	pathogenic
O60260	W403Q	0.975	pathogenic
O60260	W403R	0.9727	pathogenic
O60260	W403S	0.8643	pathogenic
O60260	W403T	0.9378	pathogenic
O60260	W403V	0.9261	pathogenic
O60260	W403Y	0.8809	pathogenic
O60260	E404A	0.6176	pathogenic
O60260	E404C	0.9795	pathogenic
O60260	E404D	0.2773	benign
O60260	E404F	0.9765	pathogenic
O60260	E404G	0.5842	pathogenic
O60260	E404H	0.9047	pathogenic
O60260	E404I	0.9201	pathogenic
O60260	E404K	0.736	pathogenic
O60260	E404L	0.9023	pathogenic
O60260	E404M	0.9153	pathogenic
O60260	E404N	0.7628	pathogenic
O60260	E404P	0.9665	pathogenic
O60260	E404Q	0.5778	pathogenic
O60260	E404R	0.8061	pathogenic
O60260	E404S	0.7389	pathogenic
O60260	E404T	0.7974	pathogenic
O60260	E404V	0.7613	pathogenic
O60260	E404W	0.9832	pathogenic
O60260	E404Y	0.9397	pathogenic
O60260	A405C	0.4905	ambiguous
O60260	A405D	0.1038	benign
O60260	A405E	0.0514	benign
O60260	A405F	0.2384	benign
O60260	A405G	0.1196	benign
O60260	A405H	0.2324	benign
O60260	A405I	0.1582	benign
O60260	A405K	0.1354	benign
O60260	A405L	0.1161	benign
O60260	A405M	0.1383	benign
O60260	A405N	0.1544	benign
O60260	A405P	0.3887	ambiguous
O60260	A405Q	0.1086	benign
O60260	A405R	0.1414	benign
O60260	A405S	0.101	benign
O60260	A405T	0.0795	benign
O60260	A405V	0.0835	benign
O60260	A405W	0.4445	ambiguous
O60260	A405Y	0.2753	benign
O60260	A406C	0.5642	pathogenic
O60260	A406D	0.231	benign
O60260	A406E	0.206	benign
O60260	A406F	0.4023	ambiguous
O60260	A406G	0.2132	benign
O60260	A406H	0.5216	ambiguous
O60260	A406I	0.339	benign
O60260	A406K	0.453	ambiguous
O60260	A406L	0.254	benign
O60260	A406M	0.3105	benign
O60260	A406N	0.3205	benign
O60260	A406P	0.6637	pathogenic
O60260	A406Q	0.3271	benign
O60260	A406R	0.386	ambiguous
O60260	A406S	0.1003	benign
O60260	A406T	0.113	benign
O60260	A406V	0.1606	benign
O60260	A406W	0.7532	pathogenic
O60260	A406Y	0.544	ambiguous
O60260	S407A	0.2394	benign
O60260	S407C	0.5129	ambiguous
O60260	S407D	0.9007	pathogenic
O60260	S407E	0.9196	pathogenic
O60260	S407F	0.892	pathogenic
O60260	S407G	0.308	benign
O60260	S407H	0.9388	pathogenic
O60260	S407I	0.8606	pathogenic
O60260	S407K	0.988	pathogenic
O60260	S407L	0.5688	pathogenic
O60260	S407M	0.7308	pathogenic
O60260	S407N	0.7231	pathogenic
O60260	S407P	0.9254	pathogenic
O60260	S407Q	0.929	pathogenic
O60260	S407R	0.9766	pathogenic
O60260	S407T	0.1632	benign
O60260	S407V	0.7436	pathogenic
O60260	S407W	0.8883	pathogenic
O60260	S407Y	0.8762	pathogenic
O60260	K408A	0.2238	benign
O60260	K408C	0.6728	pathogenic
O60260	K408D	0.5619	ambiguous
O60260	K408E	0.1005	benign
O60260	K408F	0.7271	pathogenic
O60260	K408G	0.3385	benign
O60260	K408H	0.3548	ambiguous
O60260	K408I	0.3127	benign
O60260	K408L	0.2304	benign
O60260	K408M	0.1716	benign
O60260	K408N	0.429	ambiguous
O60260	K408P	0.8248	pathogenic
O60260	K408Q	0.1016	benign
O60260	K408R	0.0676	benign
O60260	K408S	0.3539	ambiguous
O60260	K408T	0.1567	benign
O60260	K408V	0.2499	benign
O60260	K408W	0.5894	pathogenic
O60260	K408Y	0.5936	pathogenic
O60260	E409A	0.1126	benign
O60260	E409C	0.797	pathogenic
O60260	E409D	0.111	benign
O60260	E409F	0.6701	pathogenic
O60260	E409G	0.1502	benign
O60260	E409H	0.3924	ambiguous
O60260	E409I	0.3312	benign
O60260	E409K	0.1413	benign
O60260	E409L	0.2974	benign
O60260	E409M	0.3643	ambiguous
O60260	E409N	0.2188	benign
O60260	E409P	0.8607	pathogenic
O60260	E409Q	0.1298	benign
O60260	E409R	0.2012	benign
O60260	E409S	0.2183	benign
O60260	E409T	0.2287	benign
O60260	E409V	0.1786	benign
O60260	E409W	0.7803	pathogenic
O60260	E409Y	0.4718	ambiguous
O60260	T410A	0.1418	benign
O60260	T410C	0.7573	pathogenic
O60260	T410D	0.6825	pathogenic
O60260	T410E	0.4699	ambiguous
O60260	T410F	0.4571	ambiguous
O60260	T410G	0.598	pathogenic
O60260	T410H	0.5335	ambiguous
O60260	T410I	0.2104	benign
O60260	T410K	0.3916	ambiguous
O60260	T410L	0.1581	benign
O60260	T410M	0.0939	benign
O60260	T410N	0.2864	benign
O60260	T410P	0.7999	pathogenic
O60260	T410Q	0.4145	ambiguous
O60260	T410R	0.314	benign
O60260	T410S	0.353	ambiguous
O60260	T410V	0.1949	benign
O60260	T410W	0.7776	pathogenic
O60260	T410Y	0.5356	ambiguous
O60260	I411A	0.9125	pathogenic
O60260	I411C	0.9838	pathogenic
O60260	I411D	0.9937	pathogenic
O60260	I411E	0.9618	pathogenic
O60260	I411F	0.737	pathogenic
O60260	I411G	0.982	pathogenic
O60260	I411H	0.9816	pathogenic
O60260	I411K	0.9413	pathogenic
O60260	I411L	0.3376	benign
O60260	I411M	0.3007	benign
O60260	I411N	0.9483	pathogenic
O60260	I411P	0.9856	pathogenic
O60260	I411Q	0.9309	pathogenic
O60260	I411R	0.8692	pathogenic
O60260	I411S	0.9338	pathogenic
O60260	I411T	0.9305	pathogenic
O60260	I411V	0.22	benign
O60260	I411W	0.9578	pathogenic
O60260	I411Y	0.9502	pathogenic
O60260	K412A	0.2054	benign
O60260	K412C	0.5148	ambiguous
O60260	K412D	0.4977	ambiguous
O60260	K412E	0.0973	benign
O60260	K412F	0.6288	pathogenic
O60260	K412G	0.2705	benign
O60260	K412H	0.2664	benign
O60260	K412I	0.2929	benign
O60260	K412L	0.198	benign
O60260	K412M	0.158	benign
O60260	K412N	0.3589	ambiguous
O60260	K412P	0.8413	pathogenic
O60260	K412Q	0.0728	benign
O60260	K412R	0.064	benign
O60260	K412S	0.2821	benign
O60260	K412T	0.1495	benign
O60260	K412V	0.2639	benign
O60260	K412W	0.4885	ambiguous
O60260	K412Y	0.5052	ambiguous
O60260	K413A	0.1892	benign
O60260	K413C	0.5725	pathogenic
O60260	K413D	0.3704	ambiguous
O60260	K413E	0.0931	benign
O60260	K413F	0.6306	pathogenic
O60260	K413G	0.2962	benign
O60260	K413H	0.2331	benign
O60260	K413I	0.232	benign
O60260	K413L	0.2018	benign
O60260	K413M	0.1292	benign
O60260	K413N	0.1971	benign
O60260	K413P	0.8707	pathogenic
O60260	K413Q	0.0845	benign
O60260	K413R	0.0723	benign
O60260	K413S	0.2486	benign
O60260	K413T	0.1108	benign
O60260	K413V	0.2249	benign
O60260	K413W	0.5872	pathogenic
O60260	K413Y	0.4422	ambiguous
O60260	T414A	0.3134	benign
O60260	T414C	0.8437	pathogenic
O60260	T414D	0.8347	pathogenic
O60260	T414E	0.7112	pathogenic
O60260	T414F	0.6486	pathogenic
O60260	T414G	0.6746	pathogenic
O60260	T414H	0.6827	pathogenic
O60260	T414I	0.3866	ambiguous
O60260	T414K	0.6381	pathogenic
O60260	T414L	0.2621	benign
O60260	T414M	0.1382	benign
O60260	T414N	0.4126	ambiguous
O60260	T414P	0.8972	pathogenic
O60260	T414Q	0.6263	pathogenic
O60260	T414R	0.5838	pathogenic
O60260	T414S	0.3479	ambiguous
O60260	T414V	0.4112	ambiguous
O60260	T414W	0.87	pathogenic
O60260	T414Y	0.6789	pathogenic
O60260	T415A	0.2648	benign
O60260	T415C	0.7358	pathogenic
O60260	T415D	0.978	pathogenic
O60260	T415E	0.9424	pathogenic
O60260	T415F	0.9579	pathogenic
O60260	T415G	0.7022	pathogenic
O60260	T415H	0.9369	pathogenic
O60260	T415I	0.8825	pathogenic
O60260	T415K	0.9275	pathogenic
O60260	T415L	0.692	pathogenic
O60260	T415M	0.4436	ambiguous
O60260	T415N	0.8447	pathogenic
O60260	T415P	0.9108	pathogenic
O60260	T415Q	0.8534	pathogenic
O60260	T415R	0.8516	pathogenic
O60260	T415S	0.2738	benign
O60260	T415V	0.6268	pathogenic
O60260	T415W	0.98	pathogenic
O60260	T415Y	0.9627	pathogenic
O60260	K416A	0.7246	pathogenic
O60260	K416C	0.797	pathogenic
O60260	K416D	0.9712	pathogenic
O60260	K416E	0.6443	pathogenic
O60260	K416F	0.8684	pathogenic
O60260	K416G	0.8379	pathogenic
O60260	K416H	0.4498	ambiguous
O60260	K416I	0.6021	pathogenic
O60260	K416L	0.5411	ambiguous
O60260	K416M	0.3961	ambiguous
O60260	K416N	0.8574	pathogenic
O60260	K416P	0.9848	pathogenic
O60260	K416Q	0.2546	benign
O60260	K416R	0.0854	benign
O60260	K416S	0.8083	pathogenic
O60260	K416T	0.5516	ambiguous
O60260	K416V	0.5192	ambiguous
O60260	K416W	0.8436	pathogenic
O60260	K416Y	0.7642	pathogenic
O60260	P417A	0.1155	benign
O60260	P417C	0.6067	pathogenic
O60260	P417D	0.7185	pathogenic
O60260	P417E	0.4595	ambiguous
O60260	P417F	0.6212	pathogenic
O60260	P417G	0.546	ambiguous
O60260	P417H	0.3151	benign
O60260	P417I	0.4227	ambiguous
O60260	P417K	0.4107	ambiguous
O60260	P417L	0.1537	benign
O60260	P417M	0.4846	ambiguous
O60260	P417N	0.6106	pathogenic
O60260	P417Q	0.2586	benign
O60260	P417R	0.1709	benign
O60260	P417S	0.2706	benign
O60260	P417T	0.2135	benign
O60260	P417V	0.294	benign
O60260	P417W	0.6866	pathogenic
O60260	P417Y	0.5279	ambiguous
O60260	C418A	0.9933	pathogenic
O60260	C418D	0.9985	pathogenic
O60260	C418E	0.9996	pathogenic
O60260	C418F	0.9723	pathogenic
O60260	C418G	0.9779	pathogenic
O60260	C418H	0.9932	pathogenic
O60260	C418I	0.9962	pathogenic
O60260	C418K	0.9997	pathogenic
O60260	C418L	0.9861	pathogenic
O60260	C418M	0.9975	pathogenic
O60260	C418N	0.9986	pathogenic
O60260	C418P	0.9959	pathogenic
O60260	C418Q	0.9993	pathogenic
O60260	C418R	0.994	pathogenic
O60260	C418S	0.9886	pathogenic
O60260	C418T	0.9983	pathogenic
O60260	C418V	0.9924	pathogenic
O60260	C418W	0.9886	pathogenic
O60260	C418Y	0.9869	pathogenic
O60260	P419A	0.6182	pathogenic
O60260	P419C	0.9294	pathogenic
O60260	P419D	0.9684	pathogenic
O60260	P419E	0.8887	pathogenic
O60260	P419F	0.9302	pathogenic
O60260	P419G	0.8874	pathogenic
O60260	P419H	0.7287	pathogenic
O60260	P419I	0.8106	pathogenic
O60260	P419K	0.8617	pathogenic
O60260	P419L	0.5384	ambiguous
O60260	P419M	0.883	pathogenic
O60260	P419N	0.9476	pathogenic
O60260	P419Q	0.7288	pathogenic
O60260	P419R	0.6001	pathogenic
O60260	P419S	0.7215	pathogenic
O60260	P419T	0.6505	pathogenic
O60260	P419V	0.7255	pathogenic
O60260	P419W	0.9427	pathogenic
O60260	P419Y	0.9172	pathogenic
O60260	R420A	0.1797	benign
O60260	R420C	0.1152	benign
O60260	R420D	0.3454	ambiguous
O60260	R420E	0.2386	benign
O60260	R420F	0.3196	benign
O60260	R420G	0.1046	benign
O60260	R420H	0.084	benign
O60260	R420I	0.2077	benign
O60260	R420K	0.1084	benign
O60260	R420L	0.1305	benign
O60260	R420M	0.2348	benign
O60260	R420N	0.2636	benign
O60260	R420P	0.4976	ambiguous
O60260	R420Q	0.0812	benign
O60260	R420S	0.194	benign
O60260	R420T	0.1556	benign
O60260	R420V	0.2247	benign
O60260	R420W	0.1426	benign
O60260	R420Y	0.201	benign
O60260	C421A	0.9955	pathogenic
O60260	C421D	0.9947	pathogenic
O60260	C421E	0.9989	pathogenic
O60260	C421F	0.9701	pathogenic
O60260	C421G	0.9513	pathogenic
O60260	C421H	0.988	pathogenic
O60260	C421I	0.9956	pathogenic
O60260	C421K	0.9989	pathogenic
O60260	C421L	0.984	pathogenic
O60260	C421M	0.9956	pathogenic
O60260	C421N	0.9953	pathogenic
O60260	C421P	0.9963	pathogenic
O60260	C421Q	0.9981	pathogenic
O60260	C421R	0.9909	pathogenic
O60260	C421S	0.9918	pathogenic
O60260	C421T	0.9969	pathogenic
O60260	C421V	0.993	pathogenic
O60260	C421W	0.9749	pathogenic
O60260	C421Y	0.9786	pathogenic
O60260	H422A	0.1464	benign
O60260	H422C	0.1164	benign
O60260	H422D	0.1148	benign
O60260	H422E	0.1973	benign
O60260	H422F	0.2791	benign
O60260	H422G	0.1043	benign
O60260	H422I	0.3379	benign
O60260	H422K	0.1368	benign
O60260	H422L	0.1081	benign
O60260	H422M	0.3544	ambiguous
O60260	H422N	0.0673	benign
O60260	H422P	0.2354	benign
O60260	H422Q	0.109	benign
O60260	H422R	0.0675	benign
O60260	H422S	0.1138	benign
O60260	H422T	0.1807	benign
O60260	H422V	0.249	benign
O60260	H422W	0.3127	benign
O60260	H422Y	0.1124	benign
O60260	V423A	0.4726	ambiguous
O60260	V423C	0.8452	pathogenic
O60260	V423D	0.8859	pathogenic
O60260	V423E	0.7773	pathogenic
O60260	V423F	0.4172	ambiguous
O60260	V423G	0.6189	pathogenic
O60260	V423H	0.8685	pathogenic
O60260	V423I	0.0934	benign
O60260	V423K	0.7874	pathogenic
O60260	V423L	0.4571	ambiguous
O60260	V423M	0.3717	ambiguous
O60260	V423N	0.7286	pathogenic
O60260	V423P	0.9531	pathogenic
O60260	V423Q	0.6751	pathogenic
O60260	V423R	0.631	pathogenic
O60260	V423S	0.5063	ambiguous
O60260	V423T	0.4105	ambiguous
O60260	V423W	0.9424	pathogenic
O60260	V423Y	0.8419	pathogenic
O60260	P424A	0.1454	benign
O60260	P424C	0.8095	pathogenic
O60260	P424D	0.8814	pathogenic
O60260	P424E	0.7331	pathogenic
O60260	P424F	0.8457	pathogenic
O60260	P424G	0.7285	pathogenic
O60260	P424H	0.5678	pathogenic
O60260	P424I	0.7911	pathogenic
O60260	P424K	0.7836	pathogenic
O60260	P424L	0.271	benign
O60260	P424M	0.6959	pathogenic
O60260	P424N	0.7693	pathogenic
O60260	P424Q	0.4738	ambiguous
O60260	P424R	0.427	ambiguous
O60260	P424S	0.356	ambiguous
O60260	P424T	0.4027	ambiguous
O60260	P424V	0.5918	pathogenic
O60260	P424W	0.8678	pathogenic
O60260	P424Y	0.8254	pathogenic
O60260	V425A	0.6816	pathogenic
O60260	V425C	0.9735	pathogenic
O60260	V425D	0.987	pathogenic
O60260	V425E	0.9367	pathogenic
O60260	V425F	0.8028	pathogenic
O60260	V425G	0.8657	pathogenic
O60260	V425H	0.9893	pathogenic
O60260	V425I	0.1335	benign
O60260	V425K	0.9704	pathogenic
O60260	V425L	0.7116	pathogenic
O60260	V425M	0.5607	ambiguous
O60260	V425N	0.9631	pathogenic
O60260	V425P	0.9883	pathogenic
O60260	V425Q	0.9403	pathogenic
O60260	V425R	0.9378	pathogenic
O60260	V425S	0.8585	pathogenic
O60260	V425T	0.4129	ambiguous
O60260	V425W	0.9911	pathogenic
O60260	V425Y	0.9833	pathogenic
O60260	E426A	0.8777	pathogenic
O60260	E426C	0.9934	pathogenic
O60260	E426D	0.9818	pathogenic
O60260	E426F	0.9968	pathogenic
O60260	E426G	0.8993	pathogenic
O60260	E426H	0.9922	pathogenic
O60260	E426I	0.983	pathogenic
O60260	E426K	0.9265	pathogenic
O60260	E426L	0.9815	pathogenic
O60260	E426M	0.9732	pathogenic
O60260	E426N	0.9895	pathogenic
O60260	E426P	0.994	pathogenic
O60260	E426Q	0.5972	pathogenic
O60260	E426R	0.933	pathogenic
O60260	E426S	0.9458	pathogenic
O60260	E426T	0.9666	pathogenic
O60260	E426V	0.9534	pathogenic
O60260	E426W	0.9987	pathogenic
O60260	E426Y	0.9963	pathogenic
O60260	K427A	0.9645	pathogenic
O60260	K427C	0.98	pathogenic
O60260	K427D	0.9902	pathogenic
O60260	K427E	0.9064	pathogenic
O60260	K427F	0.9898	pathogenic
O60260	K427G	0.9612	pathogenic
O60260	K427H	0.8961	pathogenic
O60260	K427I	0.9482	pathogenic
O60260	K427L	0.9124	pathogenic
O60260	K427M	0.8608	pathogenic
O60260	K427N	0.9725	pathogenic
O60260	K427P	0.9884	pathogenic
O60260	K427Q	0.7364	pathogenic
O60260	K427R	0.1268	benign
O60260	K427S	0.9837	pathogenic
O60260	K427T	0.9444	pathogenic
O60260	K427V	0.937	pathogenic
O60260	K427W	0.974	pathogenic
O60260	K427Y	0.9559	pathogenic
O60260	N428A	0.5099	ambiguous
O60260	N428C	0.6657	pathogenic
O60260	N428D	0.1508	benign
O60260	N428E	0.7179	pathogenic
O60260	N428F	0.8138	pathogenic
O60260	N428G	0.5487	ambiguous
O60260	N428H	0.2419	benign
O60260	N428I	0.702	pathogenic
O60260	N428K	0.7983	pathogenic
O60260	N428L	0.6219	pathogenic
O60260	N428M	0.6762	pathogenic
O60260	N428P	0.909	pathogenic
O60260	N428Q	0.7143	pathogenic
O60260	N428R	0.7981	pathogenic
O60260	N428S	0.1607	benign
O60260	N428T	0.3797	ambiguous
O60260	N428V	0.6701	pathogenic
O60260	N428W	0.8982	pathogenic
O60260	N428Y	0.372	ambiguous
O60260	G429A	0.4988	ambiguous
O60260	G429C	0.7336	pathogenic
O60260	G429D	0.6209	pathogenic
O60260	G429E	0.6595	pathogenic
O60260	G429F	0.9315	pathogenic
O60260	G429H	0.8531	pathogenic
O60260	G429I	0.9217	pathogenic
O60260	G429K	0.8689	pathogenic
O60260	G429L	0.8869	pathogenic
O60260	G429M	0.906	pathogenic
O60260	G429N	0.729	pathogenic
O60260	G429P	0.991	pathogenic
O60260	G429Q	0.7354	pathogenic
O60260	G429R	0.7022	pathogenic
O60260	G429S	0.3219	benign
O60260	G429T	0.7413	pathogenic
O60260	G429V	0.8446	pathogenic
O60260	G429W	0.8393	pathogenic
O60260	G429Y	0.8865	pathogenic
O60260	G430A	0.8003	pathogenic
O60260	G430C	0.9016	pathogenic
O60260	G430D	0.9342	pathogenic
O60260	G430E	0.957	pathogenic
O60260	G430F	0.9583	pathogenic
O60260	G430H	0.9743	pathogenic
O60260	G430I	0.9249	pathogenic
O60260	G430K	0.977	pathogenic
O60260	G430L	0.9574	pathogenic
O60260	G430M	0.9754	pathogenic
O60260	G430N	0.9523	pathogenic
O60260	G430P	0.9861	pathogenic
O60260	G430Q	0.9655	pathogenic
O60260	G430R	0.9295	pathogenic
O60260	G430S	0.6623	pathogenic
O60260	G430T	0.8907	pathogenic
O60260	G430V	0.9028	pathogenic
O60260	G430W	0.9241	pathogenic
O60260	G430Y	0.9542	pathogenic
O60260	C431A	0.9884	pathogenic
O60260	C431D	0.9915	pathogenic
O60260	C431E	0.9979	pathogenic
O60260	C431F	0.9429	pathogenic
O60260	C431G	0.9543	pathogenic
O60260	C431H	0.9893	pathogenic
O60260	C431I	0.9917	pathogenic
O60260	C431K	0.9985	pathogenic
O60260	C431L	0.9701	pathogenic
O60260	C431M	0.9907	pathogenic
O60260	C431N	0.9932	pathogenic
O60260	C431P	0.995	pathogenic
O60260	C431Q	0.9962	pathogenic
O60260	C431R	0.9836	pathogenic
O60260	C431S	0.9834	pathogenic
O60260	C431T	0.9947	pathogenic
O60260	C431V	0.9852	pathogenic
O60260	C431W	0.968	pathogenic
O60260	C431Y	0.9729	pathogenic
O60260	M432A	0.764	pathogenic
O60260	M432C	0.9187	pathogenic
O60260	M432D	0.9591	pathogenic
O60260	M432E	0.855	pathogenic
O60260	M432F	0.7467	pathogenic
O60260	M432G	0.8793	pathogenic
O60260	M432H	0.8108	pathogenic
O60260	M432I	0.9521	pathogenic
O60260	M432K	0.7647	pathogenic
O60260	M432L	0.545	ambiguous
O60260	M432N	0.5258	ambiguous
O60260	M432P	0.9582	pathogenic
O60260	M432Q	0.4678	ambiguous
O60260	M432R	0.6464	pathogenic
O60260	M432S	0.4446	ambiguous
O60260	M432T	0.5939	pathogenic
O60260	M432V	0.459	ambiguous
O60260	M432W	0.916	pathogenic
O60260	M432Y	0.9011	pathogenic
O60260	H433A	0.9852	pathogenic
O60260	H433C	0.9348	pathogenic
O60260	H433D	0.9852	pathogenic
O60260	H433E	0.9872	pathogenic
O60260	H433F	0.9547	pathogenic
O60260	H433G	0.9867	pathogenic
O60260	H433I	0.994	pathogenic
O60260	H433K	0.9641	pathogenic
O60260	H433L	0.9325	pathogenic
O60260	H433M	0.9903	pathogenic
O60260	H433N	0.933	pathogenic
O60260	H433P	0.9185	pathogenic
O60260	H433Q	0.9663	pathogenic
O60260	H433R	0.8852	pathogenic
O60260	H433S	0.9827	pathogenic
O60260	H433T	0.9957	pathogenic
O60260	H433V	0.9909	pathogenic
O60260	H433W	0.9301	pathogenic
O60260	H433Y	0.8411	pathogenic
O60260	M434A	0.9761	pathogenic
O60260	M434C	0.9893	pathogenic
O60260	M434D	0.9992	pathogenic
O60260	M434E	0.9822	pathogenic
O60260	M434F	0.9233	pathogenic
O60260	M434G	0.9929	pathogenic
O60260	M434H	0.9929	pathogenic
O60260	M434I	0.8521	pathogenic
O60260	M434K	0.9314	pathogenic
O60260	M434L	0.6565	pathogenic
O60260	M434N	0.9932	pathogenic
O60260	M434P	0.9973	pathogenic
O60260	M434Q	0.8603	pathogenic
O60260	M434R	0.9286	pathogenic
O60260	M434S	0.9808	pathogenic
O60260	M434T	0.9689	pathogenic
O60260	M434V	0.4698	ambiguous
O60260	M434W	0.9892	pathogenic
O60260	M434Y	0.9898	pathogenic
O60260	K435A	0.3052	benign
O60260	K435C	0.6472	pathogenic
O60260	K435D	0.7425	pathogenic
O60260	K435E	0.2238	benign
O60260	K435F	0.7422	pathogenic
O60260	K435G	0.5856	pathogenic
O60260	K435H	0.3018	benign
O60260	K435I	0.226	benign
O60260	K435L	0.3056	benign
O60260	K435M	0.2065	benign
O60260	K435N	0.4631	ambiguous
O60260	K435P	0.7789	pathogenic
O60260	K435Q	0.121	benign
O60260	K435R	0.0925	benign
O60260	K435S	0.4266	ambiguous
O60260	K435T	0.1277	benign
O60260	K435V	0.2065	benign
O60260	K435W	0.7615	pathogenic
O60260	K435Y	0.6205	pathogenic
O60260	C436A	0.994	pathogenic
O60260	C436D	0.9969	pathogenic
O60260	C436E	0.9992	pathogenic
O60260	C436F	0.9681	pathogenic
O60260	C436G	0.9642	pathogenic
O60260	C436H	0.9937	pathogenic
O60260	C436I	0.9918	pathogenic
O60260	C436K	0.9995	pathogenic
O60260	C436L	0.9817	pathogenic
O60260	C436M	0.9949	pathogenic
O60260	C436N	0.9974	pathogenic
O60260	C436P	0.9947	pathogenic
O60260	C436Q	0.9992	pathogenic
O60260	C436R	0.9965	pathogenic
O60260	C436S	0.9931	pathogenic
O60260	C436T	0.9977	pathogenic
O60260	C436V	0.9881	pathogenic
O60260	C436W	0.9854	pathogenic
O60260	C436Y	0.9736	pathogenic
O60260	P437A	0.2398	benign
O60260	P437C	0.7612	pathogenic
O60260	P437D	0.8822	pathogenic
O60260	P437E	0.7285	pathogenic
O60260	P437F	0.7852	pathogenic
O60260	P437G	0.6371	pathogenic
O60260	P437H	0.4687	ambiguous
O60260	P437I	0.6272	pathogenic
O60260	P437K	0.7837	pathogenic
O60260	P437L	0.2691	benign
O60260	P437M	0.6508	pathogenic
O60260	P437N	0.7569	pathogenic
O60260	P437Q	0.4437	ambiguous
O60260	P437R	0.4614	ambiguous
O60260	P437S	0.2855	benign
O60260	P437T	0.2345	benign
O60260	P437V	0.4516	ambiguous
O60260	P437W	0.8721	pathogenic
O60260	P437Y	0.8096	pathogenic
O60260	Q438A	0.3058	benign
O60260	Q438C	0.7292	pathogenic
O60260	Q438D	0.6777	pathogenic
O60260	Q438E	0.153	benign
O60260	Q438F	0.6981	pathogenic
O60260	Q438G	0.3921	ambiguous
O60260	Q438H	0.3306	benign
O60260	Q438I	0.4591	ambiguous
O60260	Q438K	0.1465	benign
O60260	Q438L	0.1499	benign
O60260	Q438M	0.4422	ambiguous
O60260	Q438N	0.493	ambiguous
O60260	Q438P	0.2871	benign
O60260	Q438R	0.1113	benign
O60260	Q438S	0.3633	ambiguous
O60260	Q438T	0.3514	ambiguous
O60260	Q438V	0.2911	benign
O60260	Q438W	0.6008	pathogenic
O60260	Q438Y	0.553	ambiguous
O60260	P439A	0.0821	benign
O60260	P439C	0.5768	pathogenic
O60260	P439D	0.4362	ambiguous
O60260	P439E	0.2704	benign
O60260	P439F	0.4982	ambiguous
O60260	P439G	0.2762	benign
O60260	P439H	0.1999	benign
O60260	P439I	0.3838	ambiguous
O60260	P439K	0.2954	benign
O60260	P439L	0.1458	benign
O60260	P439M	0.3613	ambiguous
O60260	P439N	0.3338	benign
O60260	P439Q	0.1468	benign
O60260	P439R	0.1621	benign
O60260	P439S	0.1175	benign
O60260	P439T	0.1243	benign
O60260	P439V	0.2414	benign
O60260	P439W	0.5814	pathogenic
O60260	P439Y	0.4431	ambiguous
O60260	Q440A	0.1718	benign
O60260	Q440C	0.6138	pathogenic
O60260	Q440D	0.332	benign
O60260	Q440E	0.1046	benign
O60260	Q440F	0.6151	pathogenic
O60260	Q440G	0.1703	benign
O60260	Q440H	0.2179	benign
O60260	Q440I	0.4127	ambiguous
O60260	Q440K	0.1189	benign
O60260	Q440L	0.1472	benign
O60260	Q440M	0.4089	ambiguous
O60260	Q440N	0.2513	benign
O60260	Q440P	0.1224	benign
O60260	Q440R	0.0904	benign
O60260	Q440S	0.1797	benign
O60260	Q440T	0.2055	benign
O60260	Q440V	0.2672	benign
O60260	Q440W	0.43	ambiguous
O60260	Q440Y	0.4275	ambiguous
O60260	C441A	0.988	pathogenic
O60260	C441D	0.9891	pathogenic
O60260	C441E	0.9964	pathogenic
O60260	C441F	0.9535	pathogenic
O60260	C441G	0.9024	pathogenic
O60260	C441H	0.9832	pathogenic
O60260	C441I	0.9911	pathogenic
O60260	C441K	0.9975	pathogenic
O60260	C441L	0.9695	pathogenic
O60260	C441M	0.9906	pathogenic
O60260	C441N	0.9906	pathogenic
O60260	C441P	0.9925	pathogenic
O60260	C441Q	0.9961	pathogenic
O60260	C441R	0.9848	pathogenic
O60260	C441S	0.9852	pathogenic
O60260	C441T	0.9935	pathogenic
O60260	C441V	0.9825	pathogenic
O60260	C441W	0.9701	pathogenic
O60260	C441Y	0.9548	pathogenic
O60260	R442A	0.1552	benign
O60260	R442C	0.121	benign
O60260	R442D	0.283	benign
O60260	R442E	0.1474	benign
O60260	R442F	0.3279	benign
O60260	R442G	0.0743	benign
O60260	R442H	0.0829	benign
O60260	R442I	0.2237	benign
O60260	R442K	0.0817	benign
O60260	R442L	0.1213	benign
O60260	R442M	0.1928	benign
O60260	R442N	0.2245	benign
O60260	R442P	0.234	benign
O60260	R442Q	0.0594	benign
O60260	R442S	0.1635	benign
O60260	R442T	0.1265	benign
O60260	R442V	0.221	benign
O60260	R442W	0.1257	benign
O60260	R442Y	0.234	benign
O60260	L443A	0.2607	benign
O60260	L443C	0.4492	ambiguous
O60260	L443D	0.6747	pathogenic
O60260	L443E	0.2899	benign
O60260	L443F	0.0848	benign
O60260	L443G	0.4685	ambiguous
O60260	L443H	0.1914	benign
O60260	L443I	0.1916	benign
O60260	L443K	0.2528	benign
O60260	L443M	0.1035	benign
O60260	L443N	0.4705	ambiguous
O60260	L443P	0.7841	pathogenic
O60260	L443Q	0.1218	benign
O60260	L443R	0.1511	benign
O60260	L443S	0.2936	benign
O60260	L443T	0.2335	benign
O60260	L443V	0.144	benign
O60260	L443W	0.1305	benign
O60260	L443Y	0.2152	benign
O60260	E444A	0.3452	ambiguous
O60260	E444C	0.9394	pathogenic
O60260	E444D	0.3069	benign
O60260	E444F	0.9334	pathogenic
O60260	E444G	0.5179	ambiguous
O60260	E444H	0.6413	pathogenic
O60260	E444I	0.8746	pathogenic
O60260	E444K	0.6112	pathogenic
O60260	E444L	0.8144	pathogenic
O60260	E444M	0.8323	pathogenic
O60260	E444N	0.4808	ambiguous
O60260	E444P	0.8776	pathogenic
O60260	E444Q	0.1771	benign
O60260	E444R	0.6412	pathogenic
O60260	E444S	0.359	ambiguous
O60260	E444T	0.6269	pathogenic
O60260	E444V	0.6787	pathogenic
O60260	E444W	0.9687	pathogenic
O60260	E444Y	0.878	pathogenic
O60260	W445A	0.9848	pathogenic
O60260	W445C	0.9967	pathogenic
O60260	W445D	0.9954	pathogenic
O60260	W445E	0.9957	pathogenic
O60260	W445F	0.6575	pathogenic
O60260	W445G	0.9211	pathogenic
O60260	W445H	0.9904	pathogenic
O60260	W445I	0.9697	pathogenic
O60260	W445K	0.9983	pathogenic
O60260	W445L	0.9602	pathogenic
O60260	W445M	0.9863	pathogenic
O60260	W445N	0.9948	pathogenic
O60260	W445P	0.9978	pathogenic
O60260	W445Q	0.9979	pathogenic
O60260	W445R	0.9962	pathogenic
O60260	W445S	0.9742	pathogenic
O60260	W445T	0.9825	pathogenic
O60260	W445V	0.9664	pathogenic
O60260	W445Y	0.8808	pathogenic
O60260	C446A	0.9932	pathogenic
O60260	C446D	0.9958	pathogenic
O60260	C446E	0.999	pathogenic
O60260	C446F	0.9801	pathogenic
O60260	C446G	0.9589	pathogenic
O60260	C446H	0.9935	pathogenic
O60260	C446I	0.9956	pathogenic
O60260	C446K	0.9994	pathogenic
O60260	C446L	0.9869	pathogenic
O60260	C446M	0.9965	pathogenic
O60260	C446N	0.9969	pathogenic
O60260	C446P	0.9983	pathogenic
O60260	C446Q	0.9986	pathogenic
O60260	C446R	0.9925	pathogenic
O60260	C446S	0.9926	pathogenic
O60260	C446T	0.9976	pathogenic
O60260	C446V	0.9921	pathogenic
O60260	C446W	0.9893	pathogenic
O60260	C446Y	0.9806	pathogenic
O60260	W447A	0.9829	pathogenic
O60260	W447C	0.9935	pathogenic
O60260	W447D	0.9967	pathogenic
O60260	W447E	0.9953	pathogenic
O60260	W447F	0.6848	pathogenic
O60260	W447G	0.9376	pathogenic
O60260	W447H	0.9819	pathogenic
O60260	W447I	0.9859	pathogenic
O60260	W447K	0.997	pathogenic
O60260	W447L	0.9551	pathogenic
O60260	W447M	0.991	pathogenic
O60260	W447N	0.9956	pathogenic
O60260	W447P	0.996	pathogenic
O60260	W447Q	0.9956	pathogenic
O60260	W447R	0.99	pathogenic
O60260	W447S	0.9599	pathogenic
O60260	W447T	0.9879	pathogenic
O60260	W447V	0.9785	pathogenic
O60260	W447Y	0.8835	pathogenic
O60260	N448A	0.193	benign
O60260	N448C	0.255	benign
O60260	N448D	0.2463	benign
O60260	N448E	0.319	benign
O60260	N448F	0.3771	ambiguous
O60260	N448G	0.3413	ambiguous
O60260	N448H	0.0819	benign
O60260	N448I	0.1126	benign
O60260	N448K	0.2165	benign
O60260	N448L	0.1617	benign
O60260	N448M	0.2241	benign
O60260	N448P	0.7844	pathogenic
O60260	N448Q	0.2307	benign
O60260	N448R	0.2453	benign
O60260	N448S	0.1126	benign
O60260	N448T	0.1096	benign
O60260	N448V	0.1326	benign
O60260	N448W	0.5889	pathogenic
O60260	N448Y	0.1188	benign
O60260	C449A	0.9826	pathogenic
O60260	C449D	0.984	pathogenic
O60260	C449E	0.9964	pathogenic
O60260	C449F	0.9699	pathogenic
O60260	C449G	0.9034	pathogenic
O60260	C449H	0.9783	pathogenic
O60260	C449I	0.9921	pathogenic
O60260	C449K	0.9975	pathogenic
O60260	C449L	0.9759	pathogenic
O60260	C449M	0.9924	pathogenic
O60260	C449N	0.9911	pathogenic
O60260	C449P	0.9951	pathogenic
O60260	C449Q	0.9956	pathogenic
O60260	C449R	0.9732	pathogenic
O60260	C449S	0.9745	pathogenic
O60260	C449T	0.9866	pathogenic
O60260	C449V	0.9841	pathogenic
O60260	C449W	0.9745	pathogenic
O60260	C449Y	0.9778	pathogenic
O60260	G450A	0.1045	benign
O60260	G450C	0.1429	benign
O60260	G450D	0.2225	benign
O60260	G450E	0.2147	benign
O60260	G450F	0.4925	ambiguous
O60260	G450H	0.2632	benign
O60260	G450I	0.2802	benign
O60260	G450K	0.3731	ambiguous
O60260	G450L	0.3263	benign
O60260	G450M	0.4277	ambiguous
O60260	G450N	0.2206	benign
O60260	G450P	0.7729	pathogenic
O60260	G450Q	0.2363	benign
O60260	G450R	0.1881	benign
O60260	G450S	0.0701	benign
O60260	G450T	0.1401	benign
O60260	G450V	0.2088	benign
O60260	G450W	0.4015	ambiguous
O60260	G450Y	0.3663	ambiguous
O60260	C451A	0.1832	benign
O60260	C451D	0.236	benign
O60260	C451E	0.255	benign
O60260	C451F	0.0915	benign
O60260	C451G	0.0907	benign
O60260	C451H	0.1522	benign
O60260	C451I	0.1818	benign
O60260	C451K	0.2351	benign
O60260	C451L	0.1416	benign
O60260	C451M	0.267	benign
O60260	C451N	0.2009	benign
O60260	C451P	0.7341	pathogenic
O60260	C451Q	0.1509	benign
O60260	C451R	0.0897	benign
O60260	C451S	0.1366	benign
O60260	C451T	0.1892	benign
O60260	C451V	0.165	benign
O60260	C451W	0.1451	benign
O60260	C451Y	0.1091	benign
O60260	E452A	0.1444	benign
O60260	E452C	0.8037	pathogenic
O60260	E452D	0.2101	benign
O60260	E452F	0.7393	pathogenic
O60260	E452G	0.212	benign
O60260	E452H	0.4383	ambiguous
O60260	E452I	0.374	ambiguous
O60260	E452K	0.134	benign
O60260	E452L	0.3478	ambiguous
O60260	E452M	0.4605	ambiguous
O60260	E452N	0.3806	ambiguous
O60260	E452P	0.2695	benign
O60260	E452Q	0.1145	benign
O60260	E452R	0.184	benign
O60260	E452S	0.2311	benign
O60260	E452T	0.232	benign
O60260	E452V	0.215	benign
O60260	E452W	0.8744	pathogenic
O60260	E452Y	0.6509	pathogenic
O60260	W453A	0.9892	pathogenic
O60260	W453C	0.9984	pathogenic
O60260	W453D	0.995	pathogenic
O60260	W453E	0.9933	pathogenic
O60260	W453F	0.8651	pathogenic
O60260	W453G	0.9367	pathogenic
O60260	W453H	0.9943	pathogenic
O60260	W453I	0.9911	pathogenic
O60260	W453K	0.9976	pathogenic
O60260	W453L	0.9834	pathogenic
O60260	W453M	0.9924	pathogenic
O60260	W453N	0.9959	pathogenic
O60260	W453P	0.9956	pathogenic
O60260	W453Q	0.9978	pathogenic
O60260	W453R	0.9961	pathogenic
O60260	W453S	0.9842	pathogenic
O60260	W453T	0.992	pathogenic
O60260	W453V	0.9892	pathogenic
O60260	W453Y	0.9417	pathogenic
O60260	N454A	0.6957	pathogenic
O60260	N454C	0.668	pathogenic
O60260	N454D	0.184	benign
O60260	N454E	0.7162	pathogenic
O60260	N454F	0.9427	pathogenic
O60260	N454G	0.4473	ambiguous
O60260	N454H	0.3951	ambiguous
O60260	N454I	0.7903	pathogenic
O60260	N454K	0.7301	pathogenic
O60260	N454L	0.7833	pathogenic
O60260	N454M	0.7238	pathogenic
O60260	N454P	0.9268	pathogenic
O60260	N454Q	0.7383	pathogenic
O60260	N454R	0.7941	pathogenic
O60260	N454S	0.1306	benign
O60260	N454T	0.1883	benign
O60260	N454V	0.7895	pathogenic
O60260	N454W	0.962	pathogenic
O60260	N454Y	0.6705	pathogenic
O60260	R455A	0.5014	ambiguous
O60260	R455C	0.3797	ambiguous
O60260	R455D	0.7408	pathogenic
O60260	R455E	0.4217	ambiguous
O60260	R455F	0.8122	pathogenic
O60260	R455G	0.3505	ambiguous
O60260	R455H	0.2158	benign
O60260	R455I	0.5568	ambiguous
O60260	R455K	0.2514	benign
O60260	R455L	0.4195	ambiguous
O60260	R455M	0.5281	ambiguous
O60260	R455N	0.7293	pathogenic
O60260	R455P	0.4282	ambiguous
O60260	R455Q	0.1444	benign
O60260	R455S	0.596	pathogenic
O60260	R455T	0.3008	benign
O60260	R455V	0.5455	ambiguous
O60260	R455W	0.3182	benign
O60260	R455Y	0.6543	pathogenic
O60260	V456A	0.0598	benign
O60260	V456C	0.4024	ambiguous
O60260	V456D	0.0664	benign
O60260	V456E	0.0864	benign
O60260	V456F	0.0978	benign
O60260	V456G	0.0817	benign
O60260	V456H	0.1996	benign
O60260	V456I	0.08	benign
O60260	V456K	0.1439	benign
O60260	V456L	0.1058	benign
O60260	V456M	0.1061	benign
O60260	V456N	0.0738	benign
O60260	V456P	0.1867	benign
O60260	V456Q	0.1209	benign
O60260	V456R	0.1124	benign
O60260	V456S	0.0633	benign
O60260	V456T	0.0613	benign
O60260	V456W	0.4362	ambiguous
O60260	V456Y	0.2359	benign
O60260	C457A	0.9888	pathogenic
O60260	C457D	0.9965	pathogenic
O60260	C457E	0.9984	pathogenic
O60260	C457F	0.9732	pathogenic
O60260	C457G	0.9568	pathogenic
O60260	C457H	0.9914	pathogenic
O60260	C457I	0.9945	pathogenic
O60260	C457K	0.999	pathogenic
O60260	C457L	0.9765	pathogenic
O60260	C457M	0.9939	pathogenic
O60260	C457N	0.9971	pathogenic
O60260	C457P	0.9961	pathogenic
O60260	C457Q	0.9976	pathogenic
O60260	C457R	0.989	pathogenic
O60260	C457S	0.9893	pathogenic
O60260	C457T	0.9941	pathogenic
O60260	C457V	0.9877	pathogenic
O60260	C457W	0.9861	pathogenic
O60260	C457Y	0.9866	pathogenic
O60260	M458A	0.7174	pathogenic
O60260	M458C	0.9557	pathogenic
O60260	M458D	0.9932	pathogenic
O60260	M458E	0.7321	pathogenic
O60260	M458F	0.8303	pathogenic
O60260	M458G	0.941	pathogenic
O60260	M458H	0.9411	pathogenic
O60260	M458I	0.9129	pathogenic
O60260	M458K	0.5058	ambiguous
O60260	M458L	0.4889	ambiguous
O60260	M458N	0.9637	pathogenic
O60260	M458P	0.9769	pathogenic
O60260	M458Q	0.27	benign
O60260	M458R	0.3529	ambiguous
O60260	M458S	0.8416	pathogenic
O60260	M458T	0.7281	pathogenic
O60260	M458V	0.4204	ambiguous
O60260	M458W	0.9545	pathogenic
O60260	M458Y	0.9628	pathogenic
O60260	G459A	0.1646	benign
O60260	G459C	0.6816	pathogenic
O60260	G459D	0.6659	pathogenic
O60260	G459E	0.5398	ambiguous
O60260	G459F	0.9438	pathogenic
O60260	G459H	0.883	pathogenic
O60260	G459I	0.8723	pathogenic
O60260	G459K	0.8497	pathogenic
O60260	G459L	0.8612	pathogenic
O60260	G459M	0.8532	pathogenic
O60260	G459N	0.7511	pathogenic
O60260	G459P	0.9826	pathogenic
O60260	G459Q	0.714	pathogenic
O60260	G459R	0.6886	pathogenic
O60260	G459S	0.2167	benign
O60260	G459T	0.5254	ambiguous
O60260	G459V	0.6988	pathogenic
O60260	G459W	0.8288	pathogenic
O60260	G459Y	0.883	pathogenic
O60260	D460A	0.1517	benign
O60260	D460C	0.6514	pathogenic
O60260	D460E	0.2389	benign
O60260	D460F	0.6089	pathogenic
O60260	D460G	0.241	benign
O60260	D460H	0.2931	benign
O60260	D460I	0.4908	ambiguous
O60260	D460K	0.4422	ambiguous
O60260	D460L	0.4367	ambiguous
O60260	D460M	0.6626	pathogenic
O60260	D460N	0.0837	benign
O60260	D460P	0.9011	pathogenic
O60260	D460Q	0.3542	ambiguous
O60260	D460R	0.3762	ambiguous
O60260	D460S	0.1184	benign
O60260	D460T	0.2856	benign
O60260	D460V	0.3084	benign
O60260	D460W	0.8845	pathogenic
O60260	D460Y	0.2473	benign
O60260	H461A	0.9921	pathogenic
O60260	H461C	0.8249	pathogenic
O60260	H461D	0.9739	pathogenic
O60260	H461E	0.9869	pathogenic
O60260	H461F	0.9673	pathogenic
O60260	H461G	0.9859	pathogenic
O60260	H461I	0.9949	pathogenic
O60260	H461K	0.9741	pathogenic
O60260	H461L	0.9512	pathogenic
O60260	H461M	0.9948	pathogenic
O60260	H461N	0.9301	pathogenic
O60260	H461P	0.9435	pathogenic
O60260	H461Q	0.9831	pathogenic
O60260	H461R	0.8995	pathogenic
O60260	H461S	0.9799	pathogenic
O60260	H461T	0.9932	pathogenic
O60260	H461V	0.9929	pathogenic
O60260	H461W	0.9533	pathogenic
O60260	H461Y	0.8993	pathogenic
O60260	W462A	0.962	pathogenic
O60260	W462C	0.9868	pathogenic
O60260	W462D	0.9936	pathogenic
O60260	W462E	0.9945	pathogenic
O60260	W462F	0.7367	pathogenic
O60260	W462G	0.8996	pathogenic
O60260	W462H	0.9836	pathogenic
O60260	W462I	0.9625	pathogenic
O60260	W462K	0.9972	pathogenic
O60260	W462L	0.9299	pathogenic
O60260	W462M	0.9864	pathogenic
O60260	W462N	0.9945	pathogenic
O60260	W462P	0.9886	pathogenic
O60260	W462Q	0.9953	pathogenic
O60260	W462R	0.9889	pathogenic
O60260	W462S	0.928	pathogenic
O60260	W462T	0.9716	pathogenic
O60260	W462V	0.9576	pathogenic
O60260	W462Y	0.8995	pathogenic
O60260	F463A	0.9841	pathogenic
O60260	F463C	0.9874	pathogenic
O60260	F463D	0.9889	pathogenic
O60260	F463E	0.9877	pathogenic
O60260	F463G	0.9819	pathogenic
O60260	F463H	0.9744	pathogenic
O60260	F463I	0.972	pathogenic
O60260	F463K	0.9903	pathogenic
O60260	F463L	0.9948	pathogenic
O60260	F463M	0.9703	pathogenic
O60260	F463N	0.9792	pathogenic
O60260	F463P	0.9987	pathogenic
O60260	F463Q	0.9864	pathogenic
O60260	F463R	0.9733	pathogenic
O60260	F463S	0.9816	pathogenic
O60260	F463T	0.9882	pathogenic
O60260	F463V	0.9692	pathogenic
O60260	F463W	0.8556	pathogenic
O60260	F463Y	0.7664	pathogenic
O60260	D464A	0.3154	benign
O60260	D464C	0.8047	pathogenic
O60260	D464E	0.2227	benign
O60260	D464F	0.8239	pathogenic
O60260	D464G	0.2372	benign
O60260	D464H	0.4125	ambiguous
O60260	D464I	0.7601	pathogenic
O60260	D464K	0.6309	pathogenic
O60260	D464L	0.6944	pathogenic
O60260	D464M	0.8715	pathogenic
O60260	D464N	0.1758	benign
O60260	D464P	0.7236	pathogenic
O60260	D464Q	0.4894	ambiguous
O60260	D464R	0.5686	pathogenic
O60260	D464S	0.1967	benign
O60260	D464T	0.4532	ambiguous
O60260	D464V	0.5392	ambiguous
O60260	D464W	0.9165	pathogenic
O60260	D464Y	0.4555	ambiguous
O60260	V465A	0.2261	benign
O60260	V465C	0.5926	pathogenic
O60260	V465D	0.4539	ambiguous
O60260	V465E	0.3816	ambiguous
O60260	V465F	0.1908	benign
O60260	V465G	0.2833	benign
O60260	V465H	0.6981	pathogenic
O60260	V465I	0.1003	benign
O60260	V465K	0.4871	ambiguous
O60260	V465L	0.1611	benign
O60260	V465M	0.1523	benign
O60260	V465N	0.4294	ambiguous
O60260	V465P	0.5156	ambiguous
O60260	V465Q	0.4254	ambiguous
O60260	V465R	0.4255	ambiguous
O60260	V465S	0.3324	benign
O60260	V465T	0.2436	benign
O60260	V465W	0.804	pathogenic
O60260	V465Y	0.5472	ambiguous
