uniprot_id	protein_variant	am_pathogenicity	am_class
P45381	M1A	0.4705	ambiguous
P45381	M1C	0.4234	ambiguous
P45381	M1D	0.8179	pathogenic
P45381	M1E	0.5754	pathogenic
P45381	M1F	0.275	benign
P45381	M1G	0.612	pathogenic
P45381	M1H	0.5935	pathogenic
P45381	M1I	0.3365	benign
P45381	M1K	0.3552	ambiguous
P45381	M1L	0.1574	benign
P45381	M1N	0.5827	pathogenic
P45381	M1P	0.6535	pathogenic
P45381	M1Q	0.3129	benign
P45381	M1R	0.327	benign
P45381	M1S	0.4909	ambiguous
P45381	M1T	0.3898	ambiguous
P45381	M1V	0.1074	benign
P45381	M1W	0.5032	ambiguous
P45381	M1Y	0.5225	ambiguous
P45381	T2A	0.0645	benign
P45381	T2C	0.2056	benign
P45381	T2D	0.122	benign
P45381	T2E	0.1292	benign
P45381	T2F	0.1104	benign
P45381	T2G	0.123	benign
P45381	T2H	0.1259	benign
P45381	T2I	0.094	benign
P45381	T2K	0.1103	benign
P45381	T2L	0.0879	benign
P45381	T2M	0.0952	benign
P45381	T2N	0.0627	benign
P45381	T2P	0.0662	benign
P45381	T2Q	0.1354	benign
P45381	T2R	0.095	benign
P45381	T2S	0.0712	benign
P45381	T2V	0.1049	benign
P45381	T2W	0.3088	benign
P45381	T2Y	0.13	benign
P45381	S3A	0.0687	benign
P45381	S3C	0.082	benign
P45381	S3D	0.1319	benign
P45381	S3E	0.1998	benign
P45381	S3F	0.1005	benign
P45381	S3G	0.078	benign
P45381	S3H	0.1646	benign
P45381	S3I	0.1143	benign
P45381	S3K	0.2702	benign
P45381	S3L	0.0983	benign
P45381	S3M	0.1881	benign
P45381	S3N	0.0928	benign
P45381	S3P	0.0711	benign
P45381	S3Q	0.2507	benign
P45381	S3R	0.2143	benign
P45381	S3T	0.0682	benign
P45381	S3V	0.1187	benign
P45381	S3W	0.1934	benign
P45381	S3Y	0.0993	benign
P45381	C4A	0.1041	benign
P45381	C4D	0.0912	benign
P45381	C4E	0.1649	benign
P45381	C4F	0.0702	benign
P45381	C4G	0.0609	benign
P45381	C4H	0.1045	benign
P45381	C4I	0.1496	benign
P45381	C4K	0.1663	benign
P45381	C4L	0.1391	benign
P45381	C4M	0.2883	benign
P45381	C4N	0.0925	benign
P45381	C4P	0.1178	benign
P45381	C4Q	0.1404	benign
P45381	C4R	0.0798	benign
P45381	C4S	0.0691	benign
P45381	C4T	0.1131	benign
P45381	C4V	0.1424	benign
P45381	C4W	0.1504	benign
P45381	C4Y	0.075	benign
P45381	H5A	0.0863	benign
P45381	H5C	0.0846	benign
P45381	H5D	0.0588	benign
P45381	H5E	0.0948	benign
P45381	H5F	0.1315	benign
P45381	H5G	0.0946	benign
P45381	H5I	0.1066	benign
P45381	H5K	0.1042	benign
P45381	H5L	0.0751	benign
P45381	H5M	0.2183	benign
P45381	H5N	0.0553	benign
P45381	H5P	0.0554	benign
P45381	H5Q	0.0861	benign
P45381	H5R	0.0657	benign
P45381	H5S	0.0724	benign
P45381	H5T	0.0842	benign
P45381	H5V	0.0939	benign
P45381	H5W	0.2072	benign
P45381	H5Y	0.0681	benign
P45381	I6A	0.0684	benign
P45381	I6C	0.2084	benign
P45381	I6D	0.1234	benign
P45381	I6E	0.1196	benign
P45381	I6F	0.0671	benign
P45381	I6G	0.1478	benign
P45381	I6H	0.1202	benign
P45381	I6K	0.0941	benign
P45381	I6L	0.0701	benign
P45381	I6M	0.0699	benign
P45381	I6N	0.0745	benign
P45381	I6P	0.1147	benign
P45381	I6Q	0.1182	benign
P45381	I6R	0.0707	benign
P45381	I6S	0.0735	benign
P45381	I6T	0.0584	benign
P45381	I6V	0.0579	benign
P45381	I6W	0.2845	benign
P45381	I6Y	0.1505	benign
P45381	A7C	0.1836	benign
P45381	A7D	0.0875	benign
P45381	A7E	0.0934	benign
P45381	A7F	0.1361	benign
P45381	A7G	0.0827	benign
P45381	A7H	0.1632	benign
P45381	A7I	0.105	benign
P45381	A7K	0.1207	benign
P45381	A7L	0.0913	benign
P45381	A7M	0.1201	benign
P45381	A7N	0.1059	benign
P45381	A7P	0.0705	benign
P45381	A7Q	0.1412	benign
P45381	A7R	0.1097	benign
P45381	A7S	0.0713	benign
P45381	A7T	0.0642	benign
P45381	A7V	0.0793	benign
P45381	A7W	0.2609	benign
P45381	A7Y	0.1603	benign
P45381	E8A	0.0935	benign
P45381	E8C	0.4244	ambiguous
P45381	E8D	0.0982	benign
P45381	E8F	0.3638	ambiguous
P45381	E8G	0.0727	benign
P45381	E8H	0.1993	benign
P45381	E8I	0.2025	benign
P45381	E8K	0.0677	benign
P45381	E8L	0.1931	benign
P45381	E8M	0.2505	benign
P45381	E8N	0.1406	benign
P45381	E8P	0.1997	benign
P45381	E8Q	0.0937	benign
P45381	E8R	0.0972	benign
P45381	E8S	0.1142	benign
P45381	E8T	0.1175	benign
P45381	E8V	0.1295	benign
P45381	E8W	0.4821	ambiguous
P45381	E8Y	0.2679	benign
P45381	E9A	0.079	benign
P45381	E9C	0.3244	benign
P45381	E9D	0.0715	benign
P45381	E9F	0.3013	benign
P45381	E9G	0.0624	benign
P45381	E9H	0.1486	benign
P45381	E9I	0.1455	benign
P45381	E9K	0.0612	benign
P45381	E9L	0.1617	benign
P45381	E9M	0.2081	benign
P45381	E9N	0.084	benign
P45381	E9P	0.1466	benign
P45381	E9Q	0.0772	benign
P45381	E9R	0.087	benign
P45381	E9S	0.0866	benign
P45381	E9T	0.0917	benign
P45381	E9V	0.1071	benign
P45381	E9W	0.4322	ambiguous
P45381	E9Y	0.1814	benign
P45381	H10A	0.0655	benign
P45381	H10C	0.0832	benign
P45381	H10D	0.0932	benign
P45381	H10E	0.0984	benign
P45381	H10F	0.1475	benign
P45381	H10G	0.097	benign
P45381	H10I	0.1078	benign
P45381	H10K	0.0749	benign
P45381	H10L	0.0758	benign
P45381	H10M	0.1795	benign
P45381	H10N	0.0654	benign
P45381	H10P	0.0342	benign
P45381	H10Q	0.0772	benign
P45381	H10R	0.0515	benign
P45381	H10S	0.0732	benign
P45381	H10T	0.0668	benign
P45381	H10V	0.0948	benign
P45381	H10W	0.2043	benign
P45381	H10Y	0.0755	benign
P45381	I11A	0.3502	ambiguous
P45381	I11C	0.459	ambiguous
P45381	I11D	0.7561	pathogenic
P45381	I11E	0.6848	pathogenic
P45381	I11F	0.1274	benign
P45381	I11G	0.6078	pathogenic
P45381	I11H	0.4671	ambiguous
P45381	I11K	0.4058	ambiguous
P45381	I11L	0.0905	benign
P45381	I11M	0.1472	benign
P45381	I11N	0.3713	ambiguous
P45381	I11P	0.3927	ambiguous
P45381	I11Q	0.4868	ambiguous
P45381	I11R	0.2998	benign
P45381	I11S	0.3471	ambiguous
P45381	I11T	0.3114	benign
P45381	I11V	0.0769	benign
P45381	I11W	0.6649	pathogenic
P45381	I11Y	0.4194	ambiguous
P45381	Q12A	0.1487	benign
P45381	Q12C	0.2797	benign
P45381	Q12D	0.2088	benign
P45381	Q12E	0.066	benign
P45381	Q12F	0.4762	ambiguous
P45381	Q12G	0.1113	benign
P45381	Q12H	0.1253	benign
P45381	Q12I	0.2892	benign
P45381	Q12K	0.0472	benign
P45381	Q12L	0.1468	benign
P45381	Q12M	0.2469	benign
P45381	Q12N	0.1518	benign
P45381	Q12P	0.1342	benign
P45381	Q12R	0.0571	benign
P45381	Q12S	0.1305	benign
P45381	Q12T	0.1126	benign
P45381	Q12V	0.2094	benign
P45381	Q12W	0.2724	benign
P45381	Q12Y	0.2814	benign
P45381	K13A	0.3992	ambiguous
P45381	K13C	0.5388	ambiguous
P45381	K13D	0.5382	ambiguous
P45381	K13E	0.1968	benign
P45381	K13F	0.791	pathogenic
P45381	K13G	0.4246	ambiguous
P45381	K13H	0.2305	benign
P45381	K13I	0.5039	ambiguous
P45381	K13L	0.4717	ambiguous
P45381	K13M	0.3092	benign
P45381	K13N	0.2841	benign
P45381	K13P	0.8709	pathogenic
P45381	K13Q	0.1454	benign
P45381	K13R	0.0663	benign
P45381	K13S	0.3612	ambiguous
P45381	K13T	0.1832	benign
P45381	K13V	0.4497	ambiguous
P45381	K13W	0.7211	pathogenic
P45381	K13Y	0.5609	ambiguous
P45381	V14A	0.3084	benign
P45381	V14C	0.8031	pathogenic
P45381	V14D	0.9509	pathogenic
P45381	V14E	0.9159	pathogenic
P45381	V14F	0.3911	ambiguous
P45381	V14G	0.6087	pathogenic
P45381	V14H	0.9618	pathogenic
P45381	V14I	0.0761	benign
P45381	V14K	0.9237	pathogenic
P45381	V14L	0.2535	benign
P45381	V14M	0.2551	benign
P45381	V14N	0.8771	pathogenic
P45381	V14P	0.9055	pathogenic
P45381	V14Q	0.9134	pathogenic
P45381	V14R	0.8875	pathogenic
P45381	V14S	0.6851	pathogenic
P45381	V14T	0.4064	ambiguous
P45381	V14W	0.9456	pathogenic
P45381	V14Y	0.8449	pathogenic
P45381	A15C	0.6766	pathogenic
P45381	A15D	0.9787	pathogenic
P45381	A15E	0.9775	pathogenic
P45381	A15F	0.8955	pathogenic
P45381	A15G	0.2169	benign
P45381	A15H	0.9834	pathogenic
P45381	A15I	0.683	pathogenic
P45381	A15K	0.9895	pathogenic
P45381	A15L	0.6322	pathogenic
P45381	A15M	0.7705	pathogenic
P45381	A15N	0.9496	pathogenic
P45381	A15P	0.9685	pathogenic
P45381	A15Q	0.9613	pathogenic
P45381	A15R	0.9685	pathogenic
P45381	A15S	0.2838	benign
P45381	A15T	0.4292	ambiguous
P45381	A15V	0.3849	ambiguous
P45381	A15W	0.9897	pathogenic
P45381	A15Y	0.9616	pathogenic
P45381	I16A	0.8997	pathogenic
P45381	I16C	0.9136	pathogenic
P45381	I16D	0.9974	pathogenic
P45381	I16E	0.9959	pathogenic
P45381	I16F	0.5573	ambiguous
P45381	I16G	0.9858	pathogenic
P45381	I16H	0.9914	pathogenic
P45381	I16K	0.9917	pathogenic
P45381	I16L	0.1678	benign
P45381	I16M	0.3903	ambiguous
P45381	I16N	0.9753	pathogenic
P45381	I16P	0.9863	pathogenic
P45381	I16Q	0.9924	pathogenic
P45381	I16R	0.9851	pathogenic
P45381	I16S	0.9565	pathogenic
P45381	I16T	0.9319	pathogenic
P45381	I16V	0.0765	benign
P45381	I16W	0.9868	pathogenic
P45381	I16Y	0.9532	pathogenic
P45381	F17A	0.8593	pathogenic
P45381	F17C	0.5629	ambiguous
P45381	F17D	0.9934	pathogenic
P45381	F17E	0.9955	pathogenic
P45381	F17G	0.9454	pathogenic
P45381	F17H	0.9614	pathogenic
P45381	F17I	0.6515	pathogenic
P45381	F17K	0.9966	pathogenic
P45381	F17L	0.9008	pathogenic
P45381	F17M	0.7772	pathogenic
P45381	F17N	0.9752	pathogenic
P45381	F17P	0.9975	pathogenic
P45381	F17Q	0.9894	pathogenic
P45381	F17R	0.9882	pathogenic
P45381	F17S	0.8142	pathogenic
P45381	F17T	0.7707	pathogenic
P45381	F17V	0.5891	pathogenic
P45381	F17W	0.8339	pathogenic
P45381	F17Y	0.6887	pathogenic
P45381	G18A	0.491	ambiguous
P45381	G18C	0.8669	pathogenic
P45381	G18D	0.9905	pathogenic
P45381	G18E	0.9902	pathogenic
P45381	G18F	0.9909	pathogenic
P45381	G18H	0.994	pathogenic
P45381	G18I	0.9832	pathogenic
P45381	G18K	0.995	pathogenic
P45381	G18L	0.9814	pathogenic
P45381	G18M	0.9926	pathogenic
P45381	G18N	0.9938	pathogenic
P45381	G18P	0.9961	pathogenic
P45381	G18Q	0.9875	pathogenic
P45381	G18R	0.9708	pathogenic
P45381	G18S	0.6655	pathogenic
P45381	G18T	0.9491	pathogenic
P45381	G18V	0.9603	pathogenic
P45381	G18W	0.9829	pathogenic
P45381	G18Y	0.9915	pathogenic
P45381	G19A	0.7152	pathogenic
P45381	G19C	0.9001	pathogenic
P45381	G19D	0.9832	pathogenic
P45381	G19E	0.9844	pathogenic
P45381	G19F	0.9929	pathogenic
P45381	G19H	0.9954	pathogenic
P45381	G19I	0.9882	pathogenic
P45381	G19K	0.9933	pathogenic
P45381	G19L	0.9884	pathogenic
P45381	G19M	0.9912	pathogenic
P45381	G19N	0.9881	pathogenic
P45381	G19P	0.9986	pathogenic
P45381	G19Q	0.9886	pathogenic
P45381	G19R	0.9725	pathogenic
P45381	G19S	0.7523	pathogenic
P45381	G19T	0.9704	pathogenic
P45381	G19V	0.973	pathogenic
P45381	G19W	0.9876	pathogenic
P45381	G19Y	0.9898	pathogenic
P45381	T20A	0.7445	pathogenic
P45381	T20C	0.8706	pathogenic
P45381	T20D	0.9748	pathogenic
P45381	T20E	0.9707	pathogenic
P45381	T20F	0.9721	pathogenic
P45381	T20G	0.9109	pathogenic
P45381	T20H	0.9356	pathogenic
P45381	T20I	0.737	pathogenic
P45381	T20K	0.9518	pathogenic
P45381	T20L	0.8079	pathogenic
P45381	T20M	0.6066	pathogenic
P45381	T20N	0.7554	pathogenic
P45381	T20P	0.8673	pathogenic
P45381	T20Q	0.9426	pathogenic
P45381	T20R	0.9465	pathogenic
P45381	T20S	0.5558	ambiguous
P45381	T20V	0.6524	pathogenic
P45381	T20W	0.9924	pathogenic
P45381	T20Y	0.9758	pathogenic
P45381	H21A	0.9959	pathogenic
P45381	H21C	0.9176	pathogenic
P45381	H21D	0.9888	pathogenic
P45381	H21E	0.9923	pathogenic
P45381	H21F	0.9877	pathogenic
P45381	H21G	0.9951	pathogenic
P45381	H21I	0.9979	pathogenic
P45381	H21K	0.9852	pathogenic
P45381	H21L	0.9726	pathogenic
P45381	H21M	0.9966	pathogenic
P45381	H21N	0.9725	pathogenic
P45381	H21P	0.9647	pathogenic
P45381	H21Q	0.988	pathogenic
P45381	H21R	0.9571	pathogenic
P45381	H21S	0.9885	pathogenic
P45381	H21T	0.9975	pathogenic
P45381	H21V	0.9975	pathogenic
P45381	H21W	0.9429	pathogenic
P45381	H21Y	0.9671	pathogenic
P45381	G22A	0.9505	pathogenic
P45381	G22C	0.9838	pathogenic
P45381	G22D	0.9935	pathogenic
P45381	G22E	0.9937	pathogenic
P45381	G22F	0.9988	pathogenic
P45381	G22H	0.9988	pathogenic
P45381	G22I	0.9979	pathogenic
P45381	G22K	0.9971	pathogenic
P45381	G22L	0.9978	pathogenic
P45381	G22M	0.9992	pathogenic
P45381	G22N	0.9976	pathogenic
P45381	G22P	0.9989	pathogenic
P45381	G22Q	0.9964	pathogenic
P45381	G22R	0.987	pathogenic
P45381	G22S	0.937	pathogenic
P45381	G22T	0.9934	pathogenic
P45381	G22V	0.9942	pathogenic
P45381	G22W	0.9959	pathogenic
P45381	G22Y	0.9981	pathogenic
P45381	N23A	0.9741	pathogenic
P45381	N23C	0.9243	pathogenic
P45381	N23D	0.5034	ambiguous
P45381	N23E	0.9837	pathogenic
P45381	N23F	0.9966	pathogenic
P45381	N23G	0.9306	pathogenic
P45381	N23H	0.9353	pathogenic
P45381	N23I	0.9807	pathogenic
P45381	N23K	0.9912	pathogenic
P45381	N23L	0.9761	pathogenic
P45381	N23M	0.9774	pathogenic
P45381	N23P	0.994	pathogenic
P45381	N23Q	0.9881	pathogenic
P45381	N23R	0.9889	pathogenic
P45381	N23S	0.5166	ambiguous
P45381	N23T	0.8979	pathogenic
P45381	N23V	0.9773	pathogenic
P45381	N23W	0.998	pathogenic
P45381	N23Y	0.9464	pathogenic
P45381	E24A	0.9901	pathogenic
P45381	E24C	0.9971	pathogenic
P45381	E24D	0.9866	pathogenic
P45381	E24F	0.9997	pathogenic
P45381	E24G	0.9808	pathogenic
P45381	E24H	0.9955	pathogenic
P45381	E24I	0.9984	pathogenic
P45381	E24K	0.9651	pathogenic
P45381	E24L	0.9985	pathogenic
P45381	E24M	0.9983	pathogenic
P45381	E24N	0.9954	pathogenic
P45381	E24P	0.999	pathogenic
P45381	E24Q	0.9712	pathogenic
P45381	E24R	0.9823	pathogenic
P45381	E24S	0.991	pathogenic
P45381	E24T	0.9967	pathogenic
P45381	E24V	0.9961	pathogenic
P45381	E24W	0.9998	pathogenic
P45381	E24Y	0.9985	pathogenic
P45381	L25A	0.5955	pathogenic
P45381	L25C	0.6887	pathogenic
P45381	L25D	0.9473	pathogenic
P45381	L25E	0.782	pathogenic
P45381	L25F	0.2398	benign
P45381	L25G	0.7796	pathogenic
P45381	L25H	0.5114	ambiguous
P45381	L25I	0.2828	benign
P45381	L25K	0.4233	ambiguous
P45381	L25M	0.0984	benign
P45381	L25N	0.7482	pathogenic
P45381	L25P	0.7949	pathogenic
P45381	L25Q	0.3431	ambiguous
P45381	L25R	0.3011	benign
P45381	L25S	0.6874	pathogenic
P45381	L25T	0.5934	pathogenic
P45381	L25V	0.2887	benign
P45381	L25W	0.3663	ambiguous
P45381	L25Y	0.4632	ambiguous
P45381	T26A	0.1897	benign
P45381	T26C	0.5785	pathogenic
P45381	T26D	0.9123	pathogenic
P45381	T26E	0.9294	pathogenic
P45381	T26F	0.9542	pathogenic
P45381	T26G	0.4	ambiguous
P45381	T26H	0.8901	pathogenic
P45381	T26I	0.8751	pathogenic
P45381	T26K	0.9531	pathogenic
P45381	T26L	0.6033	pathogenic
P45381	T26M	0.4513	ambiguous
P45381	T26N	0.5387	ambiguous
P45381	T26P	0.5356	ambiguous
P45381	T26Q	0.8952	pathogenic
P45381	T26R	0.9331	pathogenic
P45381	T26S	0.1079	benign
P45381	T26V	0.734	pathogenic
P45381	T26W	0.9877	pathogenic
P45381	T26Y	0.9473	pathogenic
P45381	G27A	0.5895	pathogenic
P45381	G27C	0.9203	pathogenic
P45381	G27D	0.9795	pathogenic
P45381	G27E	0.9793	pathogenic
P45381	G27F	0.9963	pathogenic
P45381	G27H	0.995	pathogenic
P45381	G27I	0.9861	pathogenic
P45381	G27K	0.993	pathogenic
P45381	G27L	0.9887	pathogenic
P45381	G27M	0.9922	pathogenic
P45381	G27N	0.9845	pathogenic
P45381	G27P	0.9864	pathogenic
P45381	G27Q	0.9882	pathogenic
P45381	G27R	0.9708	pathogenic
P45381	G27S	0.5703	pathogenic
P45381	G27T	0.921	pathogenic
P45381	G27V	0.9537	pathogenic
P45381	G27W	0.99	pathogenic
P45381	G27Y	0.9945	pathogenic
P45381	V28A	0.4832	ambiguous
P45381	V28C	0.8247	pathogenic
P45381	V28D	0.8653	pathogenic
P45381	V28E	0.8184	pathogenic
P45381	V28F	0.4701	ambiguous
P45381	V28G	0.5414	ambiguous
P45381	V28H	0.9179	pathogenic
P45381	V28I	0.0748	benign
P45381	V28K	0.8344	pathogenic
P45381	V28L	0.4627	ambiguous
P45381	V28M	0.3943	ambiguous
P45381	V28N	0.6755	pathogenic
P45381	V28P	0.8008	pathogenic
P45381	V28Q	0.837	pathogenic
P45381	V28R	0.7761	pathogenic
P45381	V28S	0.5923	pathogenic
P45381	V28T	0.5585	ambiguous
P45381	V28W	0.9522	pathogenic
P45381	V28Y	0.7908	pathogenic
P45381	F29A	0.4126	ambiguous
P45381	F29C	0.1911	benign
P45381	F29D	0.8175	pathogenic
P45381	F29E	0.787	pathogenic
P45381	F29G	0.7271	pathogenic
P45381	F29H	0.4527	ambiguous
P45381	F29I	0.1468	benign
P45381	F29K	0.8177	pathogenic
P45381	F29L	0.6597	pathogenic
P45381	F29M	0.3645	ambiguous
P45381	F29N	0.6025	pathogenic
P45381	F29P	0.9794	pathogenic
P45381	F29Q	0.7004	pathogenic
P45381	F29R	0.6931	pathogenic
P45381	F29S	0.3351	benign
P45381	F29T	0.379	ambiguous
P45381	F29V	0.1559	benign
P45381	F29W	0.4059	ambiguous
P45381	F29Y	0.1208	benign
P45381	L30A	0.6495	pathogenic
P45381	L30C	0.8109	pathogenic
P45381	L30D	0.9962	pathogenic
P45381	L30E	0.9739	pathogenic
P45381	L30F	0.7402	pathogenic
P45381	L30G	0.9466	pathogenic
P45381	L30H	0.95	pathogenic
P45381	L30I	0.2393	benign
P45381	L30K	0.9814	pathogenic
P45381	L30M	0.3279	benign
P45381	L30N	0.9706	pathogenic
P45381	L30P	0.9792	pathogenic
P45381	L30Q	0.8969	pathogenic
P45381	L30R	0.9481	pathogenic
P45381	L30S	0.8581	pathogenic
P45381	L30T	0.6401	pathogenic
P45381	L30V	0.2347	benign
P45381	L30W	0.9289	pathogenic
P45381	L30Y	0.964	pathogenic
P45381	V31A	0.2828	benign
P45381	V31C	0.809	pathogenic
P45381	V31D	0.9603	pathogenic
P45381	V31E	0.9083	pathogenic
P45381	V31F	0.7574	pathogenic
P45381	V31G	0.4749	ambiguous
P45381	V31H	0.9663	pathogenic
P45381	V31I	0.1289	benign
P45381	V31K	0.9557	pathogenic
P45381	V31L	0.5441	ambiguous
P45381	V31M	0.5345	ambiguous
P45381	V31N	0.8306	pathogenic
P45381	V31P	0.9595	pathogenic
P45381	V31Q	0.8906	pathogenic
P45381	V31R	0.9217	pathogenic
P45381	V31S	0.4703	ambiguous
P45381	V31T	0.4092	ambiguous
P45381	V31W	0.9885	pathogenic
P45381	V31Y	0.9519	pathogenic
P45381	K32A	0.2956	benign
P45381	K32C	0.5216	ambiguous
P45381	K32D	0.3662	ambiguous
P45381	K32E	0.105	benign
P45381	K32F	0.7324	pathogenic
P45381	K32G	0.2822	benign
P45381	K32H	0.2049	benign
P45381	K32I	0.4284	ambiguous
P45381	K32L	0.3339	benign
P45381	K32M	0.2352	benign
P45381	K32N	0.1807	benign
P45381	K32P	0.8377	pathogenic
P45381	K32Q	0.0905	benign
P45381	K32R	0.075	benign
P45381	K32S	0.2461	benign
P45381	K32T	0.1415	benign
P45381	K32V	0.4293	ambiguous
P45381	K32W	0.5997	pathogenic
P45381	K32Y	0.4615	ambiguous
P45381	H33A	0.3011	benign
P45381	H33C	0.1455	benign
P45381	H33D	0.2718	benign
P45381	H33E	0.2483	benign
P45381	H33F	0.2697	benign
P45381	H33G	0.3239	benign
P45381	H33I	0.3237	benign
P45381	H33K	0.2079	benign
P45381	H33L	0.1396	benign
P45381	H33M	0.4021	ambiguous
P45381	H33N	0.1322	benign
P45381	H33P	0.7183	pathogenic
P45381	H33Q	0.1609	benign
P45381	H33R	0.1014	benign
P45381	H33S	0.2332	benign
P45381	H33T	0.278	benign
P45381	H33V	0.3028	benign
P45381	H33W	0.2842	benign
P45381	H33Y	0.075	benign
P45381	W34A	0.9304	pathogenic
P45381	W34C	0.9084	pathogenic
P45381	W34D	0.994	pathogenic
P45381	W34E	0.9915	pathogenic
P45381	W34F	0.3221	benign
P45381	W34G	0.798	pathogenic
P45381	W34H	0.9637	pathogenic
P45381	W34I	0.8733	pathogenic
P45381	W34K	0.9957	pathogenic
P45381	W34L	0.5608	ambiguous
P45381	W34M	0.8743	pathogenic
P45381	W34N	0.9904	pathogenic
P45381	W34P	0.9971	pathogenic
P45381	W34Q	0.9887	pathogenic
P45381	W34R	0.986	pathogenic
P45381	W34S	0.9017	pathogenic
P45381	W34T	0.9583	pathogenic
P45381	W34V	0.8787	pathogenic
P45381	W34Y	0.632	pathogenic
P45381	L35A	0.1437	benign
P45381	L35C	0.3004	benign
P45381	L35D	0.4969	ambiguous
P45381	L35E	0.1377	benign
P45381	L35F	0.1663	benign
P45381	L35G	0.2949	benign
P45381	L35H	0.1616	benign
P45381	L35I	0.0924	benign
P45381	L35K	0.1102	benign
P45381	L35M	0.0781	benign
P45381	L35N	0.2499	benign
P45381	L35P	0.7512	pathogenic
P45381	L35Q	0.0663	benign
P45381	L35R	0.1004	benign
P45381	L35S	0.1587	benign
P45381	L35T	0.1236	benign
P45381	L35V	0.0963	benign
P45381	L35W	0.1716	benign
P45381	L35Y	0.2968	benign
P45381	E36A	0.0976	benign
P45381	E36C	0.459	ambiguous
P45381	E36D	0.1212	benign
P45381	E36F	0.53	ambiguous
P45381	E36G	0.0811	benign
P45381	E36H	0.1814	benign
P45381	E36I	0.2325	benign
P45381	E36K	0.0675	benign
P45381	E36L	0.1852	benign
P45381	E36M	0.2496	benign
P45381	E36N	0.1418	benign
P45381	E36P	0.5117	ambiguous
P45381	E36Q	0.0667	benign
P45381	E36R	0.0901	benign
P45381	E36S	0.1202	benign
P45381	E36T	0.1297	benign
P45381	E36V	0.1519	benign
P45381	E36W	0.5155	ambiguous
P45381	E36Y	0.3266	benign
P45381	N37A	0.2022	benign
P45381	N37C	0.1879	benign
P45381	N37D	0.0695	benign
P45381	N37E	0.213	benign
P45381	N37F	0.3987	ambiguous
P45381	N37G	0.253	benign
P45381	N37H	0.0975	benign
P45381	N37I	0.2244	benign
P45381	N37K	0.1791	benign
P45381	N37L	0.2722	benign
P45381	N37M	0.2763	benign
P45381	N37P	0.7199	pathogenic
P45381	N37Q	0.225	benign
P45381	N37R	0.2165	benign
P45381	N37S	0.1037	benign
P45381	N37T	0.1378	benign
P45381	N37V	0.2114	benign
P45381	N37W	0.5469	ambiguous
P45381	N37Y	0.1179	benign
P45381	G38A	0.0915	benign
P45381	G38C	0.1345	benign
P45381	G38D	0.1169	benign
P45381	G38E	0.1133	benign
P45381	G38F	0.3739	ambiguous
P45381	G38H	0.1729	benign
P45381	G38I	0.1717	benign
P45381	G38K	0.127	benign
P45381	G38L	0.2483	benign
P45381	G38M	0.3014	benign
P45381	G38N	0.1722	benign
P45381	G38P	0.2338	benign
P45381	G38Q	0.1495	benign
P45381	G38R	0.0991	benign
P45381	G38S	0.0845	benign
P45381	G38T	0.1052	benign
P45381	G38V	0.1302	benign
P45381	G38W	0.2689	benign
P45381	G38Y	0.2244	benign
P45381	A39C	0.2242	benign
P45381	A39D	0.0878	benign
P45381	A39E	0.0968	benign
P45381	A39F	0.1612	benign
P45381	A39G	0.1	benign
P45381	A39H	0.1774	benign
P45381	A39I	0.1168	benign
P45381	A39K	0.1182	benign
P45381	A39L	0.0954	benign
P45381	A39M	0.115	benign
P45381	A39N	0.1	benign
P45381	A39P	0.1221	benign
P45381	A39Q	0.1442	benign
P45381	A39R	0.1199	benign
P45381	A39S	0.0757	benign
P45381	A39T	0.0652	benign
P45381	A39V	0.0851	benign
P45381	A39W	0.3352	benign
P45381	A39Y	0.1976	benign
P45381	E40A	0.3808	ambiguous
P45381	E40C	0.9215	pathogenic
P45381	E40D	0.2751	benign
P45381	E40F	0.9161	pathogenic
P45381	E40G	0.4267	ambiguous
P45381	E40H	0.7897	pathogenic
P45381	E40I	0.6972	pathogenic
P45381	E40K	0.4382	ambiguous
P45381	E40L	0.6937	pathogenic
P45381	E40M	0.7504	pathogenic
P45381	E40N	0.643	pathogenic
P45381	E40P	0.8631	pathogenic
P45381	E40Q	0.3248	benign
P45381	E40R	0.5941	pathogenic
P45381	E40S	0.51	ambiguous
P45381	E40T	0.5923	pathogenic
P45381	E40V	0.5109	ambiguous
P45381	E40W	0.9648	pathogenic
P45381	E40Y	0.8481	pathogenic
P45381	I41A	0.6369	pathogenic
P45381	I41C	0.799	pathogenic
P45381	I41D	0.9519	pathogenic
P45381	I41E	0.9236	pathogenic
P45381	I41F	0.2751	benign
P45381	I41G	0.8504	pathogenic
P45381	I41H	0.9001	pathogenic
P45381	I41K	0.8656	pathogenic
P45381	I41L	0.1284	benign
P45381	I41M	0.1531	benign
P45381	I41N	0.6681	pathogenic
P45381	I41P	0.8988	pathogenic
P45381	I41Q	0.8823	pathogenic
P45381	I41R	0.8286	pathogenic
P45381	I41S	0.6717	pathogenic
P45381	I41T	0.5213	ambiguous
P45381	I41V	0.098	benign
P45381	I41W	0.8875	pathogenic
P45381	I41Y	0.7359	pathogenic
P45381	Q42A	0.1667	benign
P45381	Q42C	0.2837	benign
P45381	Q42D	0.2345	benign
P45381	Q42E	0.0726	benign
P45381	Q42F	0.4441	ambiguous
P45381	Q42G	0.1426	benign
P45381	Q42H	0.128	benign
P45381	Q42I	0.2671	benign
P45381	Q42K	0.0727	benign
P45381	Q42L	0.1111	benign
P45381	Q42M	0.2766	benign
P45381	Q42N	0.1969	benign
P45381	Q42P	0.2022	benign
P45381	Q42R	0.0733	benign
P45381	Q42S	0.1671	benign
P45381	Q42T	0.1438	benign
P45381	Q42V	0.1912	benign
P45381	Q42W	0.232	benign
P45381	Q42Y	0.2434	benign
P45381	R43A	0.7765	pathogenic
P45381	R43C	0.229	benign
P45381	R43D	0.8896	pathogenic
P45381	R43E	0.6088	pathogenic
P45381	R43F	0.7176	pathogenic
P45381	R43G	0.5423	ambiguous
P45381	R43H	0.1997	benign
P45381	R43I	0.5765	pathogenic
P45381	R43K	0.241	benign
P45381	R43L	0.539	ambiguous
P45381	R43M	0.5632	ambiguous
P45381	R43N	0.8395	pathogenic
P45381	R43P	0.9083	pathogenic
P45381	R43Q	0.1944	benign
P45381	R43S	0.8354	pathogenic
P45381	R43T	0.6672	pathogenic
P45381	R43V	0.6512	pathogenic
P45381	R43W	0.2233	benign
P45381	R43Y	0.4343	ambiguous
P45381	T44A	0.0603	benign
P45381	T44C	0.1956	benign
P45381	T44D	0.1237	benign
P45381	T44E	0.0988	benign
P45381	T44F	0.1406	benign
P45381	T44G	0.1284	benign
P45381	T44H	0.1071	benign
P45381	T44I	0.0882	benign
P45381	T44K	0.0683	benign
P45381	T44L	0.0726	benign
P45381	T44M	0.0774	benign
P45381	T44N	0.0685	benign
P45381	T44P	0.0589	benign
P45381	T44Q	0.1006	benign
P45381	T44R	0.0673	benign
P45381	T44S	0.0774	benign
P45381	T44V	0.0839	benign
P45381	T44W	0.2755	benign
P45381	T44Y	0.1366	benign
P45381	G45A	0.132	benign
P45381	G45C	0.1729	benign
P45381	G45D	0.1408	benign
P45381	G45E	0.1739	benign
P45381	G45F	0.4498	ambiguous
P45381	G45H	0.2399	benign
P45381	G45I	0.2951	benign
P45381	G45K	0.2559	benign
P45381	G45L	0.3799	ambiguous
P45381	G45M	0.4137	ambiguous
P45381	G45N	0.1793	benign
P45381	G45P	0.6925	pathogenic
P45381	G45Q	0.2338	benign
P45381	G45R	0.1846	benign
P45381	G45S	0.0954	benign
P45381	G45T	0.1454	benign
P45381	G45V	0.2199	benign
P45381	G45W	0.3484	ambiguous
P45381	G45Y	0.293	benign
P45381	L46A	0.3724	ambiguous
P45381	L46C	0.4432	ambiguous
P45381	L46D	0.9101	pathogenic
P45381	L46E	0.7365	pathogenic
P45381	L46F	0.1345	benign
P45381	L46G	0.6873	pathogenic
P45381	L46H	0.5374	ambiguous
P45381	L46I	0.0793	benign
P45381	L46K	0.6127	pathogenic
P45381	L46M	0.1077	benign
P45381	L46N	0.7166	pathogenic
P45381	L46P	0.7314	pathogenic
P45381	L46Q	0.4735	ambiguous
P45381	L46R	0.5063	ambiguous
P45381	L46S	0.5545	ambiguous
P45381	L46T	0.3395	benign
P45381	L46V	0.0889	benign
P45381	L46W	0.2716	benign
P45381	L46Y	0.448	ambiguous
P45381	E47A	0.1083	benign
P45381	E47C	0.4836	ambiguous
P45381	E47D	0.1095	benign
P45381	E47F	0.4524	ambiguous
P45381	E47G	0.1514	benign
P45381	E47H	0.1966	benign
P45381	E47I	0.1687	benign
P45381	E47K	0.0908	benign
P45381	E47L	0.176	benign
P45381	E47M	0.2519	benign
P45381	E47N	0.1554	benign
P45381	E47P	0.524	ambiguous
P45381	E47Q	0.0916	benign
P45381	E47R	0.1325	benign
P45381	E47S	0.1408	benign
P45381	E47T	0.1264	benign
P45381	E47V	0.1126	benign
P45381	E47W	0.621	pathogenic
P45381	E47Y	0.3135	benign
P45381	V48A	0.2502	benign
P45381	V48C	0.6896	pathogenic
P45381	V48D	0.8128	pathogenic
P45381	V48E	0.7688	pathogenic
P45381	V48F	0.2937	benign
P45381	V48G	0.3565	ambiguous
P45381	V48H	0.8903	pathogenic
P45381	V48I	0.0781	benign
P45381	V48K	0.827	pathogenic
P45381	V48L	0.2585	benign
P45381	V48M	0.2144	benign
P45381	V48N	0.5851	pathogenic
P45381	V48P	0.7231	pathogenic
P45381	V48Q	0.7966	pathogenic
P45381	V48R	0.7963	pathogenic
P45381	V48S	0.3832	ambiguous
P45381	V48T	0.2315	benign
P45381	V48W	0.8868	pathogenic
P45381	V48Y	0.7277	pathogenic
P45381	K49A	0.2599	benign
P45381	K49C	0.4005	ambiguous
P45381	K49D	0.4601	ambiguous
P45381	K49E	0.119	benign
P45381	K49F	0.4626	ambiguous
P45381	K49G	0.4459	ambiguous
P45381	K49H	0.1808	benign
P45381	K49I	0.1489	benign
P45381	K49L	0.1923	benign
P45381	K49M	0.1324	benign
P45381	K49N	0.2604	benign
P45381	K49P	0.8483	pathogenic
P45381	K49Q	0.0949	benign
P45381	K49R	0.0774	benign
P45381	K49S	0.2637	benign
P45381	K49T	0.097	benign
P45381	K49V	0.1606	benign
P45381	K49W	0.5572	ambiguous
P45381	K49Y	0.3564	ambiguous
P45381	P50A	0.1272	benign
P45381	P50C	0.5158	ambiguous
P45381	P50D	0.9554	pathogenic
P45381	P50E	0.9111	pathogenic
P45381	P50F	0.8626	pathogenic
P45381	P50G	0.5246	ambiguous
P45381	P50H	0.7275	pathogenic
P45381	P50I	0.6051	pathogenic
P45381	P50K	0.9224	pathogenic
P45381	P50L	0.3217	benign
P45381	P50M	0.7008	pathogenic
P45381	P50N	0.8373	pathogenic
P45381	P50Q	0.7883	pathogenic
P45381	P50R	0.8209	pathogenic
P45381	P50S	0.3197	benign
P45381	P50T	0.2132	benign
P45381	P50V	0.3844	ambiguous
P45381	P50W	0.9206	pathogenic
P45381	P50Y	0.8102	pathogenic
P45381	F51A	0.6684	pathogenic
P45381	F51C	0.2123	benign
P45381	F51D	0.9218	pathogenic
P45381	F51E	0.9058	pathogenic
P45381	F51G	0.8812	pathogenic
P45381	F51H	0.5763	pathogenic
P45381	F51I	0.1812	benign
P45381	F51K	0.9031	pathogenic
P45381	F51L	0.689	pathogenic
P45381	F51M	0.4697	ambiguous
P45381	F51N	0.8157	pathogenic
P45381	F51P	0.9927	pathogenic
P45381	F51Q	0.8346	pathogenic
P45381	F51R	0.8029	pathogenic
P45381	F51S	0.603	pathogenic
P45381	F51T	0.6693	pathogenic
P45381	F51V	0.1585	benign
P45381	F51W	0.4669	ambiguous
P45381	F51Y	0.1492	benign
P45381	I52A	0.6536	pathogenic
P45381	I52C	0.7121	pathogenic
P45381	I52D	0.8833	pathogenic
P45381	I52E	0.7566	pathogenic
P45381	I52F	0.1773	benign
P45381	I52G	0.8858	pathogenic
P45381	I52H	0.648	pathogenic
P45381	I52K	0.6342	pathogenic
P45381	I52L	0.0623	benign
P45381	I52M	0.1121	benign
P45381	I52N	0.5847	pathogenic
P45381	I52P	0.7346	pathogenic
P45381	I52Q	0.6551	pathogenic
P45381	I52R	0.5378	ambiguous
P45381	I52S	0.6297	pathogenic
P45381	I52T	0.4977	ambiguous
P45381	I52V	0.0927	benign
P45381	I52W	0.7241	pathogenic
P45381	I52Y	0.5545	ambiguous
P45381	T53A	0.0588	benign
P45381	T53C	0.2856	benign
P45381	T53D	0.9228	pathogenic
P45381	T53E	0.9132	pathogenic
P45381	T53F	0.8854	pathogenic
P45381	T53G	0.2001	benign
P45381	T53H	0.8807	pathogenic
P45381	T53I	0.651	pathogenic
P45381	T53K	0.9186	pathogenic
P45381	T53L	0.3878	ambiguous
P45381	T53M	0.2768	benign
P45381	T53N	0.5391	ambiguous
P45381	T53P	0.4265	ambiguous
P45381	T53Q	0.84	pathogenic
P45381	T53R	0.8715	pathogenic
P45381	T53S	0.1225	benign
P45381	T53V	0.3711	ambiguous
P45381	T53W	0.9832	pathogenic
P45381	T53Y	0.9193	pathogenic
P45381	N54A	0.9643	pathogenic
P45381	N54C	0.8308	pathogenic
P45381	N54D	0.9639	pathogenic
P45381	N54E	0.9915	pathogenic
P45381	N54F	0.9924	pathogenic
P45381	N54G	0.9798	pathogenic
P45381	N54H	0.8044	pathogenic
P45381	N54I	0.934	pathogenic
P45381	N54K	0.9916	pathogenic
P45381	N54L	0.9222	pathogenic
P45381	N54M	0.9657	pathogenic
P45381	N54P	0.9787	pathogenic
P45381	N54Q	0.9852	pathogenic
P45381	N54R	0.9889	pathogenic
P45381	N54S	0.5013	ambiguous
P45381	N54T	0.916	pathogenic
P45381	N54V	0.9301	pathogenic
P45381	N54W	0.9978	pathogenic
P45381	N54Y	0.9185	pathogenic
P45381	P55A	0.2523	benign
P45381	P55C	0.6946	pathogenic
P45381	P55D	0.6971	pathogenic
P45381	P55E	0.3344	benign
P45381	P55F	0.747	pathogenic
P45381	P55G	0.6947	pathogenic
P45381	P55H	0.391	ambiguous
P45381	P55I	0.3652	ambiguous
P45381	P55K	0.3868	ambiguous
P45381	P55L	0.1991	benign
P45381	P55M	0.4859	ambiguous
P45381	P55N	0.66	pathogenic
P45381	P55Q	0.2998	benign
P45381	P55R	0.2942	benign
P45381	P55S	0.3563	ambiguous
P45381	P55T	0.186	benign
P45381	P55V	0.2949	benign
P45381	P55W	0.7814	pathogenic
P45381	P55Y	0.6872	pathogenic
P45381	R56A	0.1185	benign
P45381	R56C	0.1435	benign
P45381	R56D	0.2929	benign
P45381	R56E	0.1192	benign
P45381	R56F	0.3131	benign
P45381	R56G	0.1107	benign
P45381	R56H	0.1264	benign
P45381	R56I	0.1115	benign
P45381	R56K	0.068	benign
P45381	R56L	0.1026	benign
P45381	R56M	0.108	benign
P45381	R56N	0.2645	benign
P45381	R56P	0.3616	ambiguous
P45381	R56Q	0.0851	benign
P45381	R56S	0.1975	benign
P45381	R56T	0.105	benign
P45381	R56V	0.1361	benign
P45381	R56W	0.1507	benign
P45381	R56Y	0.2375	benign
P45381	A57C	0.963	pathogenic
P45381	A57D	0.9892	pathogenic
P45381	A57E	0.9831	pathogenic
P45381	A57F	0.9936	pathogenic
P45381	A57G	0.4393	ambiguous
P45381	A57H	0.9955	pathogenic
P45381	A57I	0.9912	pathogenic
P45381	A57K	0.9971	pathogenic
P45381	A57L	0.9547	pathogenic
P45381	A57M	0.9772	pathogenic
P45381	A57N	0.9851	pathogenic
P45381	A57P	0.9759	pathogenic
P45381	A57Q	0.9857	pathogenic
P45381	A57R	0.9869	pathogenic
P45381	A57S	0.4056	ambiguous
P45381	A57T	0.9245	pathogenic
P45381	A57V	0.944	pathogenic
P45381	A57W	0.9987	pathogenic
P45381	A57Y	0.9936	pathogenic
P45381	V58A	0.2961	benign
P45381	V58C	0.8199	pathogenic
P45381	V58D	0.8579	pathogenic
P45381	V58E	0.5743	pathogenic
P45381	V58F	0.3564	ambiguous
P45381	V58G	0.4469	ambiguous
P45381	V58H	0.8704	pathogenic
P45381	V58I	0.0896	benign
P45381	V58K	0.7292	pathogenic
P45381	V58L	0.3762	ambiguous
P45381	V58M	0.1936	benign
P45381	V58N	0.6103	pathogenic
P45381	V58P	0.9746	pathogenic
P45381	V58Q	0.5703	pathogenic
P45381	V58R	0.6642	pathogenic
P45381	V58S	0.3785	ambiguous
P45381	V58T	0.2621	benign
P45381	V58W	0.9292	pathogenic
P45381	V58Y	0.7942	pathogenic
P45381	K59A	0.1264	benign
P45381	K59C	0.4553	ambiguous
P45381	K59D	0.1983	benign
P45381	K59E	0.0493	benign
P45381	K59F	0.571	pathogenic
P45381	K59G	0.1691	benign
P45381	K59H	0.2228	benign
P45381	K59I	0.2301	benign
P45381	K59L	0.1751	benign
P45381	K59M	0.1314	benign
P45381	K59N	0.1593	benign
P45381	K59P	0.7071	pathogenic
P45381	K59Q	0.0691	benign
P45381	K59R	0.0779	benign
P45381	K59S	0.1455	benign
P45381	K59T	0.1008	benign
P45381	K59V	0.1909	benign
P45381	K59W	0.5772	pathogenic
P45381	K59Y	0.405	ambiguous
P45381	K60A	0.1385	benign
P45381	K60C	0.3716	ambiguous
P45381	K60D	0.2698	benign
P45381	K60E	0.0773	benign
P45381	K60F	0.4721	ambiguous
P45381	K60G	0.253	benign
P45381	K60H	0.1701	benign
P45381	K60I	0.1528	benign
P45381	K60L	0.1448	benign
P45381	K60M	0.1009	benign
P45381	K60N	0.1301	benign
P45381	K60P	0.8162	pathogenic
P45381	K60Q	0.0757	benign
P45381	K60R	0.0748	benign
P45381	K60S	0.1721	benign
P45381	K60T	0.1002	benign
P45381	K60V	0.1527	benign
P45381	K60W	0.6085	pathogenic
P45381	K60Y	0.3122	benign
P45381	C61A	0.5643	pathogenic
P45381	C61D	0.8391	pathogenic
P45381	C61E	0.8896	pathogenic
P45381	C61F	0.5307	ambiguous
P45381	C61G	0.1451	benign
P45381	C61H	0.6851	pathogenic
P45381	C61I	0.7491	pathogenic
P45381	C61K	0.7998	pathogenic
P45381	C61L	0.7193	pathogenic
P45381	C61M	0.8082	pathogenic
P45381	C61N	0.441	ambiguous
P45381	C61P	0.9726	pathogenic
P45381	C61Q	0.6841	pathogenic
P45381	C61R	0.412	ambiguous
P45381	C61S	0.4096	ambiguous
P45381	C61T	0.674	pathogenic
P45381	C61V	0.5749	pathogenic
P45381	C61W	0.8191	pathogenic
P45381	C61Y	0.556	ambiguous
P45381	T62A	0.0708	benign
P45381	T62C	0.1686	benign
P45381	T62D	0.4454	ambiguous
P45381	T62E	0.2394	benign
P45381	T62F	0.2604	benign
P45381	T62G	0.2214	benign
P45381	T62H	0.2202	benign
P45381	T62I	0.1063	benign
P45381	T62K	0.136	benign
P45381	T62L	0.0876	benign
P45381	T62M	0.0892	benign
P45381	T62N	0.1381	benign
P45381	T62P	0.6121	pathogenic
P45381	T62Q	0.1529	benign
P45381	T62R	0.0995	benign
P45381	T62S	0.107	benign
P45381	T62V	0.0875	benign
P45381	T62W	0.6062	pathogenic
P45381	T62Y	0.2985	benign
P45381	R63A	0.9934	pathogenic
P45381	R63C	0.9202	pathogenic
P45381	R63D	0.9968	pathogenic
P45381	R63E	0.9825	pathogenic
P45381	R63F	0.9979	pathogenic
P45381	R63G	0.9812	pathogenic
P45381	R63H	0.9181	pathogenic
P45381	R63I	0.9919	pathogenic
P45381	R63K	0.9374	pathogenic
P45381	R63L	0.9826	pathogenic
P45381	R63M	0.9976	pathogenic
P45381	R63N	0.9966	pathogenic
P45381	R63P	0.9823	pathogenic
P45381	R63Q	0.9409	pathogenic
P45381	R63S	0.9922	pathogenic
P45381	R63T	0.9953	pathogenic
P45381	R63V	0.993	pathogenic
P45381	R63W	0.919	pathogenic
P45381	R63Y	0.9865	pathogenic
P45381	Y64A	0.9887	pathogenic
P45381	Y64C	0.844	pathogenic
P45381	Y64D	0.9565	pathogenic
P45381	Y64E	0.9948	pathogenic
P45381	Y64F	0.3047	benign
P45381	Y64G	0.9293	pathogenic
P45381	Y64H	0.9294	pathogenic
P45381	Y64I	0.987	pathogenic
P45381	Y64K	0.9943	pathogenic
P45381	Y64L	0.971	pathogenic
P45381	Y64M	0.984	pathogenic
P45381	Y64N	0.8872	pathogenic
P45381	Y64P	0.9969	pathogenic
P45381	Y64Q	0.9936	pathogenic
P45381	Y64R	0.9835	pathogenic
P45381	Y64S	0.9416	pathogenic
P45381	Y64T	0.9897	pathogenic
P45381	Y64V	0.9688	pathogenic
P45381	Y64W	0.8795	pathogenic
P45381	I65A	0.2682	benign
P45381	I65C	0.6404	pathogenic
P45381	I65D	0.7406	pathogenic
P45381	I65E	0.5085	ambiguous
P45381	I65F	0.2483	benign
P45381	I65G	0.6363	pathogenic
P45381	I65H	0.63	pathogenic
P45381	I65K	0.3941	ambiguous
P45381	I65L	0.1094	benign
P45381	I65M	0.0966	benign
P45381	I65N	0.3953	ambiguous
P45381	I65P	0.863	pathogenic
P45381	I65Q	0.4719	ambiguous
P45381	I65R	0.3032	benign
P45381	I65S	0.2995	benign
P45381	I65T	0.0957	benign
P45381	I65V	0.0594	benign
P45381	I65W	0.7935	pathogenic
P45381	I65Y	0.658	pathogenic
P45381	D66A	0.5084	ambiguous
P45381	D66C	0.8173	pathogenic
P45381	D66E	0.3812	ambiguous
P45381	D66F	0.9113	pathogenic
P45381	D66G	0.2863	benign
P45381	D66H	0.5306	ambiguous
P45381	D66I	0.9093	pathogenic
P45381	D66K	0.8328	pathogenic
P45381	D66L	0.8647	pathogenic
P45381	D66M	0.948	pathogenic
P45381	D66N	0.209	benign
P45381	D66P	0.9776	pathogenic
P45381	D66Q	0.725	pathogenic
P45381	D66R	0.8127	pathogenic
P45381	D66S	0.2633	benign
P45381	D66T	0.6341	pathogenic
P45381	D66V	0.7921	pathogenic
P45381	D66W	0.9811	pathogenic
P45381	D66Y	0.5869	pathogenic
P45381	C67A	0.2557	benign
P45381	C67D	0.3735	ambiguous
P45381	C67E	0.3856	ambiguous
P45381	C67F	0.1438	benign
P45381	C67G	0.1192	benign
P45381	C67H	0.1731	benign
P45381	C67I	0.2846	benign
P45381	C67K	0.26	benign
P45381	C67L	0.3298	benign
P45381	C67M	0.4309	ambiguous
P45381	C67N	0.2476	benign
P45381	C67P	0.9487	pathogenic
P45381	C67Q	0.2057	benign
P45381	C67R	0.0975	benign
P45381	C67S	0.1517	benign
P45381	C67T	0.1736	benign
P45381	C67V	0.239	benign
P45381	C67W	0.3271	benign
P45381	C67Y	0.1651	benign
P45381	D68A	0.9839	pathogenic
P45381	D68C	0.99	pathogenic
P45381	D68E	0.9839	pathogenic
P45381	D68F	0.995	pathogenic
P45381	D68G	0.9823	pathogenic
P45381	D68H	0.9657	pathogenic
P45381	D68I	0.9951	pathogenic
P45381	D68K	0.9914	pathogenic
P45381	D68L	0.9922	pathogenic
P45381	D68M	0.9989	pathogenic
P45381	D68N	0.9017	pathogenic
P45381	D68P	0.9912	pathogenic
P45381	D68Q	0.9917	pathogenic
P45381	D68R	0.9858	pathogenic
P45381	D68S	0.9497	pathogenic
P45381	D68T	0.9932	pathogenic
P45381	D68V	0.9847	pathogenic
P45381	D68W	0.9987	pathogenic
P45381	D68Y	0.9361	pathogenic
P45381	L69A	0.9256	pathogenic
P45381	L69C	0.9319	pathogenic
P45381	L69D	0.9978	pathogenic
P45381	L69E	0.9877	pathogenic
P45381	L69F	0.7345	pathogenic
P45381	L69G	0.9839	pathogenic
P45381	L69H	0.9821	pathogenic
P45381	L69I	0.2446	benign
P45381	L69K	0.9821	pathogenic
P45381	L69M	0.2551	benign
P45381	L69N	0.9878	pathogenic
P45381	L69P	0.9655	pathogenic
P45381	L69Q	0.9518	pathogenic
P45381	L69R	0.9737	pathogenic
P45381	L69S	0.9717	pathogenic
P45381	L69T	0.912	pathogenic
P45381	L69V	0.3878	ambiguous
P45381	L69W	0.9572	pathogenic
P45381	L69Y	0.9789	pathogenic
P45381	N70A	0.9903	pathogenic
P45381	N70C	0.9406	pathogenic
P45381	N70D	0.9795	pathogenic
P45381	N70E	0.9916	pathogenic
P45381	N70F	0.9956	pathogenic
P45381	N70G	0.9764	pathogenic
P45381	N70H	0.9466	pathogenic
P45381	N70I	0.968	pathogenic
P45381	N70K	0.989	pathogenic
P45381	N70L	0.9268	pathogenic
P45381	N70M	0.9764	pathogenic
P45381	N70P	0.967	pathogenic
P45381	N70Q	0.9881	pathogenic
P45381	N70R	0.9868	pathogenic
P45381	N70S	0.8209	pathogenic
P45381	N70T	0.9667	pathogenic
P45381	N70V	0.9692	pathogenic
P45381	N70W	0.9967	pathogenic
P45381	N70Y	0.9633	pathogenic
P45381	R71A	0.9934	pathogenic
P45381	R71C	0.8504	pathogenic
P45381	R71D	0.9912	pathogenic
P45381	R71E	0.9614	pathogenic
P45381	R71F	0.9906	pathogenic
P45381	R71G	0.9691	pathogenic
P45381	R71H	0.7629	pathogenic
P45381	R71I	0.9836	pathogenic
P45381	R71K	0.8892	pathogenic
P45381	R71L	0.9615	pathogenic
P45381	R71M	0.9913	pathogenic
P45381	R71N	0.9878	pathogenic
P45381	R71P	0.9965	pathogenic
P45381	R71Q	0.824	pathogenic
P45381	R71S	0.9912	pathogenic
P45381	R71T	0.9905	pathogenic
P45381	R71V	0.987	pathogenic
P45381	R71W	0.8526	pathogenic
P45381	R71Y	0.9633	pathogenic
P45381	I72A	0.1384	benign
P45381	I72C	0.4023	ambiguous
P45381	I72D	0.6347	pathogenic
P45381	I72E	0.481	ambiguous
P45381	I72F	0.2895	benign
P45381	I72G	0.4478	ambiguous
P45381	I72H	0.5601	ambiguous
P45381	I72K	0.4789	ambiguous
P45381	I72L	0.1506	benign
P45381	I72M	0.1124	benign
P45381	I72N	0.2132	benign
P45381	I72P	0.8858	pathogenic
P45381	I72Q	0.3733	ambiguous
P45381	I72R	0.3675	ambiguous
P45381	I72S	0.1569	benign
P45381	I72T	0.1161	benign
P45381	I72V	0.0526	benign
P45381	I72W	0.8849	pathogenic
P45381	I72Y	0.6018	pathogenic
P45381	F73A	0.9743	pathogenic
P45381	F73C	0.8818	pathogenic
P45381	F73D	0.9955	pathogenic
P45381	F73E	0.9969	pathogenic
P45381	F73G	0.9841	pathogenic
P45381	F73H	0.9686	pathogenic
P45381	F73I	0.9284	pathogenic
P45381	F73K	0.9957	pathogenic
P45381	F73L	0.9914	pathogenic
P45381	F73M	0.9684	pathogenic
P45381	F73N	0.9901	pathogenic
P45381	F73P	0.9954	pathogenic
P45381	F73Q	0.993	pathogenic
P45381	F73R	0.9832	pathogenic
P45381	F73S	0.9574	pathogenic
P45381	F73T	0.9744	pathogenic
P45381	F73V	0.9077	pathogenic
P45381	F73W	0.8344	pathogenic
P45381	F73Y	0.7248	pathogenic
P45381	D74A	0.1681	benign
P45381	D74C	0.3694	ambiguous
P45381	D74E	0.228	benign
P45381	D74F	0.5465	ambiguous
P45381	D74G	0.1482	benign
P45381	D74H	0.1893	benign
P45381	D74I	0.3326	benign
P45381	D74K	0.391	ambiguous
P45381	D74L	0.3118	benign
P45381	D74M	0.6156	pathogenic
P45381	D74N	0.0965	benign
P45381	D74P	0.7204	pathogenic
P45381	D74Q	0.3324	benign
P45381	D74R	0.3491	ambiguous
P45381	D74S	0.0941	benign
P45381	D74T	0.181	benign
P45381	D74V	0.2084	benign
P45381	D74W	0.8373	pathogenic
P45381	D74Y	0.196	benign
P45381	L75A	0.0577	benign
P45381	L75C	0.1493	benign
P45381	L75D	0.1467	benign
P45381	L75E	0.1024	benign
P45381	L75F	0.0781	benign
P45381	L75G	0.1235	benign
P45381	L75H	0.0757	benign
P45381	L75I	0.0681	benign
P45381	L75K	0.0735	benign
P45381	L75M	0.0781	benign
P45381	L75N	0.097	benign
P45381	L75P	0.0483	benign
P45381	L75Q	0.0737	benign
P45381	L75R	0.0657	benign
P45381	L75S	0.0607	benign
P45381	L75T	0.0591	benign
P45381	L75V	0.0628	benign
P45381	L75W	0.0921	benign
P45381	L75Y	0.1161	benign
P45381	E76A	0.1093	benign
P45381	E76C	0.4771	ambiguous
P45381	E76D	0.0858	benign
P45381	E76F	0.5268	ambiguous
P45381	E76G	0.0875	benign
P45381	E76H	0.208	benign
P45381	E76I	0.2413	benign
P45381	E76K	0.0759	benign
P45381	E76L	0.2544	benign
P45381	E76M	0.3356	benign
P45381	E76N	0.133	benign
P45381	E76P	0.2484	benign
P45381	E76Q	0.0881	benign
P45381	E76R	0.1178	benign
P45381	E76S	0.1207	benign
P45381	E76T	0.1436	benign
P45381	E76V	0.1527	benign
P45381	E76W	0.5701	pathogenic
P45381	E76Y	0.3244	benign
P45381	N77A	0.2404	benign
P45381	N77C	0.1723	benign
P45381	N77D	0.2012	benign
P45381	N77E	0.3833	ambiguous
P45381	N77F	0.3382	benign
P45381	N77G	0.3108	benign
P45381	N77H	0.0869	benign
P45381	N77I	0.1285	benign
P45381	N77K	0.2133	benign
P45381	N77L	0.2071	benign
P45381	N77M	0.2534	benign
P45381	N77P	0.7428	pathogenic
P45381	N77Q	0.3019	benign
P45381	N77R	0.2671	benign
P45381	N77S	0.1138	benign
P45381	N77T	0.1267	benign
P45381	N77V	0.1583	benign
P45381	N77W	0.5934	pathogenic
P45381	N77Y	0.0823	benign
P45381	L78A	0.546	ambiguous
P45381	L78C	0.7566	pathogenic
P45381	L78D	0.9481	pathogenic
P45381	L78E	0.8023	pathogenic
P45381	L78F	0.4031	ambiguous
P45381	L78G	0.8351	pathogenic
P45381	L78H	0.6622	pathogenic
P45381	L78I	0.1361	benign
P45381	L78K	0.6851	pathogenic
P45381	L78M	0.2296	benign
P45381	L78N	0.8058	pathogenic
P45381	L78P	0.8319	pathogenic
P45381	L78Q	0.5807	pathogenic
P45381	L78R	0.515	ambiguous
P45381	L78S	0.7195	pathogenic
P45381	L78T	0.3746	ambiguous
P45381	L78V	0.1819	benign
P45381	L78W	0.6212	pathogenic
P45381	L78Y	0.7472	pathogenic
P45381	G79A	0.1074	benign
P45381	G79C	0.1224	benign
P45381	G79D	0.106	benign
P45381	G79E	0.0953	benign
P45381	G79F	0.3985	ambiguous
P45381	G79H	0.1702	benign
P45381	G79I	0.2298	benign
P45381	G79K	0.1468	benign
P45381	G79L	0.2673	benign
P45381	G79M	0.3653	ambiguous
P45381	G79N	0.1436	benign
P45381	G79P	0.6327	pathogenic
P45381	G79Q	0.1315	benign
P45381	G79R	0.106	benign
P45381	G79S	0.08	benign
P45381	G79T	0.119	benign
P45381	G79V	0.1643	benign
P45381	G79W	0.2696	benign
P45381	G79Y	0.2146	benign
P45381	K80A	0.2202	benign
P45381	K80C	0.4083	ambiguous
P45381	K80D	0.2964	benign
P45381	K80E	0.0836	benign
P45381	K80F	0.5023	ambiguous
P45381	K80G	0.1954	benign
P45381	K80H	0.255	benign
P45381	K80I	0.2226	benign
P45381	K80L	0.1835	benign
P45381	K80M	0.1485	benign
P45381	K80N	0.2097	benign
P45381	K80P	0.529	ambiguous
P45381	K80Q	0.0995	benign
P45381	K80R	0.0731	benign
P45381	K80S	0.215	benign
P45381	K80T	0.1397	benign
P45381	K80V	0.2073	benign
P45381	K80W	0.5164	ambiguous
P45381	K80Y	0.3772	ambiguous
P45381	K81A	0.1031	benign
P45381	K81C	0.2702	benign
P45381	K81D	0.1121	benign
P45381	K81E	0.06	benign
P45381	K81F	0.2956	benign
P45381	K81G	0.1202	benign
P45381	K81H	0.144	benign
P45381	K81I	0.1184	benign
P45381	K81L	0.1171	benign
P45381	K81M	0.1047	benign
P45381	K81N	0.0855	benign
P45381	K81P	0.1228	benign
P45381	K81Q	0.0787	benign
P45381	K81R	0.0739	benign
P45381	K81S	0.1053	benign
P45381	K81T	0.0697	benign
P45381	K81V	0.1031	benign
P45381	K81W	0.4033	ambiguous
P45381	K81Y	0.2133	benign
P45381	M82A	0.1049	benign
P45381	M82C	0.3015	benign
P45381	M82D	0.1816	benign
P45381	M82E	0.1082	benign
P45381	M82F	0.1343	benign
P45381	M82G	0.1729	benign
P45381	M82H	0.1628	benign
P45381	M82I	0.0826	benign
P45381	M82K	0.0708	benign
P45381	M82L	0.0722	benign
P45381	M82N	0.1001	benign
P45381	M82P	0.1015	benign
P45381	M82Q	0.0988	benign
P45381	M82R	0.0731	benign
P45381	M82S	0.1039	benign
P45381	M82T	0.0739	benign
P45381	M82V	0.0579	benign
P45381	M82W	0.2608	benign
P45381	M82Y	0.1788	benign
P45381	S83A	0.0715	benign
P45381	S83C	0.0923	benign
P45381	S83D	0.1168	benign
P45381	S83E	0.1691	benign
P45381	S83F	0.149	benign
P45381	S83G	0.0729	benign
P45381	S83H	0.1656	benign
P45381	S83I	0.1187	benign
P45381	S83K	0.2313	benign
P45381	S83L	0.0805	benign
P45381	S83M	0.1536	benign
P45381	S83N	0.0834	benign
P45381	S83P	0.0944	benign
P45381	S83Q	0.2303	benign
P45381	S83R	0.1969	benign
P45381	S83T	0.068	benign
P45381	S83V	0.1167	benign
P45381	S83W	0.1886	benign
P45381	S83Y	0.1166	benign
P45381	E84A	0.0973	benign
P45381	E84C	0.4731	ambiguous
P45381	E84D	0.0771	benign
P45381	E84F	0.4289	ambiguous
P45381	E84G	0.0819	benign
P45381	E84H	0.2066	benign
P45381	E84I	0.1943	benign
P45381	E84K	0.069	benign
P45381	E84L	0.195	benign
P45381	E84M	0.2448	benign
P45381	E84N	0.1243	benign
P45381	E84P	0.1895	benign
P45381	E84Q	0.1058	benign
P45381	E84R	0.1098	benign
P45381	E84S	0.1052	benign
P45381	E84T	0.1158	benign
P45381	E84V	0.1293	benign
P45381	E84W	0.5065	ambiguous
P45381	E84Y	0.2877	benign
P45381	D85A	0.1003	benign
P45381	D85C	0.2309	benign
P45381	D85E	0.1091	benign
P45381	D85F	0.2585	benign
P45381	D85G	0.0854	benign
P45381	D85H	0.117	benign
P45381	D85I	0.1392	benign
P45381	D85K	0.1533	benign
P45381	D85L	0.1742	benign
P45381	D85M	0.2955	benign
P45381	D85N	0.0693	benign
P45381	D85P	0.3222	benign
P45381	D85Q	0.1646	benign
P45381	D85R	0.1717	benign
P45381	D85S	0.0845	benign
P45381	D85T	0.1132	benign
P45381	D85V	0.0993	benign
P45381	D85W	0.5693	pathogenic
P45381	D85Y	0.0918	benign
P45381	L86A	0.156	benign
P45381	L86C	0.3178	benign
P45381	L86D	0.3393	benign
P45381	L86E	0.2102	benign
P45381	L86F	0.0985	benign
P45381	L86G	0.3413	ambiguous
P45381	L86H	0.1497	benign
P45381	L86I	0.0708	benign
P45381	L86K	0.2035	benign
P45381	L86M	0.0946	benign
P45381	L86N	0.2225	benign
P45381	L86P	0.371	ambiguous
P45381	L86Q	0.1345	benign
P45381	L86R	0.162	benign
P45381	L86S	0.1257	benign
P45381	L86T	0.1185	benign
P45381	L86V	0.083	benign
P45381	L86W	0.165	benign
P45381	L86Y	0.1937	benign
P45381	P87A	0.1752	benign
P45381	P87C	0.5533	ambiguous
P45381	P87D	0.5995	pathogenic
P45381	P87E	0.4659	ambiguous
P45381	P87F	0.6469	pathogenic
P45381	P87G	0.4874	ambiguous
P45381	P87H	0.3221	benign
P45381	P87I	0.5172	ambiguous
P45381	P87K	0.488	ambiguous
P45381	P87L	0.1774	benign
P45381	P87M	0.529	ambiguous
P45381	P87N	0.4911	ambiguous
P45381	P87Q	0.3115	benign
P45381	P87R	0.3203	benign
P45381	P87S	0.2203	benign
P45381	P87T	0.2125	benign
P45381	P87V	0.3911	ambiguous
P45381	P87W	0.758	pathogenic
P45381	P87Y	0.5913	pathogenic
P45381	Y88A	0.638	pathogenic
P45381	Y88C	0.1729	benign
P45381	Y88D	0.4514	ambiguous
P45381	Y88E	0.7207	pathogenic
P45381	Y88F	0.1631	benign
P45381	Y88G	0.5914	pathogenic
P45381	Y88H	0.3597	ambiguous
P45381	Y88I	0.6191	pathogenic
P45381	Y88K	0.8278	pathogenic
P45381	Y88L	0.5102	ambiguous
P45381	Y88M	0.7486	pathogenic
P45381	Y88N	0.3448	ambiguous
P45381	Y88P	0.83	pathogenic
P45381	Y88Q	0.7105	pathogenic
P45381	Y88R	0.6258	pathogenic
P45381	Y88S	0.3614	ambiguous
P45381	Y88T	0.6366	pathogenic
P45381	Y88V	0.4319	ambiguous
P45381	Y88W	0.43	ambiguous
P45381	E89A	0.9462	pathogenic
P45381	E89C	0.994	pathogenic
P45381	E89D	0.9487	pathogenic
P45381	E89F	0.9993	pathogenic
P45381	E89G	0.9462	pathogenic
P45381	E89H	0.9938	pathogenic
P45381	E89I	0.9931	pathogenic
P45381	E89K	0.9358	pathogenic
P45381	E89L	0.9939	pathogenic
P45381	E89M	0.995	pathogenic
P45381	E89N	0.9915	pathogenic
P45381	E89P	0.9938	pathogenic
P45381	E89Q	0.9374	pathogenic
P45381	E89R	0.9621	pathogenic
P45381	E89S	0.973	pathogenic
P45381	E89T	0.9838	pathogenic
P45381	E89V	0.9765	pathogenic
P45381	E89W	0.9996	pathogenic
P45381	E89Y	0.9976	pathogenic
P45381	V90A	0.2926	benign
P45381	V90C	0.7732	pathogenic
P45381	V90D	0.6133	pathogenic
P45381	V90E	0.4087	ambiguous
P45381	V90F	0.2325	benign
P45381	V90G	0.3309	benign
P45381	V90H	0.7339	pathogenic
P45381	V90I	0.0821	benign
P45381	V90K	0.4806	ambiguous
P45381	V90L	0.2663	benign
P45381	V90M	0.1727	benign
P45381	V90N	0.4671	ambiguous
P45381	V90P	0.9244	pathogenic
P45381	V90Q	0.4597	ambiguous
P45381	V90R	0.477	ambiguous
P45381	V90S	0.3936	ambiguous
P45381	V90T	0.3161	benign
P45381	V90W	0.8071	pathogenic
P45381	V90Y	0.5585	ambiguous
P45381	R91A	0.1661	benign
P45381	R91C	0.1157	benign
P45381	R91D	0.5037	ambiguous
P45381	R91E	0.1603	benign
P45381	R91F	0.3027	benign
P45381	R91G	0.1302	benign
P45381	R91H	0.1126	benign
P45381	R91I	0.1001	benign
P45381	R91K	0.0637	benign
P45381	R91L	0.1087	benign
P45381	R91M	0.1105	benign
P45381	R91N	0.3258	benign
P45381	R91P	0.7667	pathogenic
P45381	R91Q	0.0715	benign
P45381	R91S	0.2328	benign
P45381	R91T	0.1065	benign
P45381	R91V	0.1465	benign
P45381	R91W	0.1326	benign
P45381	R91Y	0.238	benign
P45381	R92A	0.7266	pathogenic
P45381	R92C	0.2743	benign
P45381	R92D	0.977	pathogenic
P45381	R92E	0.6843	pathogenic
P45381	R92F	0.8951	pathogenic
P45381	R92G	0.7914	pathogenic
P45381	R92H	0.3807	ambiguous
P45381	R92I	0.3474	ambiguous
P45381	R92K	0.1958	benign
P45381	R92L	0.3008	benign
P45381	R92M	0.4941	ambiguous
P45381	R92N	0.9116	pathogenic
P45381	R92P	0.9868	pathogenic
P45381	R92Q	0.1797	benign
P45381	R92S	0.8953	pathogenic
P45381	R92T	0.5781	pathogenic
P45381	R92V	0.4307	ambiguous
P45381	R92W	0.5141	ambiguous
P45381	R92Y	0.8029	pathogenic
P45381	A93C	0.8619	pathogenic
P45381	A93D	0.9904	pathogenic
P45381	A93E	0.9778	pathogenic
P45381	A93F	0.974	pathogenic
P45381	A93G	0.2885	benign
P45381	A93H	0.9865	pathogenic
P45381	A93I	0.9666	pathogenic
P45381	A93K	0.9894	pathogenic
P45381	A93L	0.8983	pathogenic
P45381	A93M	0.9153	pathogenic
P45381	A93N	0.9728	pathogenic
P45381	A93P	0.9908	pathogenic
P45381	A93Q	0.9498	pathogenic
P45381	A93R	0.9672	pathogenic
P45381	A93S	0.2362	benign
P45381	A93T	0.7807	pathogenic
P45381	A93V	0.8382	pathogenic
P45381	A93W	0.9957	pathogenic
P45381	A93Y	0.9826	pathogenic
P45381	Q94A	0.3792	ambiguous
P45381	Q94C	0.6746	pathogenic
P45381	Q94D	0.8496	pathogenic
P45381	Q94E	0.1385	benign
P45381	Q94F	0.8216	pathogenic
P45381	Q94G	0.4443	ambiguous
P45381	Q94H	0.4595	ambiguous
P45381	Q94I	0.4813	ambiguous
P45381	Q94K	0.0988	benign
P45381	Q94L	0.2136	benign
P45381	Q94M	0.4557	ambiguous
P45381	Q94N	0.627	pathogenic
P45381	Q94P	0.8678	pathogenic
P45381	Q94R	0.1012	benign
P45381	Q94S	0.5851	pathogenic
P45381	Q94T	0.4465	ambiguous
P45381	Q94V	0.3589	ambiguous
P45381	Q94W	0.6221	pathogenic
P45381	Q94Y	0.66	pathogenic
P45381	E95A	0.2706	benign
P45381	E95C	0.9002	pathogenic
P45381	E95D	0.3016	benign
P45381	E95F	0.8012	pathogenic
P45381	E95G	0.372	ambiguous
P45381	E95H	0.5975	pathogenic
P45381	E95I	0.5122	ambiguous
P45381	E95K	0.2332	benign
P45381	E95L	0.5693	pathogenic
P45381	E95M	0.5244	ambiguous
P45381	E95N	0.5215	ambiguous
P45381	E95P	0.9899	pathogenic
P45381	E95Q	0.1795	benign
P45381	E95R	0.4024	ambiguous
P45381	E95S	0.4316	ambiguous
P45381	E95T	0.4444	ambiguous
P45381	E95V	0.3361	benign
P45381	E95W	0.925	pathogenic
P45381	E95Y	0.639	pathogenic
P45381	I96A	0.9096	pathogenic
P45381	I96C	0.9445	pathogenic
P45381	I96D	0.9905	pathogenic
P45381	I96E	0.9769	pathogenic
P45381	I96F	0.584	pathogenic
P45381	I96G	0.9785	pathogenic
P45381	I96H	0.9794	pathogenic
P45381	I96K	0.9501	pathogenic
P45381	I96L	0.1766	benign
P45381	I96M	0.1611	benign
P45381	I96N	0.8961	pathogenic
P45381	I96P	0.9947	pathogenic
P45381	I96Q	0.9681	pathogenic
P45381	I96R	0.9459	pathogenic
P45381	I96S	0.945	pathogenic
P45381	I96T	0.8965	pathogenic
P45381	I96V	0.2082	benign
P45381	I96W	0.9649	pathogenic
P45381	I96Y	0.9091	pathogenic
P45381	N97A	0.4692	ambiguous
P45381	N97C	0.3328	benign
P45381	N97D	0.1896	benign
P45381	N97E	0.6646	pathogenic
P45381	N97F	0.705	pathogenic
P45381	N97G	0.5465	ambiguous
P45381	N97H	0.1494	benign
P45381	N97I	0.475	ambiguous
P45381	N97K	0.6602	pathogenic
P45381	N97L	0.5152	ambiguous
P45381	N97M	0.6213	pathogenic
P45381	N97P	0.9487	pathogenic
P45381	N97Q	0.5382	ambiguous
P45381	N97R	0.6204	pathogenic
P45381	N97S	0.1082	benign
P45381	N97T	0.3699	ambiguous
P45381	N97V	0.5026	ambiguous
P45381	N97W	0.8408	pathogenic
P45381	N97Y	0.2367	benign
P45381	H98A	0.1116	benign
P45381	H98C	0.0786	benign
P45381	H98D	0.0881	benign
P45381	H98E	0.1284	benign
P45381	H98F	0.1779	benign
P45381	H98G	0.1325	benign
P45381	H98I	0.1382	benign
P45381	H98K	0.1165	benign
P45381	H98L	0.0762	benign
P45381	H98M	0.2328	benign
P45381	H98N	0.0676	benign
P45381	H98P	0.5069	ambiguous
P45381	H98Q	0.0866	benign
P45381	H98R	0.0649	benign
P45381	H98S	0.0984	benign
P45381	H98T	0.1121	benign
P45381	H98V	0.1267	benign
P45381	H98W	0.2274	benign
P45381	H98Y	0.0729	benign
P45381	L99A	0.1674	benign
P45381	L99C	0.2321	benign
P45381	L99D	0.351	ambiguous
P45381	L99E	0.1863	benign
P45381	L99F	0.101	benign
P45381	L99G	0.4348	ambiguous
P45381	L99H	0.1112	benign
P45381	L99I	0.0675	benign
P45381	L99K	0.1575	benign
P45381	L99M	0.0904	benign
P45381	L99N	0.2416	benign
P45381	L99P	0.7869	pathogenic
P45381	L99Q	0.0993	benign
P45381	L99R	0.1074	benign
P45381	L99S	0.1768	benign
P45381	L99T	0.1218	benign
P45381	L99V	0.0793	benign
P45381	L99W	0.1428	benign
P45381	L99Y	0.1771	benign
P45381	F100A	0.8886	pathogenic
P45381	F100C	0.6428	pathogenic
P45381	F100D	0.9924	pathogenic
P45381	F100E	0.9922	pathogenic
P45381	F100G	0.9631	pathogenic
P45381	F100H	0.8866	pathogenic
P45381	F100I	0.5855	pathogenic
P45381	F100K	0.9907	pathogenic
P45381	F100L	0.8784	pathogenic
P45381	F100M	0.8351	pathogenic
P45381	F100N	0.9753	pathogenic
P45381	F100P	0.9923	pathogenic
P45381	F100Q	0.9829	pathogenic
P45381	F100R	0.967	pathogenic
P45381	F100S	0.8797	pathogenic
P45381	F100T	0.9078	pathogenic
P45381	F100V	0.572	pathogenic
P45381	F100W	0.6258	pathogenic
P45381	F100Y	0.3544	ambiguous
P45381	G101A	0.5398	ambiguous
P45381	G101C	0.691	pathogenic
P45381	G101D	0.9564	pathogenic
P45381	G101E	0.9341	pathogenic
P45381	G101F	0.9077	pathogenic
P45381	G101H	0.9261	pathogenic
P45381	G101I	0.7987	pathogenic
P45381	G101K	0.929	pathogenic
P45381	G101L	0.8694	pathogenic
P45381	G101M	0.94	pathogenic
P45381	G101N	0.9536	pathogenic
P45381	G101P	0.9738	pathogenic
P45381	G101Q	0.9023	pathogenic
P45381	G101R	0.8398	pathogenic
P45381	G101S	0.4883	ambiguous
P45381	G101T	0.789	pathogenic
P45381	G101V	0.7407	pathogenic
P45381	G101W	0.8899	pathogenic
P45381	G101Y	0.9052	pathogenic
P45381	P102A	0.2151	benign
P45381	P102C	0.5326	ambiguous
P45381	P102D	0.6249	pathogenic
P45381	P102E	0.4133	ambiguous
P45381	P102F	0.6606	pathogenic
P45381	P102G	0.4633	ambiguous
P45381	P102H	0.3042	benign
P45381	P102I	0.531	ambiguous
P45381	P102K	0.3084	benign
P45381	P102L	0.2536	benign
P45381	P102M	0.4909	ambiguous
P45381	P102N	0.5374	ambiguous
P45381	P102Q	0.2472	benign
P45381	P102R	0.2201	benign
P45381	P102S	0.2779	benign
P45381	P102T	0.2377	benign
P45381	P102V	0.416	ambiguous
P45381	P102W	0.7201	pathogenic
P45381	P102Y	0.6127	pathogenic
P45381	K103A	0.6869	pathogenic
P45381	K103C	0.9015	pathogenic
P45381	K103D	0.8985	pathogenic
P45381	K103E	0.4405	ambiguous
P45381	K103F	0.9469	pathogenic
P45381	K103G	0.7388	pathogenic
P45381	K103H	0.6995	pathogenic
P45381	K103I	0.7115	pathogenic
P45381	K103L	0.6912	pathogenic
P45381	K103M	0.5659	pathogenic
P45381	K103N	0.8422	pathogenic
P45381	K103P	0.8574	pathogenic
P45381	K103Q	0.3806	ambiguous
P45381	K103R	0.1128	benign
P45381	K103S	0.8026	pathogenic
P45381	K103T	0.6116	pathogenic
P45381	K103V	0.6598	pathogenic
P45381	K103W	0.9236	pathogenic
P45381	K103Y	0.8843	pathogenic
P45381	D104A	0.0806	benign
P45381	D104C	0.145	benign
P45381	D104E	0.1005	benign
P45381	D104F	0.1931	benign
P45381	D104G	0.0485	benign
P45381	D104H	0.0854	benign
P45381	D104I	0.1467	benign
P45381	D104K	0.1303	benign
P45381	D104L	0.1413	benign
P45381	D104M	0.2775	benign
P45381	D104N	0.0575	benign
P45381	D104P	0.352	ambiguous
P45381	D104Q	0.1297	benign
P45381	D104R	0.1309	benign
P45381	D104S	0.0686	benign
P45381	D104T	0.0989	benign
P45381	D104V	0.1054	benign
P45381	D104W	0.4451	ambiguous
P45381	D104Y	0.0742	benign
P45381	S105A	0.0941	benign
P45381	S105C	0.0854	benign
P45381	S105D	0.1434	benign
P45381	S105E	0.2419	benign
P45381	S105F	0.2569	benign
P45381	S105G	0.0685	benign
P45381	S105H	0.1807	benign
P45381	S105I	0.1748	benign
P45381	S105K	0.2339	benign
P45381	S105L	0.1185	benign
P45381	S105M	0.1857	benign
P45381	S105N	0.0888	benign
P45381	S105P	0.4394	ambiguous
P45381	S105Q	0.2468	benign
P45381	S105R	0.1827	benign
P45381	S105T	0.0754	benign
P45381	S105V	0.1803	benign
P45381	S105W	0.2774	benign
P45381	S105Y	0.1792	benign
P45381	E106A	0.0828	benign
P45381	E106C	0.3748	ambiguous
P45381	E106D	0.0789	benign
P45381	E106F	0.3696	ambiguous
P45381	E106G	0.0734	benign
P45381	E106H	0.166	benign
P45381	E106I	0.1638	benign
P45381	E106K	0.054	benign
P45381	E106L	0.1687	benign
P45381	E106M	0.2102	benign
P45381	E106N	0.1085	benign
P45381	E106P	0.1567	benign
P45381	E106Q	0.0849	benign
P45381	E106R	0.0845	benign
P45381	E106S	0.0966	benign
P45381	E106T	0.1013	benign
P45381	E106V	0.1147	benign
P45381	E106W	0.4606	ambiguous
P45381	E106Y	0.2546	benign
P45381	D107A	0.0742	benign
P45381	D107C	0.1864	benign
P45381	D107E	0.095	benign
P45381	D107F	0.2254	benign
P45381	D107G	0.0703	benign
P45381	D107H	0.1021	benign
P45381	D107I	0.1292	benign
P45381	D107K	0.1138	benign
P45381	D107L	0.1568	benign
P45381	D107M	0.2695	benign
P45381	D107N	0.0656	benign
P45381	D107P	0.3246	benign
P45381	D107Q	0.1266	benign
P45381	D107R	0.1295	benign
P45381	D107S	0.0741	benign
P45381	D107T	0.0989	benign
P45381	D107V	0.0895	benign
P45381	D107W	0.5211	ambiguous
P45381	D107Y	0.0841	benign
P45381	S108A	0.0543	benign
P45381	S108C	0.0744	benign
P45381	S108D	0.4602	ambiguous
P45381	S108E	0.5543	ambiguous
P45381	S108F	0.2916	benign
P45381	S108G	0.0883	benign
P45381	S108H	0.3673	ambiguous
P45381	S108I	0.2518	benign
P45381	S108K	0.6084	pathogenic
P45381	S108L	0.1557	benign
P45381	S108M	0.3219	benign
P45381	S108N	0.2163	benign
P45381	S108P	0.2432	benign
P45381	S108Q	0.5058	ambiguous
P45381	S108R	0.4466	ambiguous
P45381	S108T	0.1051	benign
P45381	S108V	0.1957	benign
P45381	S108W	0.4131	ambiguous
P45381	S108Y	0.2053	benign
P45381	Y109A	0.4864	ambiguous
P45381	Y109C	0.076	benign
P45381	Y109D	0.5818	pathogenic
P45381	Y109E	0.7987	pathogenic
P45381	Y109F	0.0795	benign
P45381	Y109G	0.5207	ambiguous
P45381	Y109H	0.255	benign
P45381	Y109I	0.4248	ambiguous
P45381	Y109K	0.7602	pathogenic
P45381	Y109L	0.5066	ambiguous
P45381	Y109M	0.5593	ambiguous
P45381	Y109N	0.3206	benign
P45381	Y109P	0.6404	pathogenic
P45381	Y109Q	0.6576	pathogenic
P45381	Y109R	0.5957	pathogenic
P45381	Y109S	0.2407	benign
P45381	Y109T	0.4335	ambiguous
P45381	Y109V	0.2872	benign
P45381	Y109W	0.3133	benign
P45381	D110A	0.4453	ambiguous
P45381	D110C	0.8159	pathogenic
P45381	D110E	0.5346	ambiguous
P45381	D110F	0.9322	pathogenic
P45381	D110G	0.3215	benign
P45381	D110H	0.4298	ambiguous
P45381	D110I	0.8905	pathogenic
P45381	D110K	0.7614	pathogenic
P45381	D110L	0.871	pathogenic
P45381	D110M	0.9336	pathogenic
P45381	D110N	0.1684	benign
P45381	D110P	0.8712	pathogenic
P45381	D110Q	0.6136	pathogenic
P45381	D110R	0.7574	pathogenic
P45381	D110S	0.2151	benign
P45381	D110T	0.5924	pathogenic
P45381	D110V	0.7546	pathogenic
P45381	D110W	0.9787	pathogenic
P45381	D110Y	0.6239	pathogenic
P45381	I111A	0.5336	ambiguous
P45381	I111C	0.6126	pathogenic
P45381	I111D	0.9733	pathogenic
P45381	I111E	0.9623	pathogenic
P45381	I111F	0.1647	benign
P45381	I111G	0.8682	pathogenic
P45381	I111H	0.9146	pathogenic
P45381	I111K	0.9373	pathogenic
P45381	I111L	0.0898	benign
P45381	I111M	0.0995	benign
P45381	I111N	0.8168	pathogenic
P45381	I111P	0.9705	pathogenic
P45381	I111Q	0.9321	pathogenic
P45381	I111R	0.9016	pathogenic
P45381	I111S	0.73	pathogenic
P45381	I111T	0.5766	pathogenic
P45381	I111V	0.0659	benign
P45381	I111W	0.89	pathogenic
P45381	I111Y	0.7243	pathogenic
P45381	I112A	0.6487	pathogenic
P45381	I112C	0.8098	pathogenic
P45381	I112D	0.9876	pathogenic
P45381	I112E	0.9872	pathogenic
P45381	I112F	0.6881	pathogenic
P45381	I112G	0.9309	pathogenic
P45381	I112H	0.9749	pathogenic
P45381	I112K	0.9775	pathogenic
P45381	I112L	0.2069	benign
P45381	I112M	0.2922	benign
P45381	I112N	0.8616	pathogenic
P45381	I112P	0.977	pathogenic
P45381	I112Q	0.9692	pathogenic
P45381	I112R	0.958	pathogenic
P45381	I112S	0.7406	pathogenic
P45381	I112T	0.694	pathogenic
P45381	I112V	0.1055	benign
P45381	I112W	0.9904	pathogenic
P45381	I112Y	0.9563	pathogenic
P45381	F113A	0.9119	pathogenic
P45381	F113C	0.5537	ambiguous
P45381	F113D	0.995	pathogenic
P45381	F113E	0.9953	pathogenic
P45381	F113G	0.9766	pathogenic
P45381	F113H	0.9771	pathogenic
P45381	F113I	0.1724	benign
P45381	F113K	0.9956	pathogenic
P45381	F113L	0.6028	pathogenic
P45381	F113M	0.5199	ambiguous
P45381	F113N	0.9879	pathogenic
P45381	F113P	0.9931	pathogenic
P45381	F113Q	0.9924	pathogenic
P45381	F113R	0.9895	pathogenic
P45381	F113S	0.946	pathogenic
P45381	F113T	0.9212	pathogenic
P45381	F113V	0.2736	benign
P45381	F113W	0.7175	pathogenic
P45381	F113Y	0.568	pathogenic
P45381	D114A	0.9889	pathogenic
P45381	D114C	0.9916	pathogenic
P45381	D114E	0.976	pathogenic
P45381	D114F	0.9969	pathogenic
P45381	D114G	0.9855	pathogenic
P45381	D114H	0.9791	pathogenic
P45381	D114I	0.995	pathogenic
P45381	D114K	0.9956	pathogenic
P45381	D114L	0.9906	pathogenic
P45381	D114M	0.9991	pathogenic
P45381	D114N	0.9631	pathogenic
P45381	D114P	0.9967	pathogenic
P45381	D114Q	0.9945	pathogenic
P45381	D114R	0.992	pathogenic
P45381	D114S	0.9621	pathogenic
P45381	D114T	0.9931	pathogenic
P45381	D114V	0.9841	pathogenic
P45381	D114W	0.9987	pathogenic
P45381	D114Y	0.9638	pathogenic
P45381	L115A	0.896	pathogenic
P45381	L115C	0.8281	pathogenic
P45381	L115D	0.9978	pathogenic
P45381	L115E	0.9905	pathogenic
P45381	L115F	0.5362	ambiguous
P45381	L115G	0.9794	pathogenic
P45381	L115H	0.9728	pathogenic
P45381	L115I	0.2309	benign
P45381	L115K	0.9891	pathogenic
P45381	L115M	0.2201	benign
P45381	L115N	0.9813	pathogenic
P45381	L115P	0.9865	pathogenic
P45381	L115Q	0.9576	pathogenic
P45381	L115R	0.979	pathogenic
P45381	L115S	0.9643	pathogenic
P45381	L115T	0.899	pathogenic
P45381	L115V	0.3225	benign
P45381	L115W	0.9501	pathogenic
P45381	L115Y	0.9593	pathogenic
P45381	H116A	0.9981	pathogenic
P45381	H116C	0.9125	pathogenic
P45381	H116D	0.9942	pathogenic
P45381	H116E	0.9938	pathogenic
P45381	H116F	0.9942	pathogenic
P45381	H116G	0.9964	pathogenic
P45381	H116I	0.9988	pathogenic
P45381	H116K	0.9885	pathogenic
P45381	H116L	0.9789	pathogenic
P45381	H116M	0.9987	pathogenic
P45381	H116N	0.9793	pathogenic
P45381	H116P	0.9815	pathogenic
P45381	H116Q	0.9844	pathogenic
P45381	H116R	0.956	pathogenic
P45381	H116S	0.9939	pathogenic
P45381	H116T	0.9991	pathogenic
P45381	H116V	0.9987	pathogenic
P45381	H116W	0.9654	pathogenic
P45381	H116Y	0.9706	pathogenic
P45381	N117A	0.9072	pathogenic
P45381	N117C	0.7297	pathogenic
P45381	N117D	0.8432	pathogenic
P45381	N117E	0.9913	pathogenic
P45381	N117F	0.9948	pathogenic
P45381	N117G	0.8572	pathogenic
P45381	N117H	0.831	pathogenic
P45381	N117I	0.9608	pathogenic
P45381	N117K	0.9934	pathogenic
P45381	N117L	0.9335	pathogenic
P45381	N117M	0.9595	pathogenic
P45381	N117P	0.9872	pathogenic
P45381	N117Q	0.9813	pathogenic
P45381	N117R	0.9911	pathogenic
P45381	N117S	0.1676	benign
P45381	N117T	0.5332	ambiguous
P45381	N117V	0.9367	pathogenic
P45381	N117W	0.9986	pathogenic
P45381	N117Y	0.9539	pathogenic
P45381	T118A	0.7326	pathogenic
P45381	T118C	0.9119	pathogenic
P45381	T118D	0.9822	pathogenic
P45381	T118E	0.9804	pathogenic
P45381	T118F	0.9914	pathogenic
P45381	T118G	0.9191	pathogenic
P45381	T118H	0.9529	pathogenic
P45381	T118I	0.9833	pathogenic
P45381	T118K	0.9445	pathogenic
P45381	T118L	0.9364	pathogenic
P45381	T118M	0.79	pathogenic
P45381	T118N	0.9245	pathogenic
P45381	T118P	0.9288	pathogenic
P45381	T118Q	0.9562	pathogenic
P45381	T118R	0.9347	pathogenic
P45381	T118S	0.5376	ambiguous
P45381	T118V	0.9358	pathogenic
P45381	T118W	0.9982	pathogenic
P45381	T118Y	0.9893	pathogenic
P45381	T119A	0.6442	pathogenic
P45381	T119C	0.9417	pathogenic
P45381	T119D	0.98	pathogenic
P45381	T119E	0.97	pathogenic
P45381	T119F	0.9799	pathogenic
P45381	T119G	0.8691	pathogenic
P45381	T119H	0.9499	pathogenic
P45381	T119I	0.9362	pathogenic
P45381	T119K	0.9635	pathogenic
P45381	T119L	0.8402	pathogenic
P45381	T119M	0.7045	pathogenic
P45381	T119N	0.845	pathogenic
P45381	T119P	0.8249	pathogenic
P45381	T119Q	0.9431	pathogenic
P45381	T119R	0.9364	pathogenic
P45381	T119S	0.5225	ambiguous
P45381	T119V	0.8353	pathogenic
P45381	T119W	0.9958	pathogenic
P45381	T119Y	0.9848	pathogenic
P45381	S120A	0.0733	benign
P45381	S120C	0.2787	benign
P45381	S120D	0.9915	pathogenic
P45381	S120E	0.9908	pathogenic
P45381	S120F	0.9883	pathogenic
P45381	S120G	0.3455	ambiguous
P45381	S120H	0.9874	pathogenic
P45381	S120I	0.9782	pathogenic
P45381	S120K	0.9977	pathogenic
P45381	S120L	0.8242	pathogenic
P45381	S120M	0.937	pathogenic
P45381	S120N	0.9492	pathogenic
P45381	S120P	0.9767	pathogenic
P45381	S120Q	0.9824	pathogenic
P45381	S120R	0.9916	pathogenic
P45381	S120T	0.4009	ambiguous
P45381	S120V	0.9017	pathogenic
P45381	S120W	0.9952	pathogenic
P45381	S120Y	0.9878	pathogenic
P45381	N121A	0.3588	ambiguous
P45381	N121C	0.2401	benign
P45381	N121D	0.2528	benign
P45381	N121E	0.5975	pathogenic
P45381	N121F	0.7416	pathogenic
P45381	N121G	0.4562	ambiguous
P45381	N121H	0.1296	benign
P45381	N121I	0.6641	pathogenic
P45381	N121K	0.4678	ambiguous
P45381	N121L	0.5289	ambiguous
P45381	N121M	0.6324	pathogenic
P45381	N121P	0.8522	pathogenic
P45381	N121Q	0.4639	ambiguous
P45381	N121R	0.361	ambiguous
P45381	N121S	0.1068	benign
P45381	N121T	0.4135	ambiguous
P45381	N121V	0.5515	ambiguous
P45381	N121W	0.8907	pathogenic
P45381	N121Y	0.3087	benign
P45381	M122A	0.8191	pathogenic
P45381	M122C	0.8664	pathogenic
P45381	M122D	0.9894	pathogenic
P45381	M122E	0.9323	pathogenic
P45381	M122F	0.8962	pathogenic
P45381	M122G	0.942	pathogenic
P45381	M122H	0.9572	pathogenic
P45381	M122I	0.901	pathogenic
P45381	M122K	0.8837	pathogenic
P45381	M122L	0.6441	pathogenic
P45381	M122N	0.9002	pathogenic
P45381	M122P	0.9902	pathogenic
P45381	M122Q	0.7761	pathogenic
P45381	M122R	0.8995	pathogenic
P45381	M122S	0.7533	pathogenic
P45381	M122T	0.4069	ambiguous
P45381	M122V	0.3178	benign
P45381	M122W	0.9888	pathogenic
P45381	M122Y	0.9834	pathogenic
P45381	G123A	0.4808	ambiguous
P45381	G123C	0.6139	pathogenic
P45381	G123D	0.6678	pathogenic
P45381	G123E	0.7164	pathogenic
P45381	G123F	0.9348	pathogenic
P45381	G123H	0.8101	pathogenic
P45381	G123I	0.9086	pathogenic
P45381	G123K	0.7691	pathogenic
P45381	G123L	0.8837	pathogenic
P45381	G123M	0.9087	pathogenic
P45381	G123N	0.7261	pathogenic
P45381	G123P	0.9844	pathogenic
P45381	G123Q	0.7061	pathogenic
P45381	G123R	0.6642	pathogenic
P45381	G123S	0.3915	ambiguous
P45381	G123T	0.7586	pathogenic
P45381	G123V	0.8287	pathogenic
P45381	G123W	0.8972	pathogenic
P45381	G123Y	0.8644	pathogenic
P45381	C124A	0.2823	benign
P45381	C124D	0.7491	pathogenic
P45381	C124E	0.8864	pathogenic
P45381	C124F	0.3456	ambiguous
P45381	C124G	0.1071	benign
P45381	C124H	0.6351	pathogenic
P45381	C124I	0.5693	pathogenic
P45381	C124K	0.868	pathogenic
P45381	C124L	0.5134	ambiguous
P45381	C124M	0.6948	pathogenic
P45381	C124N	0.3821	ambiguous
P45381	C124P	0.6604	pathogenic
P45381	C124Q	0.7496	pathogenic
P45381	C124R	0.6411	pathogenic
P45381	C124S	0.1901	benign
P45381	C124T	0.3845	ambiguous
P45381	C124V	0.4756	ambiguous
P45381	C124W	0.6867	pathogenic
P45381	C124Y	0.4028	ambiguous
P45381	T125A	0.1836	benign
P45381	T125C	0.2457	benign
P45381	T125D	0.9558	pathogenic
P45381	T125E	0.9647	pathogenic
P45381	T125F	0.9255	pathogenic
P45381	T125G	0.5424	ambiguous
P45381	T125H	0.8411	pathogenic
P45381	T125I	0.8329	pathogenic
P45381	T125K	0.9594	pathogenic
P45381	T125L	0.6072	pathogenic
P45381	T125M	0.3966	ambiguous
P45381	T125N	0.555	ambiguous
P45381	T125P	0.8367	pathogenic
P45381	T125Q	0.8899	pathogenic
P45381	T125R	0.9258	pathogenic
P45381	T125S	0.1668	benign
P45381	T125V	0.5592	ambiguous
P45381	T125W	0.9916	pathogenic
P45381	T125Y	0.943	pathogenic
P45381	L126A	0.7927	pathogenic
P45381	L126C	0.7897	pathogenic
P45381	L126D	0.9971	pathogenic
P45381	L126E	0.9876	pathogenic
P45381	L126F	0.2569	benign
P45381	L126G	0.9616	pathogenic
P45381	L126H	0.9484	pathogenic
P45381	L126I	0.1085	benign
P45381	L126K	0.9797	pathogenic
P45381	L126M	0.188	benign
P45381	L126N	0.978	pathogenic
P45381	L126P	0.9617	pathogenic
P45381	L126Q	0.9402	pathogenic
P45381	L126R	0.9574	pathogenic
P45381	L126S	0.9492	pathogenic
P45381	L126T	0.8838	pathogenic
P45381	L126V	0.1326	benign
P45381	L126W	0.7983	pathogenic
P45381	L126Y	0.8356	pathogenic
P45381	I127A	0.9771	pathogenic
P45381	I127C	0.9808	pathogenic
P45381	I127D	0.996	pathogenic
P45381	I127E	0.9904	pathogenic
P45381	I127F	0.6973	pathogenic
P45381	I127G	0.9915	pathogenic
P45381	I127H	0.9762	pathogenic
P45381	I127K	0.9725	pathogenic
P45381	I127L	0.3518	ambiguous
P45381	I127M	0.5008	ambiguous
P45381	I127N	0.9503	pathogenic
P45381	I127P	0.9843	pathogenic
P45381	I127Q	0.9686	pathogenic
P45381	I127R	0.9566	pathogenic
P45381	I127S	0.9673	pathogenic
P45381	I127T	0.9758	pathogenic
P45381	I127V	0.6068	pathogenic
P45381	I127W	0.9826	pathogenic
P45381	I127Y	0.9428	pathogenic
P45381	L128A	0.5813	pathogenic
P45381	L128C	0.7406	pathogenic
P45381	L128D	0.992	pathogenic
P45381	L128E	0.955	pathogenic
P45381	L128F	0.3919	ambiguous
P45381	L128G	0.8915	pathogenic
P45381	L128H	0.8913	pathogenic
P45381	L128I	0.172	benign
P45381	L128K	0.9381	pathogenic
P45381	L128M	0.1765	benign
P45381	L128N	0.9508	pathogenic
P45381	L128P	0.9473	pathogenic
P45381	L128Q	0.8152	pathogenic
P45381	L128R	0.8875	pathogenic
P45381	L128S	0.814	pathogenic
P45381	L128T	0.5917	pathogenic
P45381	L128V	0.1701	benign
P45381	L128W	0.8071	pathogenic
P45381	L128Y	0.8854	pathogenic
P45381	E129A	0.5088	ambiguous
P45381	E129C	0.9494	pathogenic
P45381	E129D	0.6025	pathogenic
P45381	E129F	0.9745	pathogenic
P45381	E129G	0.4192	ambiguous
P45381	E129H	0.8704	pathogenic
P45381	E129I	0.9112	pathogenic
P45381	E129K	0.6159	pathogenic
P45381	E129L	0.8631	pathogenic
P45381	E129M	0.8886	pathogenic
P45381	E129N	0.7574	pathogenic
P45381	E129P	0.8591	pathogenic
P45381	E129Q	0.3952	ambiguous
P45381	E129R	0.7405	pathogenic
P45381	E129S	0.5954	pathogenic
P45381	E129T	0.6856	pathogenic
P45381	E129V	0.7677	pathogenic
P45381	E129W	0.9859	pathogenic
P45381	E129Y	0.9428	pathogenic
P45381	D130A	0.3228	benign
P45381	D130C	0.5918	pathogenic
P45381	D130E	0.3256	benign
P45381	D130F	0.7635	pathogenic
P45381	D130G	0.2295	benign
P45381	D130H	0.3231	benign
P45381	D130I	0.6051	pathogenic
P45381	D130K	0.5271	ambiguous
P45381	D130L	0.6595	pathogenic
P45381	D130M	0.7632	pathogenic
P45381	D130N	0.0895	benign
P45381	D130P	0.8957	pathogenic
P45381	D130Q	0.5037	ambiguous
P45381	D130R	0.5709	pathogenic
P45381	D130S	0.1367	benign
P45381	D130T	0.2259	benign
P45381	D130V	0.4127	ambiguous
P45381	D130W	0.9292	pathogenic
P45381	D130Y	0.3051	benign
P45381	S131A	0.1103	benign
P45381	S131C	0.1735	benign
P45381	S131D	0.5241	ambiguous
P45381	S131E	0.6019	pathogenic
P45381	S131F	0.4114	ambiguous
P45381	S131G	0.1233	benign
P45381	S131H	0.5052	ambiguous
P45381	S131I	0.3263	benign
P45381	S131K	0.7507	pathogenic
P45381	S131L	0.1925	benign
P45381	S131M	0.3562	ambiguous
P45381	S131N	0.2799	benign
P45381	S131P	0.2068	benign
P45381	S131Q	0.6326	pathogenic
P45381	S131R	0.6958	pathogenic
P45381	S131T	0.1056	benign
P45381	S131V	0.3059	benign
P45381	S131W	0.504	ambiguous
P45381	S131Y	0.3373	benign
P45381	R132A	0.1538	benign
P45381	R132C	0.1575	benign
P45381	R132D	0.2488	benign
P45381	R132E	0.1213	benign
P45381	R132F	0.3726	ambiguous
P45381	R132G	0.0898	benign
P45381	R132H	0.1024	benign
P45381	R132I	0.222	benign
P45381	R132K	0.0615	benign
P45381	R132L	0.1825	benign
P45381	R132M	0.1616	benign
P45381	R132N	0.1855	benign
P45381	R132P	0.5603	ambiguous
P45381	R132Q	0.0731	benign
P45381	R132S	0.1427	benign
P45381	R132T	0.0875	benign
P45381	R132V	0.2362	benign
P45381	R132W	0.1616	benign
P45381	R132Y	0.2496	benign
P45381	N133A	0.4775	ambiguous
P45381	N133C	0.2514	benign
P45381	N133D	0.0839	benign
P45381	N133E	0.4128	ambiguous
P45381	N133F	0.8162	pathogenic
P45381	N133G	0.4693	ambiguous
P45381	N133H	0.1649	benign
P45381	N133I	0.4362	ambiguous
P45381	N133K	0.4879	ambiguous
P45381	N133L	0.5385	ambiguous
P45381	N133M	0.5357	ambiguous
P45381	N133P	0.8482	pathogenic
P45381	N133Q	0.4555	ambiguous
P45381	N133R	0.5798	pathogenic
P45381	N133S	0.1091	benign
P45381	N133T	0.2305	benign
P45381	N133V	0.4475	ambiguous
P45381	N133W	0.8408	pathogenic
P45381	N133Y	0.2953	benign
P45381	N134A	0.1411	benign
P45381	N134C	0.1659	benign
P45381	N134D	0.0475	benign
P45381	N134E	0.158	benign
P45381	N134F	0.354	ambiguous
P45381	N134G	0.2037	benign
P45381	N134H	0.0805	benign
P45381	N134I	0.1255	benign
P45381	N134K	0.2142	benign
P45381	N134L	0.166	benign
P45381	N134M	0.3133	benign
P45381	N134P	0.191	benign
P45381	N134Q	0.2247	benign
P45381	N134R	0.234	benign
P45381	N134S	0.0814	benign
P45381	N134T	0.1046	benign
P45381	N134V	0.1243	benign
P45381	N134W	0.5689	pathogenic
P45381	N134Y	0.0936	benign
P45381	F135A	0.6764	pathogenic
P45381	F135C	0.426	ambiguous
P45381	F135D	0.8823	pathogenic
P45381	F135E	0.9209	pathogenic
P45381	F135G	0.8477	pathogenic
P45381	F135H	0.7552	pathogenic
P45381	F135I	0.1096	benign
P45381	F135K	0.897	pathogenic
P45381	F135L	0.4343	ambiguous
P45381	F135M	0.3995	ambiguous
P45381	F135N	0.8153	pathogenic
P45381	F135P	0.9018	pathogenic
P45381	F135Q	0.892	pathogenic
P45381	F135R	0.8397	pathogenic
P45381	F135S	0.718	pathogenic
P45381	F135T	0.6263	pathogenic
P45381	F135V	0.1363	benign
P45381	F135W	0.4969	ambiguous
P45381	F135Y	0.224	benign
P45381	L136A	0.289	benign
P45381	L136C	0.4975	ambiguous
P45381	L136D	0.8192	pathogenic
P45381	L136E	0.6303	pathogenic
P45381	L136F	0.3101	benign
P45381	L136G	0.6053	pathogenic
P45381	L136H	0.3649	ambiguous
P45381	L136I	0.0954	benign
P45381	L136K	0.6531	pathogenic
P45381	L136M	0.1481	benign
P45381	L136N	0.3511	ambiguous
P45381	L136P	0.5095	ambiguous
P45381	L136Q	0.328	benign
P45381	L136R	0.5396	ambiguous
P45381	L136S	0.3065	benign
P45381	L136T	0.1915	benign
P45381	L136V	0.1034	benign
P45381	L136W	0.5408	ambiguous
P45381	L136Y	0.5643	pathogenic
P45381	I137A	0.7446	pathogenic
P45381	I137C	0.817	pathogenic
P45381	I137D	0.9678	pathogenic
P45381	I137E	0.9213	pathogenic
P45381	I137F	0.2741	benign
P45381	I137G	0.9083	pathogenic
P45381	I137H	0.813	pathogenic
P45381	I137K	0.757	pathogenic
P45381	I137L	0.0876	benign
P45381	I137M	0.139	benign
P45381	I137N	0.6876	pathogenic
P45381	I137P	0.9319	pathogenic
P45381	I137Q	0.7802	pathogenic
P45381	I137R	0.7004	pathogenic
P45381	I137S	0.7312	pathogenic
P45381	I137T	0.5884	pathogenic
P45381	I137V	0.1382	benign
P45381	I137W	0.8664	pathogenic
P45381	I137Y	0.7028	pathogenic
P45381	Q138A	0.6453	pathogenic
P45381	Q138C	0.8993	pathogenic
P45381	Q138D	0.9448	pathogenic
P45381	Q138E	0.2149	benign
P45381	Q138F	0.9713	pathogenic
P45381	Q138G	0.7055	pathogenic
P45381	Q138H	0.4854	ambiguous
P45381	Q138I	0.9146	pathogenic
P45381	Q138K	0.5063	ambiguous
P45381	Q138L	0.6145	pathogenic
P45381	Q138M	0.7637	pathogenic
P45381	Q138N	0.6716	pathogenic
P45381	Q138P	0.7799	pathogenic
P45381	Q138R	0.5051	ambiguous
P45381	Q138S	0.6672	pathogenic
P45381	Q138T	0.7803	pathogenic
P45381	Q138V	0.823	pathogenic
P45381	Q138W	0.9572	pathogenic
P45381	Q138Y	0.9268	pathogenic
P45381	M139A	0.753	pathogenic
P45381	M139C	0.8965	pathogenic
P45381	M139D	0.9977	pathogenic
P45381	M139E	0.9832	pathogenic
P45381	M139F	0.6517	pathogenic
P45381	M139G	0.9439	pathogenic
P45381	M139H	0.9829	pathogenic
P45381	M139I	0.6953	pathogenic
P45381	M139K	0.9508	pathogenic
P45381	M139L	0.1793	benign
P45381	M139N	0.9714	pathogenic
P45381	M139P	0.9966	pathogenic
P45381	M139Q	0.9214	pathogenic
P45381	M139R	0.9617	pathogenic
P45381	M139S	0.8923	pathogenic
P45381	M139T	0.6683	pathogenic
P45381	M139V	0.3143	benign
P45381	M139W	0.9771	pathogenic
P45381	M139Y	0.9491	pathogenic
P45381	F140A	0.3739	ambiguous
P45381	F140C	0.0985	benign
P45381	F140D	0.9361	pathogenic
P45381	F140E	0.9524	pathogenic
P45381	F140G	0.632	pathogenic
P45381	F140H	0.7484	pathogenic
P45381	F140I	0.1886	benign
P45381	F140K	0.9656	pathogenic
P45381	F140L	0.6947	pathogenic
P45381	F140M	0.3379	benign
P45381	F140N	0.6713	pathogenic
P45381	F140P	0.9904	pathogenic
P45381	F140Q	0.8861	pathogenic
P45381	F140R	0.9317	pathogenic
P45381	F140S	0.3366	benign
P45381	F140T	0.4652	ambiguous
P45381	F140V	0.1589	benign
P45381	F140W	0.6722	pathogenic
P45381	F140Y	0.2284	benign
P45381	H141A	0.3142	benign
P45381	H141C	0.1666	benign
P45381	H141D	0.2507	benign
P45381	H141E	0.3668	ambiguous
P45381	H141F	0.4092	ambiguous
P45381	H141G	0.3097	benign
P45381	H141I	0.516	ambiguous
P45381	H141K	0.2949	benign
P45381	H141L	0.2289	benign
P45381	H141M	0.6565	pathogenic
P45381	H141N	0.0875	benign
P45381	H141P	0.6468	pathogenic
P45381	H141Q	0.1998	benign
P45381	H141R	0.1064	benign
P45381	H141S	0.1869	benign
P45381	H141T	0.3236	benign
P45381	H141V	0.4414	ambiguous
P45381	H141W	0.4225	ambiguous
P45381	H141Y	0.0979	benign
P45381	Y142A	0.7933	pathogenic
P45381	Y142C	0.2836	benign
P45381	Y142D	0.5178	ambiguous
P45381	Y142E	0.8338	pathogenic
P45381	Y142F	0.1417	benign
P45381	Y142G	0.7372	pathogenic
P45381	Y142H	0.1649	benign
P45381	Y142I	0.8299	pathogenic
P45381	Y142K	0.8007	pathogenic
P45381	Y142L	0.7612	pathogenic
P45381	Y142M	0.8671	pathogenic
P45381	Y142N	0.4181	ambiguous
P45381	Y142P	0.9896	pathogenic
P45381	Y142Q	0.6808	pathogenic
P45381	Y142R	0.5689	pathogenic
P45381	Y142S	0.4564	ambiguous
P45381	Y142T	0.7573	pathogenic
P45381	Y142V	0.7336	pathogenic
P45381	Y142W	0.5644	pathogenic
P45381	I143A	0.8577	pathogenic
P45381	I143C	0.8825	pathogenic
P45381	I143D	0.9954	pathogenic
P45381	I143E	0.9796	pathogenic
P45381	I143F	0.4984	ambiguous
P45381	I143G	0.9786	pathogenic
P45381	I143H	0.9764	pathogenic
P45381	I143K	0.9617	pathogenic
P45381	I143L	0.1344	benign
P45381	I143M	0.1419	benign
P45381	I143N	0.9313	pathogenic
P45381	I143P	0.9881	pathogenic
P45381	I143Q	0.947	pathogenic
P45381	I143R	0.9505	pathogenic
P45381	I143S	0.906	pathogenic
P45381	I143T	0.8301	pathogenic
P45381	I143V	0.1423	benign
P45381	I143W	0.9758	pathogenic
P45381	I143Y	0.9384	pathogenic
P45381	K144A	0.5302	ambiguous
P45381	K144C	0.7433	pathogenic
P45381	K144D	0.8869	pathogenic
P45381	K144E	0.2408	benign
P45381	K144F	0.9463	pathogenic
P45381	K144G	0.6429	pathogenic
P45381	K144H	0.556	ambiguous
P45381	K144I	0.566	pathogenic
P45381	K144L	0.5734	pathogenic
P45381	K144M	0.3448	ambiguous
P45381	K144N	0.6975	pathogenic
P45381	K144P	0.9723	pathogenic
P45381	K144Q	0.0997	benign
P45381	K144R	0.1176	benign
P45381	K144S	0.5474	ambiguous
P45381	K144T	0.2555	benign
P45381	K144V	0.4879	ambiguous
P45381	K144W	0.9189	pathogenic
P45381	K144Y	0.8718	pathogenic
P45381	T145A	0.0659	benign
P45381	T145C	0.2068	benign
P45381	T145D	0.1318	benign
P45381	T145E	0.1083	benign
P45381	T145F	0.1528	benign
P45381	T145G	0.151	benign
P45381	T145H	0.1022	benign
P45381	T145I	0.1193	benign
P45381	T145K	0.0854	benign
P45381	T145L	0.0773	benign
P45381	T145M	0.0718	benign
P45381	T145N	0.0536	benign
P45381	T145P	0.3996	ambiguous
P45381	T145Q	0.0961	benign
P45381	T145R	0.0787	benign
P45381	T145S	0.0705	benign
P45381	T145V	0.1036	benign
P45381	T145W	0.3692	ambiguous
P45381	T145Y	0.1296	benign
P45381	S146A	0.0648	benign
P45381	S146C	0.0694	benign
P45381	S146D	0.3095	benign
P45381	S146E	0.3011	benign
P45381	S146F	0.1604	benign
P45381	S146G	0.1202	benign
P45381	S146H	0.1694	benign
P45381	S146I	0.1393	benign
P45381	S146K	0.3465	ambiguous
P45381	S146L	0.112	benign
P45381	S146M	0.1774	benign
P45381	S146N	0.1288	benign
P45381	S146P	0.7509	pathogenic
P45381	S146Q	0.2557	benign
P45381	S146R	0.2739	benign
P45381	S146T	0.0829	benign
P45381	S146V	0.13	benign
P45381	S146W	0.2916	benign
P45381	S146Y	0.1267	benign
P45381	L147A	0.318	benign
P45381	L147C	0.5106	ambiguous
P45381	L147D	0.8608	pathogenic
P45381	L147E	0.5417	ambiguous
P45381	L147F	0.1582	benign
P45381	L147G	0.6962	pathogenic
P45381	L147H	0.3841	ambiguous
P45381	L147I	0.0963	benign
P45381	L147K	0.5534	ambiguous
P45381	L147M	0.0877	benign
P45381	L147N	0.5735	pathogenic
P45381	L147P	0.8321	pathogenic
P45381	L147Q	0.2794	benign
P45381	L147R	0.4458	ambiguous
P45381	L147S	0.3809	ambiguous
P45381	L147T	0.2545	benign
P45381	L147V	0.098	benign
P45381	L147W	0.3883	ambiguous
P45381	L147Y	0.4782	ambiguous
P45381	A148C	0.3306	benign
P45381	A148D	0.1133	benign
P45381	A148E	0.1291	benign
P45381	A148F	0.2527	benign
P45381	A148G	0.1218	benign
P45381	A148H	0.2575	benign
P45381	A148I	0.2178	benign
P45381	A148K	0.28	benign
P45381	A148L	0.1495	benign
P45381	A148M	0.215	benign
P45381	A148N	0.157	benign
P45381	A148P	0.2182	benign
P45381	A148Q	0.1966	benign
P45381	A148R	0.2768	benign
P45381	A148S	0.0744	benign
P45381	A148T	0.0931	benign
P45381	A148V	0.1174	benign
P45381	A148W	0.6083	pathogenic
P45381	A148Y	0.2645	benign
P45381	P149A	0.122	benign
P45381	P149C	0.4126	ambiguous
P45381	P149D	0.2771	benign
P45381	P149E	0.2442	benign
P45381	P149F	0.5212	ambiguous
P45381	P149G	0.2657	benign
P45381	P149H	0.1736	benign
P45381	P149I	0.3889	ambiguous
P45381	P149K	0.2893	benign
P45381	P149L	0.1915	benign
P45381	P149M	0.3964	ambiguous
P45381	P149N	0.2496	benign
P45381	P149Q	0.1895	benign
P45381	P149R	0.1953	benign
P45381	P149S	0.1234	benign
P45381	P149T	0.126	benign
P45381	P149V	0.2654	benign
P45381	P149W	0.6496	pathogenic
P45381	P149Y	0.4103	ambiguous
P45381	L150A	0.1088	benign
P45381	L150C	0.2415	benign
P45381	L150D	0.235	benign
P45381	L150E	0.1215	benign
P45381	L150F	0.0813	benign
P45381	L150G	0.2534	benign
P45381	L150H	0.0945	benign
P45381	L150I	0.0712	benign
P45381	L150K	0.1099	benign
P45381	L150M	0.0893	benign
P45381	L150N	0.1435	benign
P45381	L150P	0.2	benign
P45381	L150Q	0.0775	benign
P45381	L150R	0.0985	benign
P45381	L150S	0.0929	benign
P45381	L150T	0.1	benign
P45381	L150V	0.0674	benign
P45381	L150W	0.1389	benign
P45381	L150Y	0.1524	benign
P45381	P151A	0.0892	benign
P45381	P151C	0.3003	benign
P45381	P151D	0.2019	benign
P45381	P151E	0.1764	benign
P45381	P151F	0.402	ambiguous
P45381	P151G	0.2305	benign
P45381	P151H	0.1298	benign
P45381	P151I	0.317	benign
P45381	P151K	0.1863	benign
P45381	P151L	0.1387	benign
P45381	P151M	0.3399	benign
P45381	P151N	0.1889	benign
P45381	P151Q	0.122	benign
P45381	P151R	0.1219	benign
P45381	P151S	0.0959	benign
P45381	P151T	0.1058	benign
P45381	P151V	0.2213	benign
P45381	P151W	0.4978	ambiguous
P45381	P151Y	0.3171	benign
P45381	C152A	0.5464	ambiguous
P45381	C152D	0.9607	pathogenic
P45381	C152E	0.9839	pathogenic
P45381	C152F	0.6744	pathogenic
P45381	C152G	0.4137	ambiguous
P45381	C152H	0.9416	pathogenic
P45381	C152I	0.5934	pathogenic
P45381	C152K	0.9874	pathogenic
P45381	C152L	0.6754	pathogenic
P45381	C152M	0.8374	pathogenic
P45381	C152N	0.8407	pathogenic
P45381	C152P	0.9228	pathogenic
P45381	C152Q	0.9552	pathogenic
P45381	C152R	0.9223	pathogenic
P45381	C152S	0.4566	ambiguous
P45381	C152T	0.585	pathogenic
P45381	C152V	0.4082	ambiguous
P45381	C152W	0.9383	pathogenic
P45381	C152Y	0.8428	pathogenic
P45381	Y153A	0.1784	benign
P45381	Y153C	0.0715	benign
P45381	Y153D	0.1399	benign
P45381	Y153E	0.3497	ambiguous
P45381	Y153F	0.0899	benign
P45381	Y153G	0.2171	benign
P45381	Y153H	0.073	benign
P45381	Y153I	0.2966	benign
P45381	Y153K	0.2755	benign
P45381	Y153L	0.2827	benign
P45381	Y153M	0.3837	ambiguous
P45381	Y153N	0.077	benign
P45381	Y153P	0.2099	benign
P45381	Y153Q	0.1999	benign
P45381	Y153R	0.1584	benign
P45381	Y153S	0.0753	benign
P45381	Y153T	0.1818	benign
P45381	Y153V	0.2235	benign
P45381	Y153W	0.2643	benign
P45381	V154A	0.419	ambiguous
P45381	V154C	0.7337	pathogenic
P45381	V154D	0.9223	pathogenic
P45381	V154E	0.9078	pathogenic
P45381	V154F	0.5086	ambiguous
P45381	V154G	0.5433	ambiguous
P45381	V154H	0.9521	pathogenic
P45381	V154I	0.0728	benign
P45381	V154K	0.9351	pathogenic
P45381	V154L	0.3168	benign
P45381	V154M	0.3468	ambiguous
P45381	V154N	0.732	pathogenic
P45381	V154P	0.755	pathogenic
P45381	V154Q	0.9001	pathogenic
P45381	V154R	0.9042	pathogenic
P45381	V154S	0.5812	pathogenic
P45381	V154T	0.42	ambiguous
P45381	V154W	0.9692	pathogenic
P45381	V154Y	0.8804	pathogenic
P45381	Y155A	0.8292	pathogenic
P45381	Y155C	0.2379	benign
P45381	Y155D	0.9093	pathogenic
P45381	Y155E	0.9671	pathogenic
P45381	Y155F	0.0999	benign
P45381	Y155G	0.8186	pathogenic
P45381	Y155H	0.7028	pathogenic
P45381	Y155I	0.5796	pathogenic
P45381	Y155K	0.9615	pathogenic
P45381	Y155L	0.2466	benign
P45381	Y155M	0.5954	pathogenic
P45381	Y155N	0.6816	pathogenic
P45381	Y155P	0.9743	pathogenic
P45381	Y155Q	0.93	pathogenic
P45381	Y155R	0.9285	pathogenic
P45381	Y155S	0.7006	pathogenic
P45381	Y155T	0.8366	pathogenic
P45381	Y155V	0.5197	ambiguous
P45381	Y155W	0.6085	pathogenic
P45381	L156A	0.6616	pathogenic
P45381	L156C	0.6852	pathogenic
P45381	L156D	0.9836	pathogenic
P45381	L156E	0.9006	pathogenic
P45381	L156F	0.4635	ambiguous
P45381	L156G	0.907	pathogenic
P45381	L156H	0.7543	pathogenic
P45381	L156I	0.1561	benign
P45381	L156K	0.8628	pathogenic
P45381	L156M	0.191	benign
P45381	L156N	0.8835	pathogenic
P45381	L156P	0.9839	pathogenic
P45381	L156Q	0.6143	pathogenic
P45381	L156R	0.7436	pathogenic
P45381	L156S	0.7822	pathogenic
P45381	L156T	0.6833	pathogenic
P45381	L156V	0.1313	benign
P45381	L156W	0.8006	pathogenic
P45381	L156Y	0.796	pathogenic
P45381	I157A	0.2376	benign
P45381	I157C	0.6747	pathogenic
P45381	I157D	0.7478	pathogenic
P45381	I157E	0.6701	pathogenic
P45381	I157F	0.3157	benign
P45381	I157G	0.5595	ambiguous
P45381	I157H	0.6547	pathogenic
P45381	I157K	0.6036	pathogenic
P45381	I157L	0.0984	benign
P45381	I157M	0.1159	benign
P45381	I157N	0.2249	benign
P45381	I157P	0.6558	pathogenic
P45381	I157Q	0.575	pathogenic
P45381	I157R	0.5021	ambiguous
P45381	I157S	0.2421	benign
P45381	I157T	0.0941	benign
P45381	I157V	0.1162	benign
P45381	I157W	0.7944	pathogenic
P45381	I157Y	0.6382	pathogenic
P45381	E158A	0.5126	ambiguous
P45381	E158C	0.9486	pathogenic
P45381	E158D	0.2386	benign
P45381	E158F	0.9786	pathogenic
P45381	E158G	0.4743	ambiguous
P45381	E158H	0.8347	pathogenic
P45381	E158I	0.9214	pathogenic
P45381	E158K	0.6076	pathogenic
P45381	E158L	0.8998	pathogenic
P45381	E158M	0.9018	pathogenic
P45381	E158N	0.5361	ambiguous
P45381	E158P	0.9486	pathogenic
P45381	E158Q	0.3342	benign
P45381	E158R	0.7078	pathogenic
P45381	E158S	0.4532	ambiguous
P45381	E158T	0.6893	pathogenic
P45381	E158V	0.8178	pathogenic
P45381	E158W	0.9883	pathogenic
P45381	E158Y	0.942	pathogenic
P45381	H159A	0.7347	pathogenic
P45381	H159C	0.4682	ambiguous
P45381	H159D	0.4475	ambiguous
P45381	H159E	0.6963	pathogenic
P45381	H159F	0.6845	pathogenic
P45381	H159G	0.799	pathogenic
P45381	H159I	0.6729	pathogenic
P45381	H159K	0.6496	pathogenic
P45381	H159L	0.4447	ambiguous
P45381	H159M	0.8048	pathogenic
P45381	H159N	0.217	benign
P45381	H159P	0.467	ambiguous
P45381	H159Q	0.6387	pathogenic
P45381	H159R	0.5585	ambiguous
P45381	H159S	0.5134	ambiguous
P45381	H159T	0.6947	pathogenic
P45381	H159V	0.7071	pathogenic
P45381	H159W	0.75	pathogenic
P45381	H159Y	0.2392	benign
P45381	P160A	0.1536	benign
P45381	P160C	0.5932	pathogenic
P45381	P160D	0.4421	ambiguous
P45381	P160E	0.2842	benign
P45381	P160F	0.684	pathogenic
P45381	P160G	0.4591	ambiguous
P45381	P160H	0.2376	benign
P45381	P160I	0.5266	ambiguous
P45381	P160K	0.2792	benign
P45381	P160L	0.2535	benign
P45381	P160M	0.5551	ambiguous
P45381	P160N	0.419	ambiguous
P45381	P160Q	0.2228	benign
P45381	P160R	0.1895	benign
P45381	P160S	0.1798	benign
P45381	P160T	0.1677	benign
P45381	P160V	0.3832	ambiguous
P45381	P160W	0.7615	pathogenic
P45381	P160Y	0.5913	pathogenic
P45381	S161A	0.0719	benign
P45381	S161C	0.0901	benign
P45381	S161D	0.1423	benign
P45381	S161E	0.2013	benign
P45381	S161F	0.1043	benign
P45381	S161G	0.0817	benign
P45381	S161H	0.1306	benign
P45381	S161I	0.1041	benign
P45381	S161K	0.1929	benign
P45381	S161L	0.0751	benign
P45381	S161M	0.1377	benign
P45381	S161N	0.0733	benign
P45381	S161P	0.2591	benign
P45381	S161Q	0.1978	benign
P45381	S161R	0.1639	benign
P45381	S161T	0.0657	benign
P45381	S161V	0.1145	benign
P45381	S161W	0.2035	benign
P45381	S161Y	0.0947	benign
P45381	L162A	0.3715	ambiguous
P45381	L162C	0.4356	ambiguous
P45381	L162D	0.8101	pathogenic
P45381	L162E	0.4374	ambiguous
P45381	L162F	0.1323	benign
P45381	L162G	0.6257	pathogenic
P45381	L162H	0.2566	benign
P45381	L162I	0.1145	benign
P45381	L162K	0.2372	benign
P45381	L162M	0.1377	benign
P45381	L162N	0.4968	ambiguous
P45381	L162P	0.7172	pathogenic
P45381	L162Q	0.1753	benign
P45381	L162R	0.1807	benign
P45381	L162S	0.4014	ambiguous
P45381	L162T	0.3588	ambiguous
P45381	L162V	0.1151	benign
P45381	L162W	0.2519	benign
P45381	L162Y	0.3099	benign
P45381	K163A	0.3413	ambiguous
P45381	K163C	0.516	ambiguous
P45381	K163D	0.5556	ambiguous
P45381	K163E	0.179	benign
P45381	K163F	0.7384	pathogenic
P45381	K163G	0.4387	ambiguous
P45381	K163H	0.2336	benign
P45381	K163I	0.3635	ambiguous
P45381	K163L	0.3593	ambiguous
P45381	K163M	0.2966	benign
P45381	K163N	0.3616	ambiguous
P45381	K163P	0.4913	ambiguous
P45381	K163Q	0.1176	benign
P45381	K163R	0.0814	benign
P45381	K163S	0.3577	ambiguous
P45381	K163T	0.169	benign
P45381	K163V	0.324	benign
P45381	K163W	0.6828	pathogenic
P45381	K163Y	0.5478	ambiguous
P45381	Y164A	0.8836	pathogenic
P45381	Y164C	0.6125	pathogenic
P45381	Y164D	0.7252	pathogenic
P45381	Y164E	0.9288	pathogenic
P45381	Y164F	0.2256	benign
P45381	Y164G	0.7646	pathogenic
P45381	Y164H	0.7093	pathogenic
P45381	Y164I	0.8953	pathogenic
P45381	Y164K	0.9342	pathogenic
P45381	Y164L	0.7815	pathogenic
P45381	Y164M	0.8809	pathogenic
P45381	Y164N	0.5523	ambiguous
P45381	Y164P	0.9264	pathogenic
P45381	Y164Q	0.9294	pathogenic
P45381	Y164R	0.8867	pathogenic
P45381	Y164S	0.7228	pathogenic
P45381	Y164T	0.8833	pathogenic
P45381	Y164V	0.8003	pathogenic
P45381	Y164W	0.7091	pathogenic
P45381	A165C	0.4577	ambiguous
P45381	A165D	0.5622	ambiguous
P45381	A165E	0.498	ambiguous
P45381	A165F	0.5159	ambiguous
P45381	A165G	0.1471	benign
P45381	A165H	0.5715	pathogenic
P45381	A165I	0.684	pathogenic
P45381	A165K	0.5689	pathogenic
P45381	A165L	0.4567	ambiguous
P45381	A165M	0.5115	ambiguous
P45381	A165N	0.4385	ambiguous
P45381	A165P	0.5428	ambiguous
P45381	A165Q	0.4593	ambiguous
P45381	A165R	0.4692	ambiguous
P45381	A165S	0.1068	benign
P45381	A165T	0.1932	benign
P45381	A165V	0.3896	ambiguous
P45381	A165W	0.8597	pathogenic
P45381	A165Y	0.5585	ambiguous
P45381	T166A	0.204	benign
P45381	T166C	0.6418	pathogenic
P45381	T166D	0.8386	pathogenic
P45381	T166E	0.8823	pathogenic
P45381	T166F	0.809	pathogenic
P45381	T166G	0.5114	ambiguous
P45381	T166H	0.752	pathogenic
P45381	T166I	0.8527	pathogenic
P45381	T166K	0.8006	pathogenic
P45381	T166L	0.5358	ambiguous
P45381	T166M	0.3332	benign
P45381	T166N	0.461	ambiguous
P45381	T166P	0.4917	ambiguous
P45381	T166Q	0.776	pathogenic
P45381	T166R	0.7333	pathogenic
P45381	T166S	0.2883	benign
P45381	T166V	0.5962	pathogenic
P45381	T166W	0.9489	pathogenic
P45381	T166Y	0.8076	pathogenic
P45381	T167A	0.1682	benign
P45381	T167C	0.5925	pathogenic
P45381	T167D	0.9697	pathogenic
P45381	T167E	0.9446	pathogenic
P45381	T167F	0.8869	pathogenic
P45381	T167G	0.607	pathogenic
P45381	T167H	0.9263	pathogenic
P45381	T167I	0.4105	ambiguous
P45381	T167K	0.9436	pathogenic
P45381	T167L	0.2925	benign
P45381	T167M	0.2518	benign
P45381	T167N	0.671	pathogenic
P45381	T167P	0.4905	ambiguous
P45381	T167Q	0.8849	pathogenic
P45381	T167R	0.9324	pathogenic
P45381	T167S	0.2557	benign
P45381	T167V	0.2737	benign
P45381	T167W	0.9854	pathogenic
P45381	T167Y	0.9469	pathogenic
P45381	R168A	0.9596	pathogenic
P45381	R168C	0.6183	pathogenic
P45381	R168D	0.9764	pathogenic
P45381	R168E	0.9142	pathogenic
P45381	R168F	0.9875	pathogenic
P45381	R168G	0.8907	pathogenic
P45381	R168H	0.599	pathogenic
P45381	R168I	0.9655	pathogenic
P45381	R168K	0.6792	pathogenic
P45381	R168L	0.9404	pathogenic
P45381	R168M	0.9758	pathogenic
P45381	R168N	0.9685	pathogenic
P45381	R168P	0.9717	pathogenic
P45381	R168Q	0.6505	pathogenic
P45381	R168S	0.9625	pathogenic
P45381	R168T	0.9601	pathogenic
P45381	R168V	0.9662	pathogenic
P45381	R168W	0.7767	pathogenic
P45381	R168Y	0.9273	pathogenic
P45381	S169A	0.2224	benign
P45381	S169C	0.2753	benign
P45381	S169D	0.833	pathogenic
P45381	S169E	0.899	pathogenic
P45381	S169F	0.726	pathogenic
P45381	S169G	0.2416	benign
P45381	S169H	0.7772	pathogenic
P45381	S169I	0.7532	pathogenic
P45381	S169K	0.9582	pathogenic
P45381	S169L	0.4017	ambiguous
P45381	S169M	0.541	ambiguous
P45381	S169N	0.533	ambiguous
P45381	S169P	0.9509	pathogenic
P45381	S169Q	0.8491	pathogenic
P45381	S169R	0.9401	pathogenic
P45381	S169T	0.1735	benign
P45381	S169V	0.6563	pathogenic
P45381	S169W	0.7813	pathogenic
P45381	S169Y	0.6098	pathogenic
P45381	I170A	0.3612	ambiguous
P45381	I170C	0.7092	pathogenic
P45381	I170D	0.9573	pathogenic
P45381	I170E	0.9163	pathogenic
P45381	I170F	0.5277	ambiguous
P45381	I170G	0.8139	pathogenic
P45381	I170H	0.9167	pathogenic
P45381	I170K	0.8544	pathogenic
P45381	I170L	0.1447	benign
P45381	I170M	0.1405	benign
P45381	I170N	0.6717	pathogenic
P45381	I170P	0.8531	pathogenic
P45381	I170Q	0.8562	pathogenic
P45381	I170R	0.7941	pathogenic
P45381	I170S	0.5133	ambiguous
P45381	I170T	0.2027	benign
P45381	I170V	0.0529	benign
P45381	I170W	0.9668	pathogenic
P45381	I170Y	0.9087	pathogenic
P45381	A171C	0.6615	pathogenic
P45381	A171D	0.9809	pathogenic
P45381	A171E	0.9795	pathogenic
P45381	A171F	0.9701	pathogenic
P45381	A171G	0.1541	benign
P45381	A171H	0.9809	pathogenic
P45381	A171I	0.9479	pathogenic
P45381	A171K	0.9896	pathogenic
P45381	A171L	0.9012	pathogenic
P45381	A171M	0.9105	pathogenic
P45381	A171N	0.9556	pathogenic
P45381	A171P	0.9585	pathogenic
P45381	A171Q	0.9574	pathogenic
P45381	A171R	0.9696	pathogenic
P45381	A171S	0.1351	benign
P45381	A171T	0.3781	ambiguous
P45381	A171V	0.7337	pathogenic
P45381	A171W	0.9955	pathogenic
P45381	A171Y	0.9867	pathogenic
P45381	K172A	0.4914	ambiguous
P45381	K172C	0.7042	pathogenic
P45381	K172D	0.7228	pathogenic
P45381	K172E	0.297	benign
P45381	K172F	0.8788	pathogenic
P45381	K172G	0.5881	pathogenic
P45381	K172H	0.4227	ambiguous
P45381	K172I	0.5297	ambiguous
P45381	K172L	0.5262	ambiguous
P45381	K172M	0.4445	ambiguous
P45381	K172N	0.5444	ambiguous
P45381	K172P	0.7002	pathogenic
P45381	K172Q	0.2168	benign
P45381	K172R	0.0792	benign
P45381	K172S	0.5712	pathogenic
P45381	K172T	0.3238	benign
P45381	K172V	0.4877	ambiguous
P45381	K172W	0.8401	pathogenic
P45381	K172Y	0.7503	pathogenic
P45381	Y173A	0.4736	ambiguous
P45381	Y173C	0.1255	benign
P45381	Y173D	0.3485	ambiguous
P45381	Y173E	0.6201	pathogenic
P45381	Y173F	0.1184	benign
P45381	Y173G	0.4908	ambiguous
P45381	Y173H	0.1068	benign
P45381	Y173I	0.3727	ambiguous
P45381	Y173K	0.451	ambiguous
P45381	Y173L	0.3691	ambiguous
P45381	Y173M	0.5217	ambiguous
P45381	Y173N	0.1463	benign
P45381	Y173P	0.8955	pathogenic
P45381	Y173Q	0.3632	ambiguous
P45381	Y173R	0.326	benign
P45381	Y173S	0.2405	benign
P45381	Y173T	0.4486	ambiguous
P45381	Y173V	0.3491	ambiguous
P45381	Y173W	0.3443	ambiguous
P45381	P174A	0.1095	benign
P45381	P174C	0.6183	pathogenic
P45381	P174D	0.8725	pathogenic
P45381	P174E	0.8134	pathogenic
P45381	P174F	0.9063	pathogenic
P45381	P174G	0.3398	benign
P45381	P174H	0.5464	ambiguous
P45381	P174I	0.9112	pathogenic
P45381	P174K	0.8113	pathogenic
P45381	P174L	0.6448	pathogenic
P45381	P174M	0.8404	pathogenic
P45381	P174N	0.7276	pathogenic
P45381	P174Q	0.5545	ambiguous
P45381	P174R	0.6136	pathogenic
P45381	P174S	0.1891	benign
P45381	P174T	0.3576	ambiguous
P45381	P174V	0.7626	pathogenic
P45381	P174W	0.9438	pathogenic
P45381	P174Y	0.8689	pathogenic
P45381	V175A	0.3715	ambiguous
P45381	V175C	0.83	pathogenic
P45381	V175D	0.982	pathogenic
P45381	V175E	0.9633	pathogenic
P45381	V175F	0.4709	ambiguous
P45381	V175G	0.7402	pathogenic
P45381	V175H	0.9835	pathogenic
P45381	V175I	0.0877	benign
P45381	V175K	0.976	pathogenic
P45381	V175L	0.3243	benign
P45381	V175M	0.2971	benign
P45381	V175N	0.9464	pathogenic
P45381	V175P	0.9656	pathogenic
P45381	V175Q	0.9581	pathogenic
P45381	V175R	0.9607	pathogenic
P45381	V175S	0.7685	pathogenic
P45381	V175T	0.4884	ambiguous
P45381	V175W	0.9775	pathogenic
P45381	V175Y	0.9441	pathogenic
P45381	G176A	0.4841	ambiguous
P45381	G176C	0.7699	pathogenic
P45381	G176D	0.9777	pathogenic
P45381	G176E	0.9756	pathogenic
P45381	G176F	0.9861	pathogenic
P45381	G176H	0.9953	pathogenic
P45381	G176I	0.9441	pathogenic
P45381	G176K	0.9952	pathogenic
P45381	G176L	0.9632	pathogenic
P45381	G176M	0.9698	pathogenic
P45381	G176N	0.9784	pathogenic
P45381	G176P	0.9919	pathogenic
P45381	G176Q	0.9868	pathogenic
P45381	G176R	0.9867	pathogenic
P45381	G176S	0.6331	pathogenic
P45381	G176T	0.8174	pathogenic
P45381	G176V	0.8766	pathogenic
P45381	G176W	0.9869	pathogenic
P45381	G176Y	0.9883	pathogenic
P45381	I177A	0.7491	pathogenic
P45381	I177C	0.8468	pathogenic
P45381	I177D	0.995	pathogenic
P45381	I177E	0.9847	pathogenic
P45381	I177F	0.2923	benign
P45381	I177G	0.9554	pathogenic
P45381	I177H	0.9807	pathogenic
P45381	I177K	0.9783	pathogenic
P45381	I177L	0.1422	benign
P45381	I177M	0.1256	benign
P45381	I177N	0.9415	pathogenic
P45381	I177P	0.9836	pathogenic
P45381	I177Q	0.9722	pathogenic
P45381	I177R	0.9671	pathogenic
P45381	I177S	0.8974	pathogenic
P45381	I177T	0.7443	pathogenic
P45381	I177V	0.0936	benign
P45381	I177W	0.941	pathogenic
P45381	I177Y	0.8856	pathogenic
P45381	E178A	0.9655	pathogenic
P45381	E178C	0.9927	pathogenic
P45381	E178D	0.9918	pathogenic
P45381	E178F	0.9996	pathogenic
P45381	E178G	0.9753	pathogenic
P45381	E178H	0.9937	pathogenic
P45381	E178I	0.9939	pathogenic
P45381	E178K	0.9491	pathogenic
P45381	E178L	0.9957	pathogenic
P45381	E178M	0.9949	pathogenic
P45381	E178N	0.9971	pathogenic
P45381	E178P	0.9983	pathogenic
P45381	E178Q	0.9564	pathogenic
P45381	E178R	0.9826	pathogenic
P45381	E178S	0.9838	pathogenic
P45381	E178T	0.991	pathogenic
P45381	E178V	0.986	pathogenic
P45381	E178W	0.9996	pathogenic
P45381	E178Y	0.9991	pathogenic
P45381	V179A	0.3813	ambiguous
P45381	V179C	0.8811	pathogenic
P45381	V179D	0.9622	pathogenic
P45381	V179E	0.9398	pathogenic
P45381	V179F	0.624	pathogenic
P45381	V179G	0.6407	pathogenic
P45381	V179H	0.9815	pathogenic
P45381	V179I	0.1014	benign
P45381	V179K	0.9666	pathogenic
P45381	V179L	0.5332	ambiguous
P45381	V179M	0.415	ambiguous
P45381	V179N	0.9009	pathogenic
P45381	V179P	0.9752	pathogenic
P45381	V179Q	0.9508	pathogenic
P45381	V179R	0.9492	pathogenic
P45381	V179S	0.7058	pathogenic
P45381	V179T	0.4782	ambiguous
P45381	V179W	0.978	pathogenic
P45381	V179Y	0.9326	pathogenic
P45381	G180A	0.9119	pathogenic
P45381	G180C	0.9653	pathogenic
P45381	G180D	0.9855	pathogenic
P45381	G180E	0.9888	pathogenic
P45381	G180F	0.992	pathogenic
P45381	G180H	0.9973	pathogenic
P45381	G180I	0.9888	pathogenic
P45381	G180K	0.9962	pathogenic
P45381	G180L	0.9907	pathogenic
P45381	G180M	0.9967	pathogenic
P45381	G180N	0.9958	pathogenic
P45381	G180P	0.9965	pathogenic
P45381	G180Q	0.9951	pathogenic
P45381	G180R	0.9868	pathogenic
P45381	G180S	0.9022	pathogenic
P45381	G180T	0.984	pathogenic
P45381	G180V	0.9768	pathogenic
P45381	G180W	0.9873	pathogenic
P45381	G180Y	0.9924	pathogenic
P45381	P181A	0.1948	benign
P45381	P181C	0.7665	pathogenic
P45381	P181D	0.9799	pathogenic
P45381	P181E	0.9275	pathogenic
P45381	P181F	0.9698	pathogenic
P45381	P181G	0.7489	pathogenic
P45381	P181H	0.826	pathogenic
P45381	P181I	0.9518	pathogenic
P45381	P181K	0.907	pathogenic
P45381	P181L	0.7286	pathogenic
P45381	P181M	0.9155	pathogenic
P45381	P181N	0.9369	pathogenic
P45381	P181Q	0.763	pathogenic
P45381	P181R	0.711	pathogenic
P45381	P181S	0.4843	ambiguous
P45381	P181T	0.71	pathogenic
P45381	P181V	0.8669	pathogenic
P45381	P181W	0.9793	pathogenic
P45381	P181Y	0.9613	pathogenic
P45381	Q182A	0.5376	ambiguous
P45381	Q182C	0.9095	pathogenic
P45381	Q182D	0.9928	pathogenic
P45381	Q182E	0.4101	ambiguous
P45381	Q182F	0.9743	pathogenic
P45381	Q182G	0.8554	pathogenic
P45381	Q182H	0.9454	pathogenic
P45381	Q182I	0.3858	ambiguous
P45381	Q182K	0.8403	pathogenic
P45381	Q182L	0.3612	ambiguous
P45381	Q182M	0.4284	ambiguous
P45381	Q182N	0.8646	pathogenic
P45381	Q182P	0.9049	pathogenic
P45381	Q182R	0.8661	pathogenic
P45381	Q182S	0.681	pathogenic
P45381	Q182T	0.5304	ambiguous
P45381	Q182V	0.259	benign
P45381	Q182W	0.9929	pathogenic
P45381	Q182Y	0.984	pathogenic
P45381	P183A	0.1606	benign
P45381	P183C	0.7193	pathogenic
P45381	P183D	0.9684	pathogenic
P45381	P183E	0.909	pathogenic
P45381	P183F	0.947	pathogenic
P45381	P183G	0.6699	pathogenic
P45381	P183H	0.7806	pathogenic
P45381	P183I	0.9184	pathogenic
P45381	P183K	0.9364	pathogenic
P45381	P183L	0.5455	ambiguous
P45381	P183M	0.8153	pathogenic
P45381	P183N	0.9103	pathogenic
P45381	P183Q	0.7394	pathogenic
P45381	P183R	0.8201	pathogenic
P45381	P183S	0.3827	ambiguous
P45381	P183T	0.57	pathogenic
P45381	P183V	0.7798	pathogenic
P45381	P183W	0.9704	pathogenic
P45381	P183Y	0.9402	pathogenic
P45381	Q184A	0.4111	ambiguous
P45381	Q184C	0.7432	pathogenic
P45381	Q184D	0.866	pathogenic
P45381	Q184E	0.2971	benign
P45381	Q184F	0.8374	pathogenic
P45381	Q184G	0.5582	ambiguous
P45381	Q184H	0.2029	benign
P45381	Q184I	0.7542	pathogenic
P45381	Q184K	0.7384	pathogenic
P45381	Q184L	0.5007	ambiguous
P45381	Q184M	0.5265	ambiguous
P45381	Q184N	0.2427	benign
P45381	Q184P	0.3582	ambiguous
P45381	Q184R	0.7071	pathogenic
P45381	Q184S	0.3618	ambiguous
P45381	Q184T	0.4776	ambiguous
P45381	Q184V	0.6045	pathogenic
P45381	Q184W	0.8261	pathogenic
P45381	Q184Y	0.7728	pathogenic
P45381	G185A	0.4142	ambiguous
P45381	G185C	0.6424	pathogenic
P45381	G185D	0.9281	pathogenic
P45381	G185E	0.9146	pathogenic
P45381	G185F	0.9693	pathogenic
P45381	G185H	0.9451	pathogenic
P45381	G185I	0.9659	pathogenic
P45381	G185K	0.961	pathogenic
P45381	G185L	0.9391	pathogenic
P45381	G185M	0.9323	pathogenic
P45381	G185N	0.7917	pathogenic
P45381	G185P	0.9979	pathogenic
P45381	G185Q	0.9072	pathogenic
P45381	G185R	0.9019	pathogenic
P45381	G185S	0.3429	ambiguous
P45381	G185T	0.8381	pathogenic
P45381	G185V	0.9039	pathogenic
P45381	G185W	0.9484	pathogenic
P45381	G185Y	0.9284	pathogenic
P45381	V186A	0.6037	pathogenic
P45381	V186C	0.7807	pathogenic
P45381	V186D	0.9519	pathogenic
P45381	V186E	0.9012	pathogenic
P45381	V186F	0.7331	pathogenic
P45381	V186G	0.5896	pathogenic
P45381	V186H	0.9625	pathogenic
P45381	V186I	0.0946	benign
P45381	V186K	0.9371	pathogenic
P45381	V186L	0.4804	ambiguous
P45381	V186M	0.4523	ambiguous
P45381	V186N	0.7377	pathogenic
P45381	V186P	0.9797	pathogenic
P45381	V186Q	0.8884	pathogenic
P45381	V186R	0.9011	pathogenic
P45381	V186S	0.5962	pathogenic
P45381	V186T	0.426	ambiguous
P45381	V186W	0.9901	pathogenic
P45381	V186Y	0.9501	pathogenic
P45381	L187A	0.3009	benign
P45381	L187C	0.5422	ambiguous
P45381	L187D	0.9827	pathogenic
P45381	L187E	0.9034	pathogenic
P45381	L187F	0.4317	ambiguous
P45381	L187G	0.7591	pathogenic
P45381	L187H	0.8404	pathogenic
P45381	L187I	0.0915	benign
P45381	L187K	0.8968	pathogenic
P45381	L187M	0.2088	benign
P45381	L187N	0.8788	pathogenic
P45381	L187P	0.7536	pathogenic
P45381	L187Q	0.7178	pathogenic
P45381	L187R	0.8002	pathogenic
P45381	L187S	0.5974	pathogenic
P45381	L187T	0.4774	ambiguous
P45381	L187V	0.0874	benign
P45381	L187W	0.7668	pathogenic
P45381	L187Y	0.8035	pathogenic
P45381	R188A	0.9287	pathogenic
P45381	R188C	0.3876	ambiguous
P45381	R188D	0.9689	pathogenic
P45381	R188E	0.8285	pathogenic
P45381	R188F	0.9643	pathogenic
P45381	R188G	0.8659	pathogenic
P45381	R188H	0.3254	benign
P45381	R188I	0.8564	pathogenic
P45381	R188K	0.2704	benign
P45381	R188L	0.7644	pathogenic
P45381	R188M	0.8506	pathogenic
P45381	R188N	0.9488	pathogenic
P45381	R188P	0.9774	pathogenic
P45381	R188Q	0.2471	benign
P45381	R188S	0.9424	pathogenic
P45381	R188T	0.8768	pathogenic
P45381	R188V	0.8752	pathogenic
P45381	R188W	0.5539	ambiguous
P45381	R188Y	0.8695	pathogenic
P45381	A189C	0.5157	ambiguous
P45381	A189D	0.7901	pathogenic
P45381	A189E	0.7215	pathogenic
P45381	A189F	0.4594	ambiguous
P45381	A189G	0.1151	benign
P45381	A189H	0.6495	pathogenic
P45381	A189I	0.6279	pathogenic
P45381	A189K	0.8488	pathogenic
P45381	A189L	0.5253	ambiguous
P45381	A189M	0.4528	ambiguous
P45381	A189N	0.6086	pathogenic
P45381	A189P	0.584	pathogenic
P45381	A189Q	0.6964	pathogenic
P45381	A189R	0.7752	pathogenic
P45381	A189S	0.1043	benign
P45381	A189T	0.2262	benign
P45381	A189V	0.3199	benign
P45381	A189W	0.8111	pathogenic
P45381	A189Y	0.5745	pathogenic
P45381	D190A	0.3111	benign
P45381	D190C	0.6949	pathogenic
P45381	D190E	0.3475	ambiguous
P45381	D190F	0.8059	pathogenic
P45381	D190G	0.2407	benign
P45381	D190H	0.4049	ambiguous
P45381	D190I	0.554	ambiguous
P45381	D190K	0.5989	pathogenic
P45381	D190L	0.6888	pathogenic
P45381	D190M	0.8109	pathogenic
P45381	D190N	0.0964	benign
P45381	D190P	0.8095	pathogenic
P45381	D190Q	0.5629	ambiguous
P45381	D190R	0.6115	pathogenic
P45381	D190S	0.1714	benign
P45381	D190T	0.3512	ambiguous
P45381	D190V	0.3559	ambiguous
P45381	D190W	0.9484	pathogenic
P45381	D190Y	0.3853	ambiguous
P45381	I191A	0.3945	ambiguous
P45381	I191C	0.5783	pathogenic
P45381	I191D	0.7772	pathogenic
P45381	I191E	0.7045	pathogenic
P45381	I191F	0.3505	ambiguous
P45381	I191G	0.6624	pathogenic
P45381	I191H	0.5438	ambiguous
P45381	I191K	0.4129	ambiguous
P45381	I191L	0.1431	benign
P45381	I191M	0.163	benign
P45381	I191N	0.2187	benign
P45381	I191P	0.8805	pathogenic
P45381	I191Q	0.4986	ambiguous
P45381	I191R	0.3342	benign
P45381	I191S	0.2841	benign
P45381	I191T	0.1771	benign
P45381	I191V	0.0711	benign
P45381	I191W	0.914	pathogenic
P45381	I191Y	0.6765	pathogenic
P45381	L192A	0.3218	benign
P45381	L192C	0.4934	ambiguous
P45381	L192D	0.9353	pathogenic
P45381	L192E	0.7025	pathogenic
P45381	L192F	0.1289	benign
P45381	L192G	0.6863	pathogenic
P45381	L192H	0.3852	ambiguous
P45381	L192I	0.1352	benign
P45381	L192K	0.6192	pathogenic
P45381	L192M	0.1409	benign
P45381	L192N	0.7322	pathogenic
P45381	L192P	0.8797	pathogenic
P45381	L192Q	0.3601	ambiguous
P45381	L192R	0.4267	ambiguous
P45381	L192S	0.4166	ambiguous
P45381	L192T	0.2736	benign
P45381	L192V	0.1152	benign
P45381	L192W	0.311	benign
P45381	L192Y	0.3825	ambiguous
P45381	D193A	0.0934	benign
P45381	D193C	0.1956	benign
P45381	D193E	0.0952	benign
P45381	D193F	0.1942	benign
P45381	D193G	0.0938	benign
P45381	D193H	0.0979	benign
P45381	D193I	0.1208	benign
P45381	D193K	0.1757	benign
P45381	D193L	0.1268	benign
P45381	D193M	0.2767	benign
P45381	D193N	0.0662	benign
P45381	D193P	0.5695	pathogenic
P45381	D193Q	0.1404	benign
P45381	D193R	0.1851	benign
P45381	D193S	0.0821	benign
P45381	D193T	0.1167	benign
P45381	D193V	0.0889	benign
P45381	D193W	0.5549	ambiguous
P45381	D193Y	0.0751	benign
P45381	Q194A	0.1806	benign
P45381	Q194C	0.4301	ambiguous
P45381	Q194D	0.2691	benign
P45381	Q194E	0.0734	benign
P45381	Q194F	0.6231	pathogenic
P45381	Q194G	0.1912	benign
P45381	Q194H	0.1783	benign
P45381	Q194I	0.3104	benign
P45381	Q194K	0.0604	benign
P45381	Q194L	0.1218	benign
P45381	Q194M	0.3139	benign
P45381	Q194N	0.2158	benign
P45381	Q194P	0.3512	ambiguous
P45381	Q194R	0.0754	benign
P45381	Q194S	0.2056	benign
P45381	Q194T	0.1371	benign
P45381	Q194V	0.2173	benign
P45381	Q194W	0.4876	ambiguous
P45381	Q194Y	0.3355	benign
P45381	M195A	0.7222	pathogenic
P45381	M195C	0.8539	pathogenic
P45381	M195D	0.9835	pathogenic
P45381	M195E	0.7986	pathogenic
P45381	M195F	0.8527	pathogenic
P45381	M195G	0.8747	pathogenic
P45381	M195H	0.8805	pathogenic
P45381	M195I	0.8714	pathogenic
P45381	M195K	0.7666	pathogenic
P45381	M195L	0.6216	pathogenic
P45381	M195N	0.7298	pathogenic
P45381	M195P	0.9959	pathogenic
P45381	M195Q	0.3796	ambiguous
P45381	M195R	0.8687	pathogenic
P45381	M195S	0.5195	ambiguous
P45381	M195T	0.2851	benign
P45381	M195V	0.3662	ambiguous
P45381	M195W	0.9827	pathogenic
P45381	M195Y	0.9567	pathogenic
P45381	R196A	0.6901	pathogenic
P45381	R196C	0.2418	benign
P45381	R196D	0.8593	pathogenic
P45381	R196E	0.3975	ambiguous
P45381	R196F	0.8531	pathogenic
P45381	R196G	0.3998	ambiguous
P45381	R196H	0.1942	benign
P45381	R196I	0.6293	pathogenic
P45381	R196K	0.1479	benign
P45381	R196L	0.5851	pathogenic
P45381	R196M	0.5963	pathogenic
P45381	R196N	0.7983	pathogenic
P45381	R196P	0.9688	pathogenic
P45381	R196Q	0.1189	benign
P45381	R196S	0.741	pathogenic
P45381	R196T	0.5695	pathogenic
P45381	R196V	0.6789	pathogenic
P45381	R196W	0.3294	benign
P45381	R196Y	0.6048	pathogenic
P45381	K197A	0.2029	benign
P45381	K197C	0.4031	ambiguous
P45381	K197D	0.3442	ambiguous
P45381	K197E	0.1065	benign
P45381	K197F	0.4932	ambiguous
P45381	K197G	0.278	benign
P45381	K197H	0.2421	benign
P45381	K197I	0.1372	benign
P45381	K197L	0.1458	benign
P45381	K197M	0.1117	benign
P45381	K197N	0.2116	benign
P45381	K197P	0.8494	pathogenic
P45381	K197Q	0.1034	benign
P45381	K197R	0.0851	benign
P45381	K197S	0.2363	benign
P45381	K197T	0.0959	benign
P45381	K197V	0.1411	benign
P45381	K197W	0.5417	ambiguous
P45381	K197Y	0.3781	ambiguous
P45381	M198A	0.4854	ambiguous
P45381	M198C	0.7568	pathogenic
P45381	M198D	0.9711	pathogenic
P45381	M198E	0.8515	pathogenic
P45381	M198F	0.5823	pathogenic
P45381	M198G	0.7493	pathogenic
P45381	M198H	0.9127	pathogenic
P45381	M198I	0.1505	benign
P45381	M198K	0.7503	pathogenic
P45381	M198L	0.1203	benign
P45381	M198N	0.7546	pathogenic
P45381	M198P	0.9588	pathogenic
P45381	M198Q	0.7012	pathogenic
P45381	M198R	0.7994	pathogenic
P45381	M198S	0.6433	pathogenic
P45381	M198T	0.3946	ambiguous
P45381	M198V	0.1006	benign
P45381	M198W	0.9265	pathogenic
P45381	M198Y	0.8493	pathogenic
P45381	I199A	0.5534	ambiguous
P45381	I199C	0.7127	pathogenic
P45381	I199D	0.9648	pathogenic
P45381	I199E	0.8919	pathogenic
P45381	I199F	0.3786	ambiguous
P45381	I199G	0.8219	pathogenic
P45381	I199H	0.9044	pathogenic
P45381	I199K	0.8572	pathogenic
P45381	I199L	0.0875	benign
P45381	I199M	0.0968	benign
P45381	I199N	0.6227	pathogenic
P45381	I199P	0.9606	pathogenic
P45381	I199Q	0.8252	pathogenic
P45381	I199R	0.8444	pathogenic
P45381	I199S	0.5864	pathogenic
P45381	I199T	0.2905	benign
P45381	I199V	0.0709	benign
P45381	I199W	0.943	pathogenic
P45381	I199Y	0.8595	pathogenic
P45381	K200A	0.2164	benign
P45381	K200C	0.3461	ambiguous
P45381	K200D	0.4904	ambiguous
P45381	K200E	0.1404	benign
P45381	K200F	0.4506	ambiguous
P45381	K200G	0.2093	benign
P45381	K200H	0.1975	benign
P45381	K200I	0.178	benign
P45381	K200L	0.1727	benign
P45381	K200M	0.1335	benign
P45381	K200N	0.2603	benign
P45381	K200P	0.7619	pathogenic
P45381	K200Q	0.0961	benign
P45381	K200R	0.0795	benign
P45381	K200S	0.2253	benign
P45381	K200T	0.0958	benign
P45381	K200V	0.1835	benign
P45381	K200W	0.5111	ambiguous
P45381	K200Y	0.3441	ambiguous
P45381	H201A	0.2507	benign
P45381	H201C	0.1184	benign
P45381	H201D	0.2685	benign
P45381	H201E	0.3839	ambiguous
P45381	H201F	0.2494	benign
P45381	H201G	0.2943	benign
P45381	H201I	0.2786	benign
P45381	H201K	0.3027	benign
P45381	H201L	0.101	benign
P45381	H201M	0.4153	ambiguous
P45381	H201N	0.1183	benign
P45381	H201P	0.4805	ambiguous
P45381	H201Q	0.2652	benign
P45381	H201R	0.1625	benign
P45381	H201S	0.2388	benign
P45381	H201T	0.2397	benign
P45381	H201V	0.2241	benign
P45381	H201W	0.4002	ambiguous
P45381	H201Y	0.0766	benign
P45381	A202C	0.4807	ambiguous
P45381	A202D	0.9649	pathogenic
P45381	A202E	0.9624	pathogenic
P45381	A202F	0.8408	pathogenic
P45381	A202G	0.1167	benign
P45381	A202H	0.9632	pathogenic
P45381	A202I	0.5757	pathogenic
P45381	A202K	0.9866	pathogenic
P45381	A202L	0.613	pathogenic
P45381	A202M	0.6077	pathogenic
P45381	A202N	0.8974	pathogenic
P45381	A202P	0.9734	pathogenic
P45381	A202Q	0.9385	pathogenic
P45381	A202R	0.9751	pathogenic
P45381	A202S	0.1232	benign
P45381	A202T	0.1571	benign
P45381	A202V	0.3289	benign
P45381	A202W	0.9864	pathogenic
P45381	A202Y	0.9454	pathogenic
P45381	L203A	0.6745	pathogenic
P45381	L203C	0.7143	pathogenic
P45381	L203D	0.9915	pathogenic
P45381	L203E	0.9634	pathogenic
P45381	L203F	0.3413	ambiguous
P45381	L203G	0.9063	pathogenic
P45381	L203H	0.9059	pathogenic
P45381	L203I	0.182	benign
P45381	L203K	0.953	pathogenic
P45381	L203M	0.1808	benign
P45381	L203N	0.9512	pathogenic
P45381	L203P	0.9733	pathogenic
P45381	L203Q	0.8679	pathogenic
P45381	L203R	0.9069	pathogenic
P45381	L203S	0.8465	pathogenic
P45381	L203T	0.6079	pathogenic
P45381	L203V	0.1636	benign
P45381	L203W	0.741	pathogenic
P45381	L203Y	0.8735	pathogenic
P45381	D204A	0.4767	ambiguous
P45381	D204C	0.861	pathogenic
P45381	D204E	0.5291	ambiguous
P45381	D204F	0.91	pathogenic
P45381	D204G	0.5195	ambiguous
P45381	D204H	0.6391	pathogenic
P45381	D204I	0.7436	pathogenic
P45381	D204K	0.8377	pathogenic
P45381	D204L	0.7477	pathogenic
P45381	D204M	0.9172	pathogenic
P45381	D204N	0.1903	benign
P45381	D204P	0.9746	pathogenic
P45381	D204Q	0.7719	pathogenic
P45381	D204R	0.8267	pathogenic
P45381	D204S	0.3303	benign
P45381	D204T	0.5368	ambiguous
P45381	D204V	0.5456	ambiguous
P45381	D204W	0.978	pathogenic
P45381	D204Y	0.5443	ambiguous
P45381	F205A	0.9495	pathogenic
P45381	F205C	0.7526	pathogenic
P45381	F205D	0.9935	pathogenic
P45381	F205E	0.996	pathogenic
P45381	F205G	0.9677	pathogenic
P45381	F205H	0.9471	pathogenic
P45381	F205I	0.7913	pathogenic
P45381	F205K	0.9959	pathogenic
P45381	F205L	0.9713	pathogenic
P45381	F205M	0.8982	pathogenic
P45381	F205N	0.9806	pathogenic
P45381	F205P	0.9996	pathogenic
P45381	F205Q	0.9923	pathogenic
P45381	F205R	0.9862	pathogenic
P45381	F205S	0.9383	pathogenic
P45381	F205T	0.9531	pathogenic
P45381	F205V	0.7029	pathogenic
P45381	F205W	0.7465	pathogenic
P45381	F205Y	0.3191	benign
P45381	I206A	0.4621	ambiguous
P45381	I206C	0.5733	pathogenic
P45381	I206D	0.9635	pathogenic
P45381	I206E	0.9388	pathogenic
P45381	I206F	0.2422	benign
P45381	I206G	0.8337	pathogenic
P45381	I206H	0.8392	pathogenic
P45381	I206K	0.8751	pathogenic
P45381	I206L	0.0989	benign
P45381	I206M	0.1345	benign
P45381	I206N	0.6862	pathogenic
P45381	I206P	0.9435	pathogenic
P45381	I206Q	0.8449	pathogenic
P45381	I206R	0.8065	pathogenic
P45381	I206S	0.519	ambiguous
P45381	I206T	0.3197	benign
P45381	I206V	0.0833	benign
P45381	I206W	0.8987	pathogenic
P45381	I206Y	0.7432	pathogenic
P45381	H207A	0.1222	benign
P45381	H207C	0.0872	benign
P45381	H207D	0.0958	benign
P45381	H207E	0.1346	benign
P45381	H207F	0.195	benign
P45381	H207G	0.1363	benign
P45381	H207I	0.1357	benign
P45381	H207K	0.1639	benign
P45381	H207L	0.0906	benign
P45381	H207M	0.2871	benign
P45381	H207N	0.0739	benign
P45381	H207P	0.3791	ambiguous
P45381	H207Q	0.0926	benign
P45381	H207R	0.0845	benign
P45381	H207S	0.0941	benign
P45381	H207T	0.1124	benign
P45381	H207V	0.1225	benign
P45381	H207W	0.2648	benign
P45381	H207Y	0.0719	benign
P45381	H208A	0.1017	benign
P45381	H208C	0.0791	benign
P45381	H208D	0.0688	benign
P45381	H208E	0.122	benign
P45381	H208F	0.1432	benign
P45381	H208G	0.1334	benign
P45381	H208I	0.0987	benign
P45381	H208K	0.1193	benign
P45381	H208L	0.0645	benign
P45381	H208M	0.2047	benign
P45381	H208N	0.0605	benign
P45381	H208P	0.497	ambiguous
P45381	H208Q	0.1	benign
P45381	H208R	0.0736	benign
P45381	H208S	0.0835	benign
P45381	H208T	0.0933	benign
P45381	H208V	0.0972	benign
P45381	H208W	0.2452	benign
P45381	H208Y	0.0618	benign
P45381	F209A	0.7544	pathogenic
P45381	F209C	0.2944	benign
P45381	F209D	0.9519	pathogenic
P45381	F209E	0.9426	pathogenic
P45381	F209G	0.8834	pathogenic
P45381	F209H	0.5681	pathogenic
P45381	F209I	0.3045	benign
P45381	F209K	0.8988	pathogenic
P45381	F209L	0.8384	pathogenic
P45381	F209M	0.629	pathogenic
P45381	F209N	0.8351	pathogenic
P45381	F209P	0.9961	pathogenic
P45381	F209Q	0.8493	pathogenic
P45381	F209R	0.7657	pathogenic
P45381	F209S	0.6875	pathogenic
P45381	F209T	0.7638	pathogenic
P45381	F209V	0.2913	benign
P45381	F209W	0.4022	ambiguous
P45381	F209Y	0.1367	benign
P45381	N210A	0.4733	ambiguous
P45381	N210C	0.3269	benign
P45381	N210D	0.4441	ambiguous
P45381	N210E	0.6493	pathogenic
P45381	N210F	0.8632	pathogenic
P45381	N210G	0.4544	ambiguous
P45381	N210H	0.218	benign
P45381	N210I	0.4154	ambiguous
P45381	N210K	0.509	ambiguous
P45381	N210L	0.3522	ambiguous
P45381	N210M	0.5658	pathogenic
P45381	N210P	0.8837	pathogenic
P45381	N210Q	0.5016	ambiguous
P45381	N210R	0.3994	ambiguous
P45381	N210S	0.1159	benign
P45381	N210T	0.2987	benign
P45381	N210V	0.4204	ambiguous
P45381	N210W	0.8787	pathogenic
P45381	N210Y	0.4203	ambiguous
P45381	E211A	0.092	benign
P45381	E211C	0.4613	ambiguous
P45381	E211D	0.122	benign
P45381	E211F	0.5091	ambiguous
P45381	E211G	0.0956	benign
P45381	E211H	0.2124	benign
P45381	E211I	0.2132	benign
P45381	E211K	0.0753	benign
P45381	E211L	0.1832	benign
P45381	E211M	0.2169	benign
P45381	E211N	0.1418	benign
P45381	E211P	0.7661	pathogenic
P45381	E211Q	0.0812	benign
P45381	E211R	0.1107	benign
P45381	E211S	0.1181	benign
P45381	E211T	0.12	benign
P45381	E211V	0.1425	benign
P45381	E211W	0.61	pathogenic
P45381	E211Y	0.3391	benign
P45381	G212A	0.3979	ambiguous
P45381	G212C	0.4772	ambiguous
P45381	G212D	0.2655	benign
P45381	G212E	0.3135	benign
P45381	G212F	0.8989	pathogenic
P45381	G212H	0.6454	pathogenic
P45381	G212I	0.8244	pathogenic
P45381	G212K	0.5142	ambiguous
P45381	G212L	0.8366	pathogenic
P45381	G212M	0.8085	pathogenic
P45381	G212N	0.379	ambiguous
P45381	G212P	0.9695	pathogenic
P45381	G212Q	0.4606	ambiguous
P45381	G212R	0.4413	ambiguous
P45381	G212S	0.2414	benign
P45381	G212T	0.5701	pathogenic
P45381	G212V	0.7007	pathogenic
P45381	G212W	0.7468	pathogenic
P45381	G212Y	0.7114	pathogenic
P45381	K213A	0.1925	benign
P45381	K213C	0.385	ambiguous
P45381	K213D	0.2845	benign
P45381	K213E	0.0782	benign
P45381	K213F	0.4799	ambiguous
P45381	K213G	0.2489	benign
P45381	K213H	0.2096	benign
P45381	K213I	0.1547	benign
P45381	K213L	0.1742	benign
P45381	K213M	0.1156	benign
P45381	K213N	0.1918	benign
P45381	K213P	0.7149	pathogenic
P45381	K213Q	0.093	benign
P45381	K213R	0.0701	benign
P45381	K213S	0.2105	benign
P45381	K213T	0.1022	benign
P45381	K213V	0.1453	benign
P45381	K213W	0.4945	ambiguous
P45381	K213Y	0.3515	ambiguous
P45381	E214A	0.1072	benign
P45381	E214C	0.5995	pathogenic
P45381	E214D	0.1246	benign
P45381	E214F	0.5451	ambiguous
P45381	E214G	0.1594	benign
P45381	E214H	0.3379	benign
P45381	E214I	0.1697	benign
P45381	E214K	0.1447	benign
P45381	E214L	0.227	benign
P45381	E214M	0.3021	benign
P45381	E214N	0.2149	benign
P45381	E214P	0.3323	benign
P45381	E214Q	0.1239	benign
P45381	E214R	0.217	benign
P45381	E214S	0.1728	benign
P45381	E214T	0.1414	benign
P45381	E214V	0.1037	benign
P45381	E214W	0.7752	pathogenic
P45381	E214Y	0.3603	ambiguous
P45381	F215A	0.9397	pathogenic
P45381	F215C	0.79	pathogenic
P45381	F215D	0.9734	pathogenic
P45381	F215E	0.9772	pathogenic
P45381	F215G	0.968	pathogenic
P45381	F215H	0.8689	pathogenic
P45381	F215I	0.3937	ambiguous
P45381	F215K	0.9733	pathogenic
P45381	F215L	0.9313	pathogenic
P45381	F215M	0.7756	pathogenic
P45381	F215N	0.9099	pathogenic
P45381	F215P	0.9918	pathogenic
P45381	F215Q	0.9642	pathogenic
P45381	F215R	0.9583	pathogenic
P45381	F215S	0.893	pathogenic
P45381	F215T	0.9335	pathogenic
P45381	F215V	0.5585	ambiguous
P45381	F215W	0.6266	pathogenic
P45381	F215Y	0.2261	benign
P45381	P216A	0.0823	benign
P45381	P216C	0.2634	benign
P45381	P216D	0.2652	benign
P45381	P216E	0.1733	benign
P45381	P216F	0.2396	benign
P45381	P216G	0.2444	benign
P45381	P216H	0.1209	benign
P45381	P216I	0.1866	benign
P45381	P216K	0.1706	benign
P45381	P216L	0.0767	benign
P45381	P216M	0.2152	benign
P45381	P216N	0.229	benign
P45381	P216Q	0.1129	benign
P45381	P216R	0.1204	benign
P45381	P216S	0.09	benign
P45381	P216T	0.0952	benign
P45381	P216V	0.152	benign
P45381	P216W	0.3989	ambiguous
P45381	P216Y	0.2344	benign
P45381	P217A	0.057	benign
P45381	P217C	0.1947	benign
P45381	P217D	0.1759	benign
P45381	P217E	0.1479	benign
P45381	P217F	0.3125	benign
P45381	P217G	0.16	benign
P45381	P217H	0.1208	benign
P45381	P217I	0.2325	benign
P45381	P217K	0.1617	benign
P45381	P217L	0.1146	benign
P45381	P217M	0.2514	benign
P45381	P217N	0.1647	benign
P45381	P217Q	0.115	benign
P45381	P217R	0.1119	benign
P45381	P217S	0.0741	benign
P45381	P217T	0.0848	benign
P45381	P217V	0.1609	benign
P45381	P217W	0.4189	ambiguous
P45381	P217Y	0.2342	benign
P45381	C218A	0.4474	ambiguous
P45381	C218D	0.8147	pathogenic
P45381	C218E	0.8778	pathogenic
P45381	C218F	0.2255	benign
P45381	C218G	0.2461	benign
P45381	C218H	0.6578	pathogenic
P45381	C218I	0.5963	pathogenic
P45381	C218K	0.8689	pathogenic
P45381	C218L	0.6038	pathogenic
P45381	C218M	0.7309	pathogenic
P45381	C218N	0.7227	pathogenic
P45381	C218P	0.9633	pathogenic
P45381	C218Q	0.7532	pathogenic
P45381	C218R	0.5196	ambiguous
P45381	C218S	0.3901	ambiguous
P45381	C218T	0.5032	ambiguous
P45381	C218V	0.4616	ambiguous
P45381	C218W	0.6924	pathogenic
P45381	C218Y	0.4216	ambiguous
P45381	A219C	0.228	benign
P45381	A219D	0.1068	benign
P45381	A219E	0.1101	benign
P45381	A219F	0.1898	benign
P45381	A219G	0.1207	benign
P45381	A219H	0.1981	benign
P45381	A219I	0.1329	benign
P45381	A219K	0.1695	benign
P45381	A219L	0.1155	benign
P45381	A219M	0.1404	benign
P45381	A219N	0.1102	benign
P45381	A219P	0.149	benign
P45381	A219Q	0.1639	benign
P45381	A219R	0.1594	benign
P45381	A219S	0.0726	benign
P45381	A219T	0.0638	benign
P45381	A219V	0.0923	benign
P45381	A219W	0.4805	ambiguous
P45381	A219Y	0.2262	benign
P45381	I220A	0.2833	benign
P45381	I220C	0.7023	pathogenic
P45381	I220D	0.8739	pathogenic
P45381	I220E	0.7596	pathogenic
P45381	I220F	0.1917	benign
P45381	I220G	0.7325	pathogenic
P45381	I220H	0.8119	pathogenic
P45381	I220K	0.7309	pathogenic
P45381	I220L	0.0774	benign
P45381	I220M	0.0748	benign
P45381	I220N	0.6045	pathogenic
P45381	I220P	0.8467	pathogenic
P45381	I220Q	0.7222	pathogenic
P45381	I220R	0.6647	pathogenic
P45381	I220S	0.4493	ambiguous
P45381	I220T	0.1437	benign
P45381	I220V	0.0644	benign
P45381	I220W	0.8094	pathogenic
P45381	I220Y	0.7064	pathogenic
P45381	E221A	0.1894	benign
P45381	E221C	0.7944	pathogenic
P45381	E221D	0.0795	benign
P45381	E221F	0.8139	pathogenic
P45381	E221G	0.2385	benign
P45381	E221H	0.3936	ambiguous
P45381	E221I	0.4324	ambiguous
P45381	E221K	0.1698	benign
P45381	E221L	0.4651	ambiguous
P45381	E221M	0.5231	ambiguous
P45381	E221N	0.1908	benign
P45381	E221P	0.4252	ambiguous
P45381	E221Q	0.166	benign
P45381	E221R	0.2999	benign
P45381	E221S	0.1893	benign
P45381	E221T	0.1937	benign
P45381	E221V	0.2571	benign
P45381	E221W	0.8953	pathogenic
P45381	E221Y	0.6293	pathogenic
P45381	V222A	0.1176	benign
P45381	V222C	0.7375	pathogenic
P45381	V222D	0.917	pathogenic
P45381	V222E	0.9037	pathogenic
P45381	V222F	0.5589	ambiguous
P45381	V222G	0.219	benign
P45381	V222H	0.9686	pathogenic
P45381	V222I	0.1178	benign
P45381	V222K	0.9561	pathogenic
P45381	V222L	0.516	ambiguous
P45381	V222M	0.4314	ambiguous
P45381	V222N	0.791	pathogenic
P45381	V222P	0.91	pathogenic
P45381	V222Q	0.9222	pathogenic
P45381	V222R	0.9252	pathogenic
P45381	V222S	0.3488	ambiguous
P45381	V222T	0.2609	benign
P45381	V222W	0.9819	pathogenic
P45381	V222Y	0.8926	pathogenic
P45381	Y223A	0.9246	pathogenic
P45381	Y223C	0.2469	benign
P45381	Y223D	0.866	pathogenic
P45381	Y223E	0.954	pathogenic
P45381	Y223F	0.0883	benign
P45381	Y223G	0.8769	pathogenic
P45381	Y223H	0.2507	benign
P45381	Y223I	0.8783	pathogenic
P45381	Y223K	0.9475	pathogenic
P45381	Y223L	0.845	pathogenic
P45381	Y223M	0.8882	pathogenic
P45381	Y223N	0.5507	ambiguous
P45381	Y223P	0.9853	pathogenic
P45381	Y223Q	0.8708	pathogenic
P45381	Y223R	0.855	pathogenic
P45381	Y223S	0.7111	pathogenic
P45381	Y223T	0.918	pathogenic
P45381	Y223V	0.8317	pathogenic
P45381	Y223W	0.3547	ambiguous
P45381	K224A	0.5214	ambiguous
P45381	K224C	0.704	pathogenic
P45381	K224D	0.7644	pathogenic
P45381	K224E	0.176	benign
P45381	K224F	0.9177	pathogenic
P45381	K224G	0.6146	pathogenic
P45381	K224H	0.3686	ambiguous
P45381	K224I	0.6264	pathogenic
P45381	K224L	0.5902	pathogenic
P45381	K224M	0.4043	ambiguous
P45381	K224N	0.5975	pathogenic
P45381	K224P	0.9468	pathogenic
P45381	K224Q	0.1277	benign
P45381	K224R	0.0856	benign
P45381	K224S	0.5202	ambiguous
P45381	K224T	0.2575	benign
P45381	K224V	0.5417	ambiguous
P45381	K224W	0.8492	pathogenic
P45381	K224Y	0.7398	pathogenic
P45381	I225A	0.4163	ambiguous
P45381	I225C	0.5881	pathogenic
P45381	I225D	0.7687	pathogenic
P45381	I225E	0.7101	pathogenic
P45381	I225F	0.2388	benign
P45381	I225G	0.6064	pathogenic
P45381	I225H	0.6252	pathogenic
P45381	I225K	0.5441	ambiguous
P45381	I225L	0.1047	benign
P45381	I225M	0.1154	benign
P45381	I225N	0.286	benign
P45381	I225P	0.6378	pathogenic
P45381	I225Q	0.5876	pathogenic
P45381	I225R	0.4525	ambiguous
P45381	I225S	0.3912	ambiguous
P45381	I225T	0.3815	ambiguous
P45381	I225V	0.0924	benign
P45381	I225W	0.7432	pathogenic
P45381	I225Y	0.5031	ambiguous
P45381	I226A	0.1039	benign
P45381	I226C	0.382	ambiguous
P45381	I226D	0.3007	benign
P45381	I226E	0.1594	benign
P45381	I226F	0.0909	benign
P45381	I226G	0.2719	benign
P45381	I226H	0.2114	benign
P45381	I226K	0.0962	benign
P45381	I226L	0.0515	benign
P45381	I226M	0.0393	benign
P45381	I226N	0.1461	benign
P45381	I226P	0.5573	ambiguous
P45381	I226Q	0.1196	benign
P45381	I226R	0.0766	benign
P45381	I226S	0.1163	benign
P45381	I226T	0.0587	benign
P45381	I226V	0.0595	benign
P45381	I226W	0.313	benign
P45381	I226Y	0.2576	benign
P45381	E227A	0.1974	benign
P45381	E227C	0.7547	pathogenic
P45381	E227D	0.1339	benign
P45381	E227F	0.8545	pathogenic
P45381	E227G	0.1173	benign
P45381	E227H	0.4362	ambiguous
P45381	E227I	0.6775	pathogenic
P45381	E227K	0.1662	benign
P45381	E227L	0.6083	pathogenic
P45381	E227M	0.6386	pathogenic
P45381	E227N	0.3031	benign
P45381	E227P	0.8718	pathogenic
P45381	E227Q	0.1346	benign
P45381	E227R	0.2475	benign
P45381	E227S	0.1862	benign
P45381	E227T	0.2943	benign
P45381	E227V	0.4524	ambiguous
P45381	E227W	0.8754	pathogenic
P45381	E227Y	0.6721	pathogenic
P45381	K228A	0.706	pathogenic
P45381	K228C	0.8582	pathogenic
P45381	K228D	0.7874	pathogenic
P45381	K228E	0.4751	ambiguous
P45381	K228F	0.9299	pathogenic
P45381	K228G	0.7731	pathogenic
P45381	K228H	0.5434	ambiguous
P45381	K228I	0.6941	pathogenic
P45381	K228L	0.6985	pathogenic
P45381	K228M	0.5106	ambiguous
P45381	K228N	0.6863	pathogenic
P45381	K228P	0.9113	pathogenic
P45381	K228Q	0.4383	ambiguous
P45381	K228R	0.1283	benign
P45381	K228S	0.7715	pathogenic
P45381	K228T	0.4385	ambiguous
P45381	K228V	0.6577	pathogenic
P45381	K228W	0.8937	pathogenic
P45381	K228Y	0.8155	pathogenic
P45381	V229A	0.1835	benign
P45381	V229C	0.6804	pathogenic
P45381	V229D	0.4096	ambiguous
P45381	V229E	0.2572	benign
P45381	V229F	0.2047	benign
P45381	V229G	0.3108	benign
P45381	V229H	0.5912	pathogenic
P45381	V229I	0.0797	benign
P45381	V229K	0.3998	ambiguous
P45381	V229L	0.2785	benign
P45381	V229M	0.1419	benign
P45381	V229N	0.3593	ambiguous
P45381	V229P	0.8711	pathogenic
P45381	V229Q	0.3611	ambiguous
P45381	V229R	0.3723	ambiguous
P45381	V229S	0.2739	benign
P45381	V229T	0.1617	benign
P45381	V229W	0.7702	pathogenic
P45381	V229Y	0.5625	ambiguous
P45381	D230A	0.193	benign
P45381	D230C	0.6234	pathogenic
P45381	D230E	0.401	ambiguous
P45381	D230F	0.7103	pathogenic
P45381	D230G	0.2027	benign
P45381	D230H	0.4314	ambiguous
P45381	D230I	0.5735	pathogenic
P45381	D230K	0.6587	pathogenic
P45381	D230L	0.5442	ambiguous
P45381	D230M	0.8095	pathogenic
P45381	D230N	0.1389	benign
P45381	D230P	0.493	ambiguous
P45381	D230Q	0.612	pathogenic
P45381	D230R	0.6225	pathogenic
P45381	D230S	0.1557	benign
P45381	D230T	0.3999	ambiguous
P45381	D230V	0.3912	ambiguous
P45381	D230W	0.9288	pathogenic
P45381	D230Y	0.2959	benign
P45381	Y231A	0.936	pathogenic
P45381	Y231C	0.4848	ambiguous
P45381	Y231D	0.9308	pathogenic
P45381	Y231E	0.9863	pathogenic
P45381	Y231F	0.0714	benign
P45381	Y231G	0.9219	pathogenic
P45381	Y231H	0.7765	pathogenic
P45381	Y231I	0.7457	pathogenic
P45381	Y231K	0.9842	pathogenic
P45381	Y231L	0.6359	pathogenic
P45381	Y231M	0.846	pathogenic
P45381	Y231N	0.8112	pathogenic
P45381	Y231P	0.9824	pathogenic
P45381	Y231Q	0.9753	pathogenic
P45381	Y231R	0.9662	pathogenic
P45381	Y231S	0.8171	pathogenic
P45381	Y231T	0.9324	pathogenic
P45381	Y231V	0.7077	pathogenic
P45381	Y231W	0.6194	pathogenic
P45381	P232A	0.549	ambiguous
P45381	P232C	0.8992	pathogenic
P45381	P232D	0.9581	pathogenic
P45381	P232E	0.8557	pathogenic
P45381	P232F	0.9253	pathogenic
P45381	P232G	0.9187	pathogenic
P45381	P232H	0.7694	pathogenic
P45381	P232I	0.7132	pathogenic
P45381	P232K	0.8415	pathogenic
P45381	P232L	0.4072	ambiguous
P45381	P232M	0.8297	pathogenic
P45381	P232N	0.9601	pathogenic
P45381	P232Q	0.7545	pathogenic
P45381	P232R	0.681	pathogenic
P45381	P232S	0.7871	pathogenic
P45381	P232T	0.6532	pathogenic
P45381	P232V	0.6514	pathogenic
P45381	P232W	0.9528	pathogenic
P45381	P232Y	0.9095	pathogenic
P45381	R233A	0.6762	pathogenic
P45381	R233C	0.1835	benign
P45381	R233D	0.9223	pathogenic
P45381	R233E	0.5485	ambiguous
P45381	R233F	0.7936	pathogenic
P45381	R233G	0.5405	ambiguous
P45381	R233H	0.2176	benign
P45381	R233I	0.4917	ambiguous
P45381	R233K	0.1765	benign
P45381	R233L	0.4611	ambiguous
P45381	R233M	0.5313	ambiguous
P45381	R233N	0.8783	pathogenic
P45381	R233P	0.9187	pathogenic
P45381	R233Q	0.1652	benign
P45381	R233S	0.8025	pathogenic
P45381	R233T	0.4644	ambiguous
P45381	R233V	0.5321	ambiguous
P45381	R233W	0.3228	benign
P45381	R233Y	0.6341	pathogenic
P45381	D234A	0.1497	benign
P45381	D234C	0.2441	benign
P45381	D234E	0.1697	benign
P45381	D234F	0.3984	ambiguous
P45381	D234G	0.1127	benign
P45381	D234H	0.1409	benign
P45381	D234I	0.2604	benign
P45381	D234K	0.1844	benign
P45381	D234L	0.1856	benign
P45381	D234M	0.3261	benign
P45381	D234N	0.0608	benign
P45381	D234P	0.6472	pathogenic
P45381	D234Q	0.2243	benign
P45381	D234R	0.2017	benign
P45381	D234S	0.0898	benign
P45381	D234T	0.1441	benign
P45381	D234V	0.184	benign
P45381	D234W	0.636	pathogenic
P45381	D234Y	0.1285	benign
P45381	E235A	0.085	benign
P45381	E235C	0.3928	ambiguous
P45381	E235D	0.0868	benign
P45381	E235F	0.4075	ambiguous
P45381	E235G	0.0663	benign
P45381	E235H	0.1959	benign
P45381	E235I	0.1639	benign
P45381	E235K	0.0595	benign
P45381	E235L	0.194	benign
P45381	E235M	0.2049	benign
P45381	E235N	0.1164	benign
P45381	E235P	0.2437	benign
P45381	E235Q	0.0875	benign
P45381	E235R	0.091	benign
P45381	E235S	0.0936	benign
P45381	E235T	0.1018	benign
P45381	E235V	0.1201	benign
P45381	E235W	0.5101	ambiguous
P45381	E235Y	0.2784	benign
P45381	N236A	0.109	benign
P45381	N236C	0.1101	benign
P45381	N236D	0.0684	benign
P45381	N236E	0.1269	benign
P45381	N236F	0.2147	benign
P45381	N236G	0.1343	benign
P45381	N236H	0.07	benign
P45381	N236I	0.1132	benign
P45381	N236K	0.0848	benign
P45381	N236L	0.125	benign
P45381	N236M	0.1477	benign
P45381	N236P	0.5862	pathogenic
P45381	N236Q	0.1235	benign
P45381	N236R	0.0979	benign
P45381	N236S	0.0655	benign
P45381	N236T	0.0815	benign
P45381	N236V	0.1256	benign
P45381	N236W	0.3388	benign
P45381	N236Y	0.0768	benign
P45381	G237A	0.2156	benign
P45381	G237C	0.2274	benign
P45381	G237D	0.1075	benign
P45381	G237E	0.1503	benign
P45381	G237F	0.621	pathogenic
P45381	G237H	0.2722	benign
P45381	G237I	0.5297	ambiguous
P45381	G237K	0.2433	benign
P45381	G237L	0.5117	ambiguous
P45381	G237M	0.5248	ambiguous
P45381	G237N	0.1816	benign
P45381	G237P	0.9319	pathogenic
P45381	G237Q	0.2139	benign
P45381	G237R	0.176	benign
P45381	G237S	0.1111	benign
P45381	G237T	0.2791	benign
P45381	G237V	0.4062	ambiguous
P45381	G237W	0.3883	ambiguous
P45381	G237Y	0.3669	ambiguous
P45381	E238A	0.1478	benign
P45381	E238C	0.5815	pathogenic
P45381	E238D	0.0956	benign
P45381	E238F	0.5406	ambiguous
P45381	E238G	0.1276	benign
P45381	E238H	0.2686	benign
P45381	E238I	0.2739	benign
P45381	E238K	0.1037	benign
P45381	E238L	0.3027	benign
P45381	E238M	0.3466	ambiguous
P45381	E238N	0.1291	benign
P45381	E238P	0.8068	pathogenic
P45381	E238Q	0.1134	benign
P45381	E238R	0.1546	benign
P45381	E238S	0.1551	benign
P45381	E238T	0.189	benign
P45381	E238V	0.1828	benign
P45381	E238W	0.7192	pathogenic
P45381	E238Y	0.3533	ambiguous
P45381	I239A	0.2509	benign
P45381	I239C	0.6619	pathogenic
P45381	I239D	0.7927	pathogenic
P45381	I239E	0.725	pathogenic
P45381	I239F	0.2162	benign
P45381	I239G	0.6592	pathogenic
P45381	I239H	0.7155	pathogenic
P45381	I239K	0.5599	ambiguous
P45381	I239L	0.1055	benign
P45381	I239M	0.1018	benign
P45381	I239N	0.4201	ambiguous
P45381	I239P	0.3132	benign
P45381	I239Q	0.6335	pathogenic
P45381	I239R	0.4253	ambiguous
P45381	I239S	0.3852	ambiguous
P45381	I239T	0.1893	benign
P45381	I239V	0.0793	benign
P45381	I239W	0.777	pathogenic
P45381	I239Y	0.5776	pathogenic
P45381	A240C	0.2152	benign
P45381	A240D	0.1505	benign
P45381	A240E	0.1386	benign
P45381	A240F	0.1909	benign
P45381	A240G	0.1056	benign
P45381	A240H	0.234	benign
P45381	A240I	0.1215	benign
P45381	A240K	0.1824	benign
P45381	A240L	0.0985	benign
P45381	A240M	0.1221	benign
P45381	A240N	0.1397	benign
P45381	A240P	0.3357	benign
P45381	A240Q	0.1962	benign
P45381	A240R	0.1624	benign
P45381	A240S	0.0768	benign
P45381	A240T	0.0604	benign
P45381	A240V	0.0905	benign
P45381	A240W	0.4489	ambiguous
P45381	A240Y	0.2337	benign
P45381	A241C	0.6457	pathogenic
P45381	A241D	0.9064	pathogenic
P45381	A241E	0.9179	pathogenic
P45381	A241F	0.8119	pathogenic
P45381	A241G	0.1035	benign
P45381	A241H	0.9331	pathogenic
P45381	A241I	0.8532	pathogenic
P45381	A241K	0.966	pathogenic
P45381	A241L	0.7322	pathogenic
P45381	A241M	0.7564	pathogenic
P45381	A241N	0.8743	pathogenic
P45381	A241P	0.8284	pathogenic
P45381	A241Q	0.9109	pathogenic
P45381	A241R	0.9152	pathogenic
P45381	A241S	0.1722	benign
P45381	A241T	0.3838	ambiguous
P45381	A241V	0.5512	ambiguous
P45381	A241W	0.9634	pathogenic
P45381	A241Y	0.8784	pathogenic
P45381	I242A	0.2199	benign
P45381	I242C	0.4179	ambiguous
P45381	I242D	0.7167	pathogenic
P45381	I242E	0.6815	pathogenic
P45381	I242F	0.1023	benign
P45381	I242G	0.4539	ambiguous
P45381	I242H	0.5558	ambiguous
P45381	I242K	0.565	pathogenic
P45381	I242L	0.0785	benign
P45381	I242M	0.0735	benign
P45381	I242N	0.3136	benign
P45381	I242P	0.8098	pathogenic
P45381	I242Q	0.5345	ambiguous
P45381	I242R	0.4413	ambiguous
P45381	I242S	0.25	benign
P45381	I242T	0.1767	benign
P45381	I242V	0.052	benign
P45381	I242W	0.7003	pathogenic
P45381	I242Y	0.3827	ambiguous
P45381	I243A	0.8955	pathogenic
P45381	I243C	0.9202	pathogenic
P45381	I243D	0.9963	pathogenic
P45381	I243E	0.9912	pathogenic
P45381	I243F	0.7164	pathogenic
P45381	I243G	0.9816	pathogenic
P45381	I243H	0.9853	pathogenic
P45381	I243K	0.9825	pathogenic
P45381	I243L	0.2993	benign
P45381	I243M	0.463	ambiguous
P45381	I243N	0.9352	pathogenic
P45381	I243P	0.8976	pathogenic
P45381	I243Q	0.9827	pathogenic
P45381	I243R	0.9706	pathogenic
P45381	I243S	0.908	pathogenic
P45381	I243T	0.8219	pathogenic
P45381	I243V	0.1065	benign
P45381	I243W	0.9926	pathogenic
P45381	I243Y	0.9741	pathogenic
P45381	H244A	0.7157	pathogenic
P45381	H244C	0.4285	ambiguous
P45381	H244D	0.6637	pathogenic
P45381	H244E	0.9022	pathogenic
P45381	H244F	0.7938	pathogenic
P45381	H244G	0.8777	pathogenic
P45381	H244I	0.8978	pathogenic
P45381	H244K	0.9569	pathogenic
P45381	H244L	0.5381	ambiguous
P45381	H244M	0.9394	pathogenic
P45381	H244N	0.3899	ambiguous
P45381	H244P	0.4165	ambiguous
P45381	H244Q	0.8605	pathogenic
P45381	H244R	0.83	pathogenic
P45381	H244S	0.5063	ambiguous
P45381	H244T	0.8786	pathogenic
P45381	H244V	0.8841	pathogenic
P45381	H244W	0.8611	pathogenic
P45381	H244Y	0.3258	benign
P45381	P245A	0.1128	benign
P45381	P245C	0.3359	benign
P45381	P245D	0.4023	ambiguous
P45381	P245E	0.1806	benign
P45381	P245F	0.5127	ambiguous
P45381	P245G	0.2952	benign
P45381	P245H	0.1442	benign
P45381	P245I	0.3861	ambiguous
P45381	P245K	0.1734	benign
P45381	P245L	0.1693	benign
P45381	P245M	0.3589	ambiguous
P45381	P245N	0.3066	benign
P45381	P245Q	0.1226	benign
P45381	P245R	0.1228	benign
P45381	P245S	0.1276	benign
P45381	P245T	0.1238	benign
P45381	P245V	0.2797	benign
P45381	P245W	0.5118	ambiguous
P45381	P245Y	0.3907	ambiguous
P45381	N246A	0.0854	benign
P45381	N246C	0.1122	benign
P45381	N246D	0.0587	benign
P45381	N246E	0.1109	benign
P45381	N246F	0.2161	benign
P45381	N246G	0.1305	benign
P45381	N246H	0.0623	benign
P45381	N246I	0.1088	benign
P45381	N246K	0.0828	benign
P45381	N246L	0.1045	benign
P45381	N246M	0.1611	benign
P45381	N246P	0.5778	pathogenic
P45381	N246Q	0.1037	benign
P45381	N246R	0.1006	benign
P45381	N246S	0.0583	benign
P45381	N246T	0.0801	benign
P45381	N246V	0.0966	benign
P45381	N246W	0.4491	ambiguous
P45381	N246Y	0.0848	benign
P45381	L247A	0.8009	pathogenic
P45381	L247C	0.6988	pathogenic
P45381	L247D	0.9903	pathogenic
P45381	L247E	0.9315	pathogenic
P45381	L247F	0.3071	benign
P45381	L247G	0.9402	pathogenic
P45381	L247H	0.7179	pathogenic
P45381	L247I	0.1121	benign
P45381	L247K	0.7409	pathogenic
P45381	L247M	0.2687	benign
P45381	L247N	0.9343	pathogenic
P45381	L247P	0.9772	pathogenic
P45381	L247Q	0.6461	pathogenic
P45381	L247R	0.4073	ambiguous
P45381	L247S	0.9021	pathogenic
P45381	L247T	0.734	pathogenic
P45381	L247V	0.144	benign
P45381	L247W	0.6571	pathogenic
P45381	L247Y	0.7768	pathogenic
P45381	Q248A	0.5915	pathogenic
P45381	Q248C	0.9588	pathogenic
P45381	Q248D	0.8811	pathogenic
P45381	Q248E	0.1756	benign
P45381	Q248F	0.9687	pathogenic
P45381	Q248G	0.6981	pathogenic
P45381	Q248H	0.912	pathogenic
P45381	Q248I	0.7627	pathogenic
P45381	Q248K	0.6559	pathogenic
P45381	Q248L	0.4706	ambiguous
P45381	Q248M	0.6557	pathogenic
P45381	Q248N	0.8322	pathogenic
P45381	Q248P	0.8063	pathogenic
P45381	Q248R	0.6722	pathogenic
P45381	Q248S	0.7173	pathogenic
P45381	Q248T	0.7115	pathogenic
P45381	Q248V	0.6847	pathogenic
P45381	Q248W	0.9706	pathogenic
P45381	Q248Y	0.9687	pathogenic
P45381	D249A	0.7495	pathogenic
P45381	D249C	0.9006	pathogenic
P45381	D249E	0.7673	pathogenic
P45381	D249F	0.8576	pathogenic
P45381	D249G	0.2688	benign
P45381	D249H	0.849	pathogenic
P45381	D249I	0.9483	pathogenic
P45381	D249K	0.9341	pathogenic
P45381	D249L	0.9002	pathogenic
P45381	D249M	0.9664	pathogenic
P45381	D249N	0.4253	ambiguous
P45381	D249P	0.9892	pathogenic
P45381	D249Q	0.8988	pathogenic
P45381	D249R	0.9098	pathogenic
P45381	D249S	0.5703	pathogenic
P45381	D249T	0.9104	pathogenic
P45381	D249V	0.831	pathogenic
P45381	D249W	0.9738	pathogenic
P45381	D249Y	0.477	ambiguous
P45381	Q250A	0.187	benign
P45381	Q250C	0.3061	benign
P45381	Q250D	0.3618	ambiguous
P45381	Q250E	0.085	benign
P45381	Q250F	0.6619	pathogenic
P45381	Q250G	0.1553	benign
P45381	Q250H	0.1941	benign
P45381	Q250I	0.4513	ambiguous
P45381	Q250K	0.079	benign
P45381	Q250L	0.157	benign
P45381	Q250M	0.3498	ambiguous
P45381	Q250N	0.2218	benign
P45381	Q250P	0.8117	pathogenic
P45381	Q250R	0.067	benign
P45381	Q250S	0.2319	benign
P45381	Q250T	0.2176	benign
P45381	Q250V	0.3077	benign
P45381	Q250W	0.473	ambiguous
P45381	Q250Y	0.3873	ambiguous
P45381	D251A	0.956	pathogenic
P45381	D251C	0.9863	pathogenic
P45381	D251E	0.9614	pathogenic
P45381	D251F	0.9964	pathogenic
P45381	D251G	0.927	pathogenic
P45381	D251H	0.9866	pathogenic
P45381	D251I	0.9849	pathogenic
P45381	D251K	0.9915	pathogenic
P45381	D251L	0.987	pathogenic
P45381	D251M	0.9972	pathogenic
P45381	D251N	0.8713	pathogenic
P45381	D251P	0.9938	pathogenic
P45381	D251Q	0.992	pathogenic
P45381	D251R	0.989	pathogenic
P45381	D251S	0.9353	pathogenic
P45381	D251T	0.9794	pathogenic
P45381	D251V	0.95	pathogenic
P45381	D251W	0.999	pathogenic
P45381	D251Y	0.9485	pathogenic
P45381	W252A	0.987	pathogenic
P45381	W252C	0.9805	pathogenic
P45381	W252D	0.9968	pathogenic
P45381	W252E	0.997	pathogenic
P45381	W252F	0.4819	ambiguous
P45381	W252G	0.877	pathogenic
P45381	W252H	0.9858	pathogenic
P45381	W252I	0.9861	pathogenic
P45381	W252K	0.9974	pathogenic
P45381	W252L	0.9237	pathogenic
P45381	W252M	0.9813	pathogenic
P45381	W252N	0.9953	pathogenic
P45381	W252P	0.9978	pathogenic
P45381	W252Q	0.9974	pathogenic
P45381	W252R	0.9926	pathogenic
P45381	W252S	0.974	pathogenic
P45381	W252T	0.9909	pathogenic
P45381	W252V	0.9827	pathogenic
P45381	W252Y	0.718	pathogenic
P45381	K253A	0.2656	benign
P45381	K253C	0.3582	ambiguous
P45381	K253D	0.5119	ambiguous
P45381	K253E	0.1025	benign
P45381	K253F	0.4432	ambiguous
P45381	K253G	0.4031	ambiguous
P45381	K253H	0.1952	benign
P45381	K253I	0.1473	benign
P45381	K253L	0.1573	benign
P45381	K253M	0.1112	benign
P45381	K253N	0.2641	benign
P45381	K253P	0.9104	pathogenic
P45381	K253Q	0.0794	benign
P45381	K253R	0.0839	benign
P45381	K253S	0.3003	benign
P45381	K253T	0.1363	benign
P45381	K253V	0.1457	benign
P45381	K253W	0.6218	pathogenic
P45381	K253Y	0.3578	ambiguous
P45381	P254A	0.0687	benign
P45381	P254C	0.3086	benign
P45381	P254D	0.505	ambiguous
P45381	P254E	0.1727	benign
P45381	P254F	0.4188	ambiguous
P45381	P254G	0.3563	ambiguous
P45381	P254H	0.2337	benign
P45381	P254I	0.1851	benign
P45381	P254K	0.2084	benign
P45381	P254L	0.0979	benign
P45381	P254M	0.2168	benign
P45381	P254N	0.4198	ambiguous
P45381	P254Q	0.1371	benign
P45381	P254R	0.151	benign
P45381	P254S	0.1624	benign
P45381	P254T	0.1282	benign
P45381	P254V	0.1344	benign
P45381	P254W	0.5823	pathogenic
P45381	P254Y	0.4038	ambiguous
P45381	L255A	0.6683	pathogenic
P45381	L255C	0.6812	pathogenic
P45381	L255D	0.9915	pathogenic
P45381	L255E	0.9268	pathogenic
P45381	L255F	0.3921	ambiguous
P45381	L255G	0.9195	pathogenic
P45381	L255H	0.8282	pathogenic
P45381	L255I	0.1096	benign
P45381	L255K	0.8679	pathogenic
P45381	L255M	0.2271	benign
P45381	L255N	0.9528	pathogenic
P45381	L255P	0.954	pathogenic
P45381	L255Q	0.6941	pathogenic
P45381	L255R	0.7269	pathogenic
P45381	L255S	0.8399	pathogenic
P45381	L255T	0.7188	pathogenic
P45381	L255V	0.1164	benign
P45381	L255W	0.7554	pathogenic
P45381	L255Y	0.8152	pathogenic
P45381	H256A	0.1401	benign
P45381	H256C	0.0767	benign
P45381	H256D	0.1316	benign
P45381	H256E	0.1499	benign
P45381	H256F	0.1667	benign
P45381	H256G	0.1645	benign
P45381	H256I	0.1382	benign
P45381	H256K	0.105	benign
P45381	H256L	0.0744	benign
P45381	H256M	0.2515	benign
P45381	H256N	0.0678	benign
P45381	H256P	0.183	benign
P45381	H256Q	0.0918	benign
P45381	H256R	0.0653	benign
P45381	H256S	0.1055	benign
P45381	H256T	0.1331	benign
P45381	H256V	0.1245	benign
P45381	H256W	0.2686	benign
P45381	H256Y	0.0693	benign
P45381	P257A	0.0717	benign
P45381	P257C	0.218	benign
P45381	P257D	0.3007	benign
P45381	P257E	0.1783	benign
P45381	P257F	0.2962	benign
P45381	P257G	0.2226	benign
P45381	P257H	0.1218	benign
P45381	P257I	0.175	benign
P45381	P257K	0.1598	benign
P45381	P257L	0.0925	benign
P45381	P257M	0.2272	benign
P45381	P257N	0.2072	benign
P45381	P257Q	0.1162	benign
P45381	P257R	0.0955	benign
P45381	P257S	0.1024	benign
P45381	P257T	0.092	benign
P45381	P257V	0.1344	benign
P45381	P257W	0.4132	ambiguous
P45381	P257Y	0.2582	benign
P45381	G258A	0.2073	benign
P45381	G258C	0.2745	benign
P45381	G258D	0.1514	benign
P45381	G258E	0.1627	benign
P45381	G258F	0.6547	pathogenic
P45381	G258H	0.3374	benign
P45381	G258I	0.5401	ambiguous
P45381	G258K	0.2467	benign
P45381	G258L	0.5303	ambiguous
P45381	G258M	0.5343	ambiguous
P45381	G258N	0.2086	benign
P45381	G258P	0.8909	pathogenic
P45381	G258Q	0.2359	benign
P45381	G258R	0.2061	benign
P45381	G258S	0.1291	benign
P45381	G258T	0.2252	benign
P45381	G258V	0.3896	ambiguous
P45381	G258W	0.4714	ambiguous
P45381	G258Y	0.4662	ambiguous
P45381	D259A	0.1543	benign
P45381	D259C	0.4353	ambiguous
P45381	D259E	0.1599	benign
P45381	D259F	0.4272	ambiguous
P45381	D259G	0.2556	benign
P45381	D259H	0.1994	benign
P45381	D259I	0.3612	ambiguous
P45381	D259K	0.3233	benign
P45381	D259L	0.4004	ambiguous
P45381	D259M	0.4501	ambiguous
P45381	D259N	0.1028	benign
P45381	D259P	0.9295	pathogenic
P45381	D259Q	0.2241	benign
P45381	D259R	0.39	ambiguous
P45381	D259S	0.1009	benign
P45381	D259T	0.2477	benign
P45381	D259V	0.2202	benign
P45381	D259W	0.849	pathogenic
P45381	D259Y	0.1462	benign
P45381	P260A	0.0802	benign
P45381	P260C	0.3535	ambiguous
P45381	P260D	0.4486	ambiguous
P45381	P260E	0.277	benign
P45381	P260F	0.533	ambiguous
P45381	P260G	0.3445	ambiguous
P45381	P260H	0.2449	benign
P45381	P260I	0.426	ambiguous
P45381	P260K	0.3429	ambiguous
P45381	P260L	0.164	benign
P45381	P260M	0.3915	ambiguous
P45381	P260N	0.4034	ambiguous
P45381	P260Q	0.2156	benign
P45381	P260R	0.2083	benign
P45381	P260S	0.1355	benign
P45381	P260T	0.1569	benign
P45381	P260V	0.2923	benign
P45381	P260W	0.6779	pathogenic
P45381	P260Y	0.4867	ambiguous
P45381	M261A	0.1391	benign
P45381	M261C	0.4669	ambiguous
P45381	M261D	0.825	pathogenic
P45381	M261E	0.501	ambiguous
P45381	M261F	0.3658	ambiguous
P45381	M261G	0.4473	ambiguous
P45381	M261H	0.6583	pathogenic
P45381	M261I	0.1041	benign
P45381	M261K	0.3434	ambiguous
P45381	M261L	0.1154	benign
P45381	M261N	0.5556	ambiguous
P45381	M261P	0.783	pathogenic
P45381	M261Q	0.3287	benign
P45381	M261R	0.3246	benign
P45381	M261S	0.2373	benign
P45381	M261T	0.1379	benign
P45381	M261V	0.046	benign
P45381	M261W	0.8076	pathogenic
P45381	M261Y	0.6257	pathogenic
P45381	F262A	0.9833	pathogenic
P45381	F262C	0.9446	pathogenic
P45381	F262D	0.9956	pathogenic
P45381	F262E	0.9963	pathogenic
P45381	F262G	0.986	pathogenic
P45381	F262H	0.9746	pathogenic
P45381	F262I	0.8734	pathogenic
P45381	F262K	0.9961	pathogenic
P45381	F262L	0.9699	pathogenic
P45381	F262M	0.9333	pathogenic
P45381	F262N	0.9874	pathogenic
P45381	F262P	0.9988	pathogenic
P45381	F262Q	0.9943	pathogenic
P45381	F262R	0.9898	pathogenic
P45381	F262S	0.9785	pathogenic
P45381	F262T	0.989	pathogenic
P45381	F262V	0.8936	pathogenic
P45381	F262W	0.8621	pathogenic
P45381	F262Y	0.5405	ambiguous
P45381	L263A	0.26	benign
P45381	L263C	0.3318	benign
P45381	L263D	0.7463	pathogenic
P45381	L263E	0.288	benign
P45381	L263F	0.1206	benign
P45381	L263G	0.5881	pathogenic
P45381	L263H	0.2069	benign
P45381	L263I	0.0662	benign
P45381	L263K	0.2247	benign
P45381	L263M	0.0939	benign
P45381	L263N	0.5022	ambiguous
P45381	L263P	0.8607	pathogenic
P45381	L263Q	0.1197	benign
P45381	L263R	0.1549	benign
P45381	L263S	0.2608	benign
P45381	L263T	0.2045	benign
P45381	L263V	0.0712	benign
P45381	L263W	0.1964	benign
P45381	L263Y	0.2688	benign
P45381	T264A	0.0952	benign
P45381	T264C	0.2673	benign
P45381	T264D	0.1903	benign
P45381	T264E	0.2742	benign
P45381	T264F	0.2406	benign
P45381	T264G	0.1606	benign
P45381	T264H	0.1806	benign
P45381	T264I	0.3332	benign
P45381	T264K	0.158	benign
P45381	T264L	0.0964	benign
P45381	T264M	0.0934	benign
P45381	T264N	0.0989	benign
P45381	T264P	0.2564	benign
P45381	T264Q	0.1884	benign
P45381	T264R	0.1287	benign
P45381	T264S	0.0844	benign
P45381	T264V	0.263	benign
P45381	T264W	0.5267	ambiguous
P45381	T264Y	0.2255	benign
P45381	L265A	0.2062	benign
P45381	L265C	0.3751	ambiguous
P45381	L265D	0.6595	pathogenic
P45381	L265E	0.3758	ambiguous
P45381	L265F	0.0899	benign
P45381	L265G	0.4207	ambiguous
P45381	L265H	0.2203	benign
P45381	L265I	0.0883	benign
P45381	L265K	0.2333	benign
P45381	L265M	0.103	benign
P45381	L265N	0.4244	ambiguous
P45381	L265P	0.1773	benign
P45381	L265Q	0.1841	benign
P45381	L265R	0.1491	benign
P45381	L265S	0.2656	benign
P45381	L265T	0.1744	benign
P45381	L265V	0.0919	benign
P45381	L265W	0.1424	benign
P45381	L265Y	0.2801	benign
P45381	D266A	0.1176	benign
P45381	D266C	0.3072	benign
P45381	D266E	0.1313	benign
P45381	D266F	0.4558	ambiguous
P45381	D266G	0.0964	benign
P45381	D266H	0.1589	benign
P45381	D266I	0.3645	ambiguous
P45381	D266K	0.2446	benign
P45381	D266L	0.3047	benign
P45381	D266M	0.5134	ambiguous
P45381	D266N	0.0956	benign
P45381	D266P	0.5899	pathogenic
P45381	D266Q	0.206	benign
P45381	D266R	0.2214	benign
P45381	D266S	0.0943	benign
P45381	D266T	0.1817	benign
P45381	D266V	0.2166	benign
P45381	D266W	0.6909	pathogenic
P45381	D266Y	0.1517	benign
P45381	G267A	0.4023	ambiguous
P45381	G267C	0.3992	ambiguous
P45381	G267D	0.235	benign
P45381	G267E	0.2641	benign
P45381	G267F	0.8318	pathogenic
P45381	G267H	0.4496	ambiguous
P45381	G267I	0.8235	pathogenic
P45381	G267K	0.3432	ambiguous
P45381	G267L	0.7737	pathogenic
P45381	G267M	0.7685	pathogenic
P45381	G267N	0.3117	benign
P45381	G267P	0.9785	pathogenic
P45381	G267Q	0.3203	benign
P45381	G267R	0.2431	benign
P45381	G267S	0.1722	benign
P45381	G267T	0.4869	ambiguous
P45381	G267V	0.7339	pathogenic
P45381	G267W	0.5744	pathogenic
P45381	G267Y	0.6085	pathogenic
P45381	K268A	0.1832	benign
P45381	K268C	0.3638	ambiguous
P45381	K268D	0.1955	benign
P45381	K268E	0.0691	benign
P45381	K268F	0.4394	ambiguous
P45381	K268G	0.2247	benign
P45381	K268H	0.1745	benign
P45381	K268I	0.172	benign
P45381	K268L	0.1883	benign
P45381	K268M	0.1291	benign
P45381	K268N	0.1336	benign
P45381	K268P	0.787	pathogenic
P45381	K268Q	0.0835	benign
P45381	K268R	0.0751	benign
P45381	K268S	0.1671	benign
P45381	K268T	0.1061	benign
P45381	K268V	0.1569	benign
P45381	K268W	0.5523	ambiguous
P45381	K268Y	0.3195	benign
P45381	T269A	0.0753	benign
P45381	T269C	0.2616	benign
P45381	T269D	0.1687	benign
P45381	T269E	0.1277	benign
P45381	T269F	0.1605	benign
P45381	T269G	0.2211	benign
P45381	T269H	0.1819	benign
P45381	T269I	0.0782	benign
P45381	T269K	0.1461	benign
P45381	T269L	0.0789	benign
P45381	T269M	0.0782	benign
P45381	T269N	0.0859	benign
P45381	T269P	0.1008	benign
P45381	T269Q	0.1563	benign
P45381	T269R	0.1209	benign
P45381	T269S	0.099	benign
P45381	T269V	0.0756	benign
P45381	T269W	0.4654	ambiguous
P45381	T269Y	0.1787	benign
P45381	I270A	0.4083	ambiguous
P45381	I270C	0.6162	pathogenic
P45381	I270D	0.6391	pathogenic
P45381	I270E	0.4451	ambiguous
P45381	I270F	0.1157	benign
P45381	I270G	0.6998	pathogenic
P45381	I270H	0.3969	ambiguous
P45381	I270K	0.2984	benign
P45381	I270L	0.0857	benign
P45381	I270M	0.1063	benign
P45381	I270N	0.3047	benign
P45381	I270P	0.8479	pathogenic
P45381	I270Q	0.368	ambiguous
P45381	I270R	0.2304	benign
P45381	I270S	0.3444	ambiguous
P45381	I270T	0.2898	benign
P45381	I270V	0.078	benign
P45381	I270W	0.6582	pathogenic
P45381	I270Y	0.3581	ambiguous
P45381	P271A	0.0644	benign
P45381	P271C	0.1554	benign
P45381	P271D	0.2118	benign
P45381	P271E	0.1519	benign
P45381	P271F	0.1482	benign
P45381	P271G	0.16	benign
P45381	P271H	0.0988	benign
P45381	P271I	0.1313	benign
P45381	P271K	0.1496	benign
P45381	P271L	0.0691	benign
P45381	P271M	0.1789	benign
P45381	P271N	0.1599	benign
P45381	P271Q	0.104	benign
P45381	P271R	0.0957	benign
P45381	P271S	0.0771	benign
P45381	P271T	0.0765	benign
P45381	P271V	0.1095	benign
P45381	P271W	0.2783	benign
P45381	P271Y	0.1468	benign
P45381	L272A	0.1764	benign
P45381	L272C	0.2964	benign
P45381	L272D	0.5429	ambiguous
P45381	L272E	0.3266	benign
P45381	L272F	0.0609	benign
P45381	L272G	0.3507	ambiguous
P45381	L272H	0.1594	benign
P45381	L272I	0.096	benign
P45381	L272K	0.3528	ambiguous
P45381	L272M	0.1163	benign
P45381	L272N	0.3468	ambiguous
P45381	L272P	0.319	benign
P45381	L272Q	0.1933	benign
P45381	L272R	0.2335	benign
P45381	L272S	0.1791	benign
P45381	L272T	0.1751	benign
P45381	L272V	0.0894	benign
P45381	L272W	0.1168	benign
P45381	L272Y	0.1428	benign
P45381	G273A	0.0688	benign
P45381	G273C	0.0917	benign
P45381	G273D	0.065	benign
P45381	G273E	0.0661	benign
P45381	G273F	0.217	benign
P45381	G273H	0.1206	benign
P45381	G273I	0.1078	benign
P45381	G273K	0.1057	benign
P45381	G273L	0.1419	benign
P45381	G273M	0.2125	benign
P45381	G273N	0.1124	benign
P45381	G273P	0.2354	benign
P45381	G273Q	0.0992	benign
P45381	G273R	0.084	benign
P45381	G273S	0.0737	benign
P45381	G273T	0.0834	benign
P45381	G273V	0.0808	benign
P45381	G273W	0.1943	benign
P45381	G273Y	0.1287	benign
P45381	G274A	0.1118	benign
P45381	G274C	0.1486	benign
P45381	G274D	0.0936	benign
P45381	G274E	0.1074	benign
P45381	G274F	0.3777	ambiguous
P45381	G274H	0.2166	benign
P45381	G274I	0.199	benign
P45381	G274K	0.1739	benign
P45381	G274L	0.2851	benign
P45381	G274M	0.3128	benign
P45381	G274N	0.1676	benign
P45381	G274P	0.5462	ambiguous
P45381	G274Q	0.1808	benign
P45381	G274R	0.1381	benign
P45381	G274S	0.0818	benign
P45381	G274T	0.1121	benign
P45381	G274V	0.1458	benign
P45381	G274W	0.2872	benign
P45381	G274Y	0.2493	benign
P45381	D275A	0.1057	benign
P45381	D275C	0.267	benign
P45381	D275E	0.1038	benign
P45381	D275F	0.2966	benign
P45381	D275G	0.0899	benign
P45381	D275H	0.1294	benign
P45381	D275I	0.1764	benign
P45381	D275K	0.1501	benign
P45381	D275L	0.2112	benign
P45381	D275M	0.3705	ambiguous
P45381	D275N	0.0767	benign
P45381	D275P	0.2725	benign
P45381	D275Q	0.1654	benign
P45381	D275R	0.1596	benign
P45381	D275S	0.083	benign
P45381	D275T	0.1281	benign
P45381	D275V	0.1267	benign
P45381	D275W	0.6497	pathogenic
P45381	D275Y	0.1225	benign
P45381	C276A	0.0999	benign
P45381	C276D	0.0774	benign
P45381	C276E	0.1577	benign
P45381	C276F	0.0619	benign
P45381	C276G	0.0517	benign
P45381	C276H	0.0877	benign
P45381	C276I	0.1475	benign
P45381	C276K	0.1565	benign
P45381	C276L	0.141	benign
P45381	C276M	0.2558	benign
P45381	C276N	0.0789	benign
P45381	C276P	0.3517	ambiguous
P45381	C276Q	0.1226	benign
P45381	C276R	0.0762	benign
P45381	C276S	0.0564	benign
P45381	C276T	0.0959	benign
P45381	C276V	0.1329	benign
P45381	C276W	0.1663	benign
P45381	C276Y	0.067	benign
P45381	T277A	0.0776	benign
P45381	T277C	0.3171	benign
P45381	T277D	0.2521	benign
P45381	T277E	0.1851	benign
P45381	T277F	0.2269	benign
P45381	T277G	0.2781	benign
P45381	T277H	0.2409	benign
P45381	T277I	0.078	benign
P45381	T277K	0.1724	benign
P45381	T277L	0.0869	benign
P45381	T277M	0.0842	benign
P45381	T277N	0.1412	benign
P45381	T277P	0.0808	benign
P45381	T277Q	0.1972	benign
P45381	T277R	0.1422	benign
P45381	T277S	0.1279	benign
P45381	T277V	0.0767	benign
P45381	T277W	0.5835	pathogenic
P45381	T277Y	0.2831	benign
P45381	V278A	0.2359	benign
P45381	V278C	0.7335	pathogenic
P45381	V278D	0.608	pathogenic
P45381	V278E	0.4796	ambiguous
P45381	V278F	0.1908	benign
P45381	V278G	0.3473	ambiguous
P45381	V278H	0.7509	pathogenic
P45381	V278I	0.0799	benign
P45381	V278K	0.6455	pathogenic
P45381	V278L	0.2305	benign
P45381	V278M	0.143	benign
P45381	V278N	0.5107	ambiguous
P45381	V278P	0.8423	pathogenic
P45381	V278Q	0.5469	ambiguous
P45381	V278R	0.5607	ambiguous
P45381	V278S	0.3055	benign
P45381	V278T	0.207	benign
P45381	V278W	0.8335	pathogenic
P45381	V278Y	0.6007	pathogenic
P45381	Y279A	0.8729	pathogenic
P45381	Y279C	0.2899	benign
P45381	Y279D	0.8713	pathogenic
P45381	Y279E	0.944	pathogenic
P45381	Y279F	0.0865	benign
P45381	Y279G	0.9114	pathogenic
P45381	Y279H	0.2529	benign
P45381	Y279I	0.5804	pathogenic
P45381	Y279K	0.9508	pathogenic
P45381	Y279L	0.7409	pathogenic
P45381	Y279M	0.793	pathogenic
P45381	Y279N	0.5239	ambiguous
P45381	Y279P	0.9733	pathogenic
P45381	Y279Q	0.8454	pathogenic
P45381	Y279R	0.8524	pathogenic
P45381	Y279S	0.5509	ambiguous
P45381	Y279T	0.7843	pathogenic
P45381	Y279V	0.5808	pathogenic
P45381	Y279W	0.3171	benign
P45381	P280A	0.2478	benign
P45381	P280C	0.8047	pathogenic
P45381	P280D	0.9918	pathogenic
P45381	P280E	0.9748	pathogenic
P45381	P280F	0.9765	pathogenic
P45381	P280G	0.7663	pathogenic
P45381	P280H	0.9381	pathogenic
P45381	P280I	0.8376	pathogenic
P45381	P280K	0.9828	pathogenic
P45381	P280L	0.499	ambiguous
P45381	P280M	0.8982	pathogenic
P45381	P280N	0.9725	pathogenic
P45381	P280Q	0.9369	pathogenic
P45381	P280R	0.932	pathogenic
P45381	P280S	0.6176	pathogenic
P45381	P280T	0.4679	ambiguous
P45381	P280V	0.6538	pathogenic
P45381	P280W	0.9888	pathogenic
P45381	P280Y	0.9778	pathogenic
P45381	V281A	0.2655	benign
P45381	V281C	0.788	pathogenic
P45381	V281D	0.9634	pathogenic
P45381	V281E	0.9576	pathogenic
P45381	V281F	0.7592	pathogenic
P45381	V281G	0.5197	ambiguous
P45381	V281H	0.9817	pathogenic
P45381	V281I	0.1173	benign
P45381	V281K	0.9779	pathogenic
P45381	V281L	0.4475	ambiguous
P45381	V281M	0.468	ambiguous
P45381	V281N	0.8422	pathogenic
P45381	V281P	0.9674	pathogenic
P45381	V281Q	0.9523	pathogenic
P45381	V281R	0.9543	pathogenic
P45381	V281S	0.5221	ambiguous
P45381	V281T	0.2559	benign
P45381	V281W	0.9943	pathogenic
P45381	V281Y	0.9685	pathogenic
P45381	F282A	0.9845	pathogenic
P45381	F282C	0.9753	pathogenic
P45381	F282D	0.9968	pathogenic
P45381	F282E	0.9972	pathogenic
P45381	F282G	0.9916	pathogenic
P45381	F282H	0.984	pathogenic
P45381	F282I	0.9769	pathogenic
P45381	F282K	0.9969	pathogenic
P45381	F282L	0.9958	pathogenic
P45381	F282M	0.98	pathogenic
P45381	F282N	0.9945	pathogenic
P45381	F282P	0.9993	pathogenic
P45381	F282Q	0.9962	pathogenic
P45381	F282R	0.9879	pathogenic
P45381	F282S	0.9827	pathogenic
P45381	F282T	0.992	pathogenic
P45381	F282V	0.9762	pathogenic
P45381	F282W	0.899	pathogenic
P45381	F282Y	0.8643	pathogenic
P45381	V283A	0.8182	pathogenic
P45381	V283C	0.9168	pathogenic
P45381	V283D	0.9854	pathogenic
P45381	V283E	0.9669	pathogenic
P45381	V283F	0.8657	pathogenic
P45381	V283G	0.8746	pathogenic
P45381	V283H	0.9917	pathogenic
P45381	V283I	0.0719	benign
P45381	V283K	0.9787	pathogenic
P45381	V283L	0.5453	ambiguous
P45381	V283M	0.6685	pathogenic
P45381	V283N	0.9504	pathogenic
P45381	V283P	0.9372	pathogenic
P45381	V283Q	0.9684	pathogenic
P45381	V283R	0.9644	pathogenic
P45381	V283S	0.8755	pathogenic
P45381	V283T	0.7755	pathogenic
P45381	V283W	0.9938	pathogenic
P45381	V283Y	0.9825	pathogenic
P45381	N284A	0.9189	pathogenic
P45381	N284C	0.8131	pathogenic
P45381	N284D	0.867	pathogenic
P45381	N284E	0.986	pathogenic
P45381	N284F	0.9923	pathogenic
P45381	N284G	0.5956	pathogenic
P45381	N284H	0.8651	pathogenic
P45381	N284I	0.987	pathogenic
P45381	N284K	0.9868	pathogenic
P45381	N284L	0.9428	pathogenic
P45381	N284M	0.9682	pathogenic
P45381	N284P	0.9879	pathogenic
P45381	N284Q	0.9742	pathogenic
P45381	N284R	0.9786	pathogenic
P45381	N284S	0.3576	ambiguous
P45381	N284T	0.9366	pathogenic
P45381	N284V	0.9807	pathogenic
P45381	N284W	0.9952	pathogenic
P45381	N284Y	0.9206	pathogenic
P45381	E285A	0.9876	pathogenic
P45381	E285C	0.998	pathogenic
P45381	E285D	0.9945	pathogenic
P45381	E285F	0.9998	pathogenic
P45381	E285G	0.9812	pathogenic
P45381	E285H	0.9979	pathogenic
P45381	E285I	0.9988	pathogenic
P45381	E285K	0.9675	pathogenic
P45381	E285L	0.999	pathogenic
P45381	E285M	0.9981	pathogenic
P45381	E285N	0.998	pathogenic
P45381	E285P	0.9994	pathogenic
P45381	E285Q	0.9793	pathogenic
P45381	E285R	0.9869	pathogenic
P45381	E285S	0.9945	pathogenic
P45381	E285T	0.9968	pathogenic
P45381	E285V	0.9959	pathogenic
P45381	E285W	0.9999	pathogenic
P45381	E285Y	0.9994	pathogenic
P45381	A286C	0.8005	pathogenic
P45381	A286D	0.9581	pathogenic
P45381	A286E	0.9431	pathogenic
P45381	A286F	0.9468	pathogenic
P45381	A286G	0.2756	benign
P45381	A286H	0.9759	pathogenic
P45381	A286I	0.9068	pathogenic
P45381	A286K	0.9868	pathogenic
P45381	A286L	0.8798	pathogenic
P45381	A286M	0.843	pathogenic
P45381	A286N	0.9245	pathogenic
P45381	A286P	0.9502	pathogenic
P45381	A286Q	0.9301	pathogenic
P45381	A286R	0.963	pathogenic
P45381	A286S	0.2056	benign
P45381	A286T	0.6192	pathogenic
P45381	A286V	0.6197	pathogenic
P45381	A286W	0.9925	pathogenic
P45381	A286Y	0.9724	pathogenic
P45381	A287C	0.8783	pathogenic
P45381	A287D	0.9743	pathogenic
P45381	A287E	0.9777	pathogenic
P45381	A287F	0.9561	pathogenic
P45381	A287G	0.5832	pathogenic
P45381	A287H	0.9783	pathogenic
P45381	A287I	0.9743	pathogenic
P45381	A287K	0.9935	pathogenic
P45381	A287L	0.9125	pathogenic
P45381	A287M	0.9459	pathogenic
P45381	A287N	0.9561	pathogenic
P45381	A287P	0.9637	pathogenic
P45381	A287Q	0.9626	pathogenic
P45381	A287R	0.971	pathogenic
P45381	A287S	0.2037	benign
P45381	A287T	0.7745	pathogenic
P45381	A287V	0.9036	pathogenic
P45381	A287W	0.9909	pathogenic
P45381	A287Y	0.9766	pathogenic
P45381	Y288A	0.9595	pathogenic
P45381	Y288C	0.7796	pathogenic
P45381	Y288D	0.9521	pathogenic
P45381	Y288E	0.994	pathogenic
P45381	Y288F	0.4707	ambiguous
P45381	Y288G	0.8977	pathogenic
P45381	Y288H	0.9718	pathogenic
P45381	Y288I	0.969	pathogenic
P45381	Y288K	0.9924	pathogenic
P45381	Y288L	0.8629	pathogenic
P45381	Y288M	0.9732	pathogenic
P45381	Y288N	0.9052	pathogenic
P45381	Y288P	0.9857	pathogenic
P45381	Y288Q	0.9927	pathogenic
P45381	Y288R	0.9641	pathogenic
P45381	Y288S	0.8458	pathogenic
P45381	Y288T	0.968	pathogenic
P45381	Y288V	0.9146	pathogenic
P45381	Y288W	0.8286	pathogenic
P45381	Y289A	0.7923	pathogenic
P45381	Y289C	0.315	benign
P45381	Y289D	0.7983	pathogenic
P45381	Y289E	0.9059	pathogenic
P45381	Y289F	0.1791	benign
P45381	Y289G	0.7046	pathogenic
P45381	Y289H	0.5919	pathogenic
P45381	Y289I	0.6212	pathogenic
P45381	Y289K	0.8961	pathogenic
P45381	Y289L	0.4793	ambiguous
P45381	Y289M	0.738	pathogenic
P45381	Y289N	0.6205	pathogenic
P45381	Y289P	0.9584	pathogenic
P45381	Y289Q	0.8217	pathogenic
P45381	Y289R	0.7247	pathogenic
P45381	Y289S	0.5855	pathogenic
P45381	Y289T	0.7923	pathogenic
P45381	Y289V	0.4853	ambiguous
P45381	Y289W	0.5768	pathogenic
P45381	E290A	0.7898	pathogenic
P45381	E290C	0.9668	pathogenic
P45381	E290D	0.7988	pathogenic
P45381	E290F	0.9839	pathogenic
P45381	E290G	0.631	pathogenic
P45381	E290H	0.9226	pathogenic
P45381	E290I	0.9509	pathogenic
P45381	E290K	0.6784	pathogenic
P45381	E290L	0.9413	pathogenic
P45381	E290M	0.96	pathogenic
P45381	E290N	0.9234	pathogenic
P45381	E290P	0.9344	pathogenic
P45381	E290Q	0.5526	ambiguous
P45381	E290R	0.7321	pathogenic
P45381	E290S	0.8353	pathogenic
P45381	E290T	0.9003	pathogenic
P45381	E290V	0.885	pathogenic
P45381	E290W	0.9926	pathogenic
P45381	E290Y	0.9644	pathogenic
P45381	K291A	0.9066	pathogenic
P45381	K291C	0.9577	pathogenic
P45381	K291D	0.9335	pathogenic
P45381	K291E	0.7637	pathogenic
P45381	K291F	0.9822	pathogenic
P45381	K291G	0.8668	pathogenic
P45381	K291H	0.8012	pathogenic
P45381	K291I	0.9404	pathogenic
P45381	K291L	0.8725	pathogenic
P45381	K291M	0.8027	pathogenic
P45381	K291N	0.8644	pathogenic
P45381	K291P	0.9865	pathogenic
P45381	K291Q	0.5924	pathogenic
P45381	K291R	0.2155	benign
P45381	K291S	0.9084	pathogenic
P45381	K291T	0.8253	pathogenic
P45381	K291V	0.9234	pathogenic
P45381	K291W	0.9698	pathogenic
P45381	K291Y	0.9342	pathogenic
P45381	K292A	0.2734	benign
P45381	K292C	0.4396	ambiguous
P45381	K292D	0.2774	benign
P45381	K292E	0.1076	benign
P45381	K292F	0.6533	pathogenic
P45381	K292G	0.1381	benign
P45381	K292H	0.1978	benign
P45381	K292I	0.5709	pathogenic
P45381	K292L	0.3562	ambiguous
P45381	K292M	0.2053	benign
P45381	K292N	0.1717	benign
P45381	K292P	0.8582	pathogenic
P45381	K292Q	0.0959	benign
P45381	K292R	0.0808	benign
P45381	K292S	0.2486	benign
P45381	K292T	0.2286	benign
P45381	K292V	0.4782	ambiguous
P45381	K292W	0.6347	pathogenic
P45381	K292Y	0.4119	ambiguous
P45381	E293A	0.2438	benign
P45381	E293C	0.8302	pathogenic
P45381	E293D	0.6373	pathogenic
P45381	E293F	0.84	pathogenic
P45381	E293G	0.4422	ambiguous
P45381	E293H	0.7719	pathogenic
P45381	E293I	0.3029	benign
P45381	E293K	0.4653	ambiguous
P45381	E293L	0.4767	ambiguous
P45381	E293M	0.4703	ambiguous
P45381	E293N	0.6594	pathogenic
P45381	E293P	0.9758	pathogenic
P45381	E293Q	0.2027	benign
P45381	E293R	0.6057	pathogenic
P45381	E293S	0.4769	ambiguous
P45381	E293T	0.3404	ambiguous
P45381	E293V	0.1943	benign
P45381	E293W	0.9475	pathogenic
P45381	E293Y	0.7651	pathogenic
P45381	A294C	0.9366	pathogenic
P45381	A294D	0.9848	pathogenic
P45381	A294E	0.9875	pathogenic
P45381	A294F	0.9771	pathogenic
P45381	A294G	0.4268	ambiguous
P45381	A294H	0.9947	pathogenic
P45381	A294I	0.9539	pathogenic
P45381	A294K	0.9958	pathogenic
P45381	A294L	0.9023	pathogenic
P45381	A294M	0.9551	pathogenic
P45381	A294N	0.9824	pathogenic
P45381	A294P	0.9664	pathogenic
P45381	A294Q	0.986	pathogenic
P45381	A294R	0.9809	pathogenic
P45381	A294S	0.5221	ambiguous
P45381	A294T	0.8733	pathogenic
P45381	A294V	0.8521	pathogenic
P45381	A294W	0.9975	pathogenic
P45381	A294Y	0.9837	pathogenic
P45381	F295A	0.9366	pathogenic
P45381	F295C	0.6746	pathogenic
P45381	F295D	0.997	pathogenic
P45381	F295E	0.9978	pathogenic
P45381	F295G	0.9699	pathogenic
P45381	F295H	0.9757	pathogenic
P45381	F295I	0.7904	pathogenic
P45381	F295K	0.9973	pathogenic
P45381	F295L	0.9341	pathogenic
P45381	F295M	0.7741	pathogenic
P45381	F295N	0.9863	pathogenic
P45381	F295P	0.999	pathogenic
P45381	F295Q	0.9927	pathogenic
P45381	F295R	0.9898	pathogenic
P45381	F295S	0.9281	pathogenic
P45381	F295T	0.9502	pathogenic
P45381	F295V	0.6571	pathogenic
P45381	F295W	0.8467	pathogenic
P45381	F295Y	0.599	pathogenic
P45381	A296C	0.3851	ambiguous
P45381	A296D	0.8587	pathogenic
P45381	A296E	0.7338	pathogenic
P45381	A296F	0.5061	ambiguous
P45381	A296G	0.2865	benign
P45381	A296H	0.7322	pathogenic
P45381	A296I	0.3675	ambiguous
P45381	A296K	0.8794	pathogenic
P45381	A296L	0.338	benign
P45381	A296M	0.4723	ambiguous
P45381	A296N	0.6965	pathogenic
P45381	A296P	0.9313	pathogenic
P45381	A296Q	0.6428	pathogenic
P45381	A296R	0.7609	pathogenic
P45381	A296S	0.1566	benign
P45381	A296T	0.1806	benign
P45381	A296V	0.1862	benign
P45381	A296W	0.8447	pathogenic
P45381	A296Y	0.6672	pathogenic
P45381	K297A	0.3064	benign
P45381	K297C	0.6208	pathogenic
P45381	K297D	0.883	pathogenic
P45381	K297E	0.2733	benign
P45381	K297F	0.7281	pathogenic
P45381	K297G	0.5717	pathogenic
P45381	K297H	0.5778	pathogenic
P45381	K297I	0.2422	benign
P45381	K297L	0.2082	benign
P45381	K297M	0.1541	benign
P45381	K297N	0.661	pathogenic
P45381	K297P	0.8633	pathogenic
P45381	K297Q	0.1797	benign
P45381	K297R	0.104	benign
P45381	K297S	0.5097	ambiguous
P45381	K297T	0.1171	benign
P45381	K297V	0.2048	benign
P45381	K297W	0.8272	pathogenic
P45381	K297Y	0.6775	pathogenic
P45381	T298A	0.1576	benign
P45381	T298C	0.554	ambiguous
P45381	T298D	0.9513	pathogenic
P45381	T298E	0.9438	pathogenic
P45381	T298F	0.944	pathogenic
P45381	T298G	0.3756	ambiguous
P45381	T298H	0.9392	pathogenic
P45381	T298I	0.9038	pathogenic
P45381	T298K	0.9492	pathogenic
P45381	T298L	0.6315	pathogenic
P45381	T298M	0.3397	benign
P45381	T298N	0.6885	pathogenic
P45381	T298P	0.9312	pathogenic
P45381	T298Q	0.9014	pathogenic
P45381	T298R	0.9349	pathogenic
P45381	T298S	0.2317	benign
P45381	T298V	0.6588	pathogenic
P45381	T298W	0.9914	pathogenic
P45381	T298Y	0.9607	pathogenic
P45381	T299A	0.0683	benign
P45381	T299C	0.2078	benign
P45381	T299D	0.2372	benign
P45381	T299E	0.1069	benign
P45381	T299F	0.1462	benign
P45381	T299G	0.2039	benign
P45381	T299H	0.1452	benign
P45381	T299I	0.0815	benign
P45381	T299K	0.0832	benign
P45381	T299L	0.0709	benign
P45381	T299M	0.0748	benign
P45381	T299N	0.1068	benign
P45381	T299P	0.4987	ambiguous
P45381	T299Q	0.1031	benign
P45381	T299R	0.0664	benign
P45381	T299S	0.0956	benign
P45381	T299V	0.0755	benign
P45381	T299W	0.3607	ambiguous
P45381	T299Y	0.1589	benign
P45381	K300A	0.3229	benign
P45381	K300C	0.5341	ambiguous
P45381	K300D	0.8375	pathogenic
P45381	K300E	0.2365	benign
P45381	K300F	0.6731	pathogenic
P45381	K300G	0.5787	pathogenic
P45381	K300H	0.3434	ambiguous
P45381	K300I	0.2296	benign
P45381	K300L	0.2331	benign
P45381	K300M	0.2004	benign
P45381	K300N	0.6298	pathogenic
P45381	K300P	0.6558	pathogenic
P45381	K300Q	0.1488	benign
P45381	K300R	0.0772	benign
P45381	K300S	0.5363	ambiguous
P45381	K300T	0.2412	benign
P45381	K300V	0.2092	benign
P45381	K300W	0.7595	pathogenic
P45381	K300Y	0.58	pathogenic
P45381	L301A	0.1624	benign
P45381	L301C	0.2394	benign
P45381	L301D	0.407	ambiguous
P45381	L301E	0.1331	benign
P45381	L301F	0.0823	benign
P45381	L301G	0.3678	ambiguous
P45381	L301H	0.1259	benign
P45381	L301I	0.0491	benign
P45381	L301K	0.1179	benign
P45381	L301M	0.0648	benign
P45381	L301N	0.2414	benign
P45381	L301P	0.8346	pathogenic
P45381	L301Q	0.0833	benign
P45381	L301R	0.1008	benign
P45381	L301S	0.1843	benign
P45381	L301T	0.107	benign
P45381	L301V	0.0527	benign
P45381	L301W	0.1427	benign
P45381	L301Y	0.1613	benign
P45381	T302A	0.0922	benign
P45381	T302C	0.2434	benign
P45381	T302D	0.2613	benign
P45381	T302E	0.1648	benign
P45381	T302F	0.1179	benign
P45381	T302G	0.2536	benign
P45381	T302H	0.1203	benign
P45381	T302I	0.0783	benign
P45381	T302K	0.0972	benign
P45381	T302L	0.066	benign
P45381	T302M	0.074	benign
P45381	T302N	0.0967	benign
P45381	T302P	0.1195	benign
P45381	T302Q	0.1178	benign
P45381	T302R	0.0782	benign
P45381	T302S	0.1025	benign
P45381	T302V	0.0876	benign
P45381	T302W	0.3448	ambiguous
P45381	T302Y	0.1298	benign
P45381	L303A	0.6473	pathogenic
P45381	L303C	0.6387	pathogenic
P45381	L303D	0.9747	pathogenic
P45381	L303E	0.8348	pathogenic
P45381	L303F	0.197	benign
P45381	L303G	0.8932	pathogenic
P45381	L303H	0.675	pathogenic
P45381	L303I	0.1056	benign
P45381	L303K	0.6944	pathogenic
P45381	L303M	0.1803	benign
P45381	L303N	0.9189	pathogenic
P45381	L303P	0.9204	pathogenic
P45381	L303Q	0.5987	pathogenic
P45381	L303R	0.5487	ambiguous
P45381	L303S	0.8326	pathogenic
P45381	L303T	0.6735	pathogenic
P45381	L303V	0.1054	benign
P45381	L303W	0.4385	ambiguous
P45381	L303Y	0.5508	ambiguous
P45381	N304A	0.1027	benign
P45381	N304C	0.1165	benign
P45381	N304D	0.0759	benign
P45381	N304E	0.1144	benign
P45381	N304F	0.2189	benign
P45381	N304G	0.1439	benign
P45381	N304H	0.0583	benign
P45381	N304I	0.1093	benign
P45381	N304K	0.0948	benign
P45381	N304L	0.1141	benign
P45381	N304M	0.1753	benign
P45381	N304P	0.1622	benign
P45381	N304Q	0.1205	benign
P45381	N304R	0.0995	benign
P45381	N304S	0.0633	benign
P45381	N304T	0.0648	benign
P45381	N304V	0.1105	benign
P45381	N304W	0.385	ambiguous
P45381	N304Y	0.0797	benign
P45381	A305C	0.5757	pathogenic
P45381	A305D	0.8812	pathogenic
P45381	A305E	0.8328	pathogenic
P45381	A305F	0.8	pathogenic
P45381	A305G	0.1816	benign
P45381	A305H	0.9072	pathogenic
P45381	A305I	0.6037	pathogenic
P45381	A305K	0.9259	pathogenic
P45381	A305L	0.6119	pathogenic
P45381	A305M	0.6963	pathogenic
P45381	A305N	0.8238	pathogenic
P45381	A305P	0.7215	pathogenic
P45381	A305Q	0.8353	pathogenic
P45381	A305R	0.8529	pathogenic
P45381	A305S	0.1678	benign
P45381	A305T	0.2217	benign
P45381	A305V	0.2972	benign
P45381	A305W	0.9567	pathogenic
P45381	A305Y	0.8716	pathogenic
P45381	K306A	0.1256	benign
P45381	K306C	0.4087	ambiguous
P45381	K306D	0.1264	benign
P45381	K306E	0.0633	benign
P45381	K306F	0.4794	ambiguous
P45381	K306G	0.1373	benign
P45381	K306H	0.1763	benign
P45381	K306I	0.2321	benign
P45381	K306L	0.2008	benign
P45381	K306M	0.1733	benign
P45381	K306N	0.1069	benign
P45381	K306P	0.1944	benign
P45381	K306Q	0.0856	benign
P45381	K306R	0.0759	benign
P45381	K306S	0.1182	benign
P45381	K306T	0.0862	benign
P45381	K306V	0.1834	benign
P45381	K306W	0.5652	pathogenic
P45381	K306Y	0.3366	benign
P45381	S307A	0.0715	benign
P45381	S307C	0.0865	benign
P45381	S307D	0.1571	benign
P45381	S307E	0.2157	benign
P45381	S307F	0.2223	benign
P45381	S307G	0.0507	benign
P45381	S307H	0.1676	benign
P45381	S307I	0.1729	benign
P45381	S307K	0.2666	benign
P45381	S307L	0.1691	benign
P45381	S307M	0.2364	benign
P45381	S307N	0.0828	benign
P45381	S307P	0.0977	benign
P45381	S307Q	0.241	benign
P45381	S307R	0.2079	benign
P45381	S307T	0.096	benign
P45381	S307V	0.1771	benign
P45381	S307W	0.2626	benign
P45381	S307Y	0.1447	benign
P45381	I308A	0.4089	ambiguous
P45381	I308C	0.6101	pathogenic
P45381	I308D	0.8129	pathogenic
P45381	I308E	0.7005	pathogenic
P45381	I308F	0.14	benign
P45381	I308G	0.6562	pathogenic
P45381	I308H	0.6113	pathogenic
P45381	I308K	0.5375	ambiguous
P45381	I308L	0.0681	benign
P45381	I308M	0.1126	benign
P45381	I308N	0.4415	ambiguous
P45381	I308P	0.6715	pathogenic
P45381	I308Q	0.5708	pathogenic
P45381	I308R	0.4174	ambiguous
P45381	I308S	0.4129	ambiguous
P45381	I308T	0.3593	ambiguous
P45381	I308V	0.072	benign
P45381	I308W	0.693	pathogenic
P45381	I308Y	0.4986	ambiguous
P45381	R309A	0.1621	benign
P45381	R309C	0.0937	benign
P45381	R309D	0.2464	benign
P45381	R309E	0.1806	benign
P45381	R309F	0.2313	benign
P45381	R309G	0.102	benign
P45381	R309H	0.0785	benign
P45381	R309I	0.1501	benign
P45381	R309K	0.0917	benign
P45381	R309L	0.1342	benign
P45381	R309M	0.242	benign
P45381	R309N	0.1838	benign
P45381	R309P	0.2828	benign
P45381	R309Q	0.0839	benign
P45381	R309S	0.1424	benign
P45381	R309T	0.1144	benign
P45381	R309V	0.1755	benign
P45381	R309W	0.1615	benign
P45381	R309Y	0.1557	benign
P45381	C310A	0.0966	benign
P45381	C310D	0.1685	benign
P45381	C310E	0.2716	benign
P45381	C310F	0.0888	benign
P45381	C310G	0.0592	benign
P45381	C310H	0.1201	benign
P45381	C310I	0.1608	benign
P45381	C310K	0.1912	benign
P45381	C310L	0.1505	benign
P45381	C310M	0.3067	benign
P45381	C310N	0.1093	benign
P45381	C310P	0.1197	benign
P45381	C310Q	0.1803	benign
P45381	C310R	0.0951	benign
P45381	C310S	0.0721	benign
P45381	C310T	0.1166	benign
P45381	C310V	0.1453	benign
P45381	C310W	0.1952	benign
P45381	C310Y	0.0768	benign
P45381	C311A	0.074	benign
P45381	C311D	0.0572	benign
P45381	C311E	0.1202	benign
P45381	C311F	0.0603	benign
P45381	C311G	0.0495	benign
P45381	C311H	0.0684	benign
P45381	C311I	0.0961	benign
P45381	C311K	0.1079	benign
P45381	C311L	0.09	benign
P45381	C311M	0.2021	benign
P45381	C311N	0.0593	benign
P45381	C311P	0.0681	benign
P45381	C311Q	0.0937	benign
P45381	C311R	0.0638	benign
P45381	C311S	0.0513	benign
P45381	C311T	0.0749	benign
P45381	C311V	0.0984	benign
P45381	C311W	0.1389	benign
P45381	C311Y	0.0598	benign
P45381	L312A	0.0669	benign
P45381	L312C	0.1176	benign
P45381	L312D	0.1027	benign
P45381	L312E	0.0851	benign
P45381	L312F	0.0537	benign
P45381	L312G	0.0957	benign
P45381	L312H	0.0599	benign
P45381	L312I	0.0599	benign
P45381	L312K	0.0682	benign
P45381	L312M	0.0855	benign
P45381	L312N	0.0706	benign
P45381	L312P	0.0563	benign
P45381	L312Q	0.0558	benign
P45381	L312R	0.0512	benign
P45381	L312S	0.0526	benign
P45381	L312T	0.0598	benign
P45381	L312V	0.0604	benign
P45381	L312W	0.0818	benign
P45381	L312Y	0.0987	benign
P45381	H313A	0.0911	benign
P45381	H313C	0.0804	benign
P45381	H313D	0.0603	benign
P45381	H313E	0.0942	benign
P45381	H313F	0.1491	benign
P45381	H313G	0.0887	benign
P45381	H313I	0.1626	benign
P45381	H313K	0.0941	benign
P45381	H313L	0.0908	benign
P45381	H313M	0.2646	benign
P45381	H313N	0.0565	benign
P45381	H313P	0.0575	benign
P45381	H313Q	0.0817	benign
P45381	H313R	0.0599	benign
P45381	H313S	0.0719	benign
P45381	H313T	0.0944	benign
P45381	H313V	0.1293	benign
P45381	H313W	0.1822	benign
P45381	H313Y	0.0652	benign
