uniprot_id	protein_variant	am_pathogenicity	am_class
P51580	M1A	0.1885	benign
P51580	M1C	0.2073	benign
P51580	M1D	0.4144	ambiguous
P51580	M1E	0.2373	benign
P51580	M1F	0.1572	benign
P51580	M1G	0.3083	benign
P51580	M1H	0.2731	benign
P51580	M1I	0.1793	benign
P51580	M1K	0.1259	benign
P51580	M1L	0.1041	benign
P51580	M1N	0.2677	benign
P51580	M1P	0.3359	benign
P51580	M1Q	0.117	benign
P51580	M1R	0.1177	benign
P51580	M1S	0.1919	benign
P51580	M1T	0.1232	benign
P51580	M1V	0.0762	benign
P51580	M1W	0.2494	benign
P51580	M1Y	0.2846	benign
P51580	D2A	0.0836	benign
P51580	D2C	0.2602	benign
P51580	D2E	0.1046	benign
P51580	D2F	0.2476	benign
P51580	D2G	0.077	benign
P51580	D2H	0.1259	benign
P51580	D2I	0.1916	benign
P51580	D2K	0.144	benign
P51580	D2L	0.181	benign
P51580	D2M	0.3507	ambiguous
P51580	D2N	0.089	benign
P51580	D2P	0.1893	benign
P51580	D2Q	0.1443	benign
P51580	D2R	0.1369	benign
P51580	D2S	0.0844	benign
P51580	D2T	0.1123	benign
P51580	D2V	0.1325	benign
P51580	D2W	0.4651	ambiguous
P51580	D2Y	0.1089	benign
P51580	G3A	0.0846	benign
P51580	G3C	0.1017	benign
P51580	G3D	0.0591	benign
P51580	G3E	0.0782	benign
P51580	G3F	0.1929	benign
P51580	G3H	0.1358	benign
P51580	G3I	0.1063	benign
P51580	G3K	0.1175	benign
P51580	G3L	0.1643	benign
P51580	G3M	0.203	benign
P51580	G3N	0.0997	benign
P51580	G3P	0.2666	benign
P51580	G3Q	0.1251	benign
P51580	G3R	0.1002	benign
P51580	G3S	0.0772	benign
P51580	G3T	0.0806	benign
P51580	G3V	0.0885	benign
P51580	G3W	0.1611	benign
P51580	G3Y	0.1344	benign
P51580	T4A	0.0698	benign
P51580	T4C	0.1923	benign
P51580	T4D	0.1181	benign
P51580	T4E	0.1097	benign
P51580	T4F	0.1153	benign
P51580	T4G	0.1161	benign
P51580	T4H	0.1209	benign
P51580	T4I	0.0981	benign
P51580	T4K	0.0865	benign
P51580	T4L	0.0877	benign
P51580	T4M	0.1067	benign
P51580	T4N	0.0767	benign
P51580	T4P	0.0779	benign
P51580	T4Q	0.1141	benign
P51580	T4R	0.0784	benign
P51580	T4S	0.0775	benign
P51580	T4V	0.1046	benign
P51580	T4W	0.2358	benign
P51580	T4Y	0.1233	benign
P51580	R5A	0.1115	benign
P51580	R5C	0.1333	benign
P51580	R5D	0.1546	benign
P51580	R5E	0.1115	benign
P51580	R5F	0.2397	benign
P51580	R5G	0.0792	benign
P51580	R5H	0.1034	benign
P51580	R5I	0.11	benign
P51580	R5K	0.078	benign
P51580	R5L	0.1191	benign
P51580	R5M	0.131	benign
P51580	R5N	0.1734	benign
P51580	R5P	0.1468	benign
P51580	R5Q	0.0838	benign
P51580	R5S	0.1381	benign
P51580	R5T	0.0811	benign
P51580	R5V	0.1337	benign
P51580	R5W	0.1419	benign
P51580	R5Y	0.2047	benign
P51580	T6A	0.0723	benign
P51580	T6C	0.2069	benign
P51580	T6D	0.1374	benign
P51580	T6E	0.1273	benign
P51580	T6F	0.1345	benign
P51580	T6G	0.1305	benign
P51580	T6H	0.1171	benign
P51580	T6I	0.1087	benign
P51580	T6K	0.093	benign
P51580	T6L	0.092	benign
P51580	T6M	0.1035	benign
P51580	T6N	0.0808	benign
P51580	T6P	0.0726	benign
P51580	T6Q	0.1205	benign
P51580	T6R	0.0818	benign
P51580	T6S	0.0871	benign
P51580	T6V	0.1095	benign
P51580	T6W	0.2703	benign
P51580	T6Y	0.1202	benign
P51580	S7A	0.0823	benign
P51580	S7C	0.0999	benign
P51580	S7D	0.1462	benign
P51580	S7E	0.1883	benign
P51580	S7F	0.1221	benign
P51580	S7G	0.1035	benign
P51580	S7H	0.161	benign
P51580	S7I	0.1085	benign
P51580	S7K	0.2338	benign
P51580	S7L	0.1047	benign
P51580	S7M	0.1873	benign
P51580	S7N	0.1178	benign
P51580	S7P	0.0822	benign
P51580	S7Q	0.2232	benign
P51580	S7R	0.2011	benign
P51580	S7T	0.0844	benign
P51580	S7V	0.1137	benign
P51580	S7W	0.1816	benign
P51580	S7Y	0.1004	benign
P51580	L8A	0.082	benign
P51580	L8C	0.2009	benign
P51580	L8D	0.1595	benign
P51580	L8E	0.1083	benign
P51580	L8F	0.0867	benign
P51580	L8G	0.1499	benign
P51580	L8H	0.1073	benign
P51580	L8I	0.075	benign
P51580	L8K	0.097	benign
P51580	L8M	0.0991	benign
P51580	L8N	0.1379	benign
P51580	L8P	0.0736	benign
P51580	L8Q	0.0845	benign
P51580	L8R	0.0839	benign
P51580	L8S	0.0775	benign
P51580	L8T	0.0761	benign
P51580	L8V	0.0695	benign
P51580	L8W	0.0991	benign
P51580	L8Y	0.1674	benign
P51580	D9A	0.0948	benign
P51580	D9C	0.2409	benign
P51580	D9E	0.1093	benign
P51580	D9F	0.2384	benign
P51580	D9G	0.0879	benign
P51580	D9H	0.1176	benign
P51580	D9I	0.1513	benign
P51580	D9K	0.16	benign
P51580	D9L	0.1527	benign
P51580	D9M	0.3208	benign
P51580	D9N	0.086	benign
P51580	D9P	0.1977	benign
P51580	D9Q	0.1474	benign
P51580	D9R	0.1486	benign
P51580	D9S	0.0922	benign
P51580	D9T	0.1275	benign
P51580	D9V	0.0989	benign
P51580	D9W	0.4716	ambiguous
P51580	D9Y	0.1013	benign
P51580	I10A	0.0872	benign
P51580	I10C	0.277	benign
P51580	I10D	0.1583	benign
P51580	I10E	0.1354	benign
P51580	I10F	0.0805	benign
P51580	I10G	0.1857	benign
P51580	I10H	0.1775	benign
P51580	I10K	0.1043	benign
P51580	I10L	0.0851	benign
P51580	I10M	0.0755	benign
P51580	I10N	0.0991	benign
P51580	I10P	0.1483	benign
P51580	I10Q	0.1397	benign
P51580	I10R	0.0761	benign
P51580	I10S	0.0928	benign
P51580	I10T	0.0614	benign
P51580	I10V	0.0683	benign
P51580	I10W	0.2597	benign
P51580	I10Y	0.194	benign
P51580	E11A	0.0989	benign
P51580	E11C	0.4196	ambiguous
P51580	E11D	0.1067	benign
P51580	E11F	0.3906	ambiguous
P51580	E11G	0.0842	benign
P51580	E11H	0.2049	benign
P51580	E11I	0.1971	benign
P51580	E11K	0.074	benign
P51580	E11L	0.1827	benign
P51580	E11M	0.2464	benign
P51580	E11N	0.1578	benign
P51580	E11P	0.1916	benign
P51580	E11Q	0.0909	benign
P51580	E11R	0.1029	benign
P51580	E11S	0.1216	benign
P51580	E11T	0.1154	benign
P51580	E11V	0.1304	benign
P51580	E11W	0.4831	ambiguous
P51580	E11Y	0.2866	benign
P51580	E12A	0.1146	benign
P51580	E12C	0.5406	ambiguous
P51580	E12D	0.0982	benign
P51580	E12F	0.4477	ambiguous
P51580	E12G	0.0917	benign
P51580	E12H	0.3027	benign
P51580	E12I	0.2129	benign
P51580	E12K	0.1269	benign
P51580	E12L	0.252	benign
P51580	E12M	0.3062	benign
P51580	E12N	0.1659	benign
P51580	E12P	0.277	benign
P51580	E12Q	0.1297	benign
P51580	E12R	0.1895	benign
P51580	E12S	0.1439	benign
P51580	E12T	0.1357	benign
P51580	E12V	0.1374	benign
P51580	E12W	0.6371	pathogenic
P51580	E12Y	0.3114	benign
P51580	Y13A	0.2061	benign
P51580	Y13C	0.0998	benign
P51580	Y13D	0.1139	benign
P51580	Y13E	0.2634	benign
P51580	Y13F	0.0957	benign
P51580	Y13G	0.1667	benign
P51580	Y13H	0.1458	benign
P51580	Y13I	0.1727	benign
P51580	Y13K	0.2308	benign
P51580	Y13L	0.2387	benign
P51580	Y13M	0.3448	ambiguous
P51580	Y13N	0.0886	benign
P51580	Y13P	0.2674	benign
P51580	Y13Q	0.2555	benign
P51580	Y13R	0.2027	benign
P51580	Y13S	0.111	benign
P51580	Y13T	0.1708	benign
P51580	Y13V	0.154	benign
P51580	Y13W	0.2881	benign
P51580	S14A	0.0774	benign
P51580	S14C	0.0911	benign
P51580	S14D	0.1524	benign
P51580	S14E	0.1665	benign
P51580	S14F	0.1653	benign
P51580	S14G	0.0861	benign
P51580	S14H	0.1507	benign
P51580	S14I	0.1248	benign
P51580	S14K	0.218	benign
P51580	S14L	0.0983	benign
P51580	S14M	0.2059	benign
P51580	S14N	0.1243	benign
P51580	S14P	0.0622	benign
P51580	S14Q	0.1933	benign
P51580	S14R	0.1674	benign
P51580	S14T	0.081	benign
P51580	S14V	0.1321	benign
P51580	S14W	0.1478	benign
P51580	S14Y	0.123	benign
P51580	D15A	0.13	benign
P51580	D15C	0.292	benign
P51580	D15E	0.1539	benign
P51580	D15F	0.3538	ambiguous
P51580	D15G	0.1217	benign
P51580	D15H	0.167	benign
P51580	D15I	0.1953	benign
P51580	D15K	0.2017	benign
P51580	D15L	0.2097	benign
P51580	D15M	0.424	ambiguous
P51580	D15N	0.0962	benign
P51580	D15P	0.2875	benign
P51580	D15Q	0.229	benign
P51580	D15R	0.2085	benign
P51580	D15S	0.1091	benign
P51580	D15T	0.1655	benign
P51580	D15V	0.1364	benign
P51580	D15W	0.6195	pathogenic
P51580	D15Y	0.1274	benign
P51580	T16A	0.0765	benign
P51580	T16C	0.2667	benign
P51580	T16D	0.1663	benign
P51580	T16E	0.1398	benign
P51580	T16F	0.1903	benign
P51580	T16G	0.1637	benign
P51580	T16H	0.1866	benign
P51580	T16I	0.1232	benign
P51580	T16K	0.1265	benign
P51580	T16L	0.1002	benign
P51580	T16M	0.1072	benign
P51580	T16N	0.1081	benign
P51580	T16P	0.0829	benign
P51580	T16Q	0.1676	benign
P51580	T16R	0.1087	benign
P51580	T16S	0.1059	benign
P51580	T16V	0.1143	benign
P51580	T16W	0.3208	benign
P51580	T16Y	0.1826	benign
P51580	E17A	0.0919	benign
P51580	E17C	0.5886	pathogenic
P51580	E17D	0.0972	benign
P51580	E17F	0.4875	ambiguous
P51580	E17G	0.1008	benign
P51580	E17H	0.2662	benign
P51580	E17I	0.2182	benign
P51580	E17K	0.0956	benign
P51580	E17L	0.2271	benign
P51580	E17M	0.2898	benign
P51580	E17N	0.1732	benign
P51580	E17P	0.2515	benign
P51580	E17Q	0.122	benign
P51580	E17R	0.1429	benign
P51580	E17S	0.1404	benign
P51580	E17T	0.1306	benign
P51580	E17V	0.1342	benign
P51580	E17W	0.6323	pathogenic
P51580	E17Y	0.357	ambiguous
P51580	V18A	0.1278	benign
P51580	V18C	0.4869	ambiguous
P51580	V18D	0.1301	benign
P51580	V18E	0.1358	benign
P51580	V18F	0.101	benign
P51580	V18G	0.1142	benign
P51580	V18H	0.3164	benign
P51580	V18I	0.0802	benign
P51580	V18K	0.1689	benign
P51580	V18L	0.1552	benign
P51580	V18M	0.1406	benign
P51580	V18N	0.1518	benign
P51580	V18P	0.2352	benign
P51580	V18Q	0.1922	benign
P51580	V18R	0.1607	benign
P51580	V18S	0.1414	benign
P51580	V18T	0.1435	benign
P51580	V18W	0.449	ambiguous
P51580	V18Y	0.2566	benign
P51580	Q19A	0.3787	ambiguous
P51580	Q19C	0.8192	pathogenic
P51580	Q19D	0.6593	pathogenic
P51580	Q19E	0.1366	benign
P51580	Q19F	0.8353	pathogenic
P51580	Q19G	0.3573	ambiguous
P51580	Q19H	0.6066	pathogenic
P51580	Q19I	0.5789	pathogenic
P51580	Q19K	0.2576	benign
P51580	Q19L	0.2732	benign
P51580	Q19M	0.5187	ambiguous
P51580	Q19N	0.5578	ambiguous
P51580	Q19P	0.2389	benign
P51580	Q19R	0.2451	benign
P51580	Q19S	0.4229	ambiguous
P51580	Q19T	0.3864	ambiguous
P51580	Q19V	0.4278	ambiguous
P51580	Q19W	0.7563	pathogenic
P51580	Q19Y	0.7375	pathogenic
P51580	K20A	0.2442	benign
P51580	K20C	0.5321	ambiguous
P51580	K20D	0.3199	benign
P51580	K20E	0.0864	benign
P51580	K20F	0.6561	pathogenic
P51580	K20G	0.2317	benign
P51580	K20H	0.3033	benign
P51580	K20I	0.2881	benign
P51580	K20L	0.2642	benign
P51580	K20M	0.1921	benign
P51580	K20N	0.2258	benign
P51580	K20P	0.5108	ambiguous
P51580	K20Q	0.1054	benign
P51580	K20R	0.0868	benign
P51580	K20S	0.2733	benign
P51580	K20T	0.1515	benign
P51580	K20V	0.2638	benign
P51580	K20W	0.6109	pathogenic
P51580	K20Y	0.474	ambiguous
P51580	N21A	0.1918	benign
P51580	N21C	0.2522	benign
P51580	N21D	0.0931	benign
P51580	N21E	0.1742	benign
P51580	N21F	0.4059	ambiguous
P51580	N21G	0.1992	benign
P51580	N21H	0.1092	benign
P51580	N21I	0.1903	benign
P51580	N21K	0.1517	benign
P51580	N21L	0.2198	benign
P51580	N21M	0.2863	benign
P51580	N21P	0.3221	benign
P51580	N21Q	0.1934	benign
P51580	N21R	0.1937	benign
P51580	N21S	0.0963	benign
P51580	N21T	0.1196	benign
P51580	N21V	0.1937	benign
P51580	N21W	0.5501	ambiguous
P51580	N21Y	0.1281	benign
P51580	Q22A	0.1622	benign
P51580	Q22C	0.3484	ambiguous
P51580	Q22D	0.2832	benign
P51580	Q22E	0.0767	benign
P51580	Q22F	0.4936	ambiguous
P51580	Q22G	0.1831	benign
P51580	Q22H	0.164	benign
P51580	Q22I	0.2604	benign
P51580	Q22K	0.0846	benign
P51580	Q22L	0.1395	benign
P51580	Q22M	0.3056	benign
P51580	Q22N	0.2485	benign
P51580	Q22P	0.1982	benign
P51580	Q22R	0.0595	benign
P51580	Q22S	0.2011	benign
P51580	Q22T	0.1353	benign
P51580	Q22V	0.1787	benign
P51580	Q22W	0.2841	benign
P51580	Q22Y	0.2968	benign
P51580	V23A	0.1617	benign
P51580	V23C	0.4863	ambiguous
P51580	V23D	0.1429	benign
P51580	V23E	0.1377	benign
P51580	V23F	0.111	benign
P51580	V23G	0.1292	benign
P51580	V23H	0.2833	benign
P51580	V23I	0.0883	benign
P51580	V23K	0.1497	benign
P51580	V23L	0.1839	benign
P51580	V23M	0.1631	benign
P51580	V23N	0.1406	benign
P51580	V23P	0.3142	benign
P51580	V23Q	0.173	benign
P51580	V23R	0.142	benign
P51580	V23S	0.1493	benign
P51580	V23T	0.1651	benign
P51580	V23W	0.5532	ambiguous
P51580	V23Y	0.2772	benign
P51580	L24A	0.3803	ambiguous
P51580	L24C	0.4903	ambiguous
P51580	L24D	0.7762	pathogenic
P51580	L24E	0.4993	ambiguous
P51580	L24F	0.1857	benign
P51580	L24G	0.5832	pathogenic
P51580	L24H	0.3843	ambiguous
P51580	L24I	0.1214	benign
P51580	L24K	0.3113	benign
P51580	L24M	0.1283	benign
P51580	L24N	0.5287	ambiguous
P51580	L24P	0.4542	ambiguous
P51580	L24Q	0.2707	benign
P51580	L24R	0.2368	benign
P51580	L24S	0.4638	ambiguous
P51580	L24T	0.3722	ambiguous
P51580	L24V	0.1023	benign
P51580	L24W	0.2982	benign
P51580	L24Y	0.3915	ambiguous
P51580	T25A	0.1695	benign
P51580	T25C	0.5437	ambiguous
P51580	T25D	0.4021	ambiguous
P51580	T25E	0.3733	ambiguous
P51580	T25F	0.4925	ambiguous
P51580	T25G	0.3139	benign
P51580	T25H	0.312	benign
P51580	T25I	0.5378	ambiguous
P51580	T25K	0.2163	benign
P51580	T25L	0.239	benign
P51580	T25M	0.2035	benign
P51580	T25N	0.1586	benign
P51580	T25P	0.1804	benign
P51580	T25Q	0.2544	benign
P51580	T25R	0.2037	benign
P51580	T25S	0.1248	benign
P51580	T25V	0.4533	ambiguous
P51580	T25W	0.7303	pathogenic
P51580	T25Y	0.4138	ambiguous
P51580	L26A	0.1318	benign
P51580	L26C	0.4974	ambiguous
P51580	L26D	0.4744	ambiguous
P51580	L26E	0.1871	benign
P51580	L26F	0.1609	benign
P51580	L26G	0.3586	ambiguous
P51580	L26H	0.2063	benign
P51580	L26I	0.0992	benign
P51580	L26K	0.1269	benign
P51580	L26M	0.1244	benign
P51580	L26N	0.3298	benign
P51580	L26P	0.0981	benign
P51580	L26Q	0.1157	benign
P51580	L26R	0.1123	benign
P51580	L26S	0.1842	benign
P51580	L26T	0.1349	benign
P51580	L26V	0.0915	benign
P51580	L26W	0.1689	benign
P51580	L26Y	0.3023	benign
P51580	E27A	0.1138	benign
P51580	E27C	0.7067	pathogenic
P51580	E27D	0.1794	benign
P51580	E27F	0.7101	pathogenic
P51580	E27G	0.1182	benign
P51580	E27H	0.3309	benign
P51580	E27I	0.3561	ambiguous
P51580	E27K	0.0905	benign
P51580	E27L	0.3081	benign
P51580	E27M	0.3968	ambiguous
P51580	E27N	0.2776	benign
P51580	E27P	0.4637	ambiguous
P51580	E27Q	0.0922	benign
P51580	E27R	0.1362	benign
P51580	E27S	0.1825	benign
P51580	E27T	0.1777	benign
P51580	E27V	0.2123	benign
P51580	E27W	0.7393	pathogenic
P51580	E27Y	0.5263	ambiguous
P51580	E28A	0.1709	benign
P51580	E28C	0.8226	pathogenic
P51580	E28D	0.1636	benign
P51580	E28F	0.6755	pathogenic
P51580	E28G	0.1568	benign
P51580	E28H	0.5395	ambiguous
P51580	E28I	0.3936	ambiguous
P51580	E28K	0.1956	benign
P51580	E28L	0.4333	ambiguous
P51580	E28M	0.3973	ambiguous
P51580	E28N	0.2992	benign
P51580	E28P	0.8723	pathogenic
P51580	E28Q	0.1344	benign
P51580	E28R	0.3299	benign
P51580	E28S	0.2821	benign
P51580	E28T	0.3031	benign
P51580	E28V	0.2626	benign
P51580	E28W	0.8517	pathogenic
P51580	E28Y	0.5201	ambiguous
P51580	W29A	0.9361	pathogenic
P51580	W29C	0.9618	pathogenic
P51580	W29D	0.9691	pathogenic
P51580	W29E	0.9551	pathogenic
P51580	W29F	0.6724	pathogenic
P51580	W29G	0.8122	pathogenic
P51580	W29H	0.9507	pathogenic
P51580	W29I	0.9141	pathogenic
P51580	W29K	0.9699	pathogenic
P51580	W29L	0.8209	pathogenic
P51580	W29M	0.944	pathogenic
P51580	W29N	0.9664	pathogenic
P51580	W29P	0.9892	pathogenic
P51580	W29Q	0.9718	pathogenic
P51580	W29R	0.9528	pathogenic
P51580	W29S	0.9102	pathogenic
P51580	W29T	0.9417	pathogenic
P51580	W29V	0.925	pathogenic
P51580	W29Y	0.7689	pathogenic
P51580	Q30A	0.2928	benign
P51580	Q30C	0.6102	pathogenic
P51580	Q30D	0.5341	ambiguous
P51580	Q30E	0.0921	benign
P51580	Q30F	0.7409	pathogenic
P51580	Q30G	0.3251	benign
P51580	Q30H	0.2545	benign
P51580	Q30I	0.3937	ambiguous
P51580	Q30K	0.0685	benign
P51580	Q30L	0.1693	benign
P51580	Q30M	0.3823	ambiguous
P51580	Q30N	0.3442	ambiguous
P51580	Q30P	0.6356	pathogenic
P51580	Q30R	0.0829	benign
P51580	Q30S	0.3725	ambiguous
P51580	Q30T	0.2513	benign
P51580	Q30V	0.3093	benign
P51580	Q30W	0.5148	ambiguous
P51580	Q30Y	0.5358	ambiguous
P51580	D31A	0.0909	benign
P51580	D31C	0.3198	benign
P51580	D31E	0.0961	benign
P51580	D31F	0.3994	ambiguous
P51580	D31G	0.0817	benign
P51580	D31H	0.1291	benign
P51580	D31I	0.2391	benign
P51580	D31K	0.1206	benign
P51580	D31L	0.1885	benign
P51580	D31M	0.3557	ambiguous
P51580	D31N	0.0777	benign
P51580	D31P	0.8082	pathogenic
P51580	D31Q	0.1179	benign
P51580	D31R	0.1336	benign
P51580	D31S	0.0883	benign
P51580	D31T	0.1448	benign
P51580	D31V	0.1367	benign
P51580	D31W	0.5935	pathogenic
P51580	D31Y	0.1262	benign
P51580	K32A	0.6083	pathogenic
P51580	K32C	0.5544	ambiguous
P51580	K32D	0.8516	pathogenic
P51580	K32E	0.4794	ambiguous
P51580	K32F	0.7524	pathogenic
P51580	K32G	0.6849	pathogenic
P51580	K32H	0.3963	ambiguous
P51580	K32I	0.506	ambiguous
P51580	K32L	0.4319	ambiguous
P51580	K32M	0.3047	benign
P51580	K32N	0.6988	pathogenic
P51580	K32P	0.9543	pathogenic
P51580	K32Q	0.2689	benign
P51580	K32R	0.078	benign
P51580	K32S	0.719	pathogenic
P51580	K32T	0.4392	ambiguous
P51580	K32V	0.5521	ambiguous
P51580	K32W	0.704	pathogenic
P51580	K32Y	0.5692	pathogenic
P51580	W33A	0.9034	pathogenic
P51580	W33C	0.9576	pathogenic
P51580	W33D	0.9659	pathogenic
P51580	W33E	0.9576	pathogenic
P51580	W33F	0.58	pathogenic
P51580	W33G	0.7667	pathogenic
P51580	W33H	0.9368	pathogenic
P51580	W33I	0.8636	pathogenic
P51580	W33K	0.9685	pathogenic
P51580	W33L	0.7616	pathogenic
P51580	W33M	0.9227	pathogenic
P51580	W33N	0.97	pathogenic
P51580	W33P	0.978	pathogenic
P51580	W33Q	0.9764	pathogenic
P51580	W33R	0.9402	pathogenic
P51580	W33S	0.8997	pathogenic
P51580	W33T	0.9219	pathogenic
P51580	W33V	0.8763	pathogenic
P51580	W33Y	0.7289	pathogenic
P51580	V34A	0.1158	benign
P51580	V34C	0.4941	ambiguous
P51580	V34D	0.1622	benign
P51580	V34E	0.1042	benign
P51580	V34F	0.1445	benign
P51580	V34G	0.1192	benign
P51580	V34H	0.256	benign
P51580	V34I	0.0911	benign
P51580	V34K	0.0823	benign
P51580	V34L	0.1563	benign
P51580	V34M	0.1439	benign
P51580	V34N	0.1397	benign
P51580	V34P	0.7253	pathogenic
P51580	V34Q	0.1084	benign
P51580	V34R	0.0767	benign
P51580	V34S	0.1357	benign
P51580	V34T	0.1506	benign
P51580	V34W	0.5784	pathogenic
P51580	V34Y	0.3349	benign
P51580	N35A	0.1347	benign
P51580	N35C	0.1878	benign
P51580	N35D	0.1283	benign
P51580	N35E	0.196	benign
P51580	N35F	0.4063	ambiguous
P51580	N35G	0.1975	benign
P51580	N35H	0.0713	benign
P51580	N35I	0.2049	benign
P51580	N35K	0.1231	benign
P51580	N35L	0.1785	benign
P51580	N35M	0.2418	benign
P51580	N35P	0.688	pathogenic
P51580	N35Q	0.158	benign
P51580	N35R	0.1287	benign
P51580	N35S	0.0721	benign
P51580	N35T	0.1046	benign
P51580	N35V	0.2142	benign
P51580	N35W	0.5441	ambiguous
P51580	N35Y	0.1331	benign
P51580	G36A	0.3064	benign
P51580	G36C	0.2635	benign
P51580	G36D	0.2573	benign
P51580	G36E	0.2237	benign
P51580	G36F	0.7966	pathogenic
P51580	G36H	0.2367	benign
P51580	G36I	0.6741	pathogenic
P51580	G36K	0.1845	benign
P51580	G36L	0.6381	pathogenic
P51580	G36M	0.693	pathogenic
P51580	G36N	0.3085	benign
P51580	G36P	0.9361	pathogenic
P51580	G36Q	0.1749	benign
P51580	G36R	0.1076	benign
P51580	G36S	0.2052	benign
P51580	G36T	0.4351	ambiguous
P51580	G36V	0.5514	ambiguous
P51580	G36W	0.4741	ambiguous
P51580	G36Y	0.5211	ambiguous
P51580	K37A	0.3601	ambiguous
P51580	K37C	0.5529	ambiguous
P51580	K37D	0.3252	benign
P51580	K37E	0.1449	benign
P51580	K37F	0.6587	pathogenic
P51580	K37G	0.4345	ambiguous
P51580	K37H	0.2425	benign
P51580	K37I	0.2975	benign
P51580	K37L	0.3396	benign
P51580	K37M	0.2162	benign
P51580	K37N	0.2182	benign
P51580	K37P	0.8756	pathogenic
P51580	K37Q	0.1233	benign
P51580	K37R	0.0865	benign
P51580	K37S	0.3638	ambiguous
P51580	K37T	0.2151	benign
P51580	K37V	0.2976	benign
P51580	K37W	0.6454	pathogenic
P51580	K37Y	0.4512	ambiguous
P51580	T38A	0.2188	benign
P51580	T38C	0.6755	pathogenic
P51580	T38D	0.7148	pathogenic
P51580	T38E	0.5925	pathogenic
P51580	T38F	0.5699	pathogenic
P51580	T38G	0.5299	ambiguous
P51580	T38H	0.5796	pathogenic
P51580	T38I	0.15	benign
P51580	T38K	0.2598	benign
P51580	T38L	0.1438	benign
P51580	T38M	0.1534	benign
P51580	T38N	0.3164	benign
P51580	T38P	0.2284	benign
P51580	T38Q	0.4788	ambiguous
P51580	T38R	0.23	benign
P51580	T38S	0.387	ambiguous
P51580	T38V	0.205	benign
P51580	T38W	0.812	pathogenic
P51580	T38Y	0.5309	ambiguous
P51580	A39C	0.4173	ambiguous
P51580	A39D	0.2283	benign
P51580	A39E	0.2786	benign
P51580	A39F	0.3129	benign
P51580	A39G	0.0934	benign
P51580	A39H	0.3641	ambiguous
P51580	A39I	0.2681	benign
P51580	A39K	0.3401	ambiguous
P51580	A39L	0.2037	benign
P51580	A39M	0.2991	benign
P51580	A39N	0.2242	benign
P51580	A39P	0.1765	benign
P51580	A39Q	0.3038	benign
P51580	A39R	0.2589	benign
P51580	A39S	0.0954	benign
P51580	A39T	0.1127	benign
P51580	A39V	0.1574	benign
P51580	A39W	0.5973	pathogenic
P51580	A39Y	0.3657	ambiguous
P51580	F40A	0.943	pathogenic
P51580	F40C	0.9049	pathogenic
P51580	F40D	0.9747	pathogenic
P51580	F40E	0.9879	pathogenic
P51580	F40G	0.9678	pathogenic
P51580	F40H	0.9239	pathogenic
P51580	F40I	0.8612	pathogenic
P51580	F40K	0.9869	pathogenic
P51580	F40L	0.9904	pathogenic
P51580	F40M	0.9459	pathogenic
P51580	F40N	0.9672	pathogenic
P51580	F40P	0.9886	pathogenic
P51580	F40Q	0.9785	pathogenic
P51580	F40R	0.9596	pathogenic
P51580	F40S	0.9028	pathogenic
P51580	F40T	0.9631	pathogenic
P51580	F40V	0.8768	pathogenic
P51580	F40W	0.3351	benign
P51580	F40Y	0.4635	ambiguous
P51580	H41A	0.9356	pathogenic
P51580	H41C	0.6338	pathogenic
P51580	H41D	0.8607	pathogenic
P51580	H41E	0.9297	pathogenic
P51580	H41F	0.8014	pathogenic
P51580	H41G	0.9087	pathogenic
P51580	H41I	0.8932	pathogenic
P51580	H41K	0.8986	pathogenic
P51580	H41L	0.5813	pathogenic
P51580	H41M	0.9451	pathogenic
P51580	H41N	0.629	pathogenic
P51580	H41P	0.643	pathogenic
P51580	H41Q	0.7651	pathogenic
P51580	H41R	0.6668	pathogenic
P51580	H41S	0.8308	pathogenic
P51580	H41T	0.9233	pathogenic
P51580	H41V	0.9006	pathogenic
P51580	H41W	0.673	pathogenic
P51580	H41Y	0.4897	ambiguous
P51580	Q42A	0.2526	benign
P51580	Q42C	0.6256	pathogenic
P51580	Q42D	0.5482	ambiguous
P51580	Q42E	0.0962	benign
P51580	Q42F	0.7381	pathogenic
P51580	Q42G	0.2817	benign
P51580	Q42H	0.3807	ambiguous
P51580	Q42I	0.4112	ambiguous
P51580	Q42K	0.0892	benign
P51580	Q42L	0.1459	benign
P51580	Q42M	0.337	benign
P51580	Q42N	0.4438	ambiguous
P51580	Q42P	0.4639	ambiguous
P51580	Q42R	0.0889	benign
P51580	Q42S	0.3335	benign
P51580	Q42T	0.2668	benign
P51580	Q42V	0.2596	benign
P51580	Q42W	0.537	ambiguous
P51580	Q42Y	0.5966	pathogenic
P51580	E43A	0.095	benign
P51580	E43C	0.6376	pathogenic
P51580	E43D	0.1432	benign
P51580	E43F	0.5507	ambiguous
P51580	E43G	0.0899	benign
P51580	E43H	0.2881	benign
P51580	E43I	0.2284	benign
P51580	E43K	0.0743	benign
P51580	E43L	0.2255	benign
P51580	E43M	0.3165	benign
P51580	E43N	0.2062	benign
P51580	E43P	0.1792	benign
P51580	E43Q	0.0972	benign
P51580	E43R	0.122	benign
P51580	E43S	0.1357	benign
P51580	E43T	0.1428	benign
P51580	E43V	0.1345	benign
P51580	E43W	0.7411	pathogenic
P51580	E43Y	0.3952	ambiguous
P51580	Q44A	0.1308	benign
P51580	Q44C	0.4558	ambiguous
P51580	Q44D	0.2135	benign
P51580	Q44E	0.0643	benign
P51580	Q44F	0.49	ambiguous
P51580	Q44G	0.1497	benign
P51580	Q44H	0.1637	benign
P51580	Q44I	0.2305	benign
P51580	Q44K	0.0676	benign
P51580	Q44L	0.1258	benign
P51580	Q44M	0.2728	benign
P51580	Q44N	0.1796	benign
P51580	Q44P	0.1613	benign
P51580	Q44R	0.0845	benign
P51580	Q44S	0.1483	benign
P51580	Q44T	0.1188	benign
P51580	Q44V	0.1663	benign
P51580	Q44W	0.3285	benign
P51580	Q44Y	0.3114	benign
P51580	G45A	0.2498	benign
P51580	G45C	0.3451	ambiguous
P51580	G45D	0.6298	pathogenic
P51580	G45E	0.4435	ambiguous
P51580	G45F	0.7657	pathogenic
P51580	G45H	0.7915	pathogenic
P51580	G45I	0.3737	ambiguous
P51580	G45K	0.7412	pathogenic
P51580	G45L	0.6919	pathogenic
P51580	G45M	0.7249	pathogenic
P51580	G45N	0.7057	pathogenic
P51580	G45P	0.6844	pathogenic
P51580	G45Q	0.6574	pathogenic
P51580	G45R	0.6338	pathogenic
P51580	G45S	0.2867	benign
P51580	G45T	0.4013	ambiguous
P51580	G45V	0.2651	benign
P51580	G45W	0.5982	pathogenic
P51580	G45Y	0.6456	pathogenic
P51580	H46A	0.8287	pathogenic
P51580	H46C	0.4403	ambiguous
P51580	H46D	0.649	pathogenic
P51580	H46E	0.812	pathogenic
P51580	H46F	0.6956	pathogenic
P51580	H46G	0.8127	pathogenic
P51580	H46I	0.7821	pathogenic
P51580	H46K	0.8172	pathogenic
P51580	H46L	0.4725	ambiguous
P51580	H46M	0.8428	pathogenic
P51580	H46N	0.2154	benign
P51580	H46P	0.4074	ambiguous
P51580	H46Q	0.7283	pathogenic
P51580	H46R	0.692	pathogenic
P51580	H46S	0.5635	ambiguous
P51580	H46T	0.7934	pathogenic
P51580	H46V	0.815	pathogenic
P51580	H46W	0.6701	pathogenic
P51580	H46Y	0.3106	benign
P51580	Q47A	0.1285	benign
P51580	Q47C	0.4458	ambiguous
P51580	Q47D	0.2409	benign
P51580	Q47E	0.0775	benign
P51580	Q47F	0.4462	ambiguous
P51580	Q47G	0.1716	benign
P51580	Q47H	0.1472	benign
P51580	Q47I	0.2078	benign
P51580	Q47K	0.0726	benign
P51580	Q47L	0.0979	benign
P51580	Q47M	0.277	benign
P51580	Q47N	0.2114	benign
P51580	Q47P	0.0677	benign
P51580	Q47R	0.0746	benign
P51580	Q47S	0.1432	benign
P51580	Q47T	0.1301	benign
P51580	Q47V	0.1523	benign
P51580	Q47W	0.3101	benign
P51580	Q47Y	0.2931	benign
P51580	L48A	0.4437	ambiguous
P51580	L48C	0.6289	pathogenic
P51580	L48D	0.8124	pathogenic
P51580	L48E	0.6392	pathogenic
P51580	L48F	0.1755	benign
P51580	L48G	0.6024	pathogenic
P51580	L48H	0.3495	ambiguous
P51580	L48I	0.1713	benign
P51580	L48K	0.4517	ambiguous
P51580	L48M	0.1678	benign
P51580	L48N	0.5412	ambiguous
P51580	L48P	0.5637	ambiguous
P51580	L48Q	0.3211	benign
P51580	L48R	0.3544	ambiguous
P51580	L48S	0.5324	ambiguous
P51580	L48T	0.5095	ambiguous
P51580	L48V	0.2024	benign
P51580	L48W	0.2739	benign
P51580	L48Y	0.3427	ambiguous
P51580	L49A	0.7748	pathogenic
P51580	L49C	0.8094	pathogenic
P51580	L49D	0.989	pathogenic
P51580	L49E	0.9361	pathogenic
P51580	L49F	0.4247	ambiguous
P51580	L49G	0.9055	pathogenic
P51580	L49H	0.8678	pathogenic
P51580	L49I	0.3335	benign
P51580	L49K	0.885	pathogenic
P51580	L49M	0.3367	benign
P51580	L49N	0.9606	pathogenic
P51580	L49P	0.8319	pathogenic
P51580	L49Q	0.7621	pathogenic
P51580	L49R	0.771	pathogenic
P51580	L49S	0.9257	pathogenic
P51580	L49T	0.8465	pathogenic
P51580	L49V	0.3454	ambiguous
P51580	L49W	0.658	pathogenic
P51580	L49Y	0.8752	pathogenic
P51580	K50A	0.334	benign
P51580	K50C	0.5514	ambiguous
P51580	K50D	0.6245	pathogenic
P51580	K50E	0.1121	benign
P51580	K50F	0.7135	pathogenic
P51580	K50G	0.3799	ambiguous
P51580	K50H	0.3498	ambiguous
P51580	K50I	0.2571	benign
P51580	K50L	0.2329	benign
P51580	K50M	0.171	benign
P51580	K50N	0.4248	ambiguous
P51580	K50P	0.7485	pathogenic
P51580	K50Q	0.0954	benign
P51580	K50R	0.0804	benign
P51580	K50S	0.4128	ambiguous
P51580	K50T	0.1981	benign
P51580	K50V	0.2504	benign
P51580	K50W	0.6334	pathogenic
P51580	K50Y	0.5775	pathogenic
P51580	K51A	0.4314	ambiguous
P51580	K51C	0.7145	pathogenic
P51580	K51D	0.5476	ambiguous
P51580	K51E	0.2007	benign
P51580	K51F	0.8147	pathogenic
P51580	K51G	0.5096	ambiguous
P51580	K51H	0.3967	ambiguous
P51580	K51I	0.406	ambiguous
P51580	K51L	0.4028	ambiguous
P51580	K51M	0.2488	benign
P51580	K51N	0.358	ambiguous
P51580	K51P	0.8812	pathogenic
P51580	K51Q	0.1604	benign
P51580	K51R	0.0969	benign
P51580	K51S	0.4585	ambiguous
P51580	K51T	0.2139	benign
P51580	K51V	0.4184	ambiguous
P51580	K51W	0.7812	pathogenic
P51580	K51Y	0.6123	pathogenic
P51580	H52A	0.8267	pathogenic
P51580	H52C	0.3614	ambiguous
P51580	H52D	0.7222	pathogenic
P51580	H52E	0.7149	pathogenic
P51580	H52F	0.3497	ambiguous
P51580	H52G	0.757	pathogenic
P51580	H52I	0.6952	pathogenic
P51580	H52K	0.6744	pathogenic
P51580	H52L	0.4342	ambiguous
P51580	H52M	0.8324	pathogenic
P51580	H52N	0.2529	benign
P51580	H52P	0.7312	pathogenic
P51580	H52Q	0.5637	ambiguous
P51580	H52R	0.3721	ambiguous
P51580	H52S	0.6521	pathogenic
P51580	H52T	0.7557	pathogenic
P51580	H52V	0.6477	pathogenic
P51580	H52W	0.3515	ambiguous
P51580	H52Y	0.0836	benign
P51580	L53A	0.2359	benign
P51580	L53C	0.5034	ambiguous
P51580	L53D	0.7912	pathogenic
P51580	L53E	0.3732	ambiguous
P51580	L53F	0.1513	benign
P51580	L53G	0.5577	ambiguous
P51580	L53H	0.3081	benign
P51580	L53I	0.1019	benign
P51580	L53K	0.3423	ambiguous
P51580	L53M	0.1315	benign
P51580	L53N	0.6212	pathogenic
P51580	L53P	0.6909	pathogenic
P51580	L53Q	0.2136	benign
P51580	L53R	0.2511	benign
P51580	L53S	0.3057	benign
P51580	L53T	0.2264	benign
P51580	L53V	0.1171	benign
P51580	L53W	0.191	benign
P51580	L53Y	0.3703	ambiguous
P51580	D54A	0.1545	benign
P51580	D54C	0.4792	ambiguous
P51580	D54E	0.1819	benign
P51580	D54F	0.5716	pathogenic
P51580	D54G	0.1128	benign
P51580	D54H	0.1759	benign
P51580	D54I	0.4073	ambiguous
P51580	D54K	0.2645	benign
P51580	D54L	0.3506	ambiguous
P51580	D54M	0.6264	pathogenic
P51580	D54N	0.1156	benign
P51580	D54P	0.3042	benign
P51580	D54Q	0.2608	benign
P51580	D54R	0.2737	benign
P51580	D54S	0.1334	benign
P51580	D54T	0.2662	benign
P51580	D54V	0.2215	benign
P51580	D54W	0.774	pathogenic
P51580	D54Y	0.2001	benign
P51580	T55A	0.0801	benign
P51580	T55C	0.2769	benign
P51580	T55D	0.1736	benign
P51580	T55E	0.1755	benign
P51580	T55F	0.183	benign
P51580	T55G	0.2096	benign
P51580	T55H	0.1555	benign
P51580	T55I	0.0979	benign
P51580	T55K	0.1188	benign
P51580	T55L	0.0851	benign
P51580	T55M	0.1072	benign
P51580	T55N	0.0943	benign
P51580	T55P	0.159	benign
P51580	T55Q	0.1791	benign
P51580	T55R	0.0946	benign
P51580	T55S	0.1066	benign
P51580	T55V	0.1039	benign
P51580	T55W	0.4394	ambiguous
P51580	T55Y	0.1714	benign
P51580	F56A	0.6708	pathogenic
P51580	F56C	0.4016	ambiguous
P51580	F56D	0.9429	pathogenic
P51580	F56E	0.9423	pathogenic
P51580	F56G	0.8935	pathogenic
P51580	F56H	0.8227	pathogenic
P51580	F56I	0.1883	benign
P51580	F56K	0.9431	pathogenic
P51580	F56L	0.7147	pathogenic
P51580	F56M	0.5119	ambiguous
P51580	F56N	0.876	pathogenic
P51580	F56P	0.974	pathogenic
P51580	F56Q	0.9173	pathogenic
P51580	F56R	0.8913	pathogenic
P51580	F56S	0.7212	pathogenic
P51580	F56T	0.7452	pathogenic
P51580	F56V	0.2047	benign
P51580	F56W	0.6043	pathogenic
P51580	F56Y	0.3096	benign
P51580	L57A	0.4982	ambiguous
P51580	L57C	0.5413	ambiguous
P51580	L57D	0.8701	pathogenic
P51580	L57E	0.5778	pathogenic
P51580	L57F	0.2233	benign
P51580	L57G	0.6683	pathogenic
P51580	L57H	0.4806	ambiguous
P51580	L57I	0.1526	benign
P51580	L57K	0.5455	ambiguous
P51580	L57M	0.1828	benign
P51580	L57N	0.7089	pathogenic
P51580	L57P	0.6439	pathogenic
P51580	L57Q	0.349	ambiguous
P51580	L57R	0.4001	ambiguous
P51580	L57S	0.4972	ambiguous
P51580	L57T	0.3022	benign
P51580	L57V	0.1573	benign
P51580	L57W	0.3549	ambiguous
P51580	L57Y	0.6392	pathogenic
P51580	K58A	0.1545	benign
P51580	K58C	0.3806	ambiguous
P51580	K58D	0.182	benign
P51580	K58E	0.0759	benign
P51580	K58F	0.5682	pathogenic
P51580	K58G	0.1623	benign
P51580	K58H	0.1665	benign
P51580	K58I	0.2842	benign
P51580	K58L	0.2149	benign
P51580	K58M	0.1804	benign
P51580	K58N	0.138	benign
P51580	K58P	0.357	ambiguous
P51580	K58Q	0.0875	benign
P51580	K58R	0.0739	benign
P51580	K58S	0.1616	benign
P51580	K58T	0.1292	benign
P51580	K58V	0.2382	benign
P51580	K58W	0.5378	ambiguous
P51580	K58Y	0.3652	ambiguous
P51580	G59A	0.2858	benign
P51580	G59C	0.3115	benign
P51580	G59D	0.1478	benign
P51580	G59E	0.1862	benign
P51580	G59F	0.7557	pathogenic
P51580	G59H	0.4398	ambiguous
P51580	G59I	0.5832	pathogenic
P51580	G59K	0.3946	ambiguous
P51580	G59L	0.6736	pathogenic
P51580	G59M	0.6882	pathogenic
P51580	G59N	0.2545	benign
P51580	G59P	0.7892	pathogenic
P51580	G59Q	0.3516	ambiguous
P51580	G59R	0.3132	benign
P51580	G59S	0.1801	benign
P51580	G59T	0.3343	benign
P51580	G59V	0.3872	ambiguous
P51580	G59W	0.4628	ambiguous
P51580	G59Y	0.4718	ambiguous
P51580	K60A	0.2466	benign
P51580	K60C	0.464	ambiguous
P51580	K60D	0.3074	benign
P51580	K60E	0.0953	benign
P51580	K60F	0.6024	pathogenic
P51580	K60G	0.2809	benign
P51580	K60H	0.2378	benign
P51580	K60I	0.25	benign
P51580	K60L	0.2764	benign
P51580	K60M	0.2109	benign
P51580	K60N	0.2142	benign
P51580	K60P	0.6839	pathogenic
P51580	K60Q	0.0961	benign
P51580	K60R	0.0735	benign
P51580	K60S	0.2547	benign
P51580	K60T	0.1487	benign
P51580	K60V	0.2332	benign
P51580	K60W	0.6497	pathogenic
P51580	K60Y	0.4439	ambiguous
P51580	S61A	0.0891	benign
P51580	S61C	0.0957	benign
P51580	S61D	0.129	benign
P51580	S61E	0.1442	benign
P51580	S61F	0.2178	benign
P51580	S61G	0.0908	benign
P51580	S61H	0.1279	benign
P51580	S61I	0.1268	benign
P51580	S61K	0.1442	benign
P51580	S61L	0.1148	benign
P51580	S61M	0.1767	benign
P51580	S61N	0.0759	benign
P51580	S61P	0.1095	benign
P51580	S61Q	0.1657	benign
P51580	S61R	0.1288	benign
P51580	S61T	0.0778	benign
P51580	S61V	0.1434	benign
P51580	S61W	0.2284	benign
P51580	S61Y	0.1293	benign
P51580	G62A	0.1558	benign
P51580	G62C	0.1783	benign
P51580	G62D	0.1463	benign
P51580	G62E	0.1513	benign
P51580	G62F	0.5203	ambiguous
P51580	G62H	0.2362	benign
P51580	G62I	0.3489	ambiguous
P51580	G62K	0.2169	benign
P51580	G62L	0.3841	ambiguous
P51580	G62M	0.4687	ambiguous
P51580	G62N	0.1947	benign
P51580	G62P	0.6761	pathogenic
P51580	G62Q	0.1956	benign
P51580	G62R	0.1414	benign
P51580	G62S	0.1128	benign
P51580	G62T	0.1957	benign
P51580	G62V	0.2393	benign
P51580	G62W	0.3502	ambiguous
P51580	G62Y	0.3473	ambiguous
P51580	L63A	0.2732	benign
P51580	L63C	0.3948	ambiguous
P51580	L63D	0.6989	pathogenic
P51580	L63E	0.3618	ambiguous
P51580	L63F	0.1716	benign
P51580	L63G	0.4609	ambiguous
P51580	L63H	0.2697	benign
P51580	L63I	0.1246	benign
P51580	L63K	0.2135	benign
P51580	L63M	0.1402	benign
P51580	L63N	0.4067	ambiguous
P51580	L63P	0.4884	ambiguous
P51580	L63Q	0.1683	benign
P51580	L63R	0.1714	benign
P51580	L63S	0.2761	benign
P51580	L63T	0.2647	benign
P51580	L63V	0.1265	benign
P51580	L63W	0.2644	benign
P51580	L63Y	0.4041	ambiguous
P51580	R64A	0.5766	pathogenic
P51580	R64C	0.1758	benign
P51580	R64D	0.7956	pathogenic
P51580	R64E	0.5208	ambiguous
P51580	R64F	0.7727	pathogenic
P51580	R64G	0.4202	ambiguous
P51580	R64H	0.1358	benign
P51580	R64I	0.4965	ambiguous
P51580	R64K	0.153	benign
P51580	R64L	0.3979	ambiguous
P51580	R64M	0.4724	ambiguous
P51580	R64N	0.6885	pathogenic
P51580	R64P	0.8073	pathogenic
P51580	R64Q	0.1333	benign
P51580	R64S	0.5867	pathogenic
P51580	R64T	0.3158	benign
P51580	R64V	0.5521	ambiguous
P51580	R64W	0.2872	benign
P51580	R64Y	0.5807	pathogenic
P51580	V65A	0.6604	pathogenic
P51580	V65C	0.8229	pathogenic
P51580	V65D	0.9422	pathogenic
P51580	V65E	0.9309	pathogenic
P51580	V65F	0.3886	ambiguous
P51580	V65G	0.6157	pathogenic
P51580	V65H	0.964	pathogenic
P51580	V65I	0.0959	benign
P51580	V65K	0.9519	pathogenic
P51580	V65L	0.3984	ambiguous
P51580	V65M	0.4608	ambiguous
P51580	V65N	0.8876	pathogenic
P51580	V65P	0.9094	pathogenic
P51580	V65Q	0.9364	pathogenic
P51580	V65R	0.9064	pathogenic
P51580	V65S	0.8068	pathogenic
P51580	V65T	0.788	pathogenic
P51580	V65W	0.9577	pathogenic
P51580	V65Y	0.854	pathogenic
P51580	F66A	0.9021	pathogenic
P51580	F66C	0.6471	pathogenic
P51580	F66D	0.986	pathogenic
P51580	F66E	0.9927	pathogenic
P51580	F66G	0.9341	pathogenic
P51580	F66H	0.941	pathogenic
P51580	F66I	0.5713	pathogenic
P51580	F66K	0.9874	pathogenic
P51580	F66L	0.814	pathogenic
P51580	F66M	0.8109	pathogenic
P51580	F66N	0.9645	pathogenic
P51580	F66P	0.9895	pathogenic
P51580	F66Q	0.9847	pathogenic
P51580	F66R	0.9618	pathogenic
P51580	F66S	0.9018	pathogenic
P51580	F66T	0.9583	pathogenic
P51580	F66V	0.641	pathogenic
P51580	F66W	0.7582	pathogenic
P51580	F66Y	0.4054	ambiguous
P51580	F67A	0.9492	pathogenic
P51580	F67C	0.6682	pathogenic
P51580	F67D	0.9911	pathogenic
P51580	F67E	0.9897	pathogenic
P51580	F67G	0.9835	pathogenic
P51580	F67H	0.9157	pathogenic
P51580	F67I	0.4344	ambiguous
P51580	F67K	0.9843	pathogenic
P51580	F67L	0.9009	pathogenic
P51580	F67M	0.8323	pathogenic
P51580	F67N	0.9701	pathogenic
P51580	F67P	0.9923	pathogenic
P51580	F67Q	0.9703	pathogenic
P51580	F67R	0.9571	pathogenic
P51580	F67S	0.8924	pathogenic
P51580	F67T	0.9433	pathogenic
P51580	F67V	0.4026	ambiguous
P51580	F67W	0.8357	pathogenic
P51580	F67Y	0.5424	ambiguous
P51580	P68A	0.7399	pathogenic
P51580	P68C	0.9334	pathogenic
P51580	P68D	0.9888	pathogenic
P51580	P68E	0.9734	pathogenic
P51580	P68F	0.9767	pathogenic
P51580	P68G	0.9463	pathogenic
P51580	P68H	0.8918	pathogenic
P51580	P68I	0.9417	pathogenic
P51580	P68K	0.9735	pathogenic
P51580	P68L	0.6345	pathogenic
P51580	P68M	0.9659	pathogenic
P51580	P68N	0.9798	pathogenic
P51580	P68Q	0.9223	pathogenic
P51580	P68R	0.8815	pathogenic
P51580	P68S	0.8593	pathogenic
P51580	P68T	0.8212	pathogenic
P51580	P68V	0.8905	pathogenic
P51580	P68W	0.9875	pathogenic
P51580	P68Y	0.9771	pathogenic
P51580	L69A	0.7295	pathogenic
P51580	L69C	0.6394	pathogenic
P51580	L69D	0.976	pathogenic
P51580	L69E	0.9192	pathogenic
P51580	L69F	0.3662	ambiguous
P51580	L69G	0.7952	pathogenic
P51580	L69H	0.759	pathogenic
P51580	L69I	0.5781	pathogenic
P51580	L69K	0.7941	pathogenic
P51580	L69M	0.2957	benign
P51580	L69N	0.8788	pathogenic
P51580	L69P	0.8313	pathogenic
P51580	L69Q	0.6857	pathogenic
P51580	L69R	0.6633	pathogenic
P51580	L69S	0.8297	pathogenic
P51580	L69T	0.7987	pathogenic
P51580	L69V	0.4843	ambiguous
P51580	L69W	0.7433	pathogenic
P51580	L69Y	0.8156	pathogenic
P51580	C70A	0.7731	pathogenic
P51580	C70D	0.9844	pathogenic
P51580	C70E	0.9938	pathogenic
P51580	C70F	0.8682	pathogenic
P51580	C70G	0.6311	pathogenic
P51580	C70H	0.9641	pathogenic
P51580	C70I	0.9702	pathogenic
P51580	C70K	0.9933	pathogenic
P51580	C70L	0.9156	pathogenic
P51580	C70M	0.9657	pathogenic
P51580	C70N	0.9674	pathogenic
P51580	C70P	0.9777	pathogenic
P51580	C70Q	0.9804	pathogenic
P51580	C70R	0.9291	pathogenic
P51580	C70S	0.7023	pathogenic
P51580	C70T	0.9121	pathogenic
P51580	C70V	0.9167	pathogenic
P51580	C70W	0.9507	pathogenic
P51580	C70Y	0.937	pathogenic
P51580	G71A	0.8351	pathogenic
P51580	G71C	0.8217	pathogenic
P51580	G71D	0.9086	pathogenic
P51580	G71E	0.8793	pathogenic
P51580	G71F	0.9766	pathogenic
P51580	G71H	0.9607	pathogenic
P51580	G71I	0.9821	pathogenic
P51580	G71K	0.9198	pathogenic
P51580	G71L	0.9721	pathogenic
P51580	G71M	0.9851	pathogenic
P51580	G71N	0.9637	pathogenic
P51580	G71P	0.9863	pathogenic
P51580	G71Q	0.8999	pathogenic
P51580	G71R	0.7043	pathogenic
P51580	G71S	0.6583	pathogenic
P51580	G71T	0.942	pathogenic
P51580	G71V	0.9567	pathogenic
P51580	G71W	0.8634	pathogenic
P51580	G71Y	0.9709	pathogenic
P51580	K72A	0.9458	pathogenic
P51580	K72C	0.9674	pathogenic
P51580	K72D	0.9677	pathogenic
P51580	K72E	0.8483	pathogenic
P51580	K72F	0.986	pathogenic
P51580	K72G	0.9444	pathogenic
P51580	K72H	0.887	pathogenic
P51580	K72I	0.9587	pathogenic
P51580	K72L	0.9176	pathogenic
P51580	K72M	0.8084	pathogenic
P51580	K72N	0.9304	pathogenic
P51580	K72P	0.9866	pathogenic
P51580	K72Q	0.7412	pathogenic
P51580	K72R	0.2343	benign
P51580	K72S	0.9536	pathogenic
P51580	K72T	0.8927	pathogenic
P51580	K72V	0.9546	pathogenic
P51580	K72W	0.9805	pathogenic
P51580	K72Y	0.9631	pathogenic
P51580	A73C	0.6557	pathogenic
P51580	A73D	0.737	pathogenic
P51580	A73E	0.7436	pathogenic
P51580	A73F	0.8934	pathogenic
P51580	A73G	0.316	benign
P51580	A73H	0.893	pathogenic
P51580	A73I	0.8622	pathogenic
P51580	A73K	0.9258	pathogenic
P51580	A73L	0.6994	pathogenic
P51580	A73M	0.6887	pathogenic
P51580	A73N	0.7379	pathogenic
P51580	A73P	0.905	pathogenic
P51580	A73Q	0.7984	pathogenic
P51580	A73R	0.8496	pathogenic
P51580	A73S	0.1635	benign
P51580	A73T	0.2363	benign
P51580	A73V	0.4866	ambiguous
P51580	A73W	0.9654	pathogenic
P51580	A73Y	0.9175	pathogenic
P51580	V74A	0.241	benign
P51580	V74C	0.7841	pathogenic
P51580	V74D	0.5517	ambiguous
P51580	V74E	0.3886	ambiguous
P51580	V74F	0.2935	benign
P51580	V74G	0.302	benign
P51580	V74H	0.7114	pathogenic
P51580	V74I	0.0956	benign
P51580	V74K	0.335	benign
P51580	V74L	0.263	benign
P51580	V74M	0.1973	benign
P51580	V74N	0.4392	ambiguous
P51580	V74P	0.565	pathogenic
P51580	V74Q	0.3821	ambiguous
P51580	V74R	0.271	benign
P51580	V74S	0.3517	ambiguous
P51580	V74T	0.2667	benign
P51580	V74W	0.856	pathogenic
P51580	V74Y	0.7442	pathogenic
P51580	E75A	0.85	pathogenic
P51580	E75C	0.9749	pathogenic
P51580	E75D	0.3339	benign
P51580	E75F	0.9963	pathogenic
P51580	E75G	0.7814	pathogenic
P51580	E75H	0.9666	pathogenic
P51580	E75I	0.9814	pathogenic
P51580	E75K	0.8776	pathogenic
P51580	E75L	0.9806	pathogenic
P51580	E75M	0.9826	pathogenic
P51580	E75N	0.9357	pathogenic
P51580	E75P	0.9672	pathogenic
P51580	E75Q	0.8148	pathogenic
P51580	E75R	0.9124	pathogenic
P51580	E75S	0.8813	pathogenic
P51580	E75T	0.9464	pathogenic
P51580	E75V	0.9401	pathogenic
P51580	E75W	0.9955	pathogenic
P51580	E75Y	0.9847	pathogenic
P51580	M76A	0.9522	pathogenic
P51580	M76C	0.9716	pathogenic
P51580	M76D	0.9947	pathogenic
P51580	M76E	0.9593	pathogenic
P51580	M76F	0.9162	pathogenic
P51580	M76G	0.9715	pathogenic
P51580	M76H	0.9879	pathogenic
P51580	M76I	0.7944	pathogenic
P51580	M76K	0.8773	pathogenic
P51580	M76L	0.372	ambiguous
P51580	M76N	0.9632	pathogenic
P51580	M76P	0.9876	pathogenic
P51580	M76Q	0.8722	pathogenic
P51580	M76R	0.9123	pathogenic
P51580	M76S	0.9692	pathogenic
P51580	M76T	0.9459	pathogenic
P51580	M76V	0.505	ambiguous
P51580	M76W	0.9843	pathogenic
P51580	M76Y	0.9796	pathogenic
P51580	K77A	0.544	ambiguous
P51580	K77C	0.8133	pathogenic
P51580	K77D	0.9154	pathogenic
P51580	K77E	0.4305	ambiguous
P51580	K77F	0.9171	pathogenic
P51580	K77G	0.6615	pathogenic
P51580	K77H	0.6091	pathogenic
P51580	K77I	0.4926	ambiguous
P51580	K77L	0.4999	ambiguous
P51580	K77M	0.3845	ambiguous
P51580	K77N	0.7225	pathogenic
P51580	K77P	0.8972	pathogenic
P51580	K77Q	0.2205	benign
P51580	K77R	0.1098	benign
P51580	K77S	0.7098	pathogenic
P51580	K77T	0.4332	ambiguous
P51580	K77V	0.4833	ambiguous
P51580	K77W	0.9114	pathogenic
P51580	K77Y	0.8487	pathogenic
P51580	W78A	0.7278	pathogenic
P51580	W78C	0.8002	pathogenic
P51580	W78D	0.841	pathogenic
P51580	W78E	0.8665	pathogenic
P51580	W78F	0.3309	benign
P51580	W78G	0.5803	pathogenic
P51580	W78H	0.8164	pathogenic
P51580	W78I	0.7043	pathogenic
P51580	W78K	0.9365	pathogenic
P51580	W78L	0.5013	ambiguous
P51580	W78M	0.7331	pathogenic
P51580	W78N	0.8778	pathogenic
P51580	W78P	0.9612	pathogenic
P51580	W78Q	0.9152	pathogenic
P51580	W78R	0.9031	pathogenic
P51580	W78S	0.6364	pathogenic
P51580	W78T	0.7333	pathogenic
P51580	W78V	0.6832	pathogenic
P51580	W78Y	0.4242	ambiguous
P51580	F79A	0.8868	pathogenic
P51580	F79C	0.6844	pathogenic
P51580	F79D	0.975	pathogenic
P51580	F79E	0.9732	pathogenic
P51580	F79G	0.9578	pathogenic
P51580	F79H	0.9249	pathogenic
P51580	F79I	0.4652	ambiguous
P51580	F79K	0.9738	pathogenic
P51580	F79L	0.7578	pathogenic
P51580	F79M	0.6505	pathogenic
P51580	F79N	0.9526	pathogenic
P51580	F79P	0.9885	pathogenic
P51580	F79Q	0.9683	pathogenic
P51580	F79R	0.9514	pathogenic
P51580	F79S	0.9322	pathogenic
P51580	F79T	0.9333	pathogenic
P51580	F79V	0.5401	ambiguous
P51580	F79W	0.6832	pathogenic
P51580	F79Y	0.4851	ambiguous
P51580	A80C	0.4492	ambiguous
P51580	A80D	0.6152	pathogenic
P51580	A80E	0.5243	ambiguous
P51580	A80F	0.4906	ambiguous
P51580	A80G	0.2127	benign
P51580	A80H	0.5697	pathogenic
P51580	A80I	0.4879	ambiguous
P51580	A80K	0.7377	pathogenic
P51580	A80L	0.3513	ambiguous
P51580	A80M	0.4537	ambiguous
P51580	A80N	0.593	pathogenic
P51580	A80P	0.8779	pathogenic
P51580	A80Q	0.5484	ambiguous
P51580	A80R	0.5208	ambiguous
P51580	A80S	0.107	benign
P51580	A80T	0.1586	benign
P51580	A80V	0.2141	benign
P51580	A80W	0.7651	pathogenic
P51580	A80Y	0.5798	pathogenic
P51580	D81A	0.2077	benign
P51580	D81C	0.5925	pathogenic
P51580	D81E	0.2051	benign
P51580	D81F	0.7097	pathogenic
P51580	D81G	0.1768	benign
P51580	D81H	0.3568	ambiguous
P51580	D81I	0.5277	ambiguous
P51580	D81K	0.3773	ambiguous
P51580	D81L	0.452	ambiguous
P51580	D81M	0.7146	pathogenic
P51580	D81N	0.1339	benign
P51580	D81P	0.92	pathogenic
P51580	D81Q	0.3572	ambiguous
P51580	D81R	0.3846	ambiguous
P51580	D81S	0.161	benign
P51580	D81T	0.3756	ambiguous
P51580	D81V	0.3043	benign
P51580	D81W	0.88	pathogenic
P51580	D81Y	0.2718	benign
P51580	R82A	0.2106	benign
P51580	R82C	0.1009	benign
P51580	R82D	0.4446	ambiguous
P51580	R82E	0.1966	benign
P51580	R82F	0.3576	ambiguous
P51580	R82G	0.1579	benign
P51580	R82H	0.0832	benign
P51580	R82I	0.1568	benign
P51580	R82K	0.0918	benign
P51580	R82L	0.095	benign
P51580	R82M	0.1132	benign
P51580	R82N	0.3407	ambiguous
P51580	R82P	0.7987	pathogenic
P51580	R82Q	0.0661	benign
P51580	R82S	0.2696	benign
P51580	R82T	0.1578	benign
P51580	R82V	0.2495	benign
P51580	R82W	0.13	benign
P51580	R82Y	0.2816	benign
P51580	G83A	0.6191	pathogenic
P51580	G83C	0.5152	ambiguous
P51580	G83D	0.4076	ambiguous
P51580	G83E	0.5026	ambiguous
P51580	G83F	0.9306	pathogenic
P51580	G83H	0.7469	pathogenic
P51580	G83I	0.8761	pathogenic
P51580	G83K	0.646	pathogenic
P51580	G83L	0.9048	pathogenic
P51580	G83M	0.9045	pathogenic
P51580	G83N	0.5642	pathogenic
P51580	G83P	0.9789	pathogenic
P51580	G83Q	0.6194	pathogenic
P51580	G83R	0.5342	ambiguous
P51580	G83S	0.3369	benign
P51580	G83T	0.7237	pathogenic
P51580	G83V	0.7973	pathogenic
P51580	G83W	0.8138	pathogenic
P51580	G83Y	0.828	pathogenic
P51580	H84A	0.8411	pathogenic
P51580	H84C	0.2517	benign
P51580	H84D	0.7805	pathogenic
P51580	H84E	0.9079	pathogenic
P51580	H84F	0.4277	ambiguous
P51580	H84G	0.8658	pathogenic
P51580	H84I	0.6583	pathogenic
P51580	H84K	0.8785	pathogenic
P51580	H84L	0.3214	benign
P51580	H84M	0.7491	pathogenic
P51580	H84N	0.3983	ambiguous
P51580	H84P	0.7838	pathogenic
P51580	H84Q	0.7869	pathogenic
P51580	H84R	0.6682	pathogenic
P51580	H84S	0.7988	pathogenic
P51580	H84T	0.9115	pathogenic
P51580	H84V	0.6877	pathogenic
P51580	H84W	0.6265	pathogenic
P51580	H84Y	0.1729	benign
P51580	S85A	0.0923	benign
P51580	S85C	0.0891	benign
P51580	S85D	0.2206	benign
P51580	S85E	0.2653	benign
P51580	S85F	0.1636	benign
P51580	S85G	0.125	benign
P51580	S85H	0.1828	benign
P51580	S85I	0.1546	benign
P51580	S85K	0.3561	ambiguous
P51580	S85L	0.1093	benign
P51580	S85M	0.2097	benign
P51580	S85N	0.1283	benign
P51580	S85P	0.3664	ambiguous
P51580	S85Q	0.2957	benign
P51580	S85R	0.2487	benign
P51580	S85T	0.078	benign
P51580	S85V	0.1665	benign
P51580	S85W	0.2217	benign
P51580	S85Y	0.1291	benign
P51580	V86A	0.5572	ambiguous
P51580	V86C	0.9236	pathogenic
P51580	V86D	0.9597	pathogenic
P51580	V86E	0.9371	pathogenic
P51580	V86F	0.7325	pathogenic
P51580	V86G	0.7709	pathogenic
P51580	V86H	0.9812	pathogenic
P51580	V86I	0.1124	benign
P51580	V86K	0.9536	pathogenic
P51580	V86L	0.6747	pathogenic
P51580	V86M	0.6095	pathogenic
P51580	V86N	0.9241	pathogenic
P51580	V86P	0.8799	pathogenic
P51580	V86Q	0.9475	pathogenic
P51580	V86R	0.9099	pathogenic
P51580	V86S	0.7773	pathogenic
P51580	V86T	0.6099	pathogenic
P51580	V86W	0.9906	pathogenic
P51580	V86Y	0.969	pathogenic
P51580	V87A	0.1925	benign
P51580	V87C	0.7883	pathogenic
P51580	V87D	0.7671	pathogenic
P51580	V87E	0.716	pathogenic
P51580	V87F	0.317	benign
P51580	V87G	0.5094	ambiguous
P51580	V87H	0.8448	pathogenic
P51580	V87I	0.1094	benign
P51580	V87K	0.8078	pathogenic
P51580	V87L	0.4949	ambiguous
P51580	V87M	0.3542	ambiguous
P51580	V87N	0.748	pathogenic
P51580	V87P	0.9541	pathogenic
P51580	V87Q	0.7639	pathogenic
P51580	V87R	0.6695	pathogenic
P51580	V87S	0.3928	ambiguous
P51580	V87T	0.1779	benign
P51580	V87W	0.9042	pathogenic
P51580	V87Y	0.7775	pathogenic
P51580	G88A	0.442	ambiguous
P51580	G88C	0.7719	pathogenic
P51580	G88D	0.9192	pathogenic
P51580	G88E	0.9303	pathogenic
P51580	G88F	0.9808	pathogenic
P51580	G88H	0.9865	pathogenic
P51580	G88I	0.948	pathogenic
P51580	G88K	0.9766	pathogenic
P51580	G88L	0.9568	pathogenic
P51580	G88M	0.9787	pathogenic
P51580	G88N	0.9818	pathogenic
P51580	G88P	0.9918	pathogenic
P51580	G88Q	0.9686	pathogenic
P51580	G88R	0.8974	pathogenic
P51580	G88S	0.6609	pathogenic
P51580	G88T	0.9043	pathogenic
P51580	G88V	0.8688	pathogenic
P51580	G88W	0.942	pathogenic
P51580	G88Y	0.9775	pathogenic
P51580	V89A	0.2672	benign
P51580	V89C	0.7651	pathogenic
P51580	V89D	0.8898	pathogenic
P51580	V89E	0.8604	pathogenic
P51580	V89F	0.5831	pathogenic
P51580	V89G	0.4466	ambiguous
P51580	V89H	0.9565	pathogenic
P51580	V89I	0.1208	benign
P51580	V89K	0.908	pathogenic
P51580	V89L	0.4879	ambiguous
P51580	V89M	0.3729	ambiguous
P51580	V89N	0.7559	pathogenic
P51580	V89P	0.9698	pathogenic
P51580	V89Q	0.8711	pathogenic
P51580	V89R	0.8444	pathogenic
P51580	V89S	0.5049	ambiguous
P51580	V89T	0.4353	ambiguous
P51580	V89W	0.9722	pathogenic
P51580	V89Y	0.9103	pathogenic
P51580	E90A	0.8837	pathogenic
P51580	E90C	0.9762	pathogenic
P51580	E90D	0.3197	benign
P51580	E90F	0.9965	pathogenic
P51580	E90G	0.7921	pathogenic
P51580	E90H	0.9661	pathogenic
P51580	E90I	0.9798	pathogenic
P51580	E90K	0.7894	pathogenic
P51580	E90L	0.9747	pathogenic
P51580	E90M	0.9777	pathogenic
P51580	E90N	0.9175	pathogenic
P51580	E90P	0.9877	pathogenic
P51580	E90Q	0.8413	pathogenic
P51580	E90R	0.8515	pathogenic
P51580	E90S	0.8974	pathogenic
P51580	E90T	0.9384	pathogenic
P51580	E90V	0.9338	pathogenic
P51580	E90W	0.9959	pathogenic
P51580	E90Y	0.9873	pathogenic
P51580	I91A	0.5394	ambiguous
P51580	I91C	0.6522	pathogenic
P51580	I91D	0.8897	pathogenic
P51580	I91E	0.877	pathogenic
P51580	I91F	0.1832	benign
P51580	I91G	0.7008	pathogenic
P51580	I91H	0.7957	pathogenic
P51580	I91K	0.6979	pathogenic
P51580	I91L	0.2033	benign
P51580	I91M	0.1746	benign
P51580	I91N	0.4968	ambiguous
P51580	I91P	0.8674	pathogenic
P51580	I91Q	0.789	pathogenic
P51580	I91R	0.6113	pathogenic
P51580	I91S	0.5379	ambiguous
P51580	I91T	0.5791	pathogenic
P51580	I91V	0.1534	benign
P51580	I91W	0.8084	pathogenic
P51580	I91Y	0.5082	ambiguous
P51580	S92A	0.1857	benign
P51580	S92C	0.1513	benign
P51580	S92D	0.906	pathogenic
P51580	S92E	0.9093	pathogenic
P51580	S92F	0.7477	pathogenic
P51580	S92G	0.4305	ambiguous
P51580	S92H	0.8149	pathogenic
P51580	S92I	0.5101	ambiguous
P51580	S92K	0.9795	pathogenic
P51580	S92L	0.3688	ambiguous
P51580	S92M	0.6159	pathogenic
P51580	S92N	0.5936	pathogenic
P51580	S92P	0.859	pathogenic
P51580	S92Q	0.8987	pathogenic
P51580	S92R	0.9372	pathogenic
P51580	S92T	0.3225	benign
P51580	S92V	0.3861	ambiguous
P51580	S92W	0.7204	pathogenic
P51580	S92Y	0.6506	pathogenic
P51580	E93A	0.1652	benign
P51580	E93C	0.7921	pathogenic
P51580	E93D	0.2684	benign
P51580	E93F	0.7634	pathogenic
P51580	E93G	0.1734	benign
P51580	E93H	0.4368	ambiguous
P51580	E93I	0.3997	ambiguous
P51580	E93K	0.0983	benign
P51580	E93L	0.3806	ambiguous
P51580	E93M	0.4692	ambiguous
P51580	E93N	0.4049	ambiguous
P51580	E93P	0.3607	ambiguous
P51580	E93Q	0.1227	benign
P51580	E93R	0.1572	benign
P51580	E93S	0.255	benign
P51580	E93T	0.2847	benign
P51580	E93V	0.2334	benign
P51580	E93W	0.8835	pathogenic
P51580	E93Y	0.6107	pathogenic
P51580	L94A	0.1194	benign
P51580	L94C	0.3829	ambiguous
P51580	L94D	0.4864	ambiguous
P51580	L94E	0.231	benign
P51580	L94F	0.1906	benign
P51580	L94G	0.3629	ambiguous
P51580	L94H	0.1583	benign
P51580	L94I	0.0715	benign
P51580	L94K	0.0688	benign
P51580	L94M	0.1086	benign
P51580	L94N	0.2539	benign
P51580	L94P	0.31	benign
P51580	L94Q	0.092	benign
P51580	L94R	0.067	benign
P51580	L94S	0.1853	benign
P51580	L94T	0.1053	benign
P51580	L94V	0.0834	benign
P51580	L94W	0.2288	benign
P51580	L94Y	0.3276	benign
P51580	G95A	0.1023	benign
P51580	G95C	0.4822	ambiguous
P51580	G95D	0.8873	pathogenic
P51580	G95E	0.857	pathogenic
P51580	G95F	0.9703	pathogenic
P51580	G95H	0.9499	pathogenic
P51580	G95I	0.846	pathogenic
P51580	G95K	0.9433	pathogenic
P51580	G95L	0.8532	pathogenic
P51580	G95M	0.9296	pathogenic
P51580	G95N	0.9171	pathogenic
P51580	G95P	0.7489	pathogenic
P51580	G95Q	0.8951	pathogenic
P51580	G95R	0.8338	pathogenic
P51580	G95S	0.3436	ambiguous
P51580	G95T	0.6777	pathogenic
P51580	G95V	0.6295	pathogenic
P51580	G95W	0.9321	pathogenic
P51580	G95Y	0.9516	pathogenic
P51580	I96A	0.7841	pathogenic
P51580	I96C	0.7023	pathogenic
P51580	I96D	0.9714	pathogenic
P51580	I96E	0.949	pathogenic
P51580	I96F	0.5827	pathogenic
P51580	I96G	0.9233	pathogenic
P51580	I96H	0.9079	pathogenic
P51580	I96K	0.8425	pathogenic
P51580	I96L	0.1682	benign
P51580	I96M	0.2471	benign
P51580	I96N	0.6567	pathogenic
P51580	I96P	0.9347	pathogenic
P51580	I96Q	0.8771	pathogenic
P51580	I96R	0.7602	pathogenic
P51580	I96S	0.755	pathogenic
P51580	I96T	0.7429	pathogenic
P51580	I96V	0.1717	benign
P51580	I96W	0.9548	pathogenic
P51580	I96Y	0.8808	pathogenic
P51580	Q97A	0.2583	benign
P51580	Q97C	0.3787	ambiguous
P51580	Q97D	0.5578	ambiguous
P51580	Q97E	0.1075	benign
P51580	Q97F	0.6521	pathogenic
P51580	Q97G	0.2571	benign
P51580	Q97H	0.2123	benign
P51580	Q97I	0.329	benign
P51580	Q97K	0.0639	benign
P51580	Q97L	0.1361	benign
P51580	Q97M	0.3293	benign
P51580	Q97N	0.4158	ambiguous
P51580	Q97P	0.6438	pathogenic
P51580	Q97R	0.0545	benign
P51580	Q97S	0.3054	benign
P51580	Q97T	0.2006	benign
P51580	Q97V	0.2598	benign
P51580	Q97W	0.3246	benign
P51580	Q97Y	0.4566	ambiguous
P51580	E98A	0.135	benign
P51580	E98C	0.8686	pathogenic
P51580	E98D	0.2017	benign
P51580	E98F	0.8849	pathogenic
P51580	E98G	0.1878	benign
P51580	E98H	0.582	pathogenic
P51580	E98I	0.6452	pathogenic
P51580	E98K	0.2538	benign
P51580	E98L	0.5075	ambiguous
P51580	E98M	0.5422	ambiguous
P51580	E98N	0.3584	ambiguous
P51580	E98P	0.9526	pathogenic
P51580	E98Q	0.1301	benign
P51580	E98R	0.3759	ambiguous
P51580	E98S	0.2412	benign
P51580	E98T	0.3625	ambiguous
P51580	E98V	0.447	ambiguous
P51580	E98W	0.9436	pathogenic
P51580	E98Y	0.7639	pathogenic
P51580	F99A	0.9682	pathogenic
P51580	F99C	0.8963	pathogenic
P51580	F99D	0.9856	pathogenic
P51580	F99E	0.9929	pathogenic
P51580	F99G	0.9801	pathogenic
P51580	F99H	0.9524	pathogenic
P51580	F99I	0.7901	pathogenic
P51580	F99K	0.9888	pathogenic
P51580	F99L	0.9837	pathogenic
P51580	F99M	0.9381	pathogenic
P51580	F99N	0.9605	pathogenic
P51580	F99P	0.9985	pathogenic
P51580	F99Q	0.9906	pathogenic
P51580	F99R	0.9737	pathogenic
P51580	F99S	0.9603	pathogenic
P51580	F99T	0.9702	pathogenic
P51580	F99V	0.8037	pathogenic
P51580	F99W	0.7593	pathogenic
P51580	F99Y	0.2786	benign
P51580	F100A	0.9367	pathogenic
P51580	F100C	0.7508	pathogenic
P51580	F100D	0.9862	pathogenic
P51580	F100E	0.9885	pathogenic
P51580	F100G	0.9603	pathogenic
P51580	F100H	0.8833	pathogenic
P51580	F100I	0.7669	pathogenic
P51580	F100K	0.98	pathogenic
P51580	F100L	0.9418	pathogenic
P51580	F100M	0.8686	pathogenic
P51580	F100N	0.9617	pathogenic
P51580	F100P	0.9941	pathogenic
P51580	F100Q	0.9693	pathogenic
P51580	F100R	0.9389	pathogenic
P51580	F100S	0.911	pathogenic
P51580	F100T	0.9634	pathogenic
P51580	F100V	0.7655	pathogenic
P51580	F100W	0.7269	pathogenic
P51580	F100Y	0.3646	ambiguous
P51580	T101A	0.0685	benign
P51580	T101C	0.3022	benign
P51580	T101D	0.2545	benign
P51580	T101E	0.1589	benign
P51580	T101F	0.2402	benign
P51580	T101G	0.214	benign
P51580	T101H	0.1459	benign
P51580	T101I	0.1335	benign
P51580	T101K	0.0825	benign
P51580	T101L	0.0871	benign
P51580	T101M	0.0972	benign
P51580	T101N	0.1158	benign
P51580	T101P	0.4325	ambiguous
P51580	T101Q	0.1235	benign
P51580	T101R	0.0616	benign
P51580	T101S	0.0973	benign
P51580	T101V	0.121	benign
P51580	T101W	0.4392	ambiguous
P51580	T101Y	0.2391	benign
P51580	E102A	0.2752	benign
P51580	E102C	0.8939	pathogenic
P51580	E102D	0.2792	benign
P51580	E102F	0.914	pathogenic
P51580	E102G	0.1985	benign
P51580	E102H	0.6622	pathogenic
P51580	E102I	0.7141	pathogenic
P51580	E102K	0.2321	benign
P51580	E102L	0.6616	pathogenic
P51580	E102M	0.7243	pathogenic
P51580	E102N	0.4974	ambiguous
P51580	E102P	0.943	pathogenic
P51580	E102Q	0.1967	benign
P51580	E102R	0.3347	benign
P51580	E102S	0.3049	benign
P51580	E102T	0.4796	ambiguous
P51580	E102V	0.5225	ambiguous
P51580	E102W	0.953	pathogenic
P51580	E102Y	0.8367	pathogenic
P51580	Q103A	0.4392	ambiguous
P51580	Q103C	0.6829	pathogenic
P51580	Q103D	0.7725	pathogenic
P51580	Q103E	0.1314	benign
P51580	Q103F	0.8794	pathogenic
P51580	Q103G	0.3755	ambiguous
P51580	Q103H	0.3571	ambiguous
P51580	Q103I	0.7207	pathogenic
P51580	Q103K	0.2824	benign
P51580	Q103L	0.3699	ambiguous
P51580	Q103M	0.541	ambiguous
P51580	Q103N	0.2312	benign
P51580	Q103P	0.7673	pathogenic
P51580	Q103R	0.2242	benign
P51580	Q103S	0.4465	ambiguous
P51580	Q103T	0.5321	ambiguous
P51580	Q103V	0.5563	ambiguous
P51580	Q103W	0.6795	pathogenic
P51580	Q103Y	0.6365	pathogenic
P51580	N104A	0.2407	benign
P51580	N104C	0.2648	benign
P51580	N104D	0.1132	benign
P51580	N104E	0.2607	benign
P51580	N104F	0.5493	ambiguous
P51580	N104G	0.1861	benign
P51580	N104H	0.1114	benign
P51580	N104I	0.3151	benign
P51580	N104K	0.1592	benign
P51580	N104L	0.2967	benign
P51580	N104M	0.3566	ambiguous
P51580	N104P	0.7447	pathogenic
P51580	N104Q	0.2367	benign
P51580	N104R	0.2164	benign
P51580	N104S	0.1139	benign
P51580	N104T	0.1974	benign
P51580	N104V	0.3194	benign
P51580	N104W	0.74	pathogenic
P51580	N104Y	0.1874	benign
P51580	L105A	0.591	pathogenic
P51580	L105C	0.5849	pathogenic
P51580	L105D	0.8727	pathogenic
P51580	L105E	0.6286	pathogenic
P51580	L105F	0.2073	benign
P51580	L105G	0.8209	pathogenic
P51580	L105H	0.4388	ambiguous
P51580	L105I	0.0746	benign
P51580	L105K	0.5264	ambiguous
P51580	L105M	0.1545	benign
P51580	L105N	0.7122	pathogenic
P51580	L105P	0.8245	pathogenic
P51580	L105Q	0.3748	ambiguous
P51580	L105R	0.3868	ambiguous
P51580	L105S	0.653	pathogenic
P51580	L105T	0.4925	ambiguous
P51580	L105V	0.1282	benign
P51580	L105W	0.4252	ambiguous
P51580	L105Y	0.5399	ambiguous
P51580	S106A	0.0853	benign
P51580	S106C	0.0979	benign
P51580	S106D	0.2099	benign
P51580	S106E	0.2463	benign
P51580	S106F	0.1686	benign
P51580	S106G	0.1236	benign
P51580	S106H	0.1889	benign
P51580	S106I	0.1305	benign
P51580	S106K	0.3201	benign
P51580	S106L	0.0819	benign
P51580	S106M	0.2081	benign
P51580	S106N	0.133	benign
P51580	S106P	0.0729	benign
P51580	S106Q	0.2621	benign
P51580	S106R	0.2538	benign
P51580	S106T	0.0853	benign
P51580	S106V	0.1438	benign
P51580	S106W	0.2179	benign
P51580	S106Y	0.1505	benign
P51580	Y107A	0.5891	pathogenic
P51580	Y107C	0.1238	benign
P51580	Y107D	0.603	pathogenic
P51580	Y107E	0.8774	pathogenic
P51580	Y107F	0.0874	benign
P51580	Y107G	0.5592	ambiguous
P51580	Y107H	0.2357	benign
P51580	Y107I	0.5227	ambiguous
P51580	Y107K	0.7486	pathogenic
P51580	Y107L	0.5979	pathogenic
P51580	Y107M	0.7715	pathogenic
P51580	Y107N	0.4047	ambiguous
P51580	Y107P	0.6485	pathogenic
P51580	Y107Q	0.72	pathogenic
P51580	Y107R	0.5449	ambiguous
P51580	Y107S	0.3232	benign
P51580	Y107T	0.6415	pathogenic
P51580	Y107V	0.4153	ambiguous
P51580	Y107W	0.3451	ambiguous
P51580	S108A	0.0899	benign
P51580	S108C	0.0942	benign
P51580	S108D	0.2321	benign
P51580	S108E	0.2292	benign
P51580	S108F	0.1486	benign
P51580	S108G	0.121	benign
P51580	S108H	0.173	benign
P51580	S108I	0.1138	benign
P51580	S108K	0.2699	benign
P51580	S108L	0.0842	benign
P51580	S108M	0.1735	benign
P51580	S108N	0.1215	benign
P51580	S108P	0.5323	ambiguous
P51580	S108Q	0.2574	benign
P51580	S108R	0.1947	benign
P51580	S108T	0.0622	benign
P51580	S108V	0.1321	benign
P51580	S108W	0.2067	benign
P51580	S108Y	0.1454	benign
P51580	E109A	0.1539	benign
P51580	E109C	0.6988	pathogenic
P51580	E109D	0.4157	ambiguous
P51580	E109F	0.7747	pathogenic
P51580	E109G	0.2432	benign
P51580	E109H	0.4981	ambiguous
P51580	E109I	0.2806	benign
P51580	E109K	0.0913	benign
P51580	E109L	0.3705	ambiguous
P51580	E109M	0.3774	ambiguous
P51580	E109N	0.5039	ambiguous
P51580	E109P	0.7159	pathogenic
P51580	E109Q	0.1186	benign
P51580	E109R	0.1579	benign
P51580	E109S	0.2525	benign
P51580	E109T	0.1969	benign
P51580	E109V	0.1416	benign
P51580	E109W	0.8842	pathogenic
P51580	E109Y	0.6881	pathogenic
P51580	E110A	0.1433	benign
P51580	E110C	0.695	pathogenic
P51580	E110D	0.1821	benign
P51580	E110F	0.5651	pathogenic
P51580	E110G	0.1445	benign
P51580	E110H	0.3475	ambiguous
P51580	E110I	0.2081	benign
P51580	E110K	0.1029	benign
P51580	E110L	0.2991	benign
P51580	E110M	0.3026	benign
P51580	E110N	0.2435	benign
P51580	E110P	0.8306	pathogenic
P51580	E110Q	0.1164	benign
P51580	E110R	0.1999	benign
P51580	E110S	0.1989	benign
P51580	E110T	0.1566	benign
P51580	E110V	0.1355	benign
P51580	E110W	0.818	pathogenic
P51580	E110Y	0.4391	ambiguous
P51580	P111A	0.0777	benign
P51580	P111C	0.2732	benign
P51580	P111D	0.1885	benign
P51580	P111E	0.1621	benign
P51580	P111F	0.2732	benign
P51580	P111G	0.2151	benign
P51580	P111H	0.1227	benign
P51580	P111I	0.1651	benign
P51580	P111K	0.1433	benign
P51580	P111L	0.0919	benign
P51580	P111M	0.179	benign
P51580	P111N	0.1629	benign
P51580	P111Q	0.1081	benign
P51580	P111R	0.1167	benign
P51580	P111S	0.0999	benign
P51580	P111T	0.0716	benign
P51580	P111V	0.1364	benign
P51580	P111W	0.3773	ambiguous
P51580	P111Y	0.2501	benign
P51580	I112A	0.2718	benign
P51580	I112C	0.5046	ambiguous
P51580	I112D	0.4755	ambiguous
P51580	I112E	0.4627	ambiguous
P51580	I112F	0.1561	benign
P51580	I112G	0.5377	ambiguous
P51580	I112H	0.4598	ambiguous
P51580	I112K	0.3666	ambiguous
P51580	I112L	0.0954	benign
P51580	I112M	0.0918	benign
P51580	I112N	0.217	benign
P51580	I112P	0.6851	pathogenic
P51580	I112Q	0.3754	ambiguous
P51580	I112R	0.2681	benign
P51580	I112S	0.2478	benign
P51580	I112T	0.2543	benign
P51580	I112V	0.0684	benign
P51580	I112W	0.699	pathogenic
P51580	I112Y	0.4627	ambiguous
P51580	T113A	0.0738	benign
P51580	T113C	0.2914	benign
P51580	T113D	0.2071	benign
P51580	T113E	0.162	benign
P51580	T113F	0.2174	benign
P51580	T113G	0.1696	benign
P51580	T113H	0.169	benign
P51580	T113I	0.1184	benign
P51580	T113K	0.1121	benign
P51580	T113L	0.0847	benign
P51580	T113M	0.0928	benign
P51580	T113N	0.108	benign
P51580	T113P	0.0671	benign
P51580	T113Q	0.1486	benign
P51580	T113R	0.0994	benign
P51580	T113S	0.0973	benign
P51580	T113V	0.1047	benign
P51580	T113W	0.3956	ambiguous
P51580	T113Y	0.2258	benign
P51580	E114A	0.1046	benign
P51580	E114C	0.6003	pathogenic
P51580	E114D	0.1034	benign
P51580	E114F	0.5914	pathogenic
P51580	E114G	0.0712	benign
P51580	E114H	0.2659	benign
P51580	E114I	0.2874	benign
P51580	E114K	0.0982	benign
P51580	E114L	0.2993	benign
P51580	E114M	0.3505	ambiguous
P51580	E114N	0.1716	benign
P51580	E114P	0.3455	ambiguous
P51580	E114Q	0.116	benign
P51580	E114R	0.149	benign
P51580	E114S	0.1336	benign
P51580	E114T	0.1488	benign
P51580	E114V	0.1721	benign
P51580	E114W	0.7059	pathogenic
P51580	E114Y	0.4085	ambiguous
P51580	I115A	0.3991	ambiguous
P51580	I115C	0.592	pathogenic
P51580	I115D	0.4642	ambiguous
P51580	I115E	0.42	ambiguous
P51580	I115F	0.1195	benign
P51580	I115G	0.5314	ambiguous
P51580	I115H	0.3609	ambiguous
P51580	I115K	0.2259	benign
P51580	I115L	0.108	benign
P51580	I115M	0.0935	benign
P51580	I115N	0.1335	benign
P51580	I115P	0.6813	pathogenic
P51580	I115Q	0.3361	benign
P51580	I115R	0.2192	benign
P51580	I115S	0.239	benign
P51580	I115T	0.29	benign
P51580	I115V	0.1379	benign
P51580	I115W	0.6087	pathogenic
P51580	I115Y	0.3012	benign
P51580	P116A	0.0797	benign
P51580	P116C	0.3122	benign
P51580	P116D	0.2783	benign
P51580	P116E	0.2095	benign
P51580	P116F	0.3656	ambiguous
P51580	P116G	0.222	benign
P51580	P116H	0.1441	benign
P51580	P116I	0.2396	benign
P51580	P116K	0.193	benign
P51580	P116L	0.1099	benign
P51580	P116M	0.2643	benign
P51580	P116N	0.248	benign
P51580	P116Q	0.138	benign
P51580	P116R	0.1278	benign
P51580	P116S	0.1005	benign
P51580	P116T	0.0876	benign
P51580	P116V	0.1811	benign
P51580	P116W	0.4413	ambiguous
P51580	P116Y	0.3146	benign
P51580	G117A	0.1806	benign
P51580	G117C	0.2279	benign
P51580	G117D	0.1508	benign
P51580	G117E	0.1732	benign
P51580	G117F	0.5778	pathogenic
P51580	G117H	0.3218	benign
P51580	G117I	0.3931	ambiguous
P51580	G117K	0.2866	benign
P51580	G117L	0.4891	ambiguous
P51580	G117M	0.5121	ambiguous
P51580	G117N	0.2295	benign
P51580	G117P	0.7648	pathogenic
P51580	G117Q	0.2604	benign
P51580	G117R	0.2061	benign
P51580	G117S	0.1405	benign
P51580	G117T	0.224	benign
P51580	G117V	0.2648	benign
P51580	G117W	0.3839	ambiguous
P51580	G117Y	0.3825	ambiguous
P51580	T118A	0.0591	benign
P51580	T118C	0.2349	benign
P51580	T118D	0.4292	ambiguous
P51580	T118E	0.3331	benign
P51580	T118F	0.281	benign
P51580	T118G	0.1051	benign
P51580	T118H	0.2915	benign
P51580	T118I	0.2007	benign
P51580	T118K	0.2034	benign
P51580	T118L	0.1509	benign
P51580	T118M	0.1268	benign
P51580	T118N	0.1732	benign
P51580	T118P	0.3517	ambiguous
P51580	T118Q	0.2386	benign
P51580	T118R	0.1639	benign
P51580	T118S	0.1098	benign
P51580	T118V	0.1417	benign
P51580	T118W	0.5582	ambiguous
P51580	T118Y	0.2676	benign
P51580	K119A	0.4669	ambiguous
P51580	K119C	0.7101	pathogenic
P51580	K119D	0.6971	pathogenic
P51580	K119E	0.2878	benign
P51580	K119F	0.8427	pathogenic
P51580	K119G	0.5601	ambiguous
P51580	K119H	0.3973	ambiguous
P51580	K119I	0.464	ambiguous
P51580	K119L	0.467	ambiguous
P51580	K119M	0.3091	benign
P51580	K119N	0.5185	ambiguous
P51580	K119P	0.8389	pathogenic
P51580	K119Q	0.2241	benign
P51580	K119R	0.0871	benign
P51580	K119S	0.5126	ambiguous
P51580	K119T	0.1992	benign
P51580	K119V	0.3792	ambiguous
P51580	K119W	0.7686	pathogenic
P51580	K119Y	0.6989	pathogenic
P51580	V120A	0.2745	benign
P51580	V120C	0.635	pathogenic
P51580	V120D	0.6224	pathogenic
P51580	V120E	0.4121	ambiguous
P51580	V120F	0.215	benign
P51580	V120G	0.3178	benign
P51580	V120H	0.6382	pathogenic
P51580	V120I	0.0838	benign
P51580	V120K	0.3969	ambiguous
P51580	V120L	0.1524	benign
P51580	V120M	0.1757	benign
P51580	V120N	0.5009	ambiguous
P51580	V120P	0.8515	pathogenic
P51580	V120Q	0.4287	ambiguous
P51580	V120R	0.3216	benign
P51580	V120S	0.4147	ambiguous
P51580	V120T	0.3448	ambiguous
P51580	V120W	0.78	pathogenic
P51580	V120Y	0.4956	ambiguous
P51580	F121A	0.9136	pathogenic
P51580	F121C	0.6135	pathogenic
P51580	F121D	0.9811	pathogenic
P51580	F121E	0.9728	pathogenic
P51580	F121G	0.948	pathogenic
P51580	F121H	0.7793	pathogenic
P51580	F121I	0.5353	ambiguous
P51580	F121K	0.9291	pathogenic
P51580	F121L	0.9017	pathogenic
P51580	F121M	0.8209	pathogenic
P51580	F121N	0.9428	pathogenic
P51580	F121P	0.9952	pathogenic
P51580	F121Q	0.9235	pathogenic
P51580	F121R	0.8322	pathogenic
P51580	F121S	0.8691	pathogenic
P51580	F121T	0.9219	pathogenic
P51580	F121V	0.5805	pathogenic
P51580	F121W	0.4424	ambiguous
P51580	F121Y	0.1715	benign
P51580	K122A	0.5555	ambiguous
P51580	K122C	0.6228	pathogenic
P51580	K122D	0.8298	pathogenic
P51580	K122E	0.2631	benign
P51580	K122F	0.7586	pathogenic
P51580	K122G	0.6767	pathogenic
P51580	K122H	0.2924	benign
P51580	K122I	0.3982	ambiguous
P51580	K122L	0.4143	ambiguous
P51580	K122M	0.3297	benign
P51580	K122N	0.6158	pathogenic
P51580	K122P	0.9349	pathogenic
P51580	K122Q	0.1325	benign
P51580	K122R	0.0762	benign
P51580	K122S	0.5559	ambiguous
P51580	K122T	0.2254	benign
P51580	K122V	0.3918	ambiguous
P51580	K122W	0.7454	pathogenic
P51580	K122Y	0.6463	pathogenic
P51580	S123A	0.17	benign
P51580	S123C	0.1772	benign
P51580	S123D	0.5777	pathogenic
P51580	S123E	0.8584	pathogenic
P51580	S123F	0.6693	pathogenic
P51580	S123G	0.1266	benign
P51580	S123H	0.6376	pathogenic
P51580	S123I	0.5517	ambiguous
P51580	S123K	0.9375	pathogenic
P51580	S123L	0.3812	ambiguous
P51580	S123M	0.5691	pathogenic
P51580	S123N	0.2685	benign
P51580	S123P	0.7615	pathogenic
P51580	S123Q	0.8597	pathogenic
P51580	S123R	0.9053	pathogenic
P51580	S123T	0.1838	benign
P51580	S123V	0.5599	ambiguous
P51580	S123W	0.6804	pathogenic
P51580	S123Y	0.464	ambiguous
P51580	S124A	0.0828	benign
P51580	S124C	0.1298	benign
P51580	S124D	0.2404	benign
P51580	S124E	0.2708	benign
P51580	S124F	0.1865	benign
P51580	S124G	0.1163	benign
P51580	S124H	0.2215	benign
P51580	S124I	0.1428	benign
P51580	S124K	0.3221	benign
P51580	S124L	0.0957	benign
P51580	S124M	0.2276	benign
P51580	S124N	0.1553	benign
P51580	S124P	0.0992	benign
P51580	S124Q	0.2951	benign
P51580	S124R	0.2684	benign
P51580	S124T	0.0856	benign
P51580	S124V	0.1545	benign
P51580	S124W	0.283	benign
P51580	S124Y	0.1773	benign
P51580	S125A	0.0938	benign
P51580	S125C	0.1168	benign
P51580	S125D	0.1793	benign
P51580	S125E	0.3208	benign
P51580	S125F	0.2361	benign
P51580	S125G	0.0917	benign
P51580	S125H	0.252	benign
P51580	S125I	0.2433	benign
P51580	S125K	0.451	ambiguous
P51580	S125L	0.1123	benign
P51580	S125M	0.2476	benign
P51580	S125N	0.1327	benign
P51580	S125P	0.2494	benign
P51580	S125Q	0.3853	ambiguous
P51580	S125R	0.3737	ambiguous
P51580	S125T	0.0798	benign
P51580	S125V	0.2293	benign
P51580	S125W	0.2949	benign
P51580	S125Y	0.1917	benign
P51580	G126A	0.2409	benign
P51580	G126C	0.2888	benign
P51580	G126D	0.2148	benign
P51580	G126E	0.2054	benign
P51580	G126F	0.7547	pathogenic
P51580	G126H	0.4014	ambiguous
P51580	G126I	0.5671	pathogenic
P51580	G126K	0.2977	benign
P51580	G126L	0.5719	pathogenic
P51580	G126M	0.6414	pathogenic
P51580	G126N	0.3215	benign
P51580	G126P	0.8067	pathogenic
P51580	G126Q	0.2693	benign
P51580	G126R	0.1893	benign
P51580	G126S	0.1627	benign
P51580	G126T	0.2996	benign
P51580	G126V	0.4162	ambiguous
P51580	G126W	0.464	ambiguous
P51580	G126Y	0.5483	ambiguous
P51580	N127A	0.2419	benign
P51580	N127C	0.266	benign
P51580	N127D	0.115	benign
P51580	N127E	0.2821	benign
P51580	N127F	0.5228	ambiguous
P51580	N127G	0.3193	benign
P51580	N127H	0.1132	benign
P51580	N127I	0.2098	benign
P51580	N127K	0.2061	benign
P51580	N127L	0.2391	benign
P51580	N127M	0.3379	benign
P51580	N127P	0.7301	pathogenic
P51580	N127Q	0.2636	benign
P51580	N127R	0.2122	benign
P51580	N127S	0.1021	benign
P51580	N127T	0.1434	benign
P51580	N127V	0.2406	benign
P51580	N127W	0.753	pathogenic
P51580	N127Y	0.1713	benign
P51580	I128A	0.8873	pathogenic
P51580	I128C	0.8874	pathogenic
P51580	I128D	0.9679	pathogenic
P51580	I128E	0.9564	pathogenic
P51580	I128F	0.2908	benign
P51580	I128G	0.9568	pathogenic
P51580	I128H	0.9052	pathogenic
P51580	I128K	0.8911	pathogenic
P51580	I128L	0.1962	benign
P51580	I128M	0.2772	benign
P51580	I128N	0.7919	pathogenic
P51580	I128P	0.9558	pathogenic
P51580	I128Q	0.9198	pathogenic
P51580	I128R	0.8095	pathogenic
P51580	I128S	0.8313	pathogenic
P51580	I128T	0.7891	pathogenic
P51580	I128V	0.1607	benign
P51580	I128W	0.9236	pathogenic
P51580	I128Y	0.7205	pathogenic
P51580	S129A	0.1234	benign
P51580	S129C	0.1131	benign
P51580	S129D	0.5425	ambiguous
P51580	S129E	0.4747	ambiguous
P51580	S129F	0.2093	benign
P51580	S129G	0.2478	benign
P51580	S129H	0.2861	benign
P51580	S129I	0.1876	benign
P51580	S129K	0.6103	pathogenic
P51580	S129L	0.13	benign
P51580	S129M	0.2728	benign
P51580	S129N	0.2539	benign
P51580	S129P	0.8593	pathogenic
P51580	S129Q	0.4185	ambiguous
P51580	S129R	0.4535	ambiguous
P51580	S129T	0.0919	benign
P51580	S129V	0.2093	benign
P51580	S129W	0.2908	benign
P51580	S129Y	0.1704	benign
P51580	L130A	0.787	pathogenic
P51580	L130C	0.7906	pathogenic
P51580	L130D	0.9909	pathogenic
P51580	L130E	0.9557	pathogenic
P51580	L130F	0.4667	ambiguous
P51580	L130G	0.9404	pathogenic
P51580	L130H	0.8767	pathogenic
P51580	L130I	0.0942	benign
P51580	L130K	0.9118	pathogenic
P51580	L130M	0.2805	benign
P51580	L130N	0.9469	pathogenic
P51580	L130P	0.8659	pathogenic
P51580	L130Q	0.851	pathogenic
P51580	L130R	0.8115	pathogenic
P51580	L130S	0.9044	pathogenic
P51580	L130T	0.8081	pathogenic
P51580	L130V	0.1442	benign
P51580	L130W	0.7947	pathogenic
P51580	L130Y	0.8846	pathogenic
P51580	Y131A	0.874	pathogenic
P51580	Y131C	0.3504	ambiguous
P51580	Y131D	0.9145	pathogenic
P51580	Y131E	0.9664	pathogenic
P51580	Y131F	0.108	benign
P51580	Y131G	0.8702	pathogenic
P51580	Y131H	0.4129	ambiguous
P51580	Y131I	0.5792	pathogenic
P51580	Y131K	0.9276	pathogenic
P51580	Y131L	0.5339	ambiguous
P51580	Y131M	0.8377	pathogenic
P51580	Y131N	0.7146	pathogenic
P51580	Y131P	0.9662	pathogenic
P51580	Y131Q	0.8839	pathogenic
P51580	Y131R	0.8034	pathogenic
P51580	Y131S	0.6792	pathogenic
P51580	Y131T	0.8827	pathogenic
P51580	Y131V	0.6021	pathogenic
P51580	Y131W	0.4325	ambiguous
P51580	C132A	0.508	ambiguous
P51580	C132D	0.859	pathogenic
P51580	C132E	0.804	pathogenic
P51580	C132F	0.4848	ambiguous
P51580	C132G	0.2616	benign
P51580	C132H	0.4875	ambiguous
P51580	C132I	0.6727	pathogenic
P51580	C132K	0.673	pathogenic
P51580	C132L	0.5113	ambiguous
P51580	C132M	0.8232	pathogenic
P51580	C132N	0.562	ambiguous
P51580	C132P	0.9456	pathogenic
P51580	C132Q	0.4265	ambiguous
P51580	C132R	0.223	benign
P51580	C132S	0.366	ambiguous
P51580	C132T	0.6647	pathogenic
P51580	C132V	0.5749	pathogenic
P51580	C132W	0.7369	pathogenic
P51580	C132Y	0.5171	ambiguous
P51580	C133A	0.4788	ambiguous
P51580	C133D	0.8971	pathogenic
P51580	C133E	0.9591	pathogenic
P51580	C133F	0.4149	ambiguous
P51580	C133G	0.1396	benign
P51580	C133H	0.7711	pathogenic
P51580	C133I	0.8085	pathogenic
P51580	C133K	0.925	pathogenic
P51580	C133L	0.6393	pathogenic
P51580	C133M	0.8376	pathogenic
P51580	C133N	0.8009	pathogenic
P51580	C133P	0.9733	pathogenic
P51580	C133Q	0.8462	pathogenic
P51580	C133R	0.6589	pathogenic
P51580	C133S	0.3511	ambiguous
P51580	C133T	0.6358	pathogenic
P51580	C133V	0.6948	pathogenic
P51580	C133W	0.8251	pathogenic
P51580	C133Y	0.6588	pathogenic
P51580	S134A	0.3524	ambiguous
P51580	S134C	0.2849	benign
P51580	S134D	0.2313	benign
P51580	S134E	0.7623	pathogenic
P51580	S134F	0.8545	pathogenic
P51580	S134G	0.1632	benign
P51580	S134H	0.5289	ambiguous
P51580	S134I	0.7401	pathogenic
P51580	S134K	0.8598	pathogenic
P51580	S134L	0.5355	ambiguous
P51580	S134M	0.7168	pathogenic
P51580	S134N	0.1138	benign
P51580	S134P	0.6785	pathogenic
P51580	S134Q	0.7786	pathogenic
P51580	S134R	0.8116	pathogenic
P51580	S134T	0.2046	benign
P51580	S134V	0.719	pathogenic
P51580	S134W	0.8292	pathogenic
P51580	S134Y	0.5873	pathogenic
P51580	I135A	0.7745	pathogenic
P51580	I135C	0.876	pathogenic
P51580	I135D	0.9758	pathogenic
P51580	I135E	0.9626	pathogenic
P51580	I135F	0.2512	benign
P51580	I135G	0.9498	pathogenic
P51580	I135H	0.9058	pathogenic
P51580	I135K	0.9001	pathogenic
P51580	I135L	0.1181	benign
P51580	I135M	0.2163	benign
P51580	I135N	0.8304	pathogenic
P51580	I135P	0.8368	pathogenic
P51580	I135Q	0.9189	pathogenic
P51580	I135R	0.8318	pathogenic
P51580	I135S	0.8291	pathogenic
P51580	I135T	0.8395	pathogenic
P51580	I135V	0.1351	benign
P51580	I135W	0.9102	pathogenic
P51580	I135Y	0.7108	pathogenic
P51580	F136A	0.8208	pathogenic
P51580	F136C	0.7241	pathogenic
P51580	F136D	0.915	pathogenic
P51580	F136E	0.9245	pathogenic
P51580	F136G	0.8679	pathogenic
P51580	F136H	0.7211	pathogenic
P51580	F136I	0.6413	pathogenic
P51580	F136K	0.881	pathogenic
P51580	F136L	0.9167	pathogenic
P51580	F136M	0.7647	pathogenic
P51580	F136N	0.8436	pathogenic
P51580	F136P	0.9833	pathogenic
P51580	F136Q	0.8823	pathogenic
P51580	F136R	0.7862	pathogenic
P51580	F136S	0.6894	pathogenic
P51580	F136T	0.7501	pathogenic
P51580	F136V	0.6512	pathogenic
P51580	F136W	0.4837	ambiguous
P51580	F136Y	0.2429	benign
P51580	D137A	0.2134	benign
P51580	D137C	0.6174	pathogenic
P51580	D137E	0.2497	benign
P51580	D137F	0.7034	pathogenic
P51580	D137G	0.2147	benign
P51580	D137H	0.2318	benign
P51580	D137I	0.5449	ambiguous
P51580	D137K	0.3783	ambiguous
P51580	D137L	0.4375	ambiguous
P51580	D137M	0.7728	pathogenic
P51580	D137N	0.1401	benign
P51580	D137P	0.8503	pathogenic
P51580	D137Q	0.3389	benign
P51580	D137R	0.3304	benign
P51580	D137S	0.1468	benign
P51580	D137T	0.3489	ambiguous
P51580	D137V	0.328	benign
P51580	D137W	0.8939	pathogenic
P51580	D137Y	0.2475	benign
P51580	L138A	0.7186	pathogenic
P51580	L138C	0.7419	pathogenic
P51580	L138D	0.9703	pathogenic
P51580	L138E	0.9213	pathogenic
P51580	L138F	0.2129	benign
P51580	L138G	0.9086	pathogenic
P51580	L138H	0.7809	pathogenic
P51580	L138I	0.1038	benign
P51580	L138K	0.8709	pathogenic
P51580	L138M	0.1984	benign
P51580	L138N	0.8946	pathogenic
P51580	L138P	0.8536	pathogenic
P51580	L138Q	0.7717	pathogenic
P51580	L138R	0.7974	pathogenic
P51580	L138S	0.8514	pathogenic
P51580	L138T	0.6805	pathogenic
P51580	L138V	0.1505	benign
P51580	L138W	0.6378	pathogenic
P51580	L138Y	0.6981	pathogenic
P51580	P139A	0.1823	benign
P51580	P139C	0.5569	ambiguous
P51580	P139D	0.4287	ambiguous
P51580	P139E	0.3607	ambiguous
P51580	P139F	0.7299	pathogenic
P51580	P139G	0.3688	ambiguous
P51580	P139H	0.2616	benign
P51580	P139I	0.5692	pathogenic
P51580	P139K	0.3533	ambiguous
P51580	P139L	0.2526	benign
P51580	P139M	0.5405	ambiguous
P51580	P139N	0.3688	ambiguous
P51580	P139Q	0.2341	benign
P51580	P139R	0.2513	benign
P51580	P139S	0.1683	benign
P51580	P139T	0.1665	benign
P51580	P139V	0.4071	ambiguous
P51580	P139W	0.7654	pathogenic
P51580	P139Y	0.5962	pathogenic
P51580	R140A	0.2013	benign
P51580	R140C	0.126	benign
P51580	R140D	0.4415	ambiguous
P51580	R140E	0.2126	benign
P51580	R140F	0.419	ambiguous
P51580	R140G	0.1417	benign
P51580	R140H	0.1128	benign
P51580	R140I	0.1726	benign
P51580	R140K	0.1042	benign
P51580	R140L	0.1812	benign
P51580	R140M	0.2027	benign
P51580	R140N	0.3998	ambiguous
P51580	R140P	0.222	benign
P51580	R140Q	0.0945	benign
P51580	R140S	0.2551	benign
P51580	R140T	0.1521	benign
P51580	R140V	0.2185	benign
P51580	R140W	0.1718	benign
P51580	R140Y	0.3018	benign
P51580	T141A	0.0689	benign
P51580	T141C	0.3069	benign
P51580	T141D	0.1597	benign
P51580	T141E	0.1195	benign
P51580	T141F	0.242	benign
P51580	T141G	0.1377	benign
P51580	T141H	0.1585	benign
P51580	T141I	0.1339	benign
P51580	T141K	0.099	benign
P51580	T141L	0.1116	benign
P51580	T141M	0.1027	benign
P51580	T141N	0.083	benign
P51580	T141P	0.096	benign
P51580	T141Q	0.1319	benign
P51580	T141R	0.0909	benign
P51580	T141S	0.0881	benign
P51580	T141V	0.116	benign
P51580	T141W	0.4196	ambiguous
P51580	T141Y	0.214	benign
P51580	N142A	0.1286	benign
P51580	N142C	0.1787	benign
P51580	N142D	0.101	benign
P51580	N142E	0.2361	benign
P51580	N142F	0.415	ambiguous
P51580	N142G	0.2048	benign
P51580	N142H	0.0853	benign
P51580	N142I	0.122	benign
P51580	N142K	0.182	benign
P51580	N142L	0.164	benign
P51580	N142M	0.2395	benign
P51580	N142P	0.3924	ambiguous
P51580	N142Q	0.231	benign
P51580	N142R	0.1959	benign
P51580	N142S	0.0699	benign
P51580	N142T	0.0987	benign
P51580	N142V	0.1235	benign
P51580	N142W	0.6197	pathogenic
P51580	N142Y	0.1403	benign
P51580	I143A	0.1443	benign
P51580	I143C	0.5763	pathogenic
P51580	I143D	0.6736	pathogenic
P51580	I143E	0.5614	ambiguous
P51580	I143F	0.1823	benign
P51580	I143G	0.5259	ambiguous
P51580	I143H	0.5724	pathogenic
P51580	I143K	0.4586	ambiguous
P51580	I143L	0.1008	benign
P51580	I143M	0.0996	benign
P51580	I143N	0.364	ambiguous
P51580	I143P	0.4926	ambiguous
P51580	I143Q	0.5229	ambiguous
P51580	I143R	0.3259	benign
P51580	I143S	0.2344	benign
P51580	I143T	0.0719	benign
P51580	I143V	0.0776	benign
P51580	I143W	0.7452	pathogenic
P51580	I143Y	0.5736	pathogenic
P51580	G144A	0.3386	benign
P51580	G144C	0.3721	ambiguous
P51580	G144D	0.3637	ambiguous
P51580	G144E	0.3766	ambiguous
P51580	G144F	0.8607	pathogenic
P51580	G144H	0.6263	pathogenic
P51580	G144I	0.7161	pathogenic
P51580	G144K	0.5809	pathogenic
P51580	G144L	0.7435	pathogenic
P51580	G144M	0.8106	pathogenic
P51580	G144N	0.5759	pathogenic
P51580	G144P	0.7771	pathogenic
P51580	G144Q	0.4801	ambiguous
P51580	G144R	0.3829	ambiguous
P51580	G144S	0.1993	benign
P51580	G144T	0.4472	ambiguous
P51580	G144V	0.5466	ambiguous
P51580	G144W	0.6426	pathogenic
P51580	G144Y	0.7459	pathogenic
P51580	K145A	0.2474	benign
P51580	K145C	0.4729	ambiguous
P51580	K145D	0.3054	benign
P51580	K145E	0.1168	benign
P51580	K145F	0.5872	pathogenic
P51580	K145G	0.2994	benign
P51580	K145H	0.2415	benign
P51580	K145I	0.2239	benign
P51580	K145L	0.2457	benign
P51580	K145M	0.1626	benign
P51580	K145N	0.2118	benign
P51580	K145P	0.3681	ambiguous
P51580	K145Q	0.1148	benign
P51580	K145R	0.0841	benign
P51580	K145S	0.2399	benign
P51580	K145T	0.1103	benign
P51580	K145V	0.2274	benign
P51580	K145W	0.6593	pathogenic
P51580	K145Y	0.4067	ambiguous
P51580	F146A	0.7494	pathogenic
P51580	F146C	0.5304	ambiguous
P51580	F146D	0.9641	pathogenic
P51580	F146E	0.962	pathogenic
P51580	F146G	0.9062	pathogenic
P51580	F146H	0.9003	pathogenic
P51580	F146I	0.3417	ambiguous
P51580	F146K	0.9585	pathogenic
P51580	F146L	0.9223	pathogenic
P51580	F146M	0.6681	pathogenic
P51580	F146N	0.9116	pathogenic
P51580	F146P	0.9538	pathogenic
P51580	F146Q	0.9412	pathogenic
P51580	F146R	0.9238	pathogenic
P51580	F146S	0.7879	pathogenic
P51580	F146T	0.754	pathogenic
P51580	F146V	0.3468	ambiguous
P51580	F146W	0.6559	pathogenic
P51580	F146Y	0.3892	ambiguous
P51580	D147A	0.5998	pathogenic
P51580	D147C	0.8759	pathogenic
P51580	D147E	0.5592	ambiguous
P51580	D147F	0.9479	pathogenic
P51580	D147G	0.3943	ambiguous
P51580	D147H	0.5211	ambiguous
P51580	D147I	0.9348	pathogenic
P51580	D147K	0.8018	pathogenic
P51580	D147L	0.8952	pathogenic
P51580	D147M	0.9679	pathogenic
P51580	D147N	0.2532	benign
P51580	D147P	0.9014	pathogenic
P51580	D147Q	0.6951	pathogenic
P51580	D147R	0.7716	pathogenic
P51580	D147S	0.3383	benign
P51580	D147T	0.7519	pathogenic
P51580	D147V	0.8373	pathogenic
P51580	D147W	0.9818	pathogenic
P51580	D147Y	0.6916	pathogenic
P51580	M148A	0.2208	benign
P51580	M148C	0.2742	benign
P51580	M148D	0.9025	pathogenic
P51580	M148E	0.6357	pathogenic
P51580	M148F	0.2821	benign
P51580	M148G	0.2965	benign
P51580	M148H	0.4889	ambiguous
P51580	M148I	0.2538	benign
P51580	M148K	0.2601	benign
P51580	M148L	0.1433	benign
P51580	M148N	0.5983	pathogenic
P51580	M148P	0.9751	pathogenic
P51580	M148Q	0.2627	benign
P51580	M148R	0.1746	benign
P51580	M148S	0.418	ambiguous
P51580	M148T	0.2546	benign
P51580	M148V	0.0911	benign
P51580	M148W	0.5568	ambiguous
P51580	M148Y	0.4603	ambiguous
P51580	I149A	0.7302	pathogenic
P51580	I149C	0.8483	pathogenic
P51580	I149D	0.977	pathogenic
P51580	I149E	0.96	pathogenic
P51580	I149F	0.5433	ambiguous
P51580	I149G	0.9166	pathogenic
P51580	I149H	0.9474	pathogenic
P51580	I149K	0.9246	pathogenic
P51580	I149L	0.288	benign
P51580	I149M	0.3128	benign
P51580	I149N	0.7593	pathogenic
P51580	I149P	0.9655	pathogenic
P51580	I149Q	0.9296	pathogenic
P51580	I149R	0.8711	pathogenic
P51580	I149S	0.7691	pathogenic
P51580	I149T	0.7493	pathogenic
P51580	I149V	0.1222	benign
P51580	I149W	0.9662	pathogenic
P51580	I149Y	0.8869	pathogenic
P51580	W150A	0.9521	pathogenic
P51580	W150C	0.9505	pathogenic
P51580	W150D	0.9917	pathogenic
P51580	W150E	0.9855	pathogenic
P51580	W150F	0.564	ambiguous
P51580	W150G	0.879	pathogenic
P51580	W150H	0.9668	pathogenic
P51580	W150I	0.9166	pathogenic
P51580	W150K	0.9904	pathogenic
P51580	W150L	0.7733	pathogenic
P51580	W150M	0.9498	pathogenic
P51580	W150N	0.9909	pathogenic
P51580	W150P	0.9913	pathogenic
P51580	W150Q	0.9878	pathogenic
P51580	W150R	0.9699	pathogenic
P51580	W150S	0.9188	pathogenic
P51580	W150T	0.9467	pathogenic
P51580	W150V	0.9031	pathogenic
P51580	W150Y	0.7666	pathogenic
P51580	D151A	0.9724	pathogenic
P51580	D151C	0.9889	pathogenic
P51580	D151E	0.9423	pathogenic
P51580	D151F	0.9944	pathogenic
P51580	D151G	0.93	pathogenic
P51580	D151H	0.9705	pathogenic
P51580	D151I	0.9917	pathogenic
P51580	D151K	0.9838	pathogenic
P51580	D151L	0.9832	pathogenic
P51580	D151M	0.9976	pathogenic
P51580	D151N	0.9099	pathogenic
P51580	D151P	0.9945	pathogenic
P51580	D151Q	0.9906	pathogenic
P51580	D151R	0.9834	pathogenic
P51580	D151S	0.9513	pathogenic
P51580	D151T	0.9904	pathogenic
P51580	D151V	0.9696	pathogenic
P51580	D151W	0.9962	pathogenic
P51580	D151Y	0.9259	pathogenic
P51580	R152A	0.8829	pathogenic
P51580	R152C	0.46	ambiguous
P51580	R152D	0.9637	pathogenic
P51580	R152E	0.8309	pathogenic
P51580	R152F	0.9445	pathogenic
P51580	R152G	0.7426	pathogenic
P51580	R152H	0.4483	ambiguous
P51580	R152I	0.8362	pathogenic
P51580	R152K	0.4357	ambiguous
P51580	R152L	0.7958	pathogenic
P51580	R152M	0.8382	pathogenic
P51580	R152N	0.958	pathogenic
P51580	R152P	0.9474	pathogenic
P51580	R152Q	0.3772	ambiguous
P51580	R152S	0.9223	pathogenic
P51580	R152T	0.8601	pathogenic
P51580	R152V	0.902	pathogenic
P51580	R152W	0.4454	ambiguous
P51580	R152Y	0.8791	pathogenic
P51580	G153A	0.3181	benign
P51580	G153C	0.7137	pathogenic
P51580	G153D	0.8245	pathogenic
P51580	G153E	0.8724	pathogenic
P51580	G153F	0.9369	pathogenic
P51580	G153H	0.9472	pathogenic
P51580	G153I	0.9338	pathogenic
P51580	G153K	0.927	pathogenic
P51580	G153L	0.8951	pathogenic
P51580	G153M	0.9279	pathogenic
P51580	G153N	0.9198	pathogenic
P51580	G153P	0.9812	pathogenic
P51580	G153Q	0.912	pathogenic
P51580	G153R	0.8061	pathogenic
P51580	G153S	0.5351	ambiguous
P51580	G153T	0.8402	pathogenic
P51580	G153V	0.853	pathogenic
P51580	G153W	0.8562	pathogenic
P51580	G153Y	0.9073	pathogenic
P51580	A154C	0.7495	pathogenic
P51580	A154D	0.9032	pathogenic
P51580	A154E	0.9297	pathogenic
P51580	A154F	0.9536	pathogenic
P51580	A154G	0.2235	benign
P51580	A154H	0.9467	pathogenic
P51580	A154I	0.9629	pathogenic
P51580	A154K	0.9769	pathogenic
P51580	A154L	0.8805	pathogenic
P51580	A154M	0.9154	pathogenic
P51580	A154N	0.8837	pathogenic
P51580	A154P	0.9116	pathogenic
P51580	A154Q	0.9169	pathogenic
P51580	A154R	0.9406	pathogenic
P51580	A154S	0.1033	benign
P51580	A154T	0.5682	pathogenic
P51580	A154V	0.8364	pathogenic
P51580	A154W	0.9898	pathogenic
P51580	A154Y	0.9647	pathogenic
P51580	L155A	0.6561	pathogenic
P51580	L155C	0.7551	pathogenic
P51580	L155D	0.9797	pathogenic
P51580	L155E	0.9143	pathogenic
P51580	L155F	0.1766	benign
P51580	L155G	0.9086	pathogenic
P51580	L155H	0.7976	pathogenic
P51580	L155I	0.1619	benign
P51580	L155K	0.8827	pathogenic
P51580	L155M	0.1616	benign
P51580	L155N	0.906	pathogenic
P51580	L155P	0.8281	pathogenic
P51580	L155Q	0.7599	pathogenic
P51580	L155R	0.8194	pathogenic
P51580	L155S	0.8203	pathogenic
P51580	L155T	0.6896	pathogenic
P51580	L155V	0.2103	benign
P51580	L155W	0.5232	ambiguous
P51580	L155Y	0.6618	pathogenic
P51580	V156A	0.348	ambiguous
P51580	V156C	0.8493	pathogenic
P51580	V156D	0.7884	pathogenic
P51580	V156E	0.7116	pathogenic
P51580	V156F	0.5901	pathogenic
P51580	V156G	0.3876	ambiguous
P51580	V156H	0.9235	pathogenic
P51580	V156I	0.1605	benign
P51580	V156K	0.8365	pathogenic
P51580	V156L	0.682	pathogenic
P51580	V156M	0.6067	pathogenic
P51580	V156N	0.7061	pathogenic
P51580	V156P	0.7037	pathogenic
P51580	V156Q	0.7593	pathogenic
P51580	V156R	0.7193	pathogenic
P51580	V156S	0.4125	ambiguous
P51580	V156T	0.397	ambiguous
P51580	V156W	0.9602	pathogenic
P51580	V156Y	0.8849	pathogenic
P51580	A157C	0.8085	pathogenic
P51580	A157D	0.8856	pathogenic
P51580	A157E	0.9	pathogenic
P51580	A157F	0.8911	pathogenic
P51580	A157G	0.4672	ambiguous
P51580	A157H	0.9411	pathogenic
P51580	A157I	0.8904	pathogenic
P51580	A157K	0.9551	pathogenic
P51580	A157L	0.7413	pathogenic
P51580	A157M	0.8491	pathogenic
P51580	A157N	0.8748	pathogenic
P51580	A157P	0.8568	pathogenic
P51580	A157Q	0.8966	pathogenic
P51580	A157R	0.8825	pathogenic
P51580	A157S	0.2782	benign
P51580	A157T	0.5523	ambiguous
P51580	A157V	0.6695	pathogenic
P51580	A157W	0.9743	pathogenic
P51580	A157Y	0.9429	pathogenic
P51580	I158A	0.7143	pathogenic
P51580	I158C	0.8315	pathogenic
P51580	I158D	0.973	pathogenic
P51580	I158E	0.9366	pathogenic
P51580	I158F	0.5799	pathogenic
P51580	I158G	0.9186	pathogenic
P51580	I158H	0.957	pathogenic
P51580	I158K	0.871	pathogenic
P51580	I158L	0.2022	benign
P51580	I158M	0.1857	benign
P51580	I158N	0.7845	pathogenic
P51580	I158P	0.9458	pathogenic
P51580	I158Q	0.889	pathogenic
P51580	I158R	0.8222	pathogenic
P51580	I158S	0.7821	pathogenic
P51580	I158T	0.7044	pathogenic
P51580	I158V	0.0884	benign
P51580	I158W	0.9577	pathogenic
P51580	I158Y	0.9118	pathogenic
P51580	N159A	0.5568	ambiguous
P51580	N159C	0.4561	ambiguous
P51580	N159D	0.4278	ambiguous
P51580	N159E	0.746	pathogenic
P51580	N159F	0.8205	pathogenic
P51580	N159G	0.6167	pathogenic
P51580	N159H	0.2037	benign
P51580	N159I	0.5602	ambiguous
P51580	N159K	0.6348	pathogenic
P51580	N159L	0.5546	ambiguous
P51580	N159M	0.694	pathogenic
P51580	N159P	0.5318	ambiguous
P51580	N159Q	0.6211	pathogenic
P51580	N159R	0.5744	pathogenic
P51580	N159S	0.1459	benign
P51580	N159T	0.428	ambiguous
P51580	N159V	0.6438	pathogenic
P51580	N159W	0.8952	pathogenic
P51580	N159Y	0.3681	ambiguous
P51580	P160A	0.2044	benign
P51580	P160C	0.7479	pathogenic
P51580	P160D	0.7821	pathogenic
P51580	P160E	0.5281	ambiguous
P51580	P160F	0.8088	pathogenic
P51580	P160G	0.6465	pathogenic
P51580	P160H	0.4507	ambiguous
P51580	P160I	0.488	ambiguous
P51580	P160K	0.5402	ambiguous
P51580	P160L	0.2715	benign
P51580	P160M	0.6061	pathogenic
P51580	P160N	0.743	pathogenic
P51580	P160Q	0.4167	ambiguous
P51580	P160R	0.3307	benign
P51580	P160S	0.3892	ambiguous
P51580	P160T	0.2429	benign
P51580	P160V	0.3573	ambiguous
P51580	P160W	0.8521	pathogenic
P51580	P160Y	0.764	pathogenic
P51580	G161A	0.082	benign
P51580	G161C	0.1111	benign
P51580	G161D	0.1213	benign
P51580	G161E	0.1115	benign
P51580	G161F	0.3829	ambiguous
P51580	G161H	0.1798	benign
P51580	G161I	0.1718	benign
P51580	G161K	0.1511	benign
P51580	G161L	0.2391	benign
P51580	G161M	0.3051	benign
P51580	G161N	0.165	benign
P51580	G161P	0.4496	ambiguous
P51580	G161Q	0.143	benign
P51580	G161R	0.1061	benign
P51580	G161S	0.0843	benign
P51580	G161T	0.0994	benign
P51580	G161V	0.1155	benign
P51580	G161W	0.2375	benign
P51580	G161Y	0.2443	benign
P51580	D162A	0.3171	benign
P51580	D162C	0.7299	pathogenic
P51580	D162E	0.2836	benign
P51580	D162F	0.6802	pathogenic
P51580	D162G	0.3425	ambiguous
P51580	D162H	0.3539	ambiguous
P51580	D162I	0.5188	ambiguous
P51580	D162K	0.3884	ambiguous
P51580	D162L	0.4486	ambiguous
P51580	D162M	0.7068	pathogenic
P51580	D162N	0.1671	benign
P51580	D162P	0.9021	pathogenic
P51580	D162Q	0.3549	ambiguous
P51580	D162R	0.4479	ambiguous
P51580	D162S	0.2457	benign
P51580	D162T	0.4861	ambiguous
P51580	D162V	0.3403	ambiguous
P51580	D162W	0.8795	pathogenic
P51580	D162Y	0.2431	benign
P51580	R163A	0.9053	pathogenic
P51580	R163C	0.4267	ambiguous
P51580	R163D	0.9634	pathogenic
P51580	R163E	0.7919	pathogenic
P51580	R163F	0.9278	pathogenic
P51580	R163G	0.7721	pathogenic
P51580	R163H	0.3697	ambiguous
P51580	R163I	0.7188	pathogenic
P51580	R163K	0.4463	ambiguous
P51580	R163L	0.6952	pathogenic
P51580	R163M	0.8207	pathogenic
P51580	R163N	0.9542	pathogenic
P51580	R163P	0.9362	pathogenic
P51580	R163Q	0.2692	benign
P51580	R163S	0.9358	pathogenic
P51580	R163T	0.8452	pathogenic
P51580	R163V	0.8245	pathogenic
P51580	R163W	0.3852	ambiguous
P51580	R163Y	0.7873	pathogenic
P51580	K164A	0.1646	benign
P51580	K164C	0.4697	ambiguous
P51580	K164D	0.2712	benign
P51580	K164E	0.0938	benign
P51580	K164F	0.5245	ambiguous
P51580	K164G	0.2198	benign
P51580	K164H	0.25	benign
P51580	K164I	0.1625	benign
P51580	K164L	0.193	benign
P51580	K164M	0.1554	benign
P51580	K164N	0.2021	benign
P51580	K164P	0.2961	benign
P51580	K164Q	0.0911	benign
P51580	K164R	0.087	benign
P51580	K164S	0.2061	benign
P51580	K164T	0.1156	benign
P51580	K164V	0.1572	benign
P51580	K164W	0.6524	pathogenic
P51580	K164Y	0.4535	ambiguous
P51580	C165A	0.1166	benign
P51580	C165D	0.1671	benign
P51580	C165E	0.1831	benign
P51580	C165F	0.1125	benign
P51580	C165G	0.0669	benign
P51580	C165H	0.0906	benign
P51580	C165I	0.1544	benign
P51580	C165K	0.1122	benign
P51580	C165L	0.1014	benign
P51580	C165M	0.2736	benign
P51580	C165N	0.1239	benign
P51580	C165P	0.2838	benign
P51580	C165Q	0.099	benign
P51580	C165R	0.0431	benign
P51580	C165S	0.1007	benign
P51580	C165T	0.1457	benign
P51580	C165V	0.1506	benign
P51580	C165W	0.2262	benign
P51580	C165Y	0.1084	benign
P51580	Y166A	0.9481	pathogenic
P51580	Y166C	0.6659	pathogenic
P51580	Y166D	0.8682	pathogenic
P51580	Y166E	0.9736	pathogenic
P51580	Y166F	0.2728	benign
P51580	Y166G	0.8859	pathogenic
P51580	Y166H	0.7848	pathogenic
P51580	Y166I	0.8801	pathogenic
P51580	Y166K	0.966	pathogenic
P51580	Y166L	0.722	pathogenic
P51580	Y166M	0.9355	pathogenic
P51580	Y166N	0.825	pathogenic
P51580	Y166P	0.962	pathogenic
P51580	Y166Q	0.9646	pathogenic
P51580	Y166R	0.9077	pathogenic
P51580	Y166S	0.8495	pathogenic
P51580	Y166T	0.9456	pathogenic
P51580	Y166V	0.8055	pathogenic
P51580	Y166W	0.7095	pathogenic
P51580	A167C	0.429	ambiguous
P51580	A167D	0.7674	pathogenic
P51580	A167E	0.5805	pathogenic
P51580	A167F	0.6488	pathogenic
P51580	A167G	0.1902	benign
P51580	A167H	0.7439	pathogenic
P51580	A167I	0.3614	ambiguous
P51580	A167K	0.654	pathogenic
P51580	A167L	0.4099	ambiguous
P51580	A167M	0.4295	ambiguous
P51580	A167N	0.6604	pathogenic
P51580	A167P	0.7789	pathogenic
P51580	A167Q	0.5828	pathogenic
P51580	A167R	0.479	ambiguous
P51580	A167S	0.1321	benign
P51580	A167T	0.1128	benign
P51580	A167V	0.1553	benign
P51580	A167W	0.8858	pathogenic
P51580	A167Y	0.7561	pathogenic
P51580	D168A	0.1421	benign
P51580	D168C	0.5257	ambiguous
P51580	D168E	0.1568	benign
P51580	D168F	0.6025	pathogenic
P51580	D168G	0.1682	benign
P51580	D168H	0.204	benign
P51580	D168I	0.3892	ambiguous
P51580	D168K	0.2067	benign
P51580	D168L	0.3457	ambiguous
P51580	D168M	0.5879	pathogenic
P51580	D168N	0.0986	benign
P51580	D168P	0.7957	pathogenic
P51580	D168Q	0.2354	benign
P51580	D168R	0.2188	benign
P51580	D168S	0.1318	benign
P51580	D168T	0.2312	benign
P51580	D168V	0.2323	benign
P51580	D168W	0.8241	pathogenic
P51580	D168Y	0.1977	benign
P51580	T169A	0.0978	benign
P51580	T169C	0.3182	benign
P51580	T169D	0.5221	ambiguous
P51580	T169E	0.35	ambiguous
P51580	T169F	0.2207	benign
P51580	T169G	0.3283	benign
P51580	T169H	0.2385	benign
P51580	T169I	0.0867	benign
P51580	T169K	0.168	benign
P51580	T169L	0.0706	benign
P51580	T169M	0.082	benign
P51580	T169N	0.1951	benign
P51580	T169P	0.7304	pathogenic
P51580	T169Q	0.2734	benign
P51580	T169R	0.1357	benign
P51580	T169S	0.1813	benign
P51580	T169V	0.0966	benign
P51580	T169W	0.6545	pathogenic
P51580	T169Y	0.2949	benign
P51580	M170A	0.7179	pathogenic
P51580	M170C	0.7937	pathogenic
P51580	M170D	0.9846	pathogenic
P51580	M170E	0.9231	pathogenic
P51580	M170F	0.6468	pathogenic
P51580	M170G	0.9393	pathogenic
P51580	M170H	0.9258	pathogenic
P51580	M170I	0.2832	benign
P51580	M170K	0.8205	pathogenic
P51580	M170L	0.1407	benign
P51580	M170N	0.8975	pathogenic
P51580	M170P	0.9536	pathogenic
P51580	M170Q	0.7921	pathogenic
P51580	M170R	0.8171	pathogenic
P51580	M170S	0.8258	pathogenic
P51580	M170T	0.5608	ambiguous
P51580	M170V	0.0842	benign
P51580	M170W	0.9378	pathogenic
P51580	M170Y	0.9171	pathogenic
P51580	F171A	0.1921	benign
P51580	F171C	0.1348	benign
P51580	F171D	0.4441	ambiguous
P51580	F171E	0.4041	ambiguous
P51580	F171G	0.3342	benign
P51580	F171H	0.224	benign
P51580	F171I	0.0887	benign
P51580	F171K	0.2756	benign
P51580	F171L	0.2623	benign
P51580	F171M	0.2103	benign
P51580	F171N	0.2522	benign
P51580	F171P	0.7897	pathogenic
P51580	F171Q	0.2576	benign
P51580	F171R	0.1827	benign
P51580	F171S	0.1559	benign
P51580	F171T	0.1867	benign
P51580	F171V	0.1005	benign
P51580	F171W	0.2773	benign
P51580	F171Y	0.1137	benign
P51580	S172A	0.1161	benign
P51580	S172C	0.1428	benign
P51580	S172D	0.3949	ambiguous
P51580	S172E	0.4738	ambiguous
P51580	S172F	0.2626	benign
P51580	S172G	0.1046	benign
P51580	S172H	0.344	ambiguous
P51580	S172I	0.3607	ambiguous
P51580	S172K	0.6607	pathogenic
P51580	S172L	0.1351	benign
P51580	S172M	0.3644	ambiguous
P51580	S172N	0.2875	benign
P51580	S172P	0.2843	benign
P51580	S172Q	0.4782	ambiguous
P51580	S172R	0.4959	ambiguous
P51580	S172T	0.1411	benign
P51580	S172V	0.3423	ambiguous
P51580	S172W	0.3561	ambiguous
P51580	S172Y	0.2109	benign
P51580	L173A	0.5569	ambiguous
P51580	L173C	0.5782	pathogenic
P51580	L173D	0.9408	pathogenic
P51580	L173E	0.8235	pathogenic
P51580	L173F	0.2316	benign
P51580	L173G	0.7882	pathogenic
P51580	L173H	0.5258	ambiguous
P51580	L173I	0.1355	benign
P51580	L173K	0.701	pathogenic
P51580	L173M	0.1887	benign
P51580	L173N	0.7603	pathogenic
P51580	L173P	0.7968	pathogenic
P51580	L173Q	0.5024	ambiguous
P51580	L173R	0.5433	ambiguous
P51580	L173S	0.6269	pathogenic
P51580	L173T	0.5036	ambiguous
P51580	L173V	0.1457	benign
P51580	L173W	0.4861	ambiguous
P51580	L173Y	0.6264	pathogenic
P51580	L174A	0.2213	benign
P51580	L174C	0.4433	ambiguous
P51580	L174D	0.9127	pathogenic
P51580	L174E	0.6938	pathogenic
P51580	L174F	0.3275	benign
P51580	L174G	0.528	ambiguous
P51580	L174H	0.5048	ambiguous
P51580	L174I	0.1775	benign
P51580	L174K	0.4791	ambiguous
P51580	L174M	0.1457	benign
P51580	L174N	0.6869	pathogenic
P51580	L174P	0.5444	ambiguous
P51580	L174Q	0.3301	benign
P51580	L174R	0.3541	ambiguous
P51580	L174S	0.3942	ambiguous
P51580	L174T	0.1852	benign
P51580	L174V	0.1525	benign
P51580	L174W	0.5337	ambiguous
P51580	L174Y	0.7379	pathogenic
P51580	G175A	0.1562	benign
P51580	G175C	0.2081	benign
P51580	G175D	0.1486	benign
P51580	G175E	0.1357	benign
P51580	G175F	0.7011	pathogenic
P51580	G175H	0.3013	benign
P51580	G175I	0.4553	ambiguous
P51580	G175K	0.2433	benign
P51580	G175L	0.4696	ambiguous
P51580	G175M	0.5954	pathogenic
P51580	G175N	0.238	benign
P51580	G175P	0.6376	pathogenic
P51580	G175Q	0.2104	benign
P51580	G175R	0.1603	benign
P51580	G175S	0.1173	benign
P51580	G175T	0.1989	benign
P51580	G175V	0.2895	benign
P51580	G175W	0.4139	ambiguous
P51580	G175Y	0.4659	ambiguous
P51580	K176A	0.2253	benign
P51580	K176C	0.5274	ambiguous
P51580	K176D	0.2147	benign
P51580	K176E	0.0804	benign
P51580	K176F	0.6309	pathogenic
P51580	K176G	0.1915	benign
P51580	K176H	0.2756	benign
P51580	K176I	0.3263	benign
P51580	K176L	0.2741	benign
P51580	K176M	0.2204	benign
P51580	K176N	0.1876	benign
P51580	K176P	0.254	benign
P51580	K176Q	0.1129	benign
P51580	K176R	0.0794	benign
P51580	K176S	0.2008	benign
P51580	K176T	0.1442	benign
P51580	K176V	0.2762	benign
P51580	K176W	0.6176	pathogenic
P51580	K176Y	0.4897	ambiguous
P51580	K177A	0.1443	benign
P51580	K177C	0.3892	ambiguous
P51580	K177D	0.1073	benign
P51580	K177E	0.0696	benign
P51580	K177F	0.5924	pathogenic
P51580	K177G	0.0989	benign
P51580	K177H	0.1793	benign
P51580	K177I	0.2721	benign
P51580	K177L	0.2838	benign
P51580	K177M	0.1951	benign
P51580	K177N	0.0912	benign
P51580	K177P	0.2181	benign
P51580	K177Q	0.0903	benign
P51580	K177R	0.0857	benign
P51580	K177S	0.119	benign
P51580	K177T	0.0843	benign
P51580	K177V	0.2289	benign
P51580	K177W	0.5798	pathogenic
P51580	K177Y	0.3402	ambiguous
P51580	F178A	0.5924	pathogenic
P51580	F178C	0.3164	benign
P51580	F178D	0.8717	pathogenic
P51580	F178E	0.9133	pathogenic
P51580	F178G	0.6128	pathogenic
P51580	F178H	0.7106	pathogenic
P51580	F178I	0.4344	ambiguous
P51580	F178K	0.8784	pathogenic
P51580	F178L	0.9441	pathogenic
P51580	F178M	0.6964	pathogenic
P51580	F178N	0.7284	pathogenic
P51580	F178P	0.9099	pathogenic
P51580	F178Q	0.8496	pathogenic
P51580	F178R	0.8223	pathogenic
P51580	F178S	0.4744	ambiguous
P51580	F178T	0.5958	pathogenic
P51580	F178V	0.4244	ambiguous
P51580	F178W	0.4931	ambiguous
P51580	F178Y	0.1826	benign
P51580	Q179A	0.2542	benign
P51580	Q179C	0.4218	ambiguous
P51580	Q179D	0.4351	ambiguous
P51580	Q179E	0.0991	benign
P51580	Q179F	0.649	pathogenic
P51580	Q179G	0.2803	benign
P51580	Q179H	0.181	benign
P51580	Q179I	0.4108	ambiguous
P51580	Q179K	0.1086	benign
P51580	Q179L	0.178	benign
P51580	Q179M	0.4705	ambiguous
P51580	Q179N	0.2993	benign
P51580	Q179P	0.347	ambiguous
P51580	Q179R	0.0754	benign
P51580	Q179S	0.1975	benign
P51580	Q179T	0.1983	benign
P51580	Q179V	0.2811	benign
P51580	Q179W	0.4485	ambiguous
P51580	Q179Y	0.399	ambiguous
P51580	Y180A	0.7834	pathogenic
P51580	Y180C	0.3078	benign
P51580	Y180D	0.8623	pathogenic
P51580	Y180E	0.9528	pathogenic
P51580	Y180F	0.2116	benign
P51580	Y180G	0.6113	pathogenic
P51580	Y180H	0.7063	pathogenic
P51580	Y180I	0.4859	ambiguous
P51580	Y180K	0.9303	pathogenic
P51580	Y180L	0.5198	ambiguous
P51580	Y180M	0.6456	pathogenic
P51580	Y180N	0.6314	pathogenic
P51580	Y180P	0.9698	pathogenic
P51580	Y180Q	0.903	pathogenic
P51580	Y180R	0.901	pathogenic
P51580	Y180S	0.6386	pathogenic
P51580	Y180T	0.7981	pathogenic
P51580	Y180V	0.494	ambiguous
P51580	Y180W	0.6258	pathogenic
P51580	L181A	0.6021	pathogenic
P51580	L181C	0.6198	pathogenic
P51580	L181D	0.971	pathogenic
P51580	L181E	0.9042	pathogenic
P51580	L181F	0.1627	benign
P51580	L181G	0.7728	pathogenic
P51580	L181H	0.669	pathogenic
P51580	L181I	0.1775	benign
P51580	L181K	0.8154	pathogenic
P51580	L181M	0.1999	benign
P51580	L181N	0.8569	pathogenic
P51580	L181P	0.8679	pathogenic
P51580	L181Q	0.6728	pathogenic
P51580	L181R	0.6978	pathogenic
P51580	L181S	0.7716	pathogenic
P51580	L181T	0.717	pathogenic
P51580	L181V	0.2294	benign
P51580	L181W	0.5507	ambiguous
P51580	L181Y	0.5937	pathogenic
P51580	L182A	0.576	pathogenic
P51580	L182C	0.7126	pathogenic
P51580	L182D	0.9681	pathogenic
P51580	L182E	0.8829	pathogenic
P51580	L182F	0.5092	ambiguous
P51580	L182G	0.8548	pathogenic
P51580	L182H	0.8022	pathogenic
P51580	L182I	0.145	benign
P51580	L182K	0.8336	pathogenic
P51580	L182M	0.2347	benign
P51580	L182N	0.8561	pathogenic
P51580	L182P	0.8648	pathogenic
P51580	L182Q	0.6905	pathogenic
P51580	L182R	0.7586	pathogenic
P51580	L182S	0.7538	pathogenic
P51580	L182T	0.6014	pathogenic
P51580	L182V	0.1437	benign
P51580	L182W	0.8422	pathogenic
P51580	L182Y	0.86	pathogenic
P51580	C183A	0.2356	benign
P51580	C183D	0.5045	ambiguous
P51580	C183E	0.7495	pathogenic
P51580	C183F	0.5066	ambiguous
P51580	C183G	0.1945	benign
P51580	C183H	0.6836	pathogenic
P51580	C183I	0.4974	ambiguous
P51580	C183K	0.8989	pathogenic
P51580	C183L	0.4572	ambiguous
P51580	C183M	0.6768	pathogenic
P51580	C183N	0.4677	ambiguous
P51580	C183P	0.9034	pathogenic
P51580	C183Q	0.7576	pathogenic
P51580	C183R	0.6959	pathogenic
P51580	C183S	0.1889	benign
P51580	C183T	0.3463	ambiguous
P51580	C183V	0.2899	benign
P51580	C183W	0.7389	pathogenic
P51580	C183Y	0.5249	ambiguous
P51580	V184A	0.1912	benign
P51580	V184C	0.6647	pathogenic
P51580	V184D	0.5719	pathogenic
P51580	V184E	0.5642	pathogenic
P51580	V184F	0.3472	ambiguous
P51580	V184G	0.2417	benign
P51580	V184H	0.7951	pathogenic
P51580	V184I	0.1121	benign
P51580	V184K	0.7669	pathogenic
P51580	V184L	0.3288	benign
P51580	V184M	0.3079	benign
P51580	V184N	0.4249	ambiguous
P51580	V184P	0.8446	pathogenic
P51580	V184Q	0.6476	pathogenic
P51580	V184R	0.6679	pathogenic
P51580	V184S	0.2051	benign
P51580	V184T	0.1608	benign
P51580	V184W	0.949	pathogenic
P51580	V184Y	0.7918	pathogenic
P51580	L185A	0.4846	ambiguous
P51580	L185C	0.5331	ambiguous
P51580	L185D	0.8803	pathogenic
P51580	L185E	0.7678	pathogenic
P51580	L185F	0.1705	benign
P51580	L185G	0.6678	pathogenic
P51580	L185H	0.5761	pathogenic
P51580	L185I	0.118	benign
P51580	L185K	0.6656	pathogenic
P51580	L185M	0.2071	benign
P51580	L185N	0.6435	pathogenic
P51580	L185P	0.566	pathogenic
P51580	L185Q	0.5275	ambiguous
P51580	L185R	0.4921	ambiguous
P51580	L185S	0.6138	pathogenic
P51580	L185T	0.4528	ambiguous
P51580	L185V	0.1053	benign
P51580	L185W	0.4174	ambiguous
P51580	L185Y	0.4338	ambiguous
P51580	S186A	0.1022	benign
P51580	S186C	0.1417	benign
P51580	S186D	0.2674	benign
P51580	S186E	0.3133	benign
P51580	S186F	0.3127	benign
P51580	S186G	0.1539	benign
P51580	S186H	0.3631	ambiguous
P51580	S186I	0.2722	benign
P51580	S186K	0.7648	pathogenic
P51580	S186L	0.2101	benign
P51580	S186M	0.3391	benign
P51580	S186N	0.2525	benign
P51580	S186P	0.7101	pathogenic
P51580	S186Q	0.482	ambiguous
P51580	S186R	0.6539	pathogenic
P51580	S186T	0.1333	benign
P51580	S186V	0.2675	benign
P51580	S186W	0.3641	ambiguous
P51580	S186Y	0.2162	benign
P51580	Y187A	0.878	pathogenic
P51580	Y187C	0.4075	ambiguous
P51580	Y187D	0.7574	pathogenic
P51580	Y187E	0.9424	pathogenic
P51580	Y187F	0.2203	benign
P51580	Y187G	0.7477	pathogenic
P51580	Y187H	0.6546	pathogenic
P51580	Y187I	0.8585	pathogenic
P51580	Y187K	0.9212	pathogenic
P51580	Y187L	0.7772	pathogenic
P51580	Y187M	0.8921	pathogenic
P51580	Y187N	0.6633	pathogenic
P51580	Y187P	0.9367	pathogenic
P51580	Y187Q	0.9207	pathogenic
P51580	Y187R	0.778	pathogenic
P51580	Y187S	0.6315	pathogenic
P51580	Y187T	0.8428	pathogenic
P51580	Y187V	0.7246	pathogenic
P51580	Y187W	0.5071	ambiguous
P51580	D188A	0.4008	ambiguous
P51580	D188C	0.7532	pathogenic
P51580	D188E	0.4162	ambiguous
P51580	D188F	0.8321	pathogenic
P51580	D188G	0.6829	pathogenic
P51580	D188H	0.3772	ambiguous
P51580	D188I	0.6097	pathogenic
P51580	D188K	0.6489	pathogenic
P51580	D188L	0.6651	pathogenic
P51580	D188M	0.876	pathogenic
P51580	D188N	0.1888	benign
P51580	D188P	0.7527	pathogenic
P51580	D188Q	0.607	pathogenic
P51580	D188R	0.6254	pathogenic
P51580	D188S	0.2901	benign
P51580	D188T	0.5878	pathogenic
P51580	D188V	0.4221	ambiguous
P51580	D188W	0.9618	pathogenic
P51580	D188Y	0.3413	ambiguous
P51580	P189A	0.1266	benign
P51580	P189C	0.6538	pathogenic
P51580	P189D	0.7101	pathogenic
P51580	P189E	0.4643	ambiguous
P51580	P189F	0.7666	pathogenic
P51580	P189G	0.4868	ambiguous
P51580	P189H	0.3956	ambiguous
P51580	P189I	0.4712	ambiguous
P51580	P189K	0.4752	ambiguous
P51580	P189L	0.3227	benign
P51580	P189M	0.5661	pathogenic
P51580	P189N	0.6292	pathogenic
P51580	P189Q	0.327	benign
P51580	P189R	0.3125	benign
P51580	P189S	0.245	benign
P51580	P189T	0.176	benign
P51580	P189V	0.3302	benign
P51580	P189W	0.8542	pathogenic
P51580	P189Y	0.7182	pathogenic
P51580	T190A	0.0748	benign
P51580	T190C	0.3762	ambiguous
P51580	T190D	0.2878	benign
P51580	T190E	0.1716	benign
P51580	T190F	0.3043	benign
P51580	T190G	0.1773	benign
P51580	T190H	0.2096	benign
P51580	T190I	0.2228	benign
P51580	T190K	0.1003	benign
P51580	T190L	0.108	benign
P51580	T190M	0.1102	benign
P51580	T190N	0.1232	benign
P51580	T190P	0.3367	benign
P51580	T190Q	0.1255	benign
P51580	T190R	0.0814	benign
P51580	T190S	0.0944	benign
P51580	T190V	0.1679	benign
P51580	T190W	0.5538	ambiguous
P51580	T190Y	0.2909	benign
P51580	K191A	0.3902	ambiguous
P51580	K191C	0.6622	pathogenic
P51580	K191D	0.7393	pathogenic
P51580	K191E	0.2313	benign
P51580	K191F	0.7987	pathogenic
P51580	K191G	0.5156	ambiguous
P51580	K191H	0.4664	ambiguous
P51580	K191I	0.3016	benign
P51580	K191L	0.3171	benign
P51580	K191M	0.2584	benign
P51580	K191N	0.5566	ambiguous
P51580	K191P	0.87	pathogenic
P51580	K191Q	0.1533	benign
P51580	K191R	0.0861	benign
P51580	K191S	0.4926	ambiguous
P51580	K191T	0.2468	benign
P51580	K191V	0.2798	benign
P51580	K191W	0.8152	pathogenic
P51580	K191Y	0.6814	pathogenic
P51580	H192A	0.7357	pathogenic
P51580	H192C	0.2975	benign
P51580	H192D	0.7805	pathogenic
P51580	H192E	0.725	pathogenic
P51580	H192F	0.236	benign
P51580	H192G	0.7907	pathogenic
P51580	H192I	0.451	ambiguous
P51580	H192K	0.5052	ambiguous
P51580	H192L	0.246	benign
P51580	H192M	0.6013	pathogenic
P51580	H192N	0.4119	ambiguous
P51580	H192P	0.6332	pathogenic
P51580	H192Q	0.5123	ambiguous
P51580	H192R	0.2813	benign
P51580	H192S	0.6948	pathogenic
P51580	H192T	0.7126	pathogenic
P51580	H192V	0.4463	ambiguous
P51580	H192W	0.381	ambiguous
P51580	H192Y	0.08	benign
P51580	P193A	0.0668	benign
P51580	P193C	0.2947	benign
P51580	P193D	0.3006	benign
P51580	P193E	0.1944	benign
P51580	P193F	0.3962	ambiguous
P51580	P193G	0.1719	benign
P51580	P193H	0.1524	benign
P51580	P193I	0.2704	benign
P51580	P193K	0.128	benign
P51580	P193L	0.1204	benign
P51580	P193M	0.2788	benign
P51580	P193N	0.2481	benign
P51580	P193Q	0.117	benign
P51580	P193R	0.0887	benign
P51580	P193S	0.107	benign
P51580	P193T	0.094	benign
P51580	P193V	0.179	benign
P51580	P193W	0.5048	ambiguous
P51580	P193Y	0.3401	ambiguous
P51580	G194A	0.531	ambiguous
P51580	G194C	0.6618	pathogenic
P51580	G194D	0.873	pathogenic
P51580	G194E	0.8148	pathogenic
P51580	G194F	0.8557	pathogenic
P51580	G194H	0.9176	pathogenic
P51580	G194I	0.8058	pathogenic
P51580	G194K	0.8886	pathogenic
P51580	G194L	0.8506	pathogenic
P51580	G194M	0.9188	pathogenic
P51580	G194N	0.908	pathogenic
P51580	G194P	0.9277	pathogenic
P51580	G194Q	0.8703	pathogenic
P51580	G194R	0.7664	pathogenic
P51580	G194S	0.4735	ambiguous
P51580	G194T	0.768	pathogenic
P51580	G194V	0.7021	pathogenic
P51580	G194W	0.8085	pathogenic
P51580	G194Y	0.852	pathogenic
P51580	P195A	0.3864	ambiguous
P51580	P195C	0.7896	pathogenic
P51580	P195D	0.9237	pathogenic
P51580	P195E	0.8393	pathogenic
P51580	P195F	0.7533	pathogenic
P51580	P195G	0.7532	pathogenic
P51580	P195H	0.5893	pathogenic
P51580	P195I	0.7305	pathogenic
P51580	P195K	0.7304	pathogenic
P51580	P195L	0.4699	ambiguous
P51580	P195M	0.7476	pathogenic
P51580	P195N	0.8577	pathogenic
P51580	P195Q	0.6107	pathogenic
P51580	P195R	0.5278	ambiguous
P51580	P195S	0.5762	pathogenic
P51580	P195T	0.5306	ambiguous
P51580	P195V	0.6479	pathogenic
P51580	P195W	0.8803	pathogenic
P51580	P195Y	0.7812	pathogenic
P51580	P196A	0.6598	pathogenic
P51580	P196C	0.91	pathogenic
P51580	P196D	0.9564	pathogenic
P51580	P196E	0.9266	pathogenic
P51580	P196F	0.9594	pathogenic
P51580	P196G	0.8818	pathogenic
P51580	P196H	0.8421	pathogenic
P51580	P196I	0.9352	pathogenic
P51580	P196K	0.9158	pathogenic
P51580	P196L	0.7359	pathogenic
P51580	P196M	0.9438	pathogenic
P51580	P196N	0.9513	pathogenic
P51580	P196Q	0.8348	pathogenic
P51580	P196R	0.7146	pathogenic
P51580	P196S	0.834	pathogenic
P51580	P196T	0.7819	pathogenic
P51580	P196V	0.8689	pathogenic
P51580	P196W	0.9719	pathogenic
P51580	P196Y	0.9387	pathogenic
P51580	F197A	0.8874	pathogenic
P51580	F197C	0.5223	ambiguous
P51580	F197D	0.9616	pathogenic
P51580	F197E	0.9734	pathogenic
P51580	F197G	0.9226	pathogenic
P51580	F197H	0.5708	pathogenic
P51580	F197I	0.7995	pathogenic
P51580	F197K	0.9526	pathogenic
P51580	F197L	0.9761	pathogenic
P51580	F197M	0.9243	pathogenic
P51580	F197N	0.8211	pathogenic
P51580	F197P	0.9861	pathogenic
P51580	F197Q	0.922	pathogenic
P51580	F197R	0.8236	pathogenic
P51580	F197S	0.7332	pathogenic
P51580	F197T	0.9256	pathogenic
P51580	F197V	0.7444	pathogenic
P51580	F197W	0.5081	ambiguous
P51580	F197Y	0.178	benign
P51580	Y198A	0.4925	ambiguous
P51580	Y198C	0.128	benign
P51580	Y198D	0.3735	ambiguous
P51580	Y198E	0.7995	pathogenic
P51580	Y198F	0.132	benign
P51580	Y198G	0.5309	ambiguous
P51580	Y198H	0.2051	benign
P51580	Y198I	0.6976	pathogenic
P51580	Y198K	0.8682	pathogenic
P51580	Y198L	0.604	pathogenic
P51580	Y198M	0.7935	pathogenic
P51580	Y198N	0.2262	benign
P51580	Y198P	0.6452	pathogenic
P51580	Y198Q	0.709	pathogenic
P51580	Y198R	0.6553	pathogenic
P51580	Y198S	0.1711	benign
P51580	Y198T	0.557	ambiguous
P51580	Y198V	0.5479	ambiguous
P51580	Y198W	0.4723	ambiguous
P51580	V199A	0.6672	pathogenic
P51580	V199C	0.8288	pathogenic
P51580	V199D	0.9185	pathogenic
P51580	V199E	0.8435	pathogenic
P51580	V199F	0.5632	ambiguous
P51580	V199G	0.69	pathogenic
P51580	V199H	0.944	pathogenic
P51580	V199I	0.116	benign
P51580	V199K	0.905	pathogenic
P51580	V199L	0.44	ambiguous
P51580	V199M	0.4984	ambiguous
P51580	V199N	0.8429	pathogenic
P51580	V199P	0.9284	pathogenic
P51580	V199Q	0.8466	pathogenic
P51580	V199R	0.8304	pathogenic
P51580	V199S	0.714	pathogenic
P51580	V199T	0.59	pathogenic
P51580	V199W	0.9762	pathogenic
P51580	V199Y	0.9082	pathogenic
P51580	P200A	0.1732	benign
P51580	P200C	0.5801	pathogenic
P51580	P200D	0.4648	ambiguous
P51580	P200E	0.4085	ambiguous
P51580	P200F	0.8188	pathogenic
P51580	P200G	0.3432	ambiguous
P51580	P200H	0.3423	ambiguous
P51580	P200I	0.7495	pathogenic
P51580	P200K	0.5191	ambiguous
P51580	P200L	0.3546	ambiguous
P51580	P200M	0.6831	pathogenic
P51580	P200N	0.4447	ambiguous
P51580	P200Q	0.3206	benign
P51580	P200R	0.3454	ambiguous
P51580	P200S	0.1455	benign
P51580	P200T	0.1823	benign
P51580	P200V	0.5743	pathogenic
P51580	P200W	0.8354	pathogenic
P51580	P200Y	0.7262	pathogenic
P51580	H201A	0.1139	benign
P51580	H201C	0.169	benign
P51580	H201D	0.0546	benign
P51580	H201E	0.1026	benign
P51580	H201F	0.3339	benign
P51580	H201G	0.148	benign
P51580	H201I	0.2412	benign
P51580	H201K	0.1361	benign
P51580	H201L	0.1151	benign
P51580	H201M	0.3527	ambiguous
P51580	H201N	0.0672	benign
P51580	H201P	0.0821	benign
P51580	H201Q	0.1055	benign
P51580	H201R	0.0871	benign
P51580	H201S	0.1084	benign
P51580	H201T	0.142	benign
P51580	H201V	0.1623	benign
P51580	H201W	0.4372	ambiguous
P51580	H201Y	0.1158	benign
P51580	A202C	0.2922	benign
P51580	A202D	0.1059	benign
P51580	A202E	0.1035	benign
P51580	A202F	0.2417	benign
P51580	A202G	0.0984	benign
P51580	A202H	0.2157	benign
P51580	A202I	0.2064	benign
P51580	A202K	0.1596	benign
P51580	A202L	0.1438	benign
P51580	A202M	0.2104	benign
P51580	A202N	0.1526	benign
P51580	A202P	0.1425	benign
P51580	A202Q	0.1591	benign
P51580	A202R	0.14	benign
P51580	A202S	0.0841	benign
P51580	A202T	0.0776	benign
P51580	A202V	0.1127	benign
P51580	A202W	0.4246	ambiguous
P51580	A202Y	0.2812	benign
P51580	E203A	0.3495	ambiguous
P51580	E203C	0.9264	pathogenic
P51580	E203D	0.2923	benign
P51580	E203F	0.9061	pathogenic
P51580	E203G	0.4237	ambiguous
P51580	E203H	0.7284	pathogenic
P51580	E203I	0.6614	pathogenic
P51580	E203K	0.3535	ambiguous
P51580	E203L	0.7174	pathogenic
P51580	E203M	0.7365	pathogenic
P51580	E203N	0.5984	pathogenic
P51580	E203P	0.9418	pathogenic
P51580	E203Q	0.2694	benign
P51580	E203R	0.496	ambiguous
P51580	E203S	0.4889	ambiguous
P51580	E203T	0.4586	ambiguous
P51580	E203V	0.4034	ambiguous
P51580	E203W	0.9634	pathogenic
P51580	E203Y	0.8297	pathogenic
P51580	I204A	0.4135	ambiguous
P51580	I204C	0.8112	pathogenic
P51580	I204D	0.9451	pathogenic
P51580	I204E	0.8339	pathogenic
P51580	I204F	0.4799	ambiguous
P51580	I204G	0.8395	pathogenic
P51580	I204H	0.9063	pathogenic
P51580	I204K	0.7529	pathogenic
P51580	I204L	0.1687	benign
P51580	I204M	0.1359	benign
P51580	I204N	0.6756	pathogenic
P51580	I204P	0.8931	pathogenic
P51580	I204Q	0.7949	pathogenic
P51580	I204R	0.66	pathogenic
P51580	I204S	0.5976	pathogenic
P51580	I204T	0.1994	benign
P51580	I204V	0.0843	benign
P51580	I204W	0.9219	pathogenic
P51580	I204Y	0.8394	pathogenic
P51580	E205A	0.1838	benign
P51580	E205C	0.6412	pathogenic
P51580	E205D	0.2215	benign
P51580	E205F	0.6602	pathogenic
P51580	E205G	0.1357	benign
P51580	E205H	0.2987	benign
P51580	E205I	0.3299	benign
P51580	E205K	0.0956	benign
P51580	E205L	0.3017	benign
P51580	E205M	0.4154	ambiguous
P51580	E205N	0.2898	benign
P51580	E205P	0.7086	pathogenic
P51580	E205Q	0.0958	benign
P51580	E205R	0.1323	benign
P51580	E205S	0.236	benign
P51580	E205T	0.2102	benign
P51580	E205V	0.1989	benign
P51580	E205W	0.7515	pathogenic
P51580	E205Y	0.4891	ambiguous
P51580	R206A	0.1538	benign
P51580	R206C	0.1242	benign
P51580	R206D	0.2258	benign
P51580	R206E	0.1475	benign
P51580	R206F	0.2879	benign
P51580	R206G	0.0923	benign
P51580	R206H	0.0827	benign
P51580	R206I	0.1311	benign
P51580	R206K	0.0879	benign
P51580	R206L	0.1236	benign
P51580	R206M	0.1217	benign
P51580	R206N	0.1739	benign
P51580	R206P	0.6373	pathogenic
P51580	R206Q	0.0858	benign
P51580	R206S	0.1453	benign
P51580	R206T	0.0924	benign
P51580	R206V	0.1759	benign
P51580	R206W	0.1401	benign
P51580	R206Y	0.2171	benign
P51580	L207A	0.621	pathogenic
P51580	L207C	0.6048	pathogenic
P51580	L207D	0.8534	pathogenic
P51580	L207E	0.6414	pathogenic
P51580	L207F	0.2768	benign
P51580	L207G	0.7779	pathogenic
P51580	L207H	0.358	ambiguous
P51580	L207I	0.1767	benign
P51580	L207K	0.6045	pathogenic
P51580	L207M	0.2289	benign
P51580	L207N	0.6146	pathogenic
P51580	L207P	0.8546	pathogenic
P51580	L207Q	0.3905	ambiguous
P51580	L207R	0.3855	ambiguous
P51580	L207S	0.6523	pathogenic
P51580	L207T	0.5477	ambiguous
P51580	L207V	0.2448	benign
P51580	L207W	0.3843	ambiguous
P51580	L207Y	0.4315	ambiguous
P51580	F208A	0.7869	pathogenic
P51580	F208C	0.6863	pathogenic
P51580	F208D	0.9365	pathogenic
P51580	F208E	0.9547	pathogenic
P51580	F208G	0.858	pathogenic
P51580	F208H	0.7564	pathogenic
P51580	F208I	0.7086	pathogenic
P51580	F208K	0.948	pathogenic
P51580	F208L	0.9171	pathogenic
P51580	F208M	0.8198	pathogenic
P51580	F208N	0.9094	pathogenic
P51580	F208P	0.972	pathogenic
P51580	F208Q	0.9279	pathogenic
P51580	F208R	0.8879	pathogenic
P51580	F208S	0.6874	pathogenic
P51580	F208T	0.7736	pathogenic
P51580	F208V	0.6504	pathogenic
P51580	F208W	0.4118	ambiguous
P51580	F208Y	0.1998	benign
P51580	G209A	0.2487	benign
P51580	G209C	0.362	ambiguous
P51580	G209D	0.3677	ambiguous
P51580	G209E	0.3188	benign
P51580	G209F	0.8319	pathogenic
P51580	G209H	0.5574	ambiguous
P51580	G209I	0.6453	pathogenic
P51580	G209K	0.4877	ambiguous
P51580	G209L	0.6573	pathogenic
P51580	G209M	0.7924	pathogenic
P51580	G209N	0.521	ambiguous
P51580	G209P	0.8901	pathogenic
P51580	G209Q	0.4179	ambiguous
P51580	G209R	0.302	benign
P51580	G209S	0.1632	benign
P51580	G209T	0.3811	ambiguous
P51580	G209V	0.4552	ambiguous
P51580	G209W	0.5696	pathogenic
P51580	G209Y	0.6556	pathogenic
P51580	K210A	0.1523	benign
P51580	K210C	0.427	ambiguous
P51580	K210D	0.1097	benign
P51580	K210E	0.0716	benign
P51580	K210F	0.5444	ambiguous
P51580	K210G	0.1348	benign
P51580	K210H	0.1684	benign
P51580	K210I	0.2615	benign
P51580	K210L	0.2429	benign
P51580	K210M	0.1756	benign
P51580	K210N	0.0967	benign
P51580	K210P	0.1928	benign
P51580	K210Q	0.0991	benign
P51580	K210R	0.0819	benign
P51580	K210S	0.1207	benign
P51580	K210T	0.0895	benign
P51580	K210V	0.2175	benign
P51580	K210W	0.5761	pathogenic
P51580	K210Y	0.3547	ambiguous
P51580	I211A	0.1478	benign
P51580	I211C	0.398	ambiguous
P51580	I211D	0.206	benign
P51580	I211E	0.1757	benign
P51580	I211F	0.0892	benign
P51580	I211G	0.2823	benign
P51580	I211H	0.1528	benign
P51580	I211K	0.0875	benign
P51580	I211L	0.1158	benign
P51580	I211M	0.1011	benign
P51580	I211N	0.0762	benign
P51580	I211P	0.4637	ambiguous
P51580	I211Q	0.1396	benign
P51580	I211R	0.0644	benign
P51580	I211S	0.1015	benign
P51580	I211T	0.1045	benign
P51580	I211V	0.0843	benign
P51580	I211W	0.4297	ambiguous
P51580	I211Y	0.1641	benign
P51580	C212A	0.5214	ambiguous
P51580	C212D	0.9271	pathogenic
P51580	C212E	0.9657	pathogenic
P51580	C212F	0.4373	ambiguous
P51580	C212G	0.2468	benign
P51580	C212H	0.8371	pathogenic
P51580	C212I	0.79	pathogenic
P51580	C212K	0.9567	pathogenic
P51580	C212L	0.6707	pathogenic
P51580	C212M	0.837	pathogenic
P51580	C212N	0.8558	pathogenic
P51580	C212P	0.9644	pathogenic
P51580	C212Q	0.8982	pathogenic
P51580	C212R	0.7569	pathogenic
P51580	C212S	0.4912	ambiguous
P51580	C212T	0.6868	pathogenic
P51580	C212V	0.666	pathogenic
P51580	C212W	0.7258	pathogenic
P51580	C212Y	0.6043	pathogenic
P51580	N213A	0.1854	benign
P51580	N213C	0.2507	benign
P51580	N213D	0.0733	benign
P51580	N213E	0.1917	benign
P51580	N213F	0.5103	ambiguous
P51580	N213G	0.2542	benign
P51580	N213H	0.084	benign
P51580	N213I	0.2345	benign
P51580	N213K	0.1799	benign
P51580	N213L	0.2493	benign
P51580	N213M	0.3641	ambiguous
P51580	N213P	0.6849	pathogenic
P51580	N213Q	0.2129	benign
P51580	N213R	0.179	benign
P51580	N213S	0.0785	benign
P51580	N213T	0.1055	benign
P51580	N213V	0.2189	benign
P51580	N213W	0.707	pathogenic
P51580	N213Y	0.1708	benign
P51580	I214A	0.5501	ambiguous
P51580	I214C	0.6847	pathogenic
P51580	I214D	0.8812	pathogenic
P51580	I214E	0.7911	pathogenic
P51580	I214F	0.2756	benign
P51580	I214G	0.7582	pathogenic
P51580	I214H	0.7229	pathogenic
P51580	I214K	0.5921	pathogenic
P51580	I214L	0.1813	benign
P51580	I214M	0.1803	benign
P51580	I214N	0.4868	ambiguous
P51580	I214P	0.7789	pathogenic
P51580	I214Q	0.6751	pathogenic
P51580	I214R	0.4832	ambiguous
P51580	I214S	0.4517	ambiguous
P51580	I214T	0.4003	ambiguous
P51580	I214V	0.1144	benign
P51580	I214W	0.8421	pathogenic
P51580	I214Y	0.6389	pathogenic
P51580	R215A	0.2127	benign
P51580	R215C	0.1158	benign
P51580	R215D	0.2382	benign
P51580	R215E	0.1514	benign
P51580	R215F	0.3061	benign
P51580	R215G	0.1742	benign
P51580	R215H	0.0719	benign
P51580	R215I	0.1325	benign
P51580	R215K	0.1126	benign
P51580	R215L	0.13	benign
P51580	R215M	0.2284	benign
P51580	R215N	0.2287	benign
P51580	R215P	0.7127	pathogenic
P51580	R215Q	0.077	benign
P51580	R215S	0.1692	benign
P51580	R215T	0.1059	benign
P51580	R215V	0.169	benign
P51580	R215W	0.1683	benign
P51580	R215Y	0.2125	benign
P51580	C216A	0.3898	ambiguous
P51580	C216D	0.4706	ambiguous
P51580	C216E	0.3892	ambiguous
P51580	C216F	0.1466	benign
P51580	C216G	0.2341	benign
P51580	C216H	0.3318	benign
P51580	C216I	0.3274	benign
P51580	C216K	0.5346	ambiguous
P51580	C216L	0.2075	benign
P51580	C216M	0.4859	ambiguous
P51580	C216N	0.3613	ambiguous
P51580	C216P	0.4294	ambiguous
P51580	C216Q	0.3898	ambiguous
P51580	C216R	0.2944	benign
P51580	C216S	0.3166	benign
P51580	C216T	0.4225	ambiguous
P51580	C216V	0.302	benign
P51580	C216W	0.431	ambiguous
P51580	C216Y	0.1786	benign
P51580	L217A	0.5053	ambiguous
P51580	L217C	0.6962	pathogenic
P51580	L217D	0.9221	pathogenic
P51580	L217E	0.6132	pathogenic
P51580	L217F	0.2848	benign
P51580	L217G	0.8241	pathogenic
P51580	L217H	0.565	pathogenic
P51580	L217I	0.0925	benign
P51580	L217K	0.4995	ambiguous
P51580	L217M	0.1866	benign
P51580	L217N	0.8105	pathogenic
P51580	L217P	0.7198	pathogenic
P51580	L217Q	0.4276	ambiguous
P51580	L217R	0.3981	ambiguous
P51580	L217S	0.6846	pathogenic
P51580	L217T	0.4647	ambiguous
P51580	L217V	0.1238	benign
P51580	L217W	0.45	ambiguous
P51580	L217Y	0.6704	pathogenic
P51580	E218A	0.3523	ambiguous
P51580	E218C	0.906	pathogenic
P51580	E218D	0.3004	benign
P51580	E218F	0.9395	pathogenic
P51580	E218G	0.2332	benign
P51580	E218H	0.7021	pathogenic
P51580	E218I	0.8318	pathogenic
P51580	E218K	0.3751	ambiguous
P51580	E218L	0.7313	pathogenic
P51580	E218M	0.8169	pathogenic
P51580	E218N	0.6797	pathogenic
P51580	E218P	0.943	pathogenic
P51580	E218Q	0.2025	benign
P51580	E218R	0.457	ambiguous
P51580	E218S	0.467	ambiguous
P51580	E218T	0.5992	pathogenic
P51580	E218V	0.5807	pathogenic
P51580	E218W	0.9533	pathogenic
P51580	E218Y	0.859	pathogenic
P51580	K219A	0.1903	benign
P51580	K219C	0.6	pathogenic
P51580	K219D	0.2443	benign
P51580	K219E	0.0675	benign
P51580	K219F	0.6704	pathogenic
P51580	K219G	0.3416	ambiguous
P51580	K219H	0.2622	benign
P51580	K219I	0.2132	benign
P51580	K219L	0.3015	benign
P51580	K219M	0.1449	benign
P51580	K219N	0.1982	benign
P51580	K219P	0.7923	pathogenic
P51580	K219Q	0.1048	benign
P51580	K219R	0.0948	benign
P51580	K219S	0.1943	benign
P51580	K219T	0.0728	benign
P51580	K219V	0.1887	benign
P51580	K219W	0.707	pathogenic
P51580	K219Y	0.4825	ambiguous
P51580	V220A	0.1089	benign
P51580	V220C	0.6351	pathogenic
P51580	V220D	0.1801	benign
P51580	V220E	0.1394	benign
P51580	V220F	0.1394	benign
P51580	V220G	0.1491	benign
P51580	V220H	0.3471	ambiguous
P51580	V220I	0.0988	benign
P51580	V220K	0.1515	benign
P51580	V220L	0.2333	benign
P51580	V220M	0.178	benign
P51580	V220N	0.1724	benign
P51580	V220P	0.6835	pathogenic
P51580	V220Q	0.1851	benign
P51580	V220R	0.1262	benign
P51580	V220S	0.154	benign
P51580	V220T	0.1102	benign
P51580	V220W	0.6357	pathogenic
P51580	V220Y	0.3817	ambiguous
P51580	D221A	0.2698	benign
P51580	D221C	0.6746	pathogenic
P51580	D221E	0.338	benign
P51580	D221F	0.7199	pathogenic
P51580	D221G	0.2973	benign
P51580	D221H	0.3555	ambiguous
P51580	D221I	0.5251	ambiguous
P51580	D221K	0.5127	ambiguous
P51580	D221L	0.5073	ambiguous
P51580	D221M	0.779	pathogenic
P51580	D221N	0.1194	benign
P51580	D221P	0.5586	ambiguous
P51580	D221Q	0.5156	ambiguous
P51580	D221R	0.4662	ambiguous
P51580	D221S	0.1992	benign
P51580	D221T	0.4008	ambiguous
P51580	D221V	0.313	benign
P51580	D221W	0.8914	pathogenic
P51580	D221Y	0.2607	benign
P51580	A222C	0.3832	ambiguous
P51580	A222D	0.3576	ambiguous
P51580	A222E	0.4088	ambiguous
P51580	A222F	0.3911	ambiguous
P51580	A222G	0.1505	benign
P51580	A222H	0.5001	ambiguous
P51580	A222I	0.2434	benign
P51580	A222K	0.4838	ambiguous
P51580	A222L	0.2456	benign
P51580	A222M	0.3538	ambiguous
P51580	A222N	0.3166	benign
P51580	A222P	0.5612	ambiguous
P51580	A222Q	0.4443	ambiguous
P51580	A222R	0.3323	benign
P51580	A222S	0.1229	benign
P51580	A222T	0.1164	benign
P51580	A222V	0.1315	benign
P51580	A222W	0.7383	pathogenic
P51580	A222Y	0.4714	ambiguous
P51580	F223A	0.4483	ambiguous
P51580	F223C	0.3503	ambiguous
P51580	F223D	0.7725	pathogenic
P51580	F223E	0.7586	pathogenic
P51580	F223G	0.6409	pathogenic
P51580	F223H	0.6191	pathogenic
P51580	F223I	0.2626	benign
P51580	F223K	0.6547	pathogenic
P51580	F223L	0.6121	pathogenic
P51580	F223M	0.3904	ambiguous
P51580	F223N	0.6338	pathogenic
P51580	F223P	0.8899	pathogenic
P51580	F223Q	0.6789	pathogenic
P51580	F223R	0.5474	ambiguous
P51580	F223S	0.3883	ambiguous
P51580	F223T	0.4082	ambiguous
P51580	F223V	0.2431	benign
P51580	F223W	0.3605	ambiguous
P51580	F223Y	0.1955	benign
P51580	E224A	0.1642	benign
P51580	E224C	0.6554	pathogenic
P51580	E224D	0.2093	benign
P51580	E224F	0.6738	pathogenic
P51580	E224G	0.1039	benign
P51580	E224H	0.3629	ambiguous
P51580	E224I	0.4442	ambiguous
P51580	E224K	0.1348	benign
P51580	E224L	0.3217	benign
P51580	E224M	0.4376	ambiguous
P51580	E224N	0.2954	benign
P51580	E224P	0.5495	ambiguous
P51580	E224Q	0.1187	benign
P51580	E224R	0.1734	benign
P51580	E224S	0.1844	benign
P51580	E224T	0.1847	benign
P51580	E224V	0.251	benign
P51580	E224W	0.7882	pathogenic
P51580	E224Y	0.5372	ambiguous
P51580	E225A	0.1104	benign
P51580	E225C	0.7168	pathogenic
P51580	E225D	0.1057	benign
P51580	E225F	0.612	pathogenic
P51580	E225G	0.0868	benign
P51580	E225H	0.3582	ambiguous
P51580	E225I	0.277	benign
P51580	E225K	0.1059	benign
P51580	E225L	0.2887	benign
P51580	E225M	0.3497	ambiguous
P51580	E225N	0.1924	benign
P51580	E225P	0.2018	benign
P51580	E225Q	0.1281	benign
P51580	E225R	0.1808	benign
P51580	E225S	0.161	benign
P51580	E225T	0.1767	benign
P51580	E225V	0.1659	benign
P51580	E225W	0.7067	pathogenic
P51580	E225Y	0.4067	ambiguous
P51580	R226A	0.3445	ambiguous
P51580	R226C	0.2291	benign
P51580	R226D	0.4877	ambiguous
P51580	R226E	0.255	benign
P51580	R226F	0.4752	ambiguous
P51580	R226G	0.1966	benign
P51580	R226H	0.1334	benign
P51580	R226I	0.2204	benign
P51580	R226K	0.1113	benign
P51580	R226L	0.2965	benign
P51580	R226M	0.2875	benign
P51580	R226N	0.4388	ambiguous
P51580	R226P	0.3889	ambiguous
P51580	R226Q	0.12	benign
P51580	R226S	0.3866	ambiguous
P51580	R226T	0.2322	benign
P51580	R226V	0.3436	ambiguous
P51580	R226W	0.1417	benign
P51580	R226Y	0.3141	benign
P51580	H227A	0.5474	ambiguous
P51580	H227C	0.3024	benign
P51580	H227D	0.5774	pathogenic
P51580	H227E	0.4834	ambiguous
P51580	H227F	0.3035	benign
P51580	H227G	0.5786	pathogenic
P51580	H227I	0.5672	pathogenic
P51580	H227K	0.5272	ambiguous
P51580	H227L	0.2934	benign
P51580	H227M	0.5682	pathogenic
P51580	H227N	0.3227	benign
P51580	H227P	0.2779	benign
P51580	H227Q	0.3217	benign
P51580	H227R	0.3342	benign
P51580	H227S	0.5492	ambiguous
P51580	H227T	0.6308	pathogenic
P51580	H227V	0.5199	ambiguous
P51580	H227W	0.2756	benign
P51580	H227Y	0.1171	benign
P51580	K228A	0.3089	benign
P51580	K228C	0.5891	pathogenic
P51580	K228D	0.6182	pathogenic
P51580	K228E	0.1571	benign
P51580	K228F	0.6501	pathogenic
P51580	K228G	0.4147	ambiguous
P51580	K228H	0.3123	benign
P51580	K228I	0.242	benign
P51580	K228L	0.2736	benign
P51580	K228M	0.2341	benign
P51580	K228N	0.4458	ambiguous
P51580	K228P	0.8089	pathogenic
P51580	K228Q	0.1248	benign
P51580	K228R	0.0739	benign
P51580	K228S	0.3999	ambiguous
P51580	K228T	0.2024	benign
P51580	K228V	0.2517	benign
P51580	K228W	0.6322	pathogenic
P51580	K228Y	0.5238	ambiguous
P51580	S229A	0.0781	benign
P51580	S229C	0.1359	benign
P51580	S229D	0.1604	benign
P51580	S229E	0.1664	benign
P51580	S229F	0.1823	benign
P51580	S229G	0.0767	benign
P51580	S229H	0.1749	benign
P51580	S229I	0.1361	benign
P51580	S229K	0.2088	benign
P51580	S229L	0.1088	benign
P51580	S229M	0.1854	benign
P51580	S229N	0.0963	benign
P51580	S229P	0.1746	benign
P51580	S229Q	0.1893	benign
P51580	S229R	0.1931	benign
P51580	S229T	0.0888	benign
P51580	S229V	0.1536	benign
P51580	S229W	0.222	benign
P51580	S229Y	0.1413	benign
P51580	W230A	0.6329	pathogenic
P51580	W230C	0.8144	pathogenic
P51580	W230D	0.8935	pathogenic
P51580	W230E	0.8371	pathogenic
P51580	W230F	0.3709	ambiguous
P51580	W230G	0.5326	ambiguous
P51580	W230H	0.8086	pathogenic
P51580	W230I	0.7856	pathogenic
P51580	W230K	0.8492	pathogenic
P51580	W230L	0.5723	pathogenic
P51580	W230M	0.7246	pathogenic
P51580	W230N	0.9008	pathogenic
P51580	W230P	0.9556	pathogenic
P51580	W230Q	0.8357	pathogenic
P51580	W230R	0.7299	pathogenic
P51580	W230S	0.6134	pathogenic
P51580	W230T	0.7579	pathogenic
P51580	W230V	0.7037	pathogenic
P51580	W230Y	0.5841	pathogenic
P51580	G231A	0.4191	ambiguous
P51580	G231C	0.5244	ambiguous
P51580	G231D	0.3025	benign
P51580	G231E	0.38	ambiguous
P51580	G231F	0.8994	pathogenic
P51580	G231H	0.6801	pathogenic
P51580	G231I	0.7788	pathogenic
P51580	G231K	0.5736	pathogenic
P51580	G231L	0.8287	pathogenic
P51580	G231M	0.834	pathogenic
P51580	G231N	0.4646	ambiguous
P51580	G231P	0.9513	pathogenic
P51580	G231Q	0.5369	ambiguous
P51580	G231R	0.4884	ambiguous
P51580	G231S	0.3183	benign
P51580	G231T	0.6464	pathogenic
P51580	G231V	0.6476	pathogenic
P51580	G231W	0.7741	pathogenic
P51580	G231Y	0.754	pathogenic
P51580	I232A	0.5294	ambiguous
P51580	I232C	0.74	pathogenic
P51580	I232D	0.9037	pathogenic
P51580	I232E	0.8252	pathogenic
P51580	I232F	0.3076	benign
P51580	I232G	0.8249	pathogenic
P51580	I232H	0.8235	pathogenic
P51580	I232K	0.6744	pathogenic
P51580	I232L	0.0926	benign
P51580	I232M	0.1454	benign
P51580	I232N	0.5939	pathogenic
P51580	I232P	0.867	pathogenic
P51580	I232Q	0.7515	pathogenic
P51580	I232R	0.5714	pathogenic
P51580	I232S	0.6234	pathogenic
P51580	I232T	0.3985	ambiguous
P51580	I232V	0.1214	benign
P51580	I232W	0.8239	pathogenic
P51580	I232Y	0.7051	pathogenic
P51580	D233A	0.2168	benign
P51580	D233C	0.5922	pathogenic
P51580	D233E	0.2459	benign
P51580	D233F	0.6545	pathogenic
P51580	D233G	0.1477	benign
P51580	D233H	0.256	benign
P51580	D233I	0.4858	ambiguous
P51580	D233K	0.3777	ambiguous
P51580	D233L	0.4595	ambiguous
P51580	D233M	0.7711	pathogenic
P51580	D233N	0.1297	benign
P51580	D233P	0.5156	ambiguous
P51580	D233Q	0.3665	ambiguous
P51580	D233R	0.3372	benign
P51580	D233S	0.1275	benign
P51580	D233T	0.2444	benign
P51580	D233V	0.2847	benign
P51580	D233W	0.8757	pathogenic
P51580	D233Y	0.2512	benign
P51580	C234A	0.1762	benign
P51580	C234D	0.1913	benign
P51580	C234E	0.2658	benign
P51580	C234F	0.0719	benign
P51580	C234G	0.0903	benign
P51580	C234H	0.1092	benign
P51580	C234I	0.2174	benign
P51580	C234K	0.2463	benign
P51580	C234L	0.2111	benign
P51580	C234M	0.3568	ambiguous
P51580	C234N	0.1539	benign
P51580	C234P	0.7131	pathogenic
P51580	C234Q	0.1822	benign
P51580	C234R	0.1038	benign
P51580	C234S	0.0992	benign
P51580	C234T	0.1516	benign
P51580	C234V	0.1847	benign
P51580	C234W	0.1902	benign
P51580	C234Y	0.0655	benign
P51580	L235A	0.5948	pathogenic
P51580	L235C	0.5309	ambiguous
P51580	L235D	0.947	pathogenic
P51580	L235E	0.8841	pathogenic
P51580	L235F	0.1744	benign
P51580	L235G	0.8242	pathogenic
P51580	L235H	0.6602	pathogenic
P51580	L235I	0.1119	benign
P51580	L235K	0.7449	pathogenic
P51580	L235M	0.206	benign
P51580	L235N	0.8109	pathogenic
P51580	L235P	0.7482	pathogenic
P51580	L235Q	0.6639	pathogenic
P51580	L235R	0.5854	pathogenic
P51580	L235S	0.7846	pathogenic
P51580	L235T	0.667	pathogenic
P51580	L235V	0.1567	benign
P51580	L235W	0.4869	ambiguous
P51580	L235Y	0.4969	ambiguous
P51580	F236A	0.2998	benign
P51580	F236C	0.2411	benign
P51580	F236D	0.4009	ambiguous
P51580	F236E	0.3604	ambiguous
P51580	F236G	0.5645	pathogenic
P51580	F236H	0.2586	benign
P51580	F236I	0.1146	benign
P51580	F236K	0.4199	ambiguous
P51580	F236L	0.5487	ambiguous
P51580	F236M	0.3418	ambiguous
P51580	F236N	0.3573	ambiguous
P51580	F236P	0.9045	pathogenic
P51580	F236Q	0.3483	ambiguous
P51580	F236R	0.3131	benign
P51580	F236S	0.1773	benign
P51580	F236T	0.1895	benign
P51580	F236V	0.1207	benign
P51580	F236W	0.2495	benign
P51580	F236Y	0.1152	benign
P51580	E237A	0.7676	pathogenic
P51580	E237C	0.942	pathogenic
P51580	E237D	0.8127	pathogenic
P51580	E237F	0.9528	pathogenic
P51580	E237G	0.6773	pathogenic
P51580	E237H	0.8521	pathogenic
P51580	E237I	0.8579	pathogenic
P51580	E237K	0.5199	ambiguous
P51580	E237L	0.846	pathogenic
P51580	E237M	0.9007	pathogenic
P51580	E237N	0.9084	pathogenic
P51580	E237P	0.9678	pathogenic
P51580	E237Q	0.3142	benign
P51580	E237R	0.5627	ambiguous
P51580	E237S	0.7882	pathogenic
P51580	E237T	0.8224	pathogenic
P51580	E237V	0.7333	pathogenic
P51580	E237W	0.9643	pathogenic
P51580	E237Y	0.92	pathogenic
P51580	K238A	0.3032	benign
P51580	K238C	0.5764	pathogenic
P51580	K238D	0.3604	ambiguous
P51580	K238E	0.099	benign
P51580	K238F	0.6281	pathogenic
P51580	K238G	0.4622	ambiguous
P51580	K238H	0.2318	benign
P51580	K238I	0.1853	benign
P51580	K238L	0.3231	benign
P51580	K238M	0.1696	benign
P51580	K238N	0.2373	benign
P51580	K238P	0.9149	pathogenic
P51580	K238Q	0.1189	benign
P51580	K238R	0.1132	benign
P51580	K238S	0.2914	benign
P51580	K238T	0.0968	benign
P51580	K238V	0.1884	benign
P51580	K238W	0.7407	pathogenic
P51580	K238Y	0.3718	ambiguous
P51580	L239A	0.5506	ambiguous
P51580	L239C	0.6382	pathogenic
P51580	L239D	0.9387	pathogenic
P51580	L239E	0.8471	pathogenic
P51580	L239F	0.3717	ambiguous
P51580	L239G	0.7883	pathogenic
P51580	L239H	0.7374	pathogenic
P51580	L239I	0.1203	benign
P51580	L239K	0.827	pathogenic
P51580	L239M	0.2419	benign
P51580	L239N	0.7062	pathogenic
P51580	L239P	0.8991	pathogenic
P51580	L239Q	0.6791	pathogenic
P51580	L239R	0.6953	pathogenic
P51580	L239S	0.7388	pathogenic
P51580	L239T	0.5033	ambiguous
P51580	L239V	0.1308	benign
P51580	L239W	0.7006	pathogenic
P51580	L239Y	0.666	pathogenic
P51580	Y240A	0.915	pathogenic
P51580	Y240C	0.4277	ambiguous
P51580	Y240D	0.8504	pathogenic
P51580	Y240E	0.9457	pathogenic
P51580	Y240F	0.1133	benign
P51580	Y240G	0.8853	pathogenic
P51580	Y240H	0.4809	ambiguous
P51580	Y240I	0.6885	pathogenic
P51580	Y240K	0.9561	pathogenic
P51580	Y240L	0.635	pathogenic
P51580	Y240M	0.8545	pathogenic
P51580	Y240N	0.6664	pathogenic
P51580	Y240P	0.9755	pathogenic
P51580	Y240Q	0.9095	pathogenic
P51580	Y240R	0.8715	pathogenic
P51580	Y240S	0.7457	pathogenic
P51580	Y240T	0.8961	pathogenic
P51580	Y240V	0.6388	pathogenic
P51580	Y240W	0.4307	ambiguous
P51580	L241A	0.4085	ambiguous
P51580	L241C	0.4239	ambiguous
P51580	L241D	0.8529	pathogenic
P51580	L241E	0.4665	ambiguous
P51580	L241F	0.1376	benign
P51580	L241G	0.7139	pathogenic
P51580	L241H	0.2602	benign
P51580	L241I	0.0852	benign
P51580	L241K	0.3468	ambiguous
P51580	L241M	0.1619	benign
P51580	L241N	0.664	pathogenic
P51580	L241P	0.9032	pathogenic
P51580	L241Q	0.2363	benign
P51580	L241R	0.2252	benign
P51580	L241S	0.4754	ambiguous
P51580	L241T	0.3969	ambiguous
P51580	L241V	0.0989	benign
P51580	L241W	0.2442	benign
P51580	L241Y	0.3376	benign
P51580	L242A	0.7324	pathogenic
P51580	L242C	0.6775	pathogenic
P51580	L242D	0.986	pathogenic
P51580	L242E	0.9365	pathogenic
P51580	L242F	0.2799	benign
P51580	L242G	0.9039	pathogenic
P51580	L242H	0.8769	pathogenic
P51580	L242I	0.1448	benign
P51580	L242K	0.891	pathogenic
P51580	L242M	0.2742	benign
P51580	L242N	0.9515	pathogenic
P51580	L242P	0.8786	pathogenic
P51580	L242Q	0.8305	pathogenic
P51580	L242R	0.796	pathogenic
P51580	L242S	0.9298	pathogenic
P51580	L242T	0.8653	pathogenic
P51580	L242V	0.1924	benign
P51580	L242W	0.7625	pathogenic
P51580	L242Y	0.8291	pathogenic
P51580	T243A	0.1484	benign
P51580	T243C	0.5231	ambiguous
P51580	T243D	0.3912	ambiguous
P51580	T243E	0.1839	benign
P51580	T243F	0.4128	ambiguous
P51580	T243G	0.3331	benign
P51580	T243H	0.316	benign
P51580	T243I	0.3357	benign
P51580	T243K	0.2015	benign
P51580	T243L	0.2559	benign
P51580	T243M	0.176	benign
P51580	T243N	0.2099	benign
P51580	T243P	0.4883	ambiguous
P51580	T243Q	0.193	benign
P51580	T243R	0.1483	benign
P51580	T243S	0.1528	benign
P51580	T243V	0.2614	benign
P51580	T243W	0.6255	pathogenic
P51580	T243Y	0.3936	ambiguous
P51580	E244A	0.1858	benign
P51580	E244C	0.8007	pathogenic
P51580	E244D	0.3008	benign
P51580	E244F	0.7978	pathogenic
P51580	E244G	0.1428	benign
P51580	E244H	0.534	ambiguous
P51580	E244I	0.5574	ambiguous
P51580	E244K	0.1432	benign
P51580	E244L	0.5018	ambiguous
P51580	E244M	0.6258	pathogenic
P51580	E244N	0.4044	ambiguous
P51580	E244P	0.2365	benign
P51580	E244Q	0.1393	benign
P51580	E244R	0.1932	benign
P51580	E244S	0.2722	benign
P51580	E244T	0.3325	benign
P51580	E244V	0.355	ambiguous
P51580	E244W	0.8717	pathogenic
P51580	E244Y	0.6467	pathogenic
P51580	K245A	0.5985	pathogenic
P51580	K245C	0.7958	pathogenic
P51580	K245D	0.6838	pathogenic
P51580	K245E	0.2091	benign
P51580	K245F	0.9103	pathogenic
P51580	K245G	0.6258	pathogenic
P51580	K245H	0.6178	pathogenic
P51580	K245I	0.5524	ambiguous
P51580	K245L	0.5393	ambiguous
P51580	K245M	0.3973	ambiguous
P51580	K245N	0.4488	ambiguous
P51580	K245P	0.7574	pathogenic
P51580	K245Q	0.2188	benign
P51580	K245R	0.1027	benign
P51580	K245S	0.5824	pathogenic
P51580	K245T	0.3367	benign
P51580	K245V	0.518	ambiguous
P51580	K245W	0.9098	pathogenic
P51580	K245Y	0.7598	pathogenic
