accession,hgvs_nt,hgvs_splice,hgvs_pro,score,std,variant_1letter,protein_variant,am_pathogenicity,am_class,a2a_prediction,raw_inverted,is_failure_case_raw,position,near_functional_site,is_failure_case
urn:mavedb:00000657-a-1#3,,,p.Thr2Ala,0.903054202841875,0.0240913818225122,T2A,T2A,0.0645,benign,0.8885242091373055,0.9355,False,2,False,False
urn:mavedb:00000657-a-1#4,,,p.Thr2Cys,0.452303824021328,0.0691265761209707,T2C,T2C,0.2056,benign,0.8186084639632689,0.7944,False,2,False,False
urn:mavedb:00000657-a-1#5,,,p.Thr2Asp,1.06067206653921,0.0329626546103868,T2D,T2D,0.122,benign,0.8655727186039792,0.878,False,2,False,False
urn:mavedb:00000657-a-1#6,,,p.Thr2Glu,1.10038230281456,0.0296755349868392,T2E,T2E,0.1292,benign,0.8622091024795232,0.8708,False,2,False,False
urn:mavedb:00000657-a-1#7,,,p.Thr2Phe,0.350702042543712,0.0224155161478388,T2F,T2F,0.1104,benign,0.870749194628775,0.8896,False,2,False,False
urn:mavedb:00000657-a-1#8,,,p.Thr2Gly,1.00793190500999,0.0547564799186916,T2G,T2G,0.123,benign,0.8651125545789632,0.877,False,2,False,False
urn:mavedb:00000657-a-1#9,,,p.Thr2His,0.913003091121788,0.0266344120325567,T2H,T2H,0.1259,benign,0.8637653509688902,0.8741,False,2,False,False
urn:mavedb:00000657-a-1#10,,,p.Thr2Ile,0.17934601321041,0.0399981347014398,T2I,T2I,0.094,benign,0.877578450043473,0.906,False,2,False,False
urn:mavedb:00000657-a-1#11,,,p.Thr2Lys,1.03989272923975,0.0189601349800078,T2K,T2K,0.1103,benign,0.870792547268625,0.8897,False,2,False,False
urn:mavedb:00000657-a-1#12,,,p.Thr2Leu,0.597869771841747,0.0319541439032138,T2L,T2L,0.0879,benign,0.8799786640756243,0.9121,False,2,False,False
urn:mavedb:00000657-a-1#13,,,p.Thr2Met,0.740285045960861,0.0326329599307114,T2M,T2M,0.0952,benign,0.8770975233080016,0.9048,False,2,False,False
urn:mavedb:00000657-a-1#14,,,p.Thr2Asn,0.947961189859732,0.0325527153564497,T2N,T2N,0.0627,benign,0.8891399197976121,0.9373,False,2,False,False
urn:mavedb:00000657-a-1#15,,,p.Thr2Pro,1.1181757419382,0.0293627279986352,T2P,T2P,0.0662,benign,0.887937409075486,0.9338,False,2,False,False
urn:mavedb:00000657-a-1#16,,,p.Thr2Gln,1.04732255160107,0.0315548230674287,T2Q,T2Q,0.1354,benign,0.8592174024085034,0.8646,False,2,False,False
urn:mavedb:00000657-a-1#17,,,p.Thr2Arg,1.02998764021179,0.0285679286733153,T2R,T2R,0.095,benign,0.8771778795060812,0.905,False,2,False,False
urn:mavedb:00000657-a-1#18,,,p.Thr2Ser,1.04071477792126,0.0253835869247823,T2S,T2S,0.0712,benign,0.8861813471530829,0.9288,False,2,False,False
urn:mavedb:00000657-a-1#19,,,p.Thr2Val,0.267593101556509,0.0274394393541368,T2V,T2V,0.1049,benign,0.8731019816133216,0.8951,False,2,False,False
urn:mavedb:00000657-a-1#20,,,p.Thr2Trp,0.36318629079266,0.0529414997967808,T2W,T2W,0.3088,benign,0.7330992025609707,0.6912,False,2,False,False
urn:mavedb:00000657-a-1#21,,,p.Thr2Tyr,0.660202942428181,0.0258669424726252,T2Y,T2Y,0.13,benign,0.8618280761322014,0.87,False,2,False,False
urn:mavedb:00000657-a-1#23,,,p.Ser3Ala,0.982614698432119,0.0225052856393238,S3A,S3A,0.0687,benign,0.8870650422596005,0.9313,False,3,False,False
urn:mavedb:00000657-a-1#24,,,p.Ser3Cys,0.815396283899272,0.0610547647317767,S3C,S3C,0.082,benign,0.8822306751842238,0.918,False,3,False,False
urn:mavedb:00000657-a-1#25,,,p.Ser3Asp,1.0879684652446,0.0286850127495394,S3D,S3D,0.1319,benign,0.8609172258124993,0.8681,False,3,False,False
urn:mavedb:00000657-a-1#26,,,p.Ser3Glu,1.07962938258554,0.0213692812470915,S3E,S3E,0.1998,benign,0.8224654527835666,0.8002,False,3,False,False
urn:mavedb:00000657-a-1#27,,,p.Ser3Phe,0.299822643752541,0.0421261386889523,S3F,S3F,0.1005,benign,0.8749384270306394,0.8995,False,3,False,False
urn:mavedb:00000657-a-1#28,,,p.Ser3Gly,1.02988840760355,0.0296044318170487,S3G,S3G,0.078,benign,0.8837194214968195,0.922,False,3,False,False
urn:mavedb:00000657-a-1#29,,,p.Ser3His,0.87565393689386,0.0226453389465911,S3H,S3H,0.1646,benign,0.8438835769573889,0.8354,False,3,False,False
urn:mavedb:00000657-a-1#30,,,p.Ser3Ile,0.380156333219661,0.0334636355026165,S3I,S3I,0.1143,benign,0.8690416417214738,0.8857,False,3,False,False
urn:mavedb:00000657-a-1#31,,,p.Ser3Lys,0.989082498589279,0.038391256401537,S3K,S3K,0.2702,benign,0.7689183852577377,0.7298,False,3,False,False
urn:mavedb:00000657-a-1#32,,,p.Ser3Leu,0.630375717500226,0.0364113922838595,S3L,S3L,0.0983,benign,0.8758416243934651,0.9017,False,3,False,False
urn:mavedb:00000657-a-1#33,,,p.Ser3Met,0.849659336094856,0.0456451645787963,S3M,S3M,0.1881,benign,0.8299581674339647,0.8119000000000001,False,3,False,False
urn:mavedb:00000657-a-1#34,,,p.Ser3Asn,0.974290762047648,0.0245760220591788,S3N,S3N,0.0928,benign,0.8780564801399836,0.9072,False,3,False,False
urn:mavedb:00000657-a-1#35,,,p.Ser3Pro,1.14482235780503,0.0265474581663203,S3P,S3P,0.0711,benign,0.8862169139732616,0.9289000000000001,False,3,False,False
urn:mavedb:00000657-a-1#36,,,p.Ser3Gln,1.02523613817761,0.0235854841392946,S3Q,S3Q,0.2507,benign,0.7852525028436605,0.7493000000000001,False,3,False,False
urn:mavedb:00000657-a-1#37,,,p.Ser3Arg,0.955132400500375,0.0186270565848313,S3R,S3R,0.2143,benign,0.8126422252873584,0.7857000000000001,False,3,False,False
urn:mavedb:00000657-a-1#38,,,p.Ser3Thr,1.01417576679805,0.0392706707969042,S3T,S3T,0.0682,benign,0.8872404180321679,0.9318,False,3,False,False
urn:mavedb:00000657-a-1#39,,,p.Ser3Val,0.500650646787634,0.0283054335762028,S3V,S3V,0.1187,benign,0.8670754287376009,0.8813,False,3,False,False
urn:mavedb:00000657-a-1#40,,,p.Ser3Trp,0.24741209177615,0.0409084866824885,S3W,S3W,0.1934,benign,0.8266112539356325,0.8066,False,3,False,False
urn:mavedb:00000657-a-1#41,,,p.Ser3Tyr,0.672074714316287,0.049277972648284,S3Y,S3Y,0.0993,benign,0.8754323128902419,0.9007000000000001,False,3,False,False
urn:mavedb:00000657-a-1#43,,,p.Cys4Ala,1.03984432177171,0.0263553793763617,C4A,C4A,0.1041,benign,0.8734388834335609,0.8959,False,4,False,False
urn:mavedb:00000657-a-1#44,,,p.Cys4Asp,1.11595935340795,0.0136188445726998,C4D,C4D,0.0912,benign,0.8786893715898946,0.9088,False,4,False,False
urn:mavedb:00000657-a-1#45,,,p.Cys4Glu,1.10347195573196,0.0261745291371162,C4E,C4E,0.1649,benign,0.8437149728715617,0.8351,False,4,False,False
urn:mavedb:00000657-a-1#46,,,p.Cys4Phe,0.87826401654669,0.0420118595339342,C4F,C4F,0.0702,benign,0.8865361923054287,0.9298,False,4,False,False
urn:mavedb:00000657-a-1#47,,,p.Cys4Gly,1.07364327126535,0.0176792316323502,C4G,C4G,0.0609,benign,0.88974990689841,0.9391,False,4,False,False
urn:mavedb:00000657-a-1#48,,,p.Cys4His,1.05520252213495,0.0285894660709139,C4H,C4H,0.1045,benign,0.8732706001974202,0.8955,False,4,False,False
urn:mavedb:00000657-a-1#49,,,p.Cys4Ile,0.879462424017965,0.0331540770241713,C4I,C4I,0.1496,benign,0.8520226046109032,0.8504,False,4,False,False
urn:mavedb:00000657-a-1#50,,,p.Cys4Lys,1.03652093408491,0.0296082193833465,C4K,C4K,0.1663,benign,0.842925083382938,0.8337,False,4,False,False
urn:mavedb:00000657-a-1#51,,,p.Cys4Leu,1.0050267675351,0.0207258531058545,C4L,C4L,0.1391,benign,0.8573891944718672,0.8609,False,4,False,False
urn:mavedb:00000657-a-1#52,,,p.Cys4Met,0.985868115533483,0.0180242000699156,C4M,C4M,0.2883,benign,0.7526992844225118,0.7117,False,4,False,False
urn:mavedb:00000657-a-1#53,,,p.Cys4Asn,1.0619283986064,0.0392510660243122,C4N,C4N,0.0925,benign,0.8781755366832913,0.9075,False,4,False,False
urn:mavedb:00000657-a-1#54,,,p.Cys4Pro,1.12288492269246,0.0285818892913387,C4P,C4P,0.1178,benign,0.8674810681280813,0.8822,False,4,False,False
urn:mavedb:00000657-a-1#55,,,p.Cys4Gln,1.08937272816973,0.0319676099320037,C4Q,C4Q,0.1404,benign,0.8567391519916925,0.8596,False,4,False,False
urn:mavedb:00000657-a-1#56,,,p.Cys4Arg,1.04338645352739,0.0321042791060625,C4R,C4R,0.0798,benign,0.8830532476189628,0.9202,False,4,False,False
urn:mavedb:00000657-a-1#57,,,p.Cys4Ser,1.05717233102776,0.0257450268182486,C4S,C4S,0.0691,benign,0.8869244154343315,0.9309000000000001,False,4,False,False
urn:mavedb:00000657-a-1#58,,,p.Cys4Thr,1.03153559775143,0.0187600731485927,C4T,C4T,0.1131,benign,0.8695705440740815,0.8869,False,4,False,False
urn:mavedb:00000657-a-1#59,,,p.Cys4Val,0.941347076552306,0.0628467643264386,C4V,C4V,0.1424,benign,0.85573120741058,0.8576,False,4,False,False
urn:mavedb:00000657-a-1#60,,,p.Cys4Trp,0.743553034318359,0.0331087849244523,C4W,C4W,0.1504,benign,0.8516027233181456,0.8496,False,4,False,False
urn:mavedb:00000657-a-1#61,,,p.Cys4Tyr,0.935404203504077,0.0242840538150764,C4Y,C4Y,0.075,benign,0.884816163174634,0.925,False,4,False,False
urn:mavedb:00000657-a-1#63,,,p.His5Ala,1.04893441070437,0.0269473063042123,H5A,H5A,0.0863,benign,0.8805960632416008,0.9137,False,5,False,False
urn:mavedb:00000657-a-1#64,,,p.His5Cys,1.00881913499513,0.0209127687200167,H5C,H5C,0.0846,benign,0.8812465801960965,0.9154,False,5,False,False
urn:mavedb:00000657-a-1#65,,,p.His5Asp,1.10543289027726,0.0324732853679001,H5D,H5D,0.0588,benign,0.8904543837422435,0.9412,False,5,False,False
urn:mavedb:00000657-a-1#66,,,p.His5Glu,1.11589110116064,0.0229774941873215,H5E,H5E,0.0948,benign,0.8772581549219151,0.9052,False,5,False,False
urn:mavedb:00000657-a-1#67,,,p.His5Phe,0.77284646028979,0.0414798401166194,H5F,H5F,0.1315,benign,0.861109677179052,0.8685,False,5,False,False
urn:mavedb:00000657-a-1#68,,,p.His5Gly,1.05077705610615,0.0397271854905539,H5G,H5G,0.0946,benign,0.8773383496195467,0.9054,False,5,False,False
urn:mavedb:00000657-a-1#69,,,p.His5Ile,0.852379404123645,0.0229833150075879,H5I,H5I,0.1066,benign,0.8723815994024295,0.8934,False,5,False,False
urn:mavedb:00000657-a-1#70,,,p.His5Lys,0.968760923185259,0.0353713135288267,H5K,H5K,0.1042,benign,0.8733968440351648,0.8958,False,5,False,False
urn:mavedb:00000657-a-1#71,,,p.His5Leu,0.908069328842381,0.0397387345444491,H5L,H5L,0.0751,benign,0.8847798761861364,0.9249,False,5,False,False
urn:mavedb:00000657-a-1#72,,,p.His5Met,0.95968843304778,0.0305636785997702,H5M,H5M,0.2183,benign,0.8098254140099791,0.7817000000000001,False,5,False,False
urn:mavedb:00000657-a-1#73,,,p.His5Asn,1.0052516439381,0.026609082426445,H5N,H5N,0.0553,benign,0.8916115243679905,0.9447,False,5,False,False
urn:mavedb:00000657-a-1#74,,,p.His5Pro,1.10652710673579,0.0499579918664846,H5P,H5P,0.0554,benign,0.8915787555378846,0.9446,False,5,False,False
urn:mavedb:00000657-a-1#75,,,p.His5Gln,1.05084792028713,0.0201931571846457,H5Q,H5Q,0.0861,benign,0.8806728864297714,0.9139,False,5,False,False
urn:mavedb:00000657-a-1#76,,,p.His5Arg,0.97255900267389,0.0535234286497442,H5R,H5R,0.0657,benign,0.8881105336294723,0.9343,False,5,False,False
urn:mavedb:00000657-a-1#77,,,p.His5Ser,1.04985879768906,0.0216127711318531,H5S,H5S,0.0724,benign,0.8857531142617202,0.9276,False,5,False,False
urn:mavedb:00000657-a-1#78,,,p.His5Thr,0.996523904986803,0.02240794099021,H5T,H5T,0.0842,benign,0.8813988281259139,0.9158,False,5,False,False
urn:mavedb:00000657-a-1#79,,,p.His5Val,0.925823406720956,0.0246834593990616,H5V,H5V,0.0939,benign,0.8776183963297454,0.9061,False,5,False,False
urn:mavedb:00000657-a-1#80,,,p.His5Trp,0.748201826054909,0.0360717300446988,H5W,H5W,0.2072,benign,0.8175275866820869,0.7928,False,5,False,False
urn:mavedb:00000657-a-1#81,,,p.His5Tyr,0.760390728582117,0.037704812301968,H5Y,H5Y,0.0681,benign,0.8872754388958829,0.9319,False,5,False,False
urn:mavedb:00000657-a-1#83,,,p.Ile6Ala,1.05093339627838,0.028738633633275,I6A,I6A,0.0684,benign,0.887170322037053,0.9316,False,6,False,False
urn:mavedb:00000657-a-1#84,,,p.Ile6Cys,0.779690646672208,0.0374503181190127,I6C,I6C,0.2084,benign,0.8167121088577369,0.7916,False,6,False,False
urn:mavedb:00000657-a-1#85,,,p.Ile6Asp,1.07559745662625,0.0269700062608357,I6D,I6D,0.1234,benign,0.8649278606501202,0.8766,False,6,False,False
urn:mavedb:00000657-a-1#86,,,p.Ile6Glu,1.09118423734416,0.027329813434786,I6E,I6E,0.1196,benign,0.866667998604408,0.8804,False,6,False,False
urn:mavedb:00000657-a-1#87,,,p.Ile6Phe,0.983157834245882,0.0425056874171798,I6F,I6F,0.0671,benign,0.8876246544603501,0.9329,False,6,False,False
urn:mavedb:00000657-a-1#88,,,p.Ile6Gly,1.04241887246441,0.0201729075227779,I6G,I6G,0.1478,benign,0.8529615899851728,0.8522000000000001,False,6,False,False
urn:mavedb:00000657-a-1#89,,,p.Ile6His,1.05586776011505,0.032705735668308,I6H,I6H,0.1202,benign,0.8663953807426547,0.8798,False,6,False,False
urn:mavedb:00000657-a-1#90,,,p.Ile6Lys,1.03520864739688,0.0278367213069157,I6K,I6K,0.0941,benign,0.8775384836416622,0.9059,False,6,False,False
urn:mavedb:00000657-a-1#91,,,p.Ile6Leu,1.05116946057972,0.026563136323994,I6L,I6L,0.0701,benign,0.8865715763675787,0.9299,False,6,False,False
urn:mavedb:00000657-a-1#92,,,p.Ile6Met,1.04469869741336,0.0391741039420549,I6M,I6M,0.0699,benign,0.8866422897998152,0.9301,False,6,False,False
urn:mavedb:00000657-a-1#93,,,p.Ile6Asn,1.03854455559162,0.0173115071047178,I6N,I6N,0.0745,benign,0.8849973190682459,0.9255,False,6,False,False
urn:mavedb:00000657-a-1#94,,,p.Ile6Pro,1.07513405194589,0.029283885798097,I6P,I6P,0.1147,benign,0.8688646455781043,0.8853,False,6,False,False
urn:mavedb:00000657-a-1#95,,,p.Ile6Gln,1.05842990117632,0.0496568654681718,I6Q,I6Q,0.1182,benign,0.8673010046558862,0.8818,False,6,False,False
urn:mavedb:00000657-a-1#96,,,p.Ile6Arg,1.03884448409178,0.0308382985283832,I6R,I6R,0.0707,benign,0.8863589982251135,0.9293,False,6,False,False
urn:mavedb:00000657-a-1#97,,,p.Ile6Ser,1.07114387900454,0.0311032844224281,I6S,I6S,0.0735,benign,0.8853582387268828,0.9265,False,6,False,False
urn:mavedb:00000657-a-1#98,,,p.Ile6Thr,1.0561426811891,0.0171796634614675,I6T,I6T,0.0584,benign,0.890587699199883,0.9416,False,6,False,False
urn:mavedb:00000657-a-1#99,,,p.Ile6Val,1.04094093301653,0.0342588387709436,I6V,I6V,0.0579,benign,0.8907539534497552,0.9421,False,6,False,False
urn:mavedb:00000657-a-1#100,,,p.Ile6Trp,0.961283901788798,0.0272256372911727,I6W,I6W,0.2845,benign,0.7561890836931887,0.7155,False,6,False,False
urn:mavedb:00000657-a-1#101,,,p.Ile6Tyr,0.963388511172651,0.029244551628566,I6Y,I6Y,0.1505,benign,0.8515501273078198,0.8495,False,6,False,False
urn:mavedb:00000657-a-1#103,,,p.Ala7Cys,0.703465913681864,0.0541636767532796,A7C,A7C,0.1836,benign,0.8327392970220353,0.8164,False,7,False,False
urn:mavedb:00000657-a-1#104,,,p.Ala7Asp,1.07099213215167,0.0299729558749652,A7D,A7D,0.0875,benign,0.8801334836991603,0.9125,False,7,False,False
urn:mavedb:00000657-a-1#105,,,p.Ala7Glu,1.14138779439101,0.0338847747062095,A7E,A7E,0.0934,benign,0.877817826307922,0.9066,False,7,False,False
urn:mavedb:00000657-a-1#106,,,p.Ala7Phe,1.05310788430619,0.0187736963575152,A7F,A7F,0.1361,benign,0.8588740005826164,0.8639,False,7,False,False
urn:mavedb:00000657-a-1#107,,,p.Ala7Gly,0.986775757956166,0.0243515034026849,A7G,A7G,0.0827,benign,0.8819670066037002,0.9173,False,7,False,False
urn:mavedb:00000657-a-1#108,,,p.Ala7His,1.04514267278314,0.0203537361131754,A7H,A7H,0.1632,benign,0.844667334946215,0.8368,False,7,False,False
urn:mavedb:00000657-a-1#109,,,p.Ala7Ile,0.92744984911483,0.0280906785577551,A7I,A7I,0.105,benign,0.8730597745086742,0.895,False,7,False,False
urn:mavedb:00000657-a-1#110,,,p.Ala7Lys,0.923094031011903,0.0291927670660772,A7K,A7K,0.1207,benign,0.8661675879561818,0.8793,False,7,False,False
urn:mavedb:00000657-a-1#111,,,p.Ala7Leu,0.981799674919204,0.0326076419383403,A7L,A7L,0.0913,benign,0.8786499654027107,0.9087,False,7,False,False
urn:mavedb:00000657-a-1#112,,,p.Ala7Met,1.03623173589612,0.0530836155734204,A7M,A7M,0.1201,benign,0.8664408725792708,0.8799,False,7,False,False
urn:mavedb:00000657-a-1#113,,,p.Ala7Asn,0.987670327648929,0.0330972589304331,A7N,A7N,0.1059,benign,0.8726789646170667,0.8941,False,7,False,False
urn:mavedb:00000657-a-1#114,,,p.Ala7Pro,1.03695192819422,0.039790528327283,A7P,A7P,0.0705,benign,0.8864299306420856,0.9295,False,7,False,False
urn:mavedb:00000657-a-1#115,,,p.Ala7Gln,1.04836598080729,0.044001242788959,A7Q,A7Q,0.1412,benign,0.8563371229131943,0.8588,False,7,False,False
urn:mavedb:00000657-a-1#116,,,p.Ala7Arg,0.873747527993033,0.023634319197517,A7R,A7R,0.1097,benign,0.8710522134066707,0.8903,False,7,False,False
urn:mavedb:00000657-a-1#117,,,p.Ala7Ser,1.01020712860107,0.0340136167104819,A7S,A7S,0.0713,benign,0.8861457620145319,0.9287,False,7,False,False
urn:mavedb:00000657-a-1#118,,,p.Ala7Thr,0.999463436748097,0.0248138829620825,A7T,A7T,0.0642,benign,0.8886272269375005,0.9358,False,7,False,False
urn:mavedb:00000657-a-1#119,,,p.Ala7Val,0.932433339005398,0.0314396623369987,A7V,A7V,0.0793,benign,0.8832389111146604,0.9207,False,7,False,False
urn:mavedb:00000657-a-1#120,,,p.Ala7Trp,0.874552611609685,0.0322151059956058,A7W,A7W,0.2609,benign,0.7768553336298822,0.7391,False,7,False,False
urn:mavedb:00000657-a-1#121,,,p.Ala7Tyr,1.05699830699828,0.039862812234492,A7Y,A7Y,0.1603,benign,0.8462748680934291,0.8397,False,7,False,False
urn:mavedb:00000657-a-1#123,,,p.Glu8Ala,0.92729380298508,0.0345975559049683,E8A,E8A,0.0935,benign,0.877777980479392,0.9065,False,8,False,False
urn:mavedb:00000657-a-1#124,,,p.Glu8Cys,0.964380787721364,0.0337689100559877,E8C,E8C,0.4244,ambiguous,0.6003453420482775,0.5756,False,8,False,False
urn:mavedb:00000657-a-1#125,,,p.Glu8Asp,0.897637167710961,0.0379168685735196,E8D,E8D,0.0982,benign,0.8758824428802986,0.9018,False,8,False,False
urn:mavedb:00000657-a-1#126,,,p.Glu8Phe,0.786223247564096,0.0317187641069802,E8F,E8F,0.3638,ambiguous,0.674277489307624,0.6362,False,8,False,False
urn:mavedb:00000657-a-1#127,,,p.Glu8Gly,0.865102083031674,0.0294732422899804,E8G,E8G,0.0727,benign,0.8856456423057794,0.9273,False,8,False,False
urn:mavedb:00000657-a-1#128,,,p.Glu8His,1.05733821570678,0.0209445235248749,E8H,E8H,0.1993,benign,0.8227934867113812,0.8007,False,8,False,False
urn:mavedb:00000657-a-1#129,,,p.Glu8Ile,0.805103033978147,0.0222911721596653,E8I,E8I,0.2025,benign,0.8206818505170537,0.7975,False,8,False,False
urn:mavedb:00000657-a-1#130,,,p.Glu8Lys,1.02536893750816,0.0377624508463533,E8K,E8K,0.0677,benign,0.8874153416381484,0.9323,False,8,False,False
urn:mavedb:00000657-a-1#131,,,p.Glu8Leu,1.03012061981009,0.0284095306364147,E8L,E8L,0.1931,benign,0.8268027789530737,0.8069,False,8,False,False
urn:mavedb:00000657-a-1#132,,,p.Glu8Met,1.07124917198589,0.0254584900583515,E8M,E8M,0.2505,benign,0.7854139494330572,0.7495,False,8,False,False
urn:mavedb:00000657-a-1#133,,,p.Glu8Asn,1.02559896167712,0.021229178959665,E8N,E8N,0.1406,benign,0.8566387880288142,0.8593999999999999,False,8,False,False
urn:mavedb:00000657-a-1#134,,,p.Glu8Pro,1.11654616869908,0.0254105333134004,E8P,E8P,0.1997,benign,0.8225311160200205,0.8003,False,8,False,False
urn:mavedb:00000657-a-1#135,,,p.Glu8Gln,1.04006963749386,0.0177756567830005,E8Q,E8Q,0.0937,benign,0.8776982285876642,0.9063,False,8,False,False
urn:mavedb:00000657-a-1#136,,,p.Glu8Arg,1.01842980494819,0.0405476607440527,E8R,E8R,0.0972,benign,0.8762895042053093,0.9028,False,8,False,False
urn:mavedb:00000657-a-1#137,,,p.Glu8Ser,0.979156422283124,0.0194984063532235,E8S,E8S,0.1142,benign,0.8690858363581575,0.8858,False,8,False,False
urn:mavedb:00000657-a-1#138,,,p.Glu8Thr,0.946772740856585,0.0841332857666675,E8T,E8T,0.1175,benign,0.8676158843360076,0.8825000000000001,False,8,False,False
urn:mavedb:00000657-a-1#139,,,p.Glu8Val,0.783613052972173,0.0331997787663181,E8V,E8V,0.1295,benign,0.8620663900023772,0.8705,False,8,False,False
urn:mavedb:00000657-a-1#140,,,p.Glu8Trp,0.528934356643218,0.0382697129687418,E8W,E8W,0.4821,ambiguous,0.5241417986388958,0.5179,False,8,False,False
urn:mavedb:00000657-a-1#141,,,p.Glu8Tyr,1.09648396579007,0.0287035459782377,E8Y,E8Y,0.2679,benign,0.7709062945659245,0.7321,False,8,False,False
urn:mavedb:00000657-a-1#143,,,p.Glu9Ala,0.831746388987568,0.0418985786045606,E9A,E9A,0.079,benign,0.8833500817488341,0.921,False,9,False,False
urn:mavedb:00000657-a-1#144,,,p.Glu9Cys,0.492087605837148,0.0407332342276275,E9C,E9C,0.3244,benign,0.7173190387018971,0.6756,False,9,False,False
urn:mavedb:00000657-a-1#145,,,p.Glu9Asp,1.04978226532132,0.0365832475196427,E9D,E9D,0.0715,benign,0.88607453675133,0.9285,False,9,False,False
urn:mavedb:00000657-a-1#146,,,p.Glu9Phe,0.284973116911687,0.0317974718084516,E9F,E9F,0.3013,benign,0.7404208714009229,0.6987,False,9,False,False
urn:mavedb:00000657-a-1#147,,,p.Glu9Gly,0.896390785615517,0.046998549494809,E9G,E9G,0.0624,benign,0.8892419805838431,0.9376,False,9,False,False
urn:mavedb:00000657-a-1#148,,,p.Glu9His,1.09614949406479,0.0241767167693661,E9H,E9H,0.1486,benign,0.8525452437433486,0.8513999999999999,False,9,False,False
urn:mavedb:00000657-a-1#149,,,p.Glu9Ile,-3.1007269708944e-05,0.0180916575487997,E9I,E9I,0.1455,benign,0.8541498844303752,0.8545,False,9,False,False
urn:mavedb:00000657-a-1#150,,,p.Glu9Lys,1.05451784907946,0.0376765133280903,E9K,E9K,0.0612,benign,0.8896486379664938,0.9388,False,9,False,False
urn:mavedb:00000657-a-1#151,,,p.Glu9Leu,0.140899466652759,0.0687504365769407,E9L,E9L,0.1617,benign,0.84550149850851,0.8383,False,9,False,False
urn:mavedb:00000657-a-1#152,,,p.Glu9Met,0.459450336456752,0.0446668434011513,E9M,E9M,0.2081,benign,0.8169163663011818,0.7919,False,9,False,False
urn:mavedb:00000657-a-1#153,,,p.Glu9Asn,1.06447801343309,0.0588074443042439,E9N,E9N,0.084,benign,0.8814748360428913,0.916,False,9,False,False
urn:mavedb:00000657-a-1#154,,,p.Glu9Pro,1.0432410784026,0.0297375970425093,E9P,E9P,0.1466,benign,0.8535831770569907,0.8533999999999999,False,9,False,False
urn:mavedb:00000657-a-1#155,,,p.Glu9Gln,1.0343509285573,0.0483616077441754,E9Q,E9Q,0.0772,benign,0.8840135358557173,0.9228,False,9,False,False
urn:mavedb:00000657-a-1#156,,,p.Glu9Arg,1.06076877585104,0.0372632712586454,E9R,E9R,0.087,benign,0.8803265673443877,0.913,False,9,False,False
urn:mavedb:00000657-a-1#157,,,p.Glu9Ser,0.968250262552055,0.0395066340755001,E9S,E9S,0.0866,benign,0.8804806821723021,0.9134,False,9,False,False
urn:mavedb:00000657-a-1#158,,,p.Glu9Thr,0.859519225712087,0.0366434946920135,E9T,E9T,0.0917,benign,0.8784921415752999,0.9083,False,9,False,False
urn:mavedb:00000657-a-1#159,,,p.Glu9Val,0.0765727491060357,0.0365310095493646,E9V,E9V,0.1071,benign,0.8721685619767282,0.8929,False,9,False,False
urn:mavedb:00000657-a-1#160,,,p.Glu9Trp,0.21205248926303,0.0453847881010098,E9W,E9W,0.4322,ambiguous,0.5902882981211434,0.5678000000000001,False,9,False,False
urn:mavedb:00000657-a-1#161,,,p.Glu9Tyr,0.372840768898025,0.0421014163504781,E9Y,E9Y,0.1814,benign,0.8340789135557786,0.8186,False,9,False,False
urn:mavedb:00000657-a-1#163,,,p.His10Ala,1.13143167196745,0.0346438016195494,H10A,H10A,0.0655,benign,0.8881796581354933,0.9345,False,10,False,False
urn:mavedb:00000657-a-1#164,,,p.His10Cys,0.951483123005835,0.034234378572253,H10C,H10C,0.0832,benign,0.8817780955331757,0.9168000000000001,False,10,False,False
urn:mavedb:00000657-a-1#165,,,p.His10Asp,0.647702210806501,0.033466905006854,H10D,H10D,0.0932,benign,0.8778974577702836,0.9068,False,10,False,False
urn:mavedb:00000657-a-1#166,,,p.His10Glu,1.06288415322172,0.019874754411717,H10E,H10E,0.0984,benign,0.8758007854464573,0.9016,False,10,False,False
urn:mavedb:00000657-a-1#167,,,p.His10Phe,0.715564995483323,0.0522989181891364,H10F,H10F,0.1475,benign,0.853117316244341,0.8525,False,10,False,False
urn:mavedb:00000657-a-1#168,,,p.His10Gly,0.9449401131256,0.0350027955003844,H10G,H10G,0.097,benign,0.8763706717509416,0.903,False,10,False,False
urn:mavedb:00000657-a-1#169,,,p.His10Ile,0.810167346396813,0.0315406414413128,H10I,H10I,0.1078,benign,0.8718694202508966,0.8922,False,10,False,False
urn:mavedb:00000657-a-1#170,,,p.His10Lys,1.1678044928617,0.0430940110309317,H10K,H10K,0.0749,benign,0.8848524315494811,0.9251,False,10,False,False
urn:mavedb:00000657-a-1#171,,,p.His10Leu,0.964736475842201,0.0190116020805515,H10L,H10L,0.0758,benign,0.8845253454293854,0.9242,False,10,False,False
urn:mavedb:00000657-a-1#172,,,p.His10Met,1.05771474455858,0.0169993405450085,H10M,H10M,0.1795,benign,0.8352253393890738,0.8205,False,10,False,False
urn:mavedb:00000657-a-1#173,,,p.His10Asn,1.0179106094897,0.0366333214933991,H10N,H10N,0.0654,benign,0.8882141935658293,0.9346,False,10,False,False
urn:mavedb:00000657-a-1#174,,,p.His10Pro,1.21147188683069,0.031378888464862,H10P,H10P,0.0342,benign,0.8981547603929146,0.9658,False,10,False,False
urn:mavedb:00000657-a-1#175,,,p.His10Gln,1.13824861161877,0.027404243558955,H10Q,H10Q,0.0772,benign,0.8840135358557173,0.9228,False,10,False,False
urn:mavedb:00000657-a-1#176,,,p.His10Arg,1.18172391825787,0.0263831408638104,H10R,H10R,0.0515,benign,0.8928441329648641,0.9485,False,10,False,False
urn:mavedb:00000657-a-1#177,,,p.His10Ser,0.989389446114781,0.0392828493759529,H10S,H10S,0.0732,benign,0.8854661535816797,0.9268,False,10,False,False
urn:mavedb:00000657-a-1#178,,,p.His10Thr,1.036765846334,0.0321553292213243,H10T,H10T,0.0668,benign,0.8877290677403443,0.9332,False,10,False,False
urn:mavedb:00000657-a-1#179,,,p.His10Val,0.883932379617486,0.0414769493017621,H10V,H10V,0.0948,benign,0.8772581549219151,0.9052,False,10,False,False
urn:mavedb:00000657-a-1#180,,,p.His10Trp,0.351353730613467,0.0369740084181911,H10W,H10W,0.2043,benign,0.8194812843803015,0.7957,False,10,False,False
urn:mavedb:00000657-a-1#181,,,p.His10Tyr,0.800362060476758,0.0379680673387797,H10Y,H10Y,0.0755,benign,0.8846345419396955,0.9245,False,10,False,False
urn:mavedb:00000657-a-1#183,,,p.Ile11Ala,0.0010402326788003,0.0217274265739328,I11A,I11A,0.3502,ambiguous,0.6896325558611516,0.6497999999999999,False,11,False,False
urn:mavedb:00000657-a-1#184,,,p.Ile11Cys,0.445072016806995,0.0409203481722095,I11C,I11C,0.459,ambiguous,0.5550725488524839,0.5409999999999999,False,11,False,False
urn:mavedb:00000657-a-1#185,,,p.Ile11Asp,0.0314489126236148,0.0584700934098086,I11D,I11D,0.7561,pathogenic,0.20932707057877947,0.2439,False,11,False,False
urn:mavedb:00000657-a-1#186,,,p.Ile11Glu,0.0167153376788781,0.0469020662462225,I11E,I11E,0.6848,pathogenic,0.2732852060007447,0.31520000000000004,False,11,False,False
urn:mavedb:00000657-a-1#187,,,p.Ile11Phe,0.187497574229469,0.0370504733097954,I11F,I11F,0.1274,benign,0.8630610460111963,0.8726,False,11,False,False
urn:mavedb:00000657-a-1#188,,,p.Ile11Gly,0.0058185759894469,0.0518553812608435,I11G,I11G,0.6078,pathogenic,0.3593399107015172,0.3922,False,11,False,False
urn:mavedb:00000657-a-1#189,,,p.Ile11His,0.0099650150568164,0.0205823141159527,I11H,I11H,0.4671,ambiguous,0.5442713340731609,0.5328999999999999,False,11,False,False
urn:mavedb:00000657-a-1#190,,,p.Ile11Lys,0.98531463666979,0.028207365960253,I11K,I11K,0.4058,ambiguous,0.6238893777095257,0.5942000000000001,False,11,False,False
urn:mavedb:00000657-a-1#191,,,p.Ile11Leu,0.564328827511486,0.0461163646150141,I11L,I11L,0.0905,benign,0.8789646583729976,0.9095,False,11,False,False
urn:mavedb:00000657-a-1#192,,,p.Ile11Met,0.660376621617647,0.0366978899086337,I11M,I11M,0.1472,benign,0.8532728227002462,0.8528,False,11,False,False
urn:mavedb:00000657-a-1#193,,,p.Ile11Asn,-0.0086219227739824,0.0120060119529917,I11N,I11N,0.3713,ambiguous,0.6655969450914017,0.6287,False,11,False,False
urn:mavedb:00000657-a-1#194,,,p.Ile11Pro,0.261470124722804,0.041737345878873,I11P,I11P,0.3927,ambiguous,0.6400507549277983,0.6073,False,11,False,False
urn:mavedb:00000657-a-1#195,,,p.Ile11Gln,-0.0020159335285925,0.0239088211610753,I11Q,I11Q,0.4868,ambiguous,0.5178106909687765,0.5132,False,11,False,False
urn:mavedb:00000657-a-1#196,,,p.Ile11Arg,-0.0069450013259883,0.0161709317578534,I11R,I11R,0.2998,benign,0.7418643692332069,0.7001999999999999,False,11,False,False
urn:mavedb:00000657-a-1#197,,,p.Ile11Ser,-0.0177450614908429,0.0153141681265013,I11S,I11S,0.3471,ambiguous,0.6930608375431208,0.6529,False,11,False,False
urn:mavedb:00000657-a-1#198,,,p.Ile11Thr,-0.006388216214325,0.0142383405690329,I11T,I11T,0.3114,benign,0.7305206472908535,0.6886,False,11,False,False
urn:mavedb:00000657-a-1#199,,,p.Ile11Val,0.803913325113835,0.0272511258684622,I11V,I11V,0.0769,benign,0.884123518564883,0.9231,False,11,False,False
urn:mavedb:00000657-a-1#200,,,p.Ile11Trp,0.0330848913524309,0.0293908359016578,I11W,I11W,0.6649,pathogenic,0.29392754465603493,0.33509999999999995,False,11,False,False
urn:mavedb:00000657-a-1#201,,,p.Ile11Tyr,-0.0108323643773213,0.0143729375568305,I11Y,I11Y,0.4194,ambiguous,0.6067378411121758,0.5806,False,11,False,False
urn:mavedb:00000657-a-1#203,,,p.Gln12Ala,0.701218423140657,0.0402050559095947,Q12A,Q12A,0.1487,benign,0.8524930902531941,0.8513,False,12,False,False
urn:mavedb:00000657-a-1#204,,,p.Gln12Cys,0.164651615056847,0.0453404849840568,Q12C,Q12C,0.2797,benign,0.7605329213586467,0.7202999999999999,False,12,False,False
urn:mavedb:00000657-a-1#205,,,p.Gln12Asp,1.04098373276885,0.0240587027723676,Q12D,Q12D,0.2088,benign,0.8164393627964333,0.7912,False,12,False,False
urn:mavedb:00000657-a-1#206,,,p.Gln12Glu,1.03199598239416,0.0340499828388371,Q12E,Q12E,0.066,benign,0.8880067126420945,0.9339999999999999,False,12,False,False
urn:mavedb:00000657-a-1#207,,,p.Gln12Phe,-0.0127652227184945,0.0188208001922712,Q12F,Q12F,0.4762,ambiguous,0.5320755119568491,0.5238,False,12,False,False
urn:mavedb:00000657-a-1#208,,,p.Gln12Gly,1.00844220602139,0.0377563721547736,Q12G,Q12G,0.1113,benign,0.8703580552835671,0.8887,False,12,False,False
urn:mavedb:00000657-a-1#209,,,p.Gln12His,0.373893034509262,0.0295744230293794,Q12H,Q12H,0.1253,benign,0.8640456419033934,0.8747,False,12,False,False
urn:mavedb:00000657-a-1#210,,,p.Gln12Ile,-0.0113581976841197,0.0137360747873692,Q12I,Q12I,0.2892,benign,0.7518661648447506,0.7108,False,12,False,False
urn:mavedb:00000657-a-1#211,,,p.Gln12Lys,1.1603933629188,0.0283513350816894,Q12K,Q12K,0.0472,benign,0.8942096526762493,0.9528,False,12,False,False
urn:mavedb:00000657-a-1#212,,,p.Gln12Leu,0.0214908085777974,0.0197999329914782,Q12L,Q12L,0.1468,benign,0.8534798230945603,0.8532,False,12,False,False
urn:mavedb:00000657-a-1#213,,,p.Gln12Met,0.145220349011869,0.0297911081745638,Q12M,Q12M,0.2469,benign,0.7882990078600347,0.7531,False,12,False,False
urn:mavedb:00000657-a-1#214,,,p.Gln12Asn,1.16849566199626,0.0254714401514399,Q12N,Q12N,0.1518,benign,0.8508641323157998,0.8482000000000001,False,12,False,False
urn:mavedb:00000657-a-1#215,,,p.Gln12Pro,0.0727588650011728,0.0318569143296524,Q12P,Q12P,0.1342,benign,0.8598034186814237,0.8658,False,12,False,False
urn:mavedb:00000657-a-1#216,,,p.Gln12Arg,1.16931797162286,0.028252533729688,Q12R,Q12R,0.0571,benign,0.8910190609730186,0.9429,False,12,False,False
urn:mavedb:00000657-a-1#217,,,p.Gln12Ser,1.01442088664677,0.0296629208146287,Q12S,Q12S,0.1305,benign,0.8615891867106276,0.8694999999999999,False,12,False,False
urn:mavedb:00000657-a-1#218,,,p.Gln12Thr,0.670415045161884,0.0205913921882908,Q12T,Q12T,0.1126,benign,0.8697899989391535,0.8874,False,12,False,False
urn:mavedb:00000657-a-1#219,,,p.Gln12Val,-0.0012614729730981,0.0164196033071223,Q12V,Q12V,0.2094,benign,0.8160293797814667,0.7906,False,12,False,False
urn:mavedb:00000657-a-1#220,,,p.Gln12Trp,-0.0019967126994858,0.0186372846765195,Q12W,Q12W,0.2724,benign,0.7670015034171326,0.7276,False,12,False,False
urn:mavedb:00000657-a-1#221,,,p.Gln12Tyr,0.0173060063779251,0.030871613280519,Q12Y,Q12Y,0.2814,benign,0.7590026935474485,0.7186,False,12,False,False
urn:mavedb:00000657-a-1#223,,,p.Lys13Ala,0.0017727768781692,0.0385741855117217,K13A,K13A,0.3992,ambiguous,0.6320783311060794,0.6008,False,13,False,False
urn:mavedb:00000657-a-1#224,,,p.Lys13Cys,-0.0074475757843625,0.0198125634984569,K13C,K13C,0.5388,ambiguous,0.4478552897512519,0.46120000000000005,False,13,False,False
urn:mavedb:00000657-a-1#225,,,p.Lys13Asp,-0.0020322320432181,0.0215975759770888,K13D,K13D,0.5382,ambiguous,0.44865457931968344,0.4618,False,13,False,False
urn:mavedb:00000657-a-1#226,,,p.Lys13Glu,-0.0020029512378437,0.0242027114328108,K13E,K13E,0.1968,benign,0.824423095122268,0.8032,False,13,False,False
urn:mavedb:00000657-a-1#227,,,p.Lys13Phe,-0.0094068737601557,0.0221198819036939,K13F,K13F,0.791,pathogenic,0.18369718297135285,0.20899999999999996,False,13,False,False
urn:mavedb:00000657-a-1#228,,,p.Lys13Gly,-0.0075046730962543,0.0239406944680149,K13G,K13G,0.4246,ambiguous,0.6000887333299788,0.5754,False,13,False,False
urn:mavedb:00000657-a-1#229,,,p.Lys13His,0.22115527278794,0.045438787067469,K13H,K13H,0.2305,benign,0.8009428797394623,0.7695,False,13,False,False
urn:mavedb:00000657-a-1#230,,,p.Lys13Ile,-0.004757471909428,0.0166592042671634,K13I,K13I,0.5039,ambiguous,0.49473524022879595,0.4961,False,13,False,False
urn:mavedb:00000657-a-1#231,,,p.Lys13Leu,-0.0146262691219803,0.0166542102053235,K13L,K13L,0.4717,ambiguous,0.5381134698835925,0.5283,False,13,False,False
urn:mavedb:00000657-a-1#232,,,p.Lys13Met,-0.0095797559477894,0.0218376571251603,K13M,K13M,0.3092,benign,0.7327038509696566,0.6908000000000001,False,13,False,False
urn:mavedb:00000657-a-1#233,,,p.Lys13Asn,0.778524245924546,0.0314254904585559,K13N,K13N,0.2841,benign,0.7565538134211095,0.7159,False,13,False,False
urn:mavedb:00000657-a-1#234,,,p.Lys13Pro,0.0332807713970287,0.0382053682947808,K13P,K13P,0.8709,pathogenic,0.13774337262048278,0.1291,False,13,False,False
urn:mavedb:00000657-a-1#235,,,p.Lys13Gln,0.137277899181306,0.0421407447411654,K13Q,K13Q,0.1454,benign,0.854201257539219,0.8546,False,13,False,False
urn:mavedb:00000657-a-1#236,,,p.Lys13Arg,0.936890368097408,0.0216111910212711,K13R,K13R,0.0663,benign,0.8879027303966619,0.9337,False,13,False,False
urn:mavedb:00000657-a-1#237,,,p.Lys13Ser,0.473854006141354,0.0308355723116014,K13S,K13S,0.3612,ambiguous,0.6772519844508093,0.6388,False,13,False,False
urn:mavedb:00000657-a-1#238,,,p.Lys13Thr,0.131316881203221,0.0421354303375462,K13T,K13T,0.1832,benign,0.8329838387488552,0.8168,False,13,False,False
urn:mavedb:00000657-a-1#239,,,p.Lys13Val,-0.0166668374667732,0.0143878556550057,K13V,K13V,0.4497,ambiguous,0.5673942344300081,0.5503,False,13,False,False
urn:mavedb:00000657-a-1#240,,,p.Lys13Trp,-0.0068478030548108,0.0188793696026245,K13W,K13W,0.7211,pathogenic,0.23875008909792994,0.27890000000000004,False,13,False,False
urn:mavedb:00000657-a-1#241,,,p.Lys13Tyr,-0.0062739306769445,0.0198462218835457,K13Y,K13Y,0.5609,ambiguous,0.4186877086459077,0.43910000000000005,False,13,False,False
urn:mavedb:00000657-a-1#243,,,p.Val14Ala,0.278126474422266,0.0375125646413724,V14A,V14A,0.3084,benign,0.7334940629584289,0.6916,False,14,False,False
urn:mavedb:00000657-a-1#244,,,p.Val14Cys,0.753947078671505,0.0389588480375861,V14C,V14C,0.8031,pathogenic,0.1756417520046245,0.19689999999999996,False,14,False,False
urn:mavedb:00000657-a-1#245,,,p.Val14Asp,-0.0010543510379994,0.0264113767206611,V14D,V14D,0.9509,pathogenic,0.10638991884757953,0.04910000000000003,False,14,False,False
urn:mavedb:00000657-a-1#246,,,p.Val14Glu,0.0102035430739373,0.0248832144849817,V14E,V14E,0.9159,pathogenic,0.11856315825152441,0.08409999999999995,False,14,False,False
urn:mavedb:00000657-a-1#247,,,p.Val14Phe,0.0007549142533758,0.0347202603858625,V14F,V14F,0.3911,ambiguous,0.6419986118318989,0.6089,False,14,False,False
urn:mavedb:00000657-a-1#248,,,p.Val14Gly,0.0038893346166753,0.0207978367415761,V14G,V14G,0.6087,pathogenic,0.35824454936930955,0.3913,False,14,False,False
urn:mavedb:00000657-a-1#249,,,p.Val14His,0.0577556040901717,0.13921019986797,V14H,V14H,0.9618,pathogenic,0.10303037348040081,0.03820000000000001,False,14,False,False
urn:mavedb:00000657-a-1#250,,,p.Val14Ile,0.676338079346418,0.0137058395827937,V14I,V14I,0.0761,benign,0.8844159808345519,0.9238999999999999,False,14,False,False
urn:mavedb:00000657-a-1#251,,,p.Val14Lys,0.0507814218200227,0.105811127484468,V14K,V14K,0.9237,pathogenic,0.11565702237972941,0.07630000000000003,False,14,False,False
urn:mavedb:00000657-a-1#252,,,p.Val14Leu,-0.016582820560331,0.0173903774989644,V14L,V14L,0.2535,benign,0.7829793401889777,0.7464999999999999,False,14,False,False
urn:mavedb:00000657-a-1#253,,,p.Val14Met,-0.0030218494021999,0.0360415379162806,V14M,V14M,0.2551,benign,0.7816695546719273,0.7449,False,14,False,False
urn:mavedb:00000657-a-1#254,,,p.Val14Asn,0.0003275757535941,0.027728466031109,V14N,V14N,0.8771,pathogenic,0.13484132809943655,0.12290000000000001,False,14,False,False
urn:mavedb:00000657-a-1#255,,,p.Val14Pro,-0.0073974073264933,0.0272757388074478,V14P,V14P,0.9055,pathogenic,0.12262158328095321,0.09450000000000003,False,14,False,False
urn:mavedb:00000657-a-1#256,,,p.Val14Gln,0.0823271380780645,0.129154116550791,V14Q,V14Q,0.9134,pathogenic,0.11951931782769779,0.08660000000000001,False,14,False,False
urn:mavedb:00000657-a-1#257,,,p.Val14Arg,0.0504276365245641,0.0630306454243093,V14R,V14R,0.8875,pathogenic,0.13016617496200694,0.11250000000000004,False,14,False,False
urn:mavedb:00000657-a-1#258,,,p.Val14Ser,0.0334587968484128,0.0741370530784475,V14S,V14S,0.6851,pathogenic,0.2729831422425834,0.31489999999999996,False,14,False,False
urn:mavedb:00000657-a-1#259,,,p.Val14Thr,-0.0083279541007694,0.0274244002896097,V14T,V14T,0.4064,ambiguous,0.6231404016693546,0.5936,False,14,False,False
urn:mavedb:00000657-a-1#260,,,p.Val14Trp,0.0453988399551981,0.0640949973757753,V14W,V14W,0.9456,pathogenic,0.10809432501952045,0.054400000000000004,False,14,False,False
urn:mavedb:00000657-a-1#261,,,p.Val14Tyr,0.0437660586196588,0.0651132717044597,V14Y,V14Y,0.8449,pathogenic,0.15089607315831735,0.15510000000000002,False,14,False,False
urn:mavedb:00000657-a-1#263,,,p.Ala15Cys,0.0148434822471546,0.0255535269696624,A15C,A15C,0.6766,pathogenic,0.2816473123735341,0.3234,False,15,False,False
urn:mavedb:00000657-a-1#264,,,p.Ala15Asp,0.143404303053278,0.25139609397943,A15D,A15D,0.9787,pathogenic,0.09819054579646351,0.021299999999999986,False,15,False,False
urn:mavedb:00000657-a-1#265,,,p.Ala15Glu,-0.0123493742098848,0.0390481281495368,A15E,A15E,0.9775,pathogenic,0.09851999668519246,0.022499999999999964,False,15,False,False
urn:mavedb:00000657-a-1#266,,,p.Ala15Phe,0.0814700288972667,0.102324393380753,A15F,A15F,0.8955,pathogenic,0.1267293998025797,0.10450000000000004,False,15,False,False
urn:mavedb:00000657-a-1#267,,,p.Ala15Gly,1.15439954413093,0.0285656188883678,A15G,A15G,0.2169,benign,0.8108166185647752,0.7831,False,15,False,False
urn:mavedb:00000657-a-1#268,,,p.Ala15His,-0.0235355500437679,0.0256159645346993,A15H,A15H,0.9834,pathogenic,0.09692041387339023,0.016599999999999948,False,15,False,False
urn:mavedb:00000657-a-1#269,,,p.Ala15Ile,0.0146996508548583,0.0466815447182873,A15I,A15I,0.683,pathogenic,0.27510333952792043,0.31699999999999995,False,15,False,False
urn:mavedb:00000657-a-1#270,,,p.Ala15Lys,0.156228424726056,0.251120505353754,A15K,A15K,0.9895,pathogenic,0.0953190830313144,0.010499999999999954,False,15,False,False
urn:mavedb:00000657-a-1#271,,,p.Ala15Leu,0.0093676784895345,0.0352878333654428,A15L,A15L,0.6322,pathogenic,0.33033378262318797,0.3678,False,15,False,False
urn:mavedb:00000657-a-1#272,,,p.Ala15Met,0.005885379084779,0.0441784629267666,A15M,A15M,0.7705,pathogenic,0.19831239407410844,0.22950000000000004,False,15,False,False
urn:mavedb:00000657-a-1#273,,,p.Ala15Asn,0.136655139516716,0.166785643410015,A15N,A15N,0.9496,pathogenic,0.10680361087401287,0.0504,False,15,False,False
urn:mavedb:00000657-a-1#274,,,p.Ala15Pro,0.0834166848730262,0.201312978321415,A15P,A15P,0.9685,pathogenic,0.10105937872830931,0.03149999999999997,False,15,False,False
urn:mavedb:00000657-a-1#275,,,p.Ala15Gln,0.0560845843128592,0.147648238395836,A15Q,A15Q,0.9613,pathogenic,0.10318028879278585,0.03869999999999996,False,15,False,False
urn:mavedb:00000657-a-1#276,,,p.Ala15Arg,0.0065016821197539,0.066610664277437,A15R,A15R,0.9685,pathogenic,0.10105937872830931,0.03149999999999997,False,15,False,False
urn:mavedb:00000657-a-1#277,,,p.Ala15Ser,-0.0017659924387914,0.0147833664535169,A15S,A15S,0.2838,benign,0.7568270334377041,0.7162,False,15,False,False
urn:mavedb:00000657-a-1#278,,,p.Ala15Thr,-0.0160961736606076,0.0312958405272458,A15T,A15T,0.4292,ambiguous,0.5941681477298546,0.5708,False,15,False,False
urn:mavedb:00000657-a-1#279,,,p.Ala15Val,-0.010421543917352,0.0178267158056314,A15V,A15V,0.3849,ambiguous,0.6494903478008726,0.6151,False,15,False,False
urn:mavedb:00000657-a-1#280,,,p.Ala15Trp,0.0148789421013967,0.077313299595795,A15W,A15W,0.9897,pathogenic,0.09526746641459957,0.010299999999999976,False,15,False,False
urn:mavedb:00000657-a-1#281,,,p.Ala15Tyr,0.0079245832363818,0.0415632756015554,A15Y,A15Y,0.9616,pathogenic,0.10309029200848607,0.03839999999999999,False,15,False,False
urn:mavedb:00000657-a-1#283,,,p.Ile16Ala,0.0314935066056329,0.0438365755180661,I16A,I16A,0.8997,pathogenic,0.12497905266472625,0.10029999999999994,False,16,False,False
urn:mavedb:00000657-a-1#284,,,p.Ile16Cys,-0.0012063674914931,0.0327160581399965,I16C,I16C,0.9136,pathogenic,0.1194423776019651,0.08640000000000003,False,16,False,False
urn:mavedb:00000657-a-1#285,,,p.Ile16Asp,0.0201191365007603,0.0427286908994626,I16D,I16D,0.9974,pathogenic,0.09332206307511375,0.0026000000000000467,False,16,False,False
urn:mavedb:00000657-a-1#286,,,p.Ile16Glu,-0.0068876876662887,0.0330855590639169,I16E,I16E,0.9959,pathogenic,0.09369470657485554,0.0040999999999999925,False,16,False,False
urn:mavedb:00000657-a-1#287,,,p.Ile16Phe,0.0086111733691371,0.0259397729906885,I16F,I16F,0.5573,ambiguous,0.4233980371628667,0.4427,False,16,False,False
urn:mavedb:00000657-a-1#288,,,p.Ile16Gly,-0.0106593188577825,0.0215533297589066,I16G,I16G,0.9858,pathogenic,0.09628409908095474,0.01419999999999999,False,16,False,False
urn:mavedb:00000657-a-1#289,,,p.Ile16His,0.0035811961247737,0.0299017696495147,I16H,I16H,0.9914,pathogenic,0.09483096787326936,0.008600000000000052,False,16,False,False
urn:mavedb:00000657-a-1#290,,,p.Ile16Lys,0.0766050017759807,0.112528609334682,I16K,I16K,0.9917,pathogenic,0.09475435386639017,0.008299999999999974,False,16,False,False
urn:mavedb:00000657-a-1#291,,,p.Ile16Leu,0.663268246478916,0.0307875359164333,I16L,I16L,0.1678,benign,0.8420731437469476,0.8322,False,16,False,False
urn:mavedb:00000657-a-1#292,,,p.Ile16Met,-0.0005757466805752,0.0177070573627947,I16M,I16M,0.3903,ambiguous,0.6429703348244409,0.6097,False,16,False,False
urn:mavedb:00000657-a-1#293,,,p.Ile16Asn,0.02793889913777,0.0589756884163407,I16N,I16N,0.9753,pathogenic,0.09912951272818432,0.024700000000000055,False,16,False,False
urn:mavedb:00000657-a-1#294,,,p.Ile16Pro,0.011479318063139,0.032242784721015,I16P,I16P,0.9863,pathogenic,0.09615256461697061,0.013700000000000045,False,16,False,False
urn:mavedb:00000657-a-1#295,,,p.Ile16Gln,-0.0034089273594647,0.0294185686281269,I16Q,I16Q,0.9924,pathogenic,0.09457607011311739,0.007600000000000051,False,16,False,False
urn:mavedb:00000657-a-1#296,,,p.Ile16Arg,0.0175779203929557,0.0431257525924752,I16R,I16R,0.9851,pathogenic,0.09646884306805598,0.014900000000000024,False,16,False,False
urn:mavedb:00000657-a-1#297,,,p.Ile16Ser,0.0026698018346915,0.0224076379442675,I16S,I16S,0.9565,pathogenic,0.10463981302488,0.04349999999999998,False,16,False,False
urn:mavedb:00000657-a-1#298,,,p.Ile16Thr,0.0780933057302407,0.102384454839585,I16T,I16T,0.9319,pathogenic,0.11272456110411715,0.06810000000000005,False,16,False,False
urn:mavedb:00000657-a-1#299,,,p.Ile16Val,0.62935697193128,0.0358601761320296,I16V,I16V,0.0765,benign,0.8842698995455748,0.9235,False,16,False,False
urn:mavedb:00000657-a-1#300,,,p.Ile16Trp,0.0114939846010893,0.0353205423454533,I16W,I16W,0.9868,pathogenic,0.09602138380901723,0.01319999999999999,False,16,False,False
urn:mavedb:00000657-a-1#301,,,p.Ile16Tyr,-0.0196353764541446,0.0291687620200172,I16Y,I16Y,0.9532,pathogenic,0.10566488260974559,0.04679999999999995,False,16,False,False
urn:mavedb:00000657-a-1#303,,,p.Phe17Ala,0.31208677755053,0.020541305633438,F17A,F17A,0.8593,pathogenic,0.14341142975933543,0.14070000000000005,False,17,False,False
urn:mavedb:00000657-a-1#304,,,p.Phe17Cys,0.727536506301272,0.0501496649635453,F17C,F17C,0.5629,ambiguous,0.41607872436984183,0.43710000000000004,False,17,False,False
urn:mavedb:00000657-a-1#305,,,p.Phe17Asp,0.0001332818512553,0.0276153378769657,F17D,F17D,0.9934,pathogenic,0.09432254652338765,0.00660000000000005,False,17,False,False
urn:mavedb:00000657-a-1#306,,,p.Phe17Glu,0.0029630030879603,0.0613224149258357,F17E,F17E,0.9955,pathogenic,0.09379459077227872,0.0044999999999999485,False,17,False,False
urn:mavedb:00000657-a-1#307,,,p.Phe17Gly,0.0788287376321048,0.115966669677988,F17G,F17G,0.9454,pathogenic,0.10815957236198662,0.05459999999999998,False,17,False,False
urn:mavedb:00000657-a-1#308,,,p.Phe17His,0.103988348120657,0.0307980539506529,F17H,F17H,0.9614,pathogenic,0.10315027398946508,0.03859999999999997,False,17,False,False
urn:mavedb:00000657-a-1#309,,,p.Phe17Ile,0.365845719148775,0.0289377372849265,F17I,F17I,0.6515,pathogenic,0.3084840605813301,0.34850000000000003,False,17,False,False
urn:mavedb:00000657-a-1#310,,,p.Phe17Lys,-0.0190403647624628,0.0144928335149107,F17K,F17K,0.9966,pathogenic,0.09352042923697074,0.0033999999999999586,False,17,False,False
urn:mavedb:00000657-a-1#311,,,p.Phe17Leu,0.611392123793005,0.0419125227323234,F17L,F17L,0.9008,pathogenic,0.12452666365971592,0.09919999999999995,False,17,False,False
urn:mavedb:00000657-a-1#312,,,p.Phe17Met,0.700324025321681,0.0355533288149294,F17M,F17M,0.7772,pathogenic,0.19339961231050662,0.2228,False,17,False,False
urn:mavedb:00000657-a-1#313,,,p.Phe17Asn,-0.0117081131880501,0.025436588960099,F17N,F17N,0.9752,pathogenic,0.09915738874541945,0.024800000000000044,False,17,False,False
urn:mavedb:00000657-a-1#314,,,p.Phe17Pro,0.0001733829888536,0.0465589691947171,F17P,F17P,0.9975,pathogenic,0.09329732774498546,0.0024999999999999467,False,17,False,False
urn:mavedb:00000657-a-1#315,,,p.Phe17Gln,0.011562561703668,0.0206510679069419,F17Q,F17Q,0.9894,pathogenic,0.09534491223589125,0.010600000000000054,False,17,False,False
urn:mavedb:00000657-a-1#316,,,p.Phe17Arg,0.459357724882161,0.0273037506734148,F17R,F17R,0.9882,pathogenic,0.09565595188197638,0.011800000000000033,False,17,False,False
urn:mavedb:00000657-a-1#317,,,p.Phe17Ser,-0.0086482983835144,0.0228857750693618,F17S,F17S,0.8142,pathogenic,0.16861345857172855,0.18579999999999997,False,17,False,False
urn:mavedb:00000657-a-1#318,,,p.Phe17Thr,0.1625730721706,0.0486646068297281,F17T,F17T,0.7707,pathogenic,0.19816380774290387,0.22929999999999995,False,17,False,False
urn:mavedb:00000657-a-1#319,,,p.Phe17Val,0.52101856519832,0.0349376783669203,F17V,F17V,0.5891,pathogenic,0.38250018644195266,0.41090000000000004,False,17,False,False
urn:mavedb:00000657-a-1#320,,,p.Phe17Trp,0.867080270120566,0.048603540772542,F17W,F17W,0.8339,pathogenic,0.1569617651843438,0.16610000000000003,True,17,False,True
urn:mavedb:00000657-a-1#321,,,p.Phe17Tyr,0.110686749552702,0.0333846004992732,F17Y,F17Y,0.6887,pathogenic,0.26937979452482963,0.3113,False,17,False,False
urn:mavedb:00000657-a-1#323,,,p.Gly18Ala,0.831062291695042,0.0296414367191746,G18A,G18A,0.491,ambiguous,0.5121470484106805,0.509,False,18,False,False
urn:mavedb:00000657-a-1#324,,,p.Gly18Cys,0.0013105166968763,0.036792424977268,G18C,G18C,0.8669,pathogenic,0.13966235517871525,0.1331,False,18,False,False
urn:mavedb:00000657-a-1#325,,,p.Gly18Asp,-0.0011249352658888,0.0320805457768556,G18D,G18D,0.9905,pathogenic,0.09506155620888944,0.009499999999999953,False,18,False,False
urn:mavedb:00000657-a-1#326,,,p.Gly18Glu,0.0174368477858584,0.0315064994270937,G18E,G18E,0.9902,pathogenic,0.09513866835289245,0.009800000000000031,False,18,False,False
urn:mavedb:00000657-a-1#327,,,p.Gly18Phe,-0.0143321885642215,0.0249283055639481,G18F,G18F,0.9909,pathogenic,0.09495893412184989,0.009099999999999997,False,18,False,False
urn:mavedb:00000657-a-1#328,,,p.Gly18His,0.0197661113652199,0.0409488798800761,G18H,G18H,0.994,pathogenic,0.09417108924321346,0.006000000000000005,False,18,False,False
urn:mavedb:00000657-a-1#329,,,p.Gly18Ile,-0.0078765642771242,0.022869593842477,G18I,G18I,0.9832,pathogenic,0.09697381169474217,0.016800000000000037,False,18,False,False
urn:mavedb:00000657-a-1#330,,,p.Gly18Lys,0.0617976709981566,0.0735911802140365,G18K,G18K,0.995,pathogenic,0.09391975069892,0.0050000000000000044,False,18,False,False
urn:mavedb:00000657-a-1#331,,,p.Gly18Leu,-0.0097317028084222,0.0229702555356098,G18L,G18L,0.9814,pathogenic,0.09745698246248692,0.01859999999999995,False,18,False,False
urn:mavedb:00000657-a-1#332,,,p.Gly18Met,0.0447669465193953,0.117247336217848,G18M,G18M,0.9926,pathogenic,0.09452525567163575,0.007399999999999962,False,18,False,False
urn:mavedb:00000657-a-1#333,,,p.Gly18Asn,0.0566040879516289,0.0787146178193386,G18N,G18N,0.9938,pathogenic,0.09422152038597464,0.006199999999999983,False,18,False,False
urn:mavedb:00000657-a-1#334,,,p.Gly18Pro,0.0176322024101774,0.0368525608002938,G18P,G18P,0.9961,pathogenic,0.09364484558117347,0.0039000000000000146,False,18,False,False
urn:mavedb:00000657-a-1#335,,,p.Gly18Gln,0.068612904536474,0.114420197244193,G18Q,G18Q,0.9875,pathogenic,0.09583832322764917,0.012499999999999956,False,18,False,False
urn:mavedb:00000657-a-1#336,,,p.Gly18Arg,0.0335697846465195,0.0351938805246223,G18R,G18R,0.9708,pathogenic,0.10039878561504614,0.029200000000000004,False,18,False,False
urn:mavedb:00000657-a-1#337,,,p.Gly18Ser,0.0629245122535642,0.0354754590122318,G18S,G18S,0.6655,pathogenic,0.2932879359971254,0.3345,False,18,False,False
urn:mavedb:00000657-a-1#338,,,p.Gly18Thr,0.0153616756540294,0.0372663153153977,G18T,G18T,0.9491,pathogenic,0.106963475613503,0.050899999999999945,False,18,False,False
urn:mavedb:00000657-a-1#339,,,p.Gly18Val,-0.0119110011005458,0.0149006905111477,G18V,G18V,0.9603,pathogenic,0.10348131168046962,0.03969999999999996,False,18,False,False
urn:mavedb:00000657-a-1#340,,,p.Gly18Trp,0.0187161829224728,0.0348314015824912,G18W,G18W,0.9829,pathogenic,0.09705401610512282,0.017100000000000004,False,18,False,False
urn:mavedb:00000657-a-1#341,,,p.Gly18Tyr,0.0417016571522213,0.0539647796418904,G18Y,G18Y,0.9915,pathogenic,0.09480541607229787,0.008499999999999952,False,18,False,False
urn:mavedb:00000657-a-1#343,,,p.Gly19Ala,-0.0474334737489942,0.0,G19A,G19A,0.7152,pathogenic,0.2440847908670033,0.28480000000000005,False,19,False,False
urn:mavedb:00000657-a-1#344,,,p.Gly19Cys,0.0078518950700177,0.0322053058123866,G19C,G19C,0.9001,pathogenic,0.12481425944209558,0.09989999999999999,False,19,False,False
urn:mavedb:00000657-a-1#345,,,p.Gly19Asp,-0.002961631996136,0.0294760070050503,G19D,G19D,0.9832,pathogenic,0.09697381169474217,0.016800000000000037,False,19,False,False
urn:mavedb:00000657-a-1#346,,,p.Gly19Glu,0.0033888019470784,0.0471675658050151,G19E,G19E,0.9844,pathogenic,0.096654284166473,0.015599999999999947,False,19,False,False
urn:mavedb:00000657-a-1#347,,,p.Gly19Phe,0.0148999543116206,0.0532132376169619,G19F,G19F,0.9929,pathogenic,0.09444913695719667,0.007099999999999995,False,19,False,False
urn:mavedb:00000657-a-1#348,,,p.Gly19His,-0.0108910215926355,0.0202248886628227,G19H,G19H,0.9954,pathogenic,0.09381959565328331,0.0046000000000000485,False,19,False,False
urn:mavedb:00000657-a-1#349,,,p.Gly19Ile,0.0221211620523173,0.0520568996665974,G19I,G19I,0.9882,pathogenic,0.09565595188197638,0.011800000000000033,False,19,False,False
urn:mavedb:00000657-a-1#350,,,p.Gly19Lys,0.0261272154827728,0.0708467913478642,G19K,G19K,0.9933,pathogenic,0.09434783723170286,0.006700000000000039,False,19,False,False
urn:mavedb:00000657-a-1#351,,,p.Gly19Leu,-0.0193613538283675,0.0261663992315656,G19L,G19L,0.9884,pathogenic,0.09560397205752211,0.011600000000000055,False,19,False,False
urn:mavedb:00000657-a-1#352,,,p.Gly19Met,0.0123199094263575,0.0376707191863208,G19M,G19M,0.9912,pathogenic,0.09488211290418283,0.00880000000000003,False,19,False,False
urn:mavedb:00000657-a-1#353,,,p.Gly19Asn,0.018764610436894,0.0404470553998445,G19N,G19N,0.9881,pathogenic,0.09568196281994237,0.011900000000000022,False,19,False,False
urn:mavedb:00000657-a-1#354,,,p.Gly19Pro,-0.0120183993439161,0.0424586064285885,G19P,G19P,0.9986,pathogenic,0.09302612272790564,0.0013999999999999568,False,19,False,False
urn:mavedb:00000657-a-1#355,,,p.Gly19Gln,0.0026588257412592,0.0345715724211489,G19Q,G19Q,0.9886,pathogenic,0.09555204825734522,0.011399999999999966,False,19,False,False
urn:mavedb:00000657-a-1#356,,,p.Gly19Arg,0.0452037726106658,0.0882410589841037,G19R,G19R,0.9725,pathogenic,0.09991569710075843,0.02749999999999997,False,19,False,False
urn:mavedb:00000657-a-1#357,,,p.Gly19Ser,-0.0097510985041836,0.0200847847098709,G19S,G19S,0.7523,pathogenic,0.21233868439886316,0.24770000000000003,False,19,False,False
urn:mavedb:00000657-a-1#358,,,p.Gly19Thr,0.0157645143552497,0.0336683594128747,G19T,G19T,0.9704,pathogenic,0.10051309101628411,0.02959999999999996,False,19,False,False
urn:mavedb:00000657-a-1#359,,,p.Gly19Val,0.0160769233806877,0.0328093746826583,G19V,G19V,0.973,pathogenic,0.09977444374894895,0.027000000000000024,False,19,False,False
urn:mavedb:00000657-a-1#360,,,p.Gly19Trp,0.004176733797951,0.0513510322552823,G19W,G19W,0.9876,pathogenic,0.09581222803353126,0.012399999999999967,False,19,False,False
urn:mavedb:00000657-a-1#361,,,p.Gly19Tyr,0.0018365828230767,0.0225031960048368,G19Y,G19Y,0.9898,pathogenic,0.09524167898920818,0.010199999999999987,False,19,False,False
urn:mavedb:00000657-a-1#363,,,p.Thr20Ala,0.0005950729082204,0.0267836146532124,T20A,T20A,0.7445,pathogenic,0.21865912474618987,0.25549999999999995,False,20,False,False
urn:mavedb:00000657-a-1#364,,,p.Thr20Cys,0.930675583486624,0.0528025438864818,T20C,T20C,0.8706,pathogenic,0.13788601620097302,0.12939999999999996,True,20,False,True
urn:mavedb:00000657-a-1#365,,,p.Thr20Asp,-0.0089496090491388,0.0253976176550866,T20D,T20D,0.9748,pathogenic,0.09926904190875434,0.0252,False,20,False,False
urn:mavedb:00000657-a-1#366,,,p.Thr20Glu,-0.0099519760209961,0.0344297144683876,T20E,T20E,0.9707,pathogenic,0.10042733913384475,0.029299999999999993,False,20,False,False
urn:mavedb:00000657-a-1#367,,,p.Thr20Phe,0.0327812784051245,0.0657330670825172,T20F,T20F,0.9721,pathogenic,0.1000289713659309,0.027900000000000036,False,20,False,False
urn:mavedb:00000657-a-1#368,,,p.Thr20Gly,0.189898339682507,0.0576127261092616,T20G,T20G,0.9109,pathogenic,0.12048768123870036,0.08909999999999996,False,20,False,False
urn:mavedb:00000657-a-1#369,,,p.Thr20His,0.541999679493425,0.0347518615542235,T20H,T20H,0.9356,pathogenic,0.11144143380348182,0.06440000000000001,False,20,False,False
urn:mavedb:00000657-a-1#370,,,p.Thr20Ile,0.0288889329224854,0.0257148567747364,T20I,T20I,0.737,pathogenic,0.2249134143313103,0.263,False,20,False,False
urn:mavedb:00000657-a-1#371,,,p.Thr20Lys,0.0400023035319827,0.0566853462856104,T20K,T20K,0.9518,pathogenic,0.10610516540638953,0.04820000000000002,False,20,False,False
urn:mavedb:00000657-a-1#372,,,p.Thr20Leu,0.0457807737480218,0.0679880476864235,T20L,T20L,0.8079,pathogenic,0.17256061030669378,0.19210000000000005,False,20,False,False
urn:mavedb:00000657-a-1#373,,,p.Thr20Met,0.0375795862824005,0.0372755359186337,T20M,T20M,0.6066,pathogenic,0.36080326898289555,0.39339999999999997,False,20,False,False
urn:mavedb:00000657-a-1#374,,,p.Thr20Asn,-0.0058775271185897,0.0179632900608871,T20N,T20N,0.7554,pathogenic,0.2098785276295823,0.24460000000000004,False,20,False,False
urn:mavedb:00000657-a-1#375,,,p.Thr20Pro,0.0209293920311097,0.0590636368305641,T20P,T20P,0.8673,pathogenic,0.1394687898506927,0.13270000000000004,False,20,False,False
urn:mavedb:00000657-a-1#376,,,p.Thr20Gln,0.0224118640240898,0.0407874448398675,T20Q,T20Q,0.9426,pathogenic,0.10908022483337133,0.05740000000000001,False,20,False,False
urn:mavedb:00000657-a-1#377,,,p.Thr20Arg,-0.0074700604158026,0.0342394759672223,T20R,T20R,0.9465,pathogenic,0.10780155450998877,0.05349999999999999,False,20,False,False
urn:mavedb:00000657-a-1#378,,,p.Thr20Ser,0.762383634137608,0.038335226324851,T20S,T20S,0.5558,ambiguous,0.42536585265831967,0.44420000000000004,False,20,False,False
urn:mavedb:00000657-a-1#379,,,p.Thr20Val,0.0341699519376021,0.0375260834670205,T20V,T20V,0.6524,pathogenic,0.3074902750811181,0.3476,False,20,False,False
urn:mavedb:00000657-a-1#380,,,p.Thr20Trp,-0.0245200597752205,0.0341461760323625,T20W,T20W,0.9924,pathogenic,0.09457607011311739,0.007600000000000051,False,20,False,False
urn:mavedb:00000657-a-1#381,,,p.Thr20Tyr,0.0435930399064879,0.0440975671890152,T20Y,T20Y,0.9758,pathogenic,0.09899035593727232,0.0242,False,20,False,False
urn:mavedb:00000657-a-1#383,,,p.His21Ala,0.983279355080827,0.0364633344254634,H21A,H21A,0.9959,pathogenic,0.09369470657485554,0.0040999999999999925,True,21,True,True
urn:mavedb:00000657-a-1#384,,,p.His21Cys,0.912170842241468,0.030376637623076,H21C,H21C,0.9176,pathogenic,0.11791987742824407,0.08240000000000003,True,21,True,True
urn:mavedb:00000657-a-1#385,,,p.His21Asp,-0.0039994817139134,0.0185851807998651,H21D,H21D,0.9888,pathogenic,0.09550018042824412,0.011199999999999988,False,21,True,False
urn:mavedb:00000657-a-1#386,,,p.His21Glu,0.0591750561716698,0.028104923836525,H21E,H21E,0.9923,pathogenic,0.09460149794310513,0.00770000000000004,False,21,True,False
urn:mavedb:00000657-a-1#387,,,p.His21Phe,0.244756613496401,0.0490854338966303,H21F,H21F,0.9877,pathogenic,0.095786146898769,0.012299999999999978,False,21,True,False
urn:mavedb:00000657-a-1#388,,,p.His21Gly,0.243372944932341,0.0418370108398374,H21G,H21G,0.9951,pathogenic,0.09389469159625782,0.0049000000000000155,False,21,True,False
urn:mavedb:00000657-a-1#389,,,p.His21Ile,0.229429903784645,0.0405303067001343,H21I,H21I,0.9979,pathogenic,0.09319852045590064,0.0020999999999999908,False,21,True,False
urn:mavedb:00000657-a-1#390,,,p.His21Lys,0.0744195788399691,0.0307820236161768,H21K,H21K,0.9852,pathogenic,0.09644240844338868,0.014800000000000035,False,21,True,False
urn:mavedb:00000657-a-1#391,,,p.His21Leu,-0.0063139816786366,0.0122322603064067,H21L,H21L,0.9726,pathogenic,0.0998874162777,0.02739999999999998,False,21,True,False
urn:mavedb:00000657-a-1#392,,,p.His21Met,0.159301092264579,0.0333502252394989,H21M,H21M,0.9966,pathogenic,0.09352042923697074,0.0033999999999999586,False,21,True,False
urn:mavedb:00000657-a-1#393,,,p.His21Asn,0.575971254296941,0.0331776399340843,H21N,H21N,0.9725,pathogenic,0.09991569710075843,0.02749999999999997,False,21,True,False
urn:mavedb:00000657-a-1#394,,,p.His21Pro,0.0330422778916258,0.0541472745507512,H21P,H21P,0.9647,pathogenic,0.10216864982981252,0.0353,False,21,True,False
urn:mavedb:00000657-a-1#395,,,p.His21Gln,0.30018885841458,0.0468895370465194,H21Q,H21Q,0.988,pathogenic,0.09570798778394378,0.01200000000000001,False,21,True,False
urn:mavedb:00000657-a-1#396,,,p.His21Arg,0.618582173368297,0.0550038379027812,H21R,H21R,0.9571,pathogenic,0.10445534366125528,0.04290000000000005,False,21,True,False
urn:mavedb:00000657-a-1#397,,,p.His21Ser,0.721209102600656,0.0362850196009176,H21S,H21S,0.9885,pathogenic,0.09557800315772488,0.011499999999999955,False,21,True,False
urn:mavedb:00000657-a-1#398,,,p.His21Thr,0.028610035708695,0.0170006219267639,H21T,H21T,0.9975,pathogenic,0.09329732774498546,0.0024999999999999467,False,21,True,False
urn:mavedb:00000657-a-1#399,,,p.His21Val,0.415109503038793,0.0218593642052928,H21V,H21V,0.9975,pathogenic,0.09329732774498546,0.0024999999999999467,False,21,True,False
urn:mavedb:00000657-a-1#400,,,p.His21Trp,0.0225807724352221,0.0500447874820451,H21W,H21W,0.9429,pathogenic,0.10898093902698136,0.05710000000000004,False,21,True,False
urn:mavedb:00000657-a-1#401,,,p.His21Tyr,0.99350745129421,0.0404359847983503,H21Y,H21Y,0.9671,pathogenic,0.101465454561803,0.03290000000000004,True,21,True,True
urn:mavedb:00000657-a-1#403,,,p.Gly22Ala,0.799858976873574,0.0605350181824669,G22A,G22A,0.9505,pathogenic,0.10651690835559988,0.04949999999999999,False,22,False,False
urn:mavedb:00000657-a-1#404,,,p.Gly22Cys,0.38458367656594,0.0292278226655575,G22C,G22C,0.9838,pathogenic,0.0968137902726998,0.016199999999999992,False,22,False,False
urn:mavedb:00000657-a-1#405,,,p.Gly22Asp,0.395527121682342,0.0395462853164067,G22D,G22D,0.9935,pathogenic,0.09429726949120015,0.00649999999999995,False,22,False,False
urn:mavedb:00000657-a-1#406,,,p.Gly22Glu,0.777816656548227,0.0345596860472993,G22E,G22E,0.9937,pathogenic,0.09424675642903445,0.006299999999999972,False,22,False,False
urn:mavedb:00000657-a-1#407,,,p.Gly22Phe,0.332120358465377,0.0302038272957174,G22F,G22F,0.9988,pathogenic,0.09297698637912502,0.0011999999999999789,False,22,False,False
urn:mavedb:00000657-a-1#408,,,p.Gly22His,0.524020864810654,0.0432998776754019,G22H,G22H,0.9988,pathogenic,0.09297698637912502,0.0011999999999999789,False,22,False,False
urn:mavedb:00000657-a-1#409,,,p.Gly22Ile,0.539070104036781,0.0263864157101115,G22I,G22I,0.9979,pathogenic,0.09319852045590064,0.0020999999999999908,False,22,False,False
urn:mavedb:00000657-a-1#410,,,p.Gly22Lys,0.541741807094017,0.0419245163231864,G22K,G22K,0.9971,pathogenic,0.09339634958766477,0.0029000000000000137,False,22,False,False
urn:mavedb:00000657-a-1#411,,,p.Gly22Leu,0.453993338923343,0.0243386918883511,G22L,G22L,0.9978,pathogenic,0.09322320218636365,0.0021999999999999797,False,22,False,False
urn:mavedb:00000657-a-1#412,,,p.Gly22Met,0.645453979814357,0.0358498832177254,G22M,G22M,0.9992,pathogenic,0.0928788735403534,0.0008000000000000229,False,22,False,False
urn:mavedb:00000657-a-1#413,,,p.Gly22Asn,0.225737199082957,0.0521538335634007,G22N,G22N,0.9976,pathogenic,0.09327260582445412,0.0023999999999999577,False,22,False,False
urn:mavedb:00000657-a-1#414,,,p.Gly22Pro,1.10254397293356,0.0334970111813608,G22P,G22P,0.9989,pathogenic,0.09295243819672291,0.0010999999999999899,True,22,False,True
urn:mavedb:00000657-a-1#415,,,p.Gly22Gln,0.700637652769294,0.0448722792112644,G22Q,G22Q,0.9964,pathogenic,0.09357015532592575,0.0036000000000000476,False,22,False,False
urn:mavedb:00000657-a-1#416,,,p.Gly22Arg,0.60337418787824,0.0252746088993663,G22R,G22R,0.987,pathogenic,0.09596901032211319,0.013000000000000012,False,22,False,False
urn:mavedb:00000657-a-1#417,,,p.Gly22Ser,0.676413637805836,0.041037369685125,G22S,G22S,0.937,pathogenic,0.11096229997601734,0.06299999999999994,False,22,False,False
urn:mavedb:00000657-a-1#418,,,p.Gly22Thr,0.570611178121037,0.0434530076710742,G22T,G22T,0.9934,pathogenic,0.09432254652338765,0.00660000000000005,False,22,False,False
urn:mavedb:00000657-a-1#419,,,p.Gly22Val,0.563741292490381,0.0332106434997324,G22V,G22V,0.9942,pathogenic,0.09412071264803838,0.005800000000000027,False,22,False,False
urn:mavedb:00000657-a-1#420,,,p.Gly22Trp,0.422802698262226,0.0294748918139497,G22W,G22W,0.9959,pathogenic,0.09369470657485554,0.0040999999999999925,False,22,False,False
urn:mavedb:00000657-a-1#421,,,p.Gly22Tyr,0.387439577421657,0.0254306773925089,G22Y,G22Y,0.9981,pathogenic,0.09314919713989571,0.0019000000000000128,False,22,False,False
urn:mavedb:00000657-a-1#423,,,p.Asn23Ala,0.024546843779002,0.0316846545739015,N23A,N23A,0.9741,pathogenic,0.09946501002603506,0.025900000000000034,False,23,False,False
urn:mavedb:00000657-a-1#424,,,p.Asn23Cys,0.626012433783785,0.0378537706622858,N23C,N23C,0.9243,pathogenic,0.11543823706819395,0.07569999999999999,False,23,False,False
urn:mavedb:00000657-a-1#425,,,p.Asn23Asp,1.04133418571187,0.0463914641645689,N23D,N23D,0.5034,ambiguous,0.49541015917457576,0.49660000000000004,False,23,False,False
urn:mavedb:00000657-a-1#426,,,p.Asn23Glu,0.0251496881391808,0.021764254776721,N23E,N23E,0.9837,pathogenic,0.09684042468450962,0.01629999999999998,False,23,False,False
urn:mavedb:00000657-a-1#427,,,p.Asn23Phe,0.0304192556788072,0.0612431142310455,N23F,N23F,0.9966,pathogenic,0.09352042923697074,0.0033999999999999586,False,23,False,False
urn:mavedb:00000657-a-1#428,,,p.Asn23Gly,0.157076587938852,0.0379846055709624,N23G,N23G,0.9306,pathogenic,0.1131812452960542,0.06940000000000002,False,23,False,False
urn:mavedb:00000657-a-1#429,,,p.Asn23His,0.377573542564821,0.0218652202756457,N23H,N23H,0.9353,pathogenic,0.111544558396797,0.06469999999999998,False,23,False,False
urn:mavedb:00000657-a-1#430,,,p.Asn23Ile,0.0761568856762908,0.139084216287655,N23I,N23I,0.9807,pathogenic,0.09764614675814032,0.019299999999999984,False,23,False,False
urn:mavedb:00000657-a-1#431,,,p.Asn23Lys,0.0470209240245892,0.033473805790381,N23K,N23K,0.9912,pathogenic,0.09488211290418283,0.00880000000000003,False,23,False,False
urn:mavedb:00000657-a-1#432,,,p.Asn23Leu,0.0085562844383048,0.050521919213889,N23L,N23L,0.9761,pathogenic,0.09890704024981853,0.023900000000000032,False,23,False,False
urn:mavedb:00000657-a-1#433,,,p.Asn23Met,0.0200355157327743,0.0403442935194951,N23M,N23M,0.9774,pathogenic,0.0985475465961504,0.022599999999999953,False,23,False,False
urn:mavedb:00000657-a-1#434,,,p.Asn23Pro,0.101086346285537,0.073939673482605,N23P,N23P,0.994,pathogenic,0.09417108924321346,0.006000000000000005,False,23,False,False
urn:mavedb:00000657-a-1#435,,,p.Asn23Gln,0.0757160985651553,0.0315696471854368,N23Q,N23Q,0.9881,pathogenic,0.09568196281994237,0.011900000000000022,False,23,False,False
urn:mavedb:00000657-a-1#436,,,p.Asn23Arg,0.0397033066566561,0.0261700114915421,N23R,N23R,0.9889,pathogenic,0.09547426748623082,0.011099999999999999,False,23,False,False
urn:mavedb:00000657-a-1#437,,,p.Asn23Ser,0.681160747802738,0.0555357883447905,N23S,N23S,0.5166,ambiguous,0.47760850753924183,0.48340000000000005,False,23,False,False
urn:mavedb:00000657-a-1#438,,,p.Asn23Thr,0.175758216709065,0.0409544532217671,N23T,N23T,0.8979,pathogenic,0.12572471254252854,0.10209999999999997,False,23,False,False
urn:mavedb:00000657-a-1#439,,,p.Asn23Val,0.0704222702669517,0.116363345497565,N23V,N23V,0.9773,pathogenic,0.09857511125769486,0.022700000000000053,False,23,False,False
urn:mavedb:00000657-a-1#440,,,p.Asn23Trp,-0.0171118978756038,0.0154154742400543,N23W,N23W,0.998,pathogenic,0.09317385210922682,0.0020000000000000018,False,23,False,False
urn:mavedb:00000657-a-1#441,,,p.Asn23Tyr,-0.0093564763049963,0.0187222596795354,N23Y,N23Y,0.9464,pathogenic,0.10783401658296811,0.05359999999999998,False,23,False,False
urn:mavedb:00000657-a-1#443,,,p.Glu24Ala,0.270057048899179,0.0376016526492819,E24A,E24A,0.9901,pathogenic,0.09516440016542235,0.00990000000000002,False,24,True,False
urn:mavedb:00000657-a-1#444,,,p.Glu24Cys,0.735051089948763,0.0370507331681042,E24C,E24C,0.9971,pathogenic,0.09339634958766477,0.0029000000000000137,False,24,True,False
urn:mavedb:00000657-a-1#445,,,p.Glu24Asp,1.15709798635059,0.0247857260810722,E24D,E24D,0.9866,pathogenic,0.09607381374703794,0.013399999999999967,True,24,True,True
urn:mavedb:00000657-a-1#446,,,p.Glu24Phe,-0.0027274033483063,0.0301519947901453,E24F,E24F,0.9997,pathogenic,0.0927565316973055,0.00029999999999996696,False,24,True,False
urn:mavedb:00000657-a-1#447,,,p.Glu24Gly,-0.001633021388662,0.0105645184648323,E24G,E24G,0.9808,pathogenic,0.09761907976810319,0.019199999999999995,False,24,True,False
urn:mavedb:00000657-a-1#448,,,p.Glu24His,0.553312000363069,0.0276415099080364,E24H,E24H,0.9955,pathogenic,0.09379459077227872,0.0044999999999999485,False,24,True,False
urn:mavedb:00000657-a-1#449,,,p.Glu24Ile,0.0609629113948339,0.0636958261409629,E24I,E24I,0.9984,pathogenic,0.09307531243152625,0.0016000000000000458,False,24,True,False
urn:mavedb:00000657-a-1#450,,,p.Glu24Lys,-0.0085501418669561,0.024197338974607,E24K,E24K,0.9651,pathogenic,0.10205082763714113,0.03490000000000004,False,24,True,False
urn:mavedb:00000657-a-1#451,,,p.Glu24Leu,0.065184546139113,0.0861019547443751,E24L,E24L,0.9985,pathogenic,0.09305071090714448,0.0014999999999999458,False,24,True,False
urn:mavedb:00000657-a-1#452,,,p.Glu24Met,0.0004053664869775,0.0347428928063129,E24M,E24M,0.9983,pathogenic,0.09309992730748648,0.0017000000000000348,False,24,True,False
urn:mavedb:00000657-a-1#453,,,p.Glu24Asn,0.290743506454429,0.0296771715949106,E24N,E24N,0.9954,pathogenic,0.09381959565328331,0.0046000000000000485,False,24,True,False
urn:mavedb:00000657-a-1#454,,,p.Glu24Pro,0.0313460466420698,0.0910236212509476,E24P,E24P,0.999,pathogenic,0.09292790333374308,0.0010000000000000009,False,24,True,False
urn:mavedb:00000657-a-1#455,,,p.Glu24Gln,0.588414855978612,0.0305142448875876,E24Q,E24Q,0.9712,pathogenic,0.10028472356278934,0.028800000000000048,False,24,True,False
urn:mavedb:00000657-a-1#456,,,p.Glu24Arg,-0.0055137799171546,0.0350333073786479,E24R,E24R,0.9823,pathogenic,0.09721481323794952,0.01770000000000005,False,24,True,False
urn:mavedb:00000657-a-1#457,,,p.Glu24Ser,0.219251180500078,0.0610137699911534,E24S,E24S,0.991,pathogenic,0.09493331321766257,0.009000000000000008,False,24,True,False
urn:mavedb:00000657-a-1#458,,,p.Glu24Thr,0.0856407778470422,0.192416884960239,E24T,E24T,0.9967,pathogenic,0.093495586397419,0.0032999999999999696,False,24,True,False
urn:mavedb:00000657-a-1#459,,,p.Glu24Val,0.022528339294823,0.0519226416727319,E24V,E24V,0.9961,pathogenic,0.09364484558117347,0.0039000000000000146,False,24,True,False
urn:mavedb:00000657-a-1#460,,,p.Glu24Trp,0.0323938311292021,0.0866652185815199,E24W,E24W,0.9998,pathogenic,0.09273210315859705,0.00019999999999997797,False,24,True,False
urn:mavedb:00000657-a-1#461,,,p.Glu24Tyr,0.0007971740011443,0.0187888780926485,E24Y,E24Y,0.9985,pathogenic,0.09305071090714448,0.0014999999999999458,False,24,True,False
urn:mavedb:00000657-a-1#463,,,p.Leu25Ala,1.06003842614987,0.0390201518310792,L25A,L25A,0.5955,pathogenic,0.3744903911686049,0.40449999999999997,False,25,False,True
urn:mavedb:00000657-a-1#464,,,p.Leu25Cys,0.993332251017444,0.0493070192352382,L25C,L25C,0.6887,pathogenic,0.26937979452482963,0.3113,True,25,False,True
urn:mavedb:00000657-a-1#465,,,p.Leu25Asp,1.08000068963503,0.0358595632094773,L25D,L25D,0.9473,pathogenic,0.10754246825474797,0.05269999999999997,True,25,False,True
urn:mavedb:00000657-a-1#466,,,p.Leu25Glu,0.0402272229750211,0.0177914383963971,L25E,L25E,0.782,pathogenic,0.18996170153586073,0.21799999999999997,False,25,False,False
urn:mavedb:00000657-a-1#467,,,p.Leu25Phe,0.441936382093904,0.0379733639566482,L25F,L25F,0.2398,benign,0.7938729299650527,0.7602,False,25,False,False
urn:mavedb:00000657-a-1#468,,,p.Leu25Gly,1.03433195241963,0.0419337004079159,L25G,L25G,0.7796,pathogenic,0.1916721770413582,0.22040000000000004,True,25,False,True
urn:mavedb:00000657-a-1#469,,,p.Leu25His,0.185196650696548,0.0567461506370378,L25H,L25H,0.5114,ambiguous,0.4846159974472739,0.48860000000000003,False,25,False,False
urn:mavedb:00000657-a-1#470,,,p.Leu25Ile,0.732010240355347,0.0338888410972511,L25I,L25I,0.2828,benign,0.7577357406736634,0.7172000000000001,False,25,False,False
urn:mavedb:00000657-a-1#471,,,p.Leu25Lys,1.09663675148397,0.0223569198427605,L25K,L25K,0.4233,ambiguous,0.6017554585633961,0.5767,False,25,False,False
urn:mavedb:00000657-a-1#472,,,p.Leu25Met,1.1121617599118,0.0341467660909401,L25M,L25M,0.0984,benign,0.8758007854464573,0.9016,False,25,False,False
urn:mavedb:00000657-a-1#473,,,p.Leu25Asn,0.551258350566184,0.030794439763293,L25N,L25N,0.7482,pathogenic,0.21563765006350483,0.2518,False,25,False,False
urn:mavedb:00000657-a-1#474,,,p.Leu25Pro,1.13305560029695,0.0292086278496605,L25P,L25P,0.7949,pathogenic,0.18105526459638827,0.20509999999999995,True,25,False,True
urn:mavedb:00000657-a-1#475,,,p.Leu25Gln,1.02901785516116,0.0335076665887385,L25Q,L25Q,0.3431,ambiguous,0.6974441277161495,0.6569,False,25,False,False
urn:mavedb:00000657-a-1#476,,,p.Leu25Arg,1.10843706545966,0.0231160662865688,L25R,L25R,0.3011,benign,0.7406137399577363,0.6989000000000001,False,25,False,False
urn:mavedb:00000657-a-1#477,,,p.Leu25Ser,1.11762801140848,0.0273863141245932,L25S,L25S,0.6874,pathogenic,0.2706764370083077,0.3126,True,25,False,True
urn:mavedb:00000657-a-1#478,,,p.Leu25Thr,1.18146467957107,0.0243893582448097,L25T,L25T,0.5934,pathogenic,0.3771094212403601,0.40659999999999996,False,25,False,True
urn:mavedb:00000657-a-1#479,,,p.Leu25Val,0.914156623873819,0.0316842982087567,L25V,L25V,0.2887,benign,0.752329320436663,0.7113,False,25,False,False
urn:mavedb:00000657-a-1#480,,,p.Leu25Trp,0.333972773567777,0.0264442017694224,L25W,L25W,0.3663,ambiguous,0.6714003971007849,0.6336999999999999,False,25,False,False
urn:mavedb:00000657-a-1#481,,,p.Leu25Tyr,0.511519437937463,0.0358911653926787,L25Y,L25Y,0.4632,ambiguous,0.5494791432433124,0.5367999999999999,False,25,False,False
urn:mavedb:00000657-a-1#483,,,p.Thr26Ala,1.10381346945484,0.0299461070142676,T26A,T26A,0.1897,benign,0.8289559533018156,0.8103,False,26,False,False
urn:mavedb:00000657-a-1#484,,,p.Thr26Cys,0.677908794511387,0.0407278370224161,T26C,T26C,0.5785,pathogenic,0.39594162591177173,0.4215,False,26,False,False
urn:mavedb:00000657-a-1#485,,,p.Thr26Asp,0.0277443013330089,0.0771571391489752,T26D,T26D,0.9123,pathogenic,0.11994388688584945,0.0877,False,26,False,False
urn:mavedb:00000657-a-1#486,,,p.Thr26Glu,-0.0076506400791061,0.0372989414397875,T26E,T26E,0.9294,pathogenic,0.11360552643043592,0.0706,False,26,False,False
urn:mavedb:00000657-a-1#487,,,p.Thr26Phe,-0.0074617021190969,0.0323490840071624,T26F,T26F,0.9542,pathogenic,0.10535237300273886,0.04579999999999995,False,26,False,False
urn:mavedb:00000657-a-1#488,,,p.Thr26Gly,1.14720483862781,0.0242153774843087,T26G,T26G,0.4,ambiguous,0.6310906756032159,0.6,False,26,False,False
urn:mavedb:00000657-a-1#489,,,p.Thr26His,0.0225885038085948,0.0737061296526656,T26H,T26H,0.8901,pathogenic,0.12903425636925656,0.1099,False,26,False,False
urn:mavedb:00000657-a-1#490,,,p.Thr26Ile,0.011322101501501,0.0285439545811828,T26I,T26I,0.8751,pathogenic,0.135767950426852,0.12490000000000001,False,26,False,False
urn:mavedb:00000657-a-1#491,,,p.Thr26Lys,0.0671552698966787,0.129593527174775,T26K,T26K,0.9531,pathogenic,0.1056962240582898,0.04690000000000005,False,26,False,False
urn:mavedb:00000657-a-1#492,,,p.Thr26Leu,0.0085975973592258,0.0336294373036491,T26L,T26L,0.6033,pathogenic,0.3648442457031708,0.39670000000000005,False,26,False,False
urn:mavedb:00000657-a-1#493,,,p.Thr26Met,0.0095330496493084,0.0333896851618947,T26M,T26M,0.4513,ambiguous,0.5652811794594439,0.5487,False,26,False,False
urn:mavedb:00000657-a-1#494,,,p.Thr26Asn,0.036256129839309,0.0588410813414526,T26N,T26N,0.5387,ambiguous,0.447988481663554,0.46130000000000004,False,26,False,False
urn:mavedb:00000657-a-1#495,,,p.Thr26Pro,0.835938505677167,0.0314379326209553,T26P,T26P,0.5356,ambiguous,0.4521218981004981,0.46440000000000003,False,26,False,False
urn:mavedb:00000657-a-1#496,,,p.Thr26Gln,0.0292548727044075,0.0786139099834421,T26Q,T26Q,0.8952,pathogenic,0.12685583227354807,0.1048,False,26,False,False
urn:mavedb:00000657-a-1#497,,,p.Thr26Arg,0.0524909952290265,0.0916536948078923,T26R,T26R,0.9331,pathogenic,0.11230571869710677,0.06689999999999996,False,26,False,False
urn:mavedb:00000657-a-1#498,,,p.Thr26Ser,1.13927352173355,0.0460702523534462,T26S,T26S,0.1079,benign,0.8718266008805168,0.8921,False,26,False,False
urn:mavedb:00000657-a-1#499,,,p.Thr26Val,0.005866968302736,0.0347777111434222,T26V,T26V,0.734,pathogenic,0.22746392510158436,0.266,False,26,False,False
urn:mavedb:00000657-a-1#500,,,p.Thr26Trp,-0.0087855033358233,0.0433401844122957,T26W,T26W,0.9877,pathogenic,0.095786146898769,0.012299999999999978,False,26,False,False
urn:mavedb:00000657-a-1#501,,,p.Thr26Tyr,0.0071671998425918,0.0381717254531876,T26Y,T26Y,0.9473,pathogenic,0.10754246825474797,0.05269999999999997,False,26,False,False
urn:mavedb:00000657-a-1#503,,,p.Gly27Ala,0.417617187331369,0.018941777275205,G27A,G27A,0.5895,pathogenic,0.3819971608476707,0.4105,False,27,False,False
urn:mavedb:00000657-a-1#504,,,p.Gly27Cys,0.0578131104428701,0.119764877103628,G27C,G27C,0.9203,pathogenic,0.1169095817347178,0.0797,False,27,False,False
urn:mavedb:00000657-a-1#505,,,p.Gly27Asp,0.0785593642289539,0.150877476779578,G27D,G27D,0.9795,pathogenic,0.09797208550602662,0.020499999999999963,False,27,False,False
urn:mavedb:00000657-a-1#506,,,p.Gly27Glu,0.0156349950734852,0.0650727962827962,G27E,G27E,0.9793,pathogenic,0.0980266128027674,0.02070000000000005,False,27,False,False
urn:mavedb:00000657-a-1#507,,,p.Gly27Phe,0.0134074243338746,0.0488028570899639,G27F,G27F,0.9963,pathogenic,0.09359503858828502,0.0037000000000000366,False,27,False,False
urn:mavedb:00000657-a-1#508,,,p.Gly27His,0.0167631601987852,0.0486799780873622,G27H,G27H,0.995,pathogenic,0.09391975069892,0.0050000000000000044,False,27,False,False
urn:mavedb:00000657-a-1#509,,,p.Gly27Ile,0.0150533248732667,0.0395519505523487,G27I,G27I,0.9861,pathogenic,0.09620513591695434,0.013900000000000023,False,27,False,False
urn:mavedb:00000657-a-1#510,,,p.Gly27Lys,0.0322294783290471,0.0783118031526014,G27K,G27K,0.993,pathogenic,0.09442379147888727,0.007000000000000006,False,27,False,False
urn:mavedb:00000657-a-1#511,,,p.Gly27Leu,0.0199336604977177,0.073967328975213,G27L,G27L,0.9887,pathogenic,0.09552610734973398,0.011299999999999977,False,27,False,False
urn:mavedb:00000657-a-1#512,,,p.Gly27Met,0.0256636534175476,0.037741827108331,G27M,G27M,0.9922,pathogenic,0.09462693952134703,0.007800000000000029,False,27,False,False
urn:mavedb:00000657-a-1#513,,,p.Gly27Asn,0.0025257360253941,0.0427566754688766,G27N,G27N,0.9845,pathogenic,0.09662774981326835,0.015499999999999958,False,27,False,False
urn:mavedb:00000657-a-1#514,,,p.Gly27Pro,0.712423032053829,0.0290084439812487,G27P,G27P,0.9864,pathogenic,0.09612630018968323,0.013599999999999945,False,27,False,False
urn:mavedb:00000657-a-1#515,,,p.Gly27Gln,-0.0092576281088576,0.0397042790984435,G27Q,G27Q,0.9882,pathogenic,0.09565595188197638,0.011800000000000033,False,27,False,False
urn:mavedb:00000657-a-1#516,,,p.Gly27Arg,-0.002773266119037,0.0243100176718247,G27R,G27R,0.9708,pathogenic,0.10039878561504614,0.029200000000000004,False,27,False,False
urn:mavedb:00000657-a-1#517,,,p.Gly27Ser,0.591721713755537,0.0345597612880176,G27S,G27S,0.5703,pathogenic,0.40647749564922697,0.42969999999999997,False,27,False,False
urn:mavedb:00000657-a-1#518,,,p.Gly27Thr,0.08229213592515,0.0837584931814231,G27T,G27T,0.921,pathogenic,0.11664991825116588,0.07899999999999996,False,27,False,False
urn:mavedb:00000657-a-1#519,,,p.Gly27Val,0.0182670860283403,0.0451750741464798,G27V,G27V,0.9537,pathogenic,0.1055084223357165,0.04630000000000001,False,27,False,False
urn:mavedb:00000657-a-1#520,,,p.Gly27Trp,0.0456684481140803,0.0679894854817477,G27W,G27W,0.99,pathogenic,0.09519014587123988,0.010000000000000009,False,27,False,False
urn:mavedb:00000657-a-1#521,,,p.Gly27Tyr,0.0106173228459183,0.0467292058587478,G27Y,G27Y,0.9945,pathogenic,0.09404524991773436,0.005499999999999949,False,27,False,False
urn:mavedb:00000657-a-1#523,,,p.Val28Ala,1.20677693436076,0.025425657121092,V28A,V28A,0.4832,ambiguous,0.5226608158824554,0.5167999999999999,False,28,False,False
urn:mavedb:00000657-a-1#524,,,p.Val28Cys,1.06176827527911,0.0288824782378968,V28C,V28C,0.8247,pathogenic,0.1622747862857285,0.1753,True,28,False,True
urn:mavedb:00000657-a-1#525,,,p.Val28Asp,0.0114378626379439,0.0285195425570667,V28D,V28D,0.8653,pathogenic,0.14044034515898096,0.13470000000000004,False,28,False,False
urn:mavedb:00000657-a-1#526,,,p.Val28Glu,0.0858314310831466,0.0492397739795905,V28E,V28E,0.8184,pathogenic,0.16604232880838515,0.18159999999999998,False,28,False,False
urn:mavedb:00000657-a-1#527,,,p.Val28Phe,0.873750314108099,0.0333050429067802,V28F,V28F,0.4701,ambiguous,0.5402570871563286,0.5299,False,28,False,False
urn:mavedb:00000657-a-1#528,,,p.Val28Gly,0.9640083995539,0.0325202468228261,V28G,V28G,0.5414,ambiguous,0.4443956174696584,0.4586,False,28,False,False
urn:mavedb:00000657-a-1#529,,,p.Val28His,1.06699058422226,0.042540950511758,V28H,V28H,0.9179,pathogenic,0.11780693420558831,0.08209999999999995,True,28,False,True
urn:mavedb:00000657-a-1#530,,,p.Val28Ile,0.989400254908402,0.0302237547306437,V28I,V28I,0.0748,benign,0.8848886813184728,0.9252,False,28,False,False
urn:mavedb:00000657-a-1#531,,,p.Val28Lys,0.715644170086795,0.0389457703343063,V28K,V28K,0.8344,pathogenic,0.15667933910779067,0.16559999999999997,False,28,False,False
urn:mavedb:00000657-a-1#532,,,p.Val28Leu,0.974820238159243,0.0265994072450847,V28L,V28L,0.4627,ambiguous,0.5501458721606268,0.5373,False,28,False,False
urn:mavedb:00000657-a-1#533,,,p.Val28Met,0.990124975103964,0.0262954677748313,V28M,V28M,0.3943,ambiguous,0.6380970696532328,0.6057,False,28,False,False
urn:mavedb:00000657-a-1#534,,,p.Val28Asn,0.974524694305452,0.0453479736860898,V28N,V28N,0.6755,pathogenic,0.28278449125129523,0.3245,True,28,False,True
urn:mavedb:00000657-a-1#535,,,p.Val28Pro,1.21947683465889,0.027324437725576,V28P,V28P,0.8008,pathogenic,0.17714099114737347,0.19920000000000004,True,28,False,True
urn:mavedb:00000657-a-1#536,,,p.Val28Gln,1.06911792816451,0.0441475151204432,V28Q,V28Q,0.837,pathogenic,0.15522111042852396,0.16300000000000003,True,28,False,True
urn:mavedb:00000657-a-1#537,,,p.Val28Arg,0.737209556000768,0.0392859200563908,V28R,V28R,0.7761,pathogenic,0.1941970411738021,0.2239,False,28,False,False
urn:mavedb:00000657-a-1#538,,,p.Val28Ser,1.2011066314815,0.0266984679801625,V28S,V28S,0.5923,pathogenic,0.37848490714002625,0.40769999999999995,False,28,False,True
urn:mavedb:00000657-a-1#539,,,p.Val28Thr,1.13656244860192,0.0298654223980055,V28T,V28T,0.5585,ambiguous,0.4218259502395131,0.4415,False,28,False,False
urn:mavedb:00000657-a-1#540,,,p.Val28Trp,1.03521264430767,0.020730720854158,V28W,V28W,0.9522,pathogenic,0.10597903965626587,0.047799999999999954,True,28,False,True
urn:mavedb:00000657-a-1#541,,,p.Val28Tyr,1.06188055653947,0.0325609789961951,V28Y,V28Y,0.7908,pathogenic,0.18383384396054775,0.20920000000000005,True,28,False,True
urn:mavedb:00000657-a-1#543,,,p.Phe29Ala,1.21318556216728,0.0331599718609746,F29A,F29A,0.4126,ambiguous,0.6153584508836362,0.5873999999999999,False,29,False,False
urn:mavedb:00000657-a-1#544,,,p.Phe29Cys,1.15843339222904,0.0404402054532417,F29C,F29C,0.1911,benign,0.8280732271433249,0.8089,False,29,False,False
urn:mavedb:00000657-a-1#545,,,p.Phe29Asp,0.0244924134835219,0.0585039541136019,F29D,F29D,0.8175,pathogenic,0.16658925702771052,0.1825,False,29,False,False
urn:mavedb:00000657-a-1#546,,,p.Phe29Glu,1.15017620788175,0.0310741699219654,F29E,F29E,0.787,pathogenic,0.18645235732019194,0.21299999999999997,True,29,False,True
urn:mavedb:00000657-a-1#547,,,p.Phe29Gly,0.57264033015017,0.0507062568202966,F29G,F29G,0.7271,pathogenic,0.23343625318402872,0.27290000000000003,False,29,False,False
urn:mavedb:00000657-a-1#548,,,p.Phe29His,1.24738286232438,0.0266006322252065,F29H,F29H,0.4527,ambiguous,0.563429837575013,0.5473,False,29,False,False
urn:mavedb:00000657-a-1#549,,,p.Phe29Ile,0.571960762182687,0.0534786789432959,F29I,F29I,0.1468,benign,0.8534798230945603,0.8532,False,29,False,False
urn:mavedb:00000657-a-1#550,,,p.Phe29Lys,1.23295452845882,0.027820744725731,F29K,F29K,0.8177,pathogenic,0.16646752812132393,0.18230000000000002,True,29,False,True
urn:mavedb:00000657-a-1#551,,,p.Phe29Leu,0.780835612079785,0.0293878680543652,F29L,F29L,0.6597,pathogenic,0.2995148566076695,0.34030000000000005,False,29,False,False
urn:mavedb:00000657-a-1#552,,,p.Phe29Met,1.04179450775773,0.0344822020568023,F29M,F29M,0.3645,ambiguous,0.6734735756724474,0.6355,False,29,False,False
urn:mavedb:00000657-a-1#553,,,p.Phe29Asn,1.01086958657753,0.0439404160156135,F29N,F29N,0.6025,pathogenic,0.36582752817988395,0.39749999999999996,True,29,False,True
urn:mavedb:00000657-a-1#554,,,p.Phe29Pro,0.0129348616309091,0.0610940514855168,F29P,F29P,0.9794,pathogenic,0.09799934184772749,0.02059999999999995,False,29,False,False
urn:mavedb:00000657-a-1#555,,,p.Phe29Gln,1.23036603977298,0.0316966948465735,F29Q,F29Q,0.7004,pathogenic,0.25794369051864147,0.2996,True,29,False,True
urn:mavedb:00000657-a-1#556,,,p.Phe29Arg,1.20588456174449,0.0249086551048131,F29R,F29R,0.6931,pathogenic,0.2650295889663795,0.30689999999999995,True,29,False,True
urn:mavedb:00000657-a-1#557,,,p.Phe29Ser,1.23658818534173,0.0291411198390201,F29S,F29S,0.3351,benign,0.7060724553439649,0.6649,False,29,False,False
urn:mavedb:00000657-a-1#558,,,p.Phe29Thr,1.23154744069827,0.0220611846582329,F29T,F29T,0.379,ambiguous,0.6565341983910172,0.621,False,29,False,False
urn:mavedb:00000657-a-1#559,,,p.Phe29Val,0.914745768477154,0.0385930641455746,F29V,F29V,0.1559,benign,0.8486731178267953,0.8441,False,29,False,False
urn:mavedb:00000657-a-1#560,,,p.Phe29Trp,1.0849559419723,0.0284561024221192,F29W,F29W,0.4059,ambiguous,0.6237645997927697,0.5941000000000001,False,29,False,False
urn:mavedb:00000657-a-1#561,,,p.Phe29Tyr,1.11025619605545,0.0259493452129363,F29Y,F29Y,0.1208,benign,0.8661219626215179,0.8792,False,29,False,False
urn:mavedb:00000657-a-1#563,,,p.Leu30Ala,-0.0046285987372478,0.0268382584874868,L30A,L30A,0.6495,pathogenic,0.3107006494095323,0.35050000000000003,False,30,False,False
urn:mavedb:00000657-a-1#564,,,p.Leu30Cys,0.0205977868492317,0.0228581605367465,L30C,L30C,0.8109,pathogenic,0.17066739079463078,0.18910000000000005,False,30,False,False
urn:mavedb:00000657-a-1#565,,,p.Leu30Asp,0.0196370307930105,0.0507866895154156,L30D,L30D,0.9962,pathogenic,0.09361993533787313,0.0038000000000000256,False,30,False,False
urn:mavedb:00000657-a-1#566,,,p.Leu30Glu,0.0005651029849587,0.0252182799623178,L30E,L30E,0.9739,pathogenic,0.0995211356220621,0.026100000000000012,False,30,False,False
urn:mavedb:00000657-a-1#567,,,p.Leu30Phe,0.0353376232352149,0.054173690445939,L30F,L30F,0.7402,pathogenic,0.2222236314209201,0.25980000000000003,False,30,False,False
urn:mavedb:00000657-a-1#568,,,p.Leu30Gly,-0.0017844761603604,0.045971691934424,L30G,L30G,0.9466,pathogenic,0.10776910940800438,0.0534,False,30,False,False
urn:mavedb:00000657-a-1#569,,,p.Leu30His,0.0240858063012611,0.0544081508926582,L30H,L30H,0.95,pathogenic,0.10667602045129686,0.050000000000000044,False,30,False,False
urn:mavedb:00000657-a-1#570,,,p.Leu30Ile,-0.0075374875635827,0.0165644674185171,L30I,L30I,0.2393,benign,0.7942596798273854,0.7606999999999999,False,30,False,False
urn:mavedb:00000657-a-1#571,,,p.Leu30Lys,0.0656586502028831,0.109851164431265,L30K,L30K,0.9814,pathogenic,0.09745698246248692,0.01859999999999995,False,30,False,False
urn:mavedb:00000657-a-1#572,,,p.Leu30Met,0.298536348095896,0.0402254025448539,L30M,L30M,0.3279,benign,0.7136776845305447,0.6720999999999999,False,30,False,False
urn:mavedb:00000657-a-1#573,,,p.Leu30Asn,0.0437725954402767,0.101071709976913,L30N,L30N,0.9706,pathogenic,0.10045590786897027,0.02939999999999998,False,30,False,False
urn:mavedb:00000657-a-1#574,,,p.Leu30Pro,0.0599389708529526,0.0488290207957448,L30P,L30P,0.9792,pathogenic,0.09805389837798903,0.02080000000000004,False,30,False,False
urn:mavedb:00000657-a-1#575,,,p.Leu30Gln,0.0074532257478566,0.0252187979397422,L30Q,L30Q,0.8969,pathogenic,0.126141872236136,0.10309999999999997,False,30,False,False
urn:mavedb:00000657-a-1#576,,,p.Leu30Arg,0.0110055025753948,0.0463966161867259,L30R,L30R,0.9481,pathogenic,0.10728446432243552,0.051899999999999946,False,30,False,False
urn:mavedb:00000657-a-1#577,,,p.Leu30Ser,0.048024275877527,0.0635939403867551,L30S,L30S,0.8581,pathogenic,0.14401590828163624,0.14190000000000003,False,30,False,False
urn:mavedb:00000657-a-1#578,,,p.Leu30Thr,0.0049184889373959,0.058900762322702,L30T,L30T,0.6401,pathogenic,0.3212675889010718,0.3599,False,30,False,False
urn:mavedb:00000657-a-1#579,,,p.Leu30Val,0.0126785086685082,0.0507765750588049,L30V,L30V,0.2347,benign,0.7977822797874508,0.7653,False,30,False,False
urn:mavedb:00000657-a-1#580,,,p.Leu30Trp,0.0292274942981067,0.0542651512843229,L30W,L30W,0.9289,pathogenic,0.11378308602673842,0.07110000000000005,False,30,False,False
urn:mavedb:00000657-a-1#581,,,p.Leu30Tyr,-0.0080465150748501,0.0229869560589179,L30Y,L30Y,0.964,pathogenic,0.10237544112193941,0.03600000000000003,False,30,False,False
urn:mavedb:00000657-a-1#583,,,p.Val31Ala,1.13733349609442,0.0239592379972644,V31A,V31A,0.2828,benign,0.7577357406736634,0.7172000000000001,False,31,False,False
urn:mavedb:00000657-a-1#584,,,p.Val31Cys,1.17752294143515,0.0257490154772111,V31C,V31C,0.809,pathogenic,0.17186354138318655,0.19099999999999995,True,31,False,True
urn:mavedb:00000657-a-1#585,,,p.Val31Asp,0.152193002448537,0.196585047223564,V31D,V31D,0.9603,pathogenic,0.10348131168046962,0.03969999999999996,False,31,False,False
urn:mavedb:00000657-a-1#586,,,p.Val31Glu,0.0299134434960881,0.0720979399343731,V31E,V31E,0.9083,pathogenic,0.1215078584247,0.0917,False,31,False,False
urn:mavedb:00000657-a-1#587,,,p.Val31Phe,0.0216007463793029,0.087857946093113,V31F,V31F,0.7574,pathogenic,0.20830689891530807,0.24260000000000004,False,31,False,False
urn:mavedb:00000657-a-1#588,,,p.Val31Gly,0.0155084744701335,0.0561729712499808,V31G,V31G,0.4749,ambiguous,0.5338211012541938,0.5251,False,31,False,False
urn:mavedb:00000657-a-1#589,,,p.Val31His,0.0327182736028164,0.0567033042288806,V31H,V31H,0.9663,pathogenic,0.10169885803601444,0.03369999999999995,False,31,False,False
urn:mavedb:00000657-a-1#590,,,p.Val31Ile,0.837410330326116,0.0313239963879678,V31I,V31I,0.1289,benign,0.8623516083393693,0.8711,False,31,False,False
urn:mavedb:00000657-a-1#591,,,p.Val31Lys,0.0673160412426035,0.138158377626454,V31K,V31K,0.9557,pathogenic,0.10488668148163524,0.044300000000000006,False,31,False,False
urn:mavedb:00000657-a-1#592,,,p.Val31Leu,0.12901897567101,0.0300245898089454,V31L,V31L,0.5441,ambiguous,0.44080993797144447,0.45589999999999997,False,31,False,False
urn:mavedb:00000657-a-1#593,,,p.Val31Met,0.0090447281408229,0.0274730236051029,V31M,V31M,0.5345,ambiguous,0.45359059814593305,0.4655,False,31,False,False
urn:mavedb:00000657-a-1#594,,,p.Val31Asn,0.0006778564135755,0.0356136598959239,V31N,V31N,0.8306,pathogenic,0.15884203881061204,0.1694,False,31,False,False
urn:mavedb:00000657-a-1#595,,,p.Val31Pro,0.067979622038794,0.0633234558327443,V31P,V31P,0.9595,pathogenic,0.10372327854494448,0.04049999999999998,False,31,False,False
urn:mavedb:00000657-a-1#596,,,p.Val31Gln,0.0342262008288307,0.0900409243222537,V31Q,V31Q,0.8906,pathogenic,0.12881824225388203,0.10940000000000005,False,31,False,False
urn:mavedb:00000657-a-1#597,,,p.Val31Arg,0.0758429836844621,0.0796071395504845,V31R,V31R,0.9217,pathogenic,0.11639118216599696,0.07830000000000004,False,31,False,False
urn:mavedb:00000657-a-1#598,,,p.Val31Ser,-0.003177151253769,0.0272247945748372,V31S,V31S,0.4703,ambiguous,0.5399892336552238,0.5297000000000001,False,31,False,False
urn:mavedb:00000657-a-1#599,,,p.Val31Thr,1.03643212842909,0.0299936465343155,V31T,V31T,0.4092,ambiguous,0.6196354807128202,0.5908,False,31,False,False
urn:mavedb:00000657-a-1#600,,,p.Val31Trp,0.015614129718615,0.0643843556423688,V31W,V31W,0.9885,pathogenic,0.09557800315772488,0.011499999999999955,False,31,False,False
urn:mavedb:00000657-a-1#601,,,p.Val31Tyr,0.095867647274038,0.127684699650522,V31Y,V31Y,0.9519,pathogenic,0.10607360912105446,0.04810000000000003,False,31,False,False
urn:mavedb:00000657-a-1#603,,,p.Lys32Ala,0.147647890162275,0.0347767704967117,K32A,K32A,0.2956,benign,0.7458690821330496,0.7044,False,32,False,False
urn:mavedb:00000657-a-1#604,,,p.Lys32Cys,-0.0035101576675633,0.0190051207987272,K32C,K32C,0.5216,ambiguous,0.4708807462321447,0.47840000000000005,False,32,False,False
urn:mavedb:00000657-a-1#605,,,p.Lys32Asp,0.655736177101396,0.0387264649017741,K32D,K32D,0.3662,ambiguous,0.6715157985133401,0.6337999999999999,False,32,False,False
urn:mavedb:00000657-a-1#606,,,p.Lys32Glu,0.792981352806995,0.042269562695548,K32E,K32E,0.105,benign,0.8730597745086742,0.895,False,32,False,False
urn:mavedb:00000657-a-1#607,,,p.Lys32Phe,0.0094235646758881,0.0622776426384825,K32F,K32F,0.7324,pathogenic,0.22883562577543587,0.26759999999999995,False,32,False,False
urn:mavedb:00000657-a-1#608,,,p.Lys32Gly,0.603915184418877,0.0509128099311457,K32G,K32G,0.2822,benign,0.758279468685787,0.7178,False,32,False,False
urn:mavedb:00000657-a-1#609,,,p.Lys32His,0.623056332462096,0.0495295725516904,K32H,K32H,0.2049,benign,0.8190790439458359,0.7951,False,32,False,False
urn:mavedb:00000657-a-1#610,,,p.Lys32Ile,-0.0066297803513536,0.0289752399581693,K32I,K32I,0.4284,ambiguous,0.5952003332731386,0.5716,False,32,False,False
urn:mavedb:00000657-a-1#611,,,p.Lys32Leu,-0.0138954651266905,0.0157336608600977,K32L,K32L,0.3339,benign,0.7073506158181666,0.6661,False,32,False,False
urn:mavedb:00000657-a-1#612,,,p.Lys32Met,0.0500527615461169,0.0276431712858627,K32M,K32M,0.2352,benign,0.797402484038002,0.7648,False,32,False,False
urn:mavedb:00000657-a-1#613,,,p.Lys32Asn,1.13748907375355,0.0329258818805368,K32N,K32N,0.1807,benign,0.8345024119888007,0.8193,False,32,False,False
urn:mavedb:00000657-a-1#614,,,p.Lys32Pro,0.0442405623931559,0.0771520568248506,K32P,K32P,0.8377,pathogenic,0.1548314761629827,0.1623,False,32,False,False
urn:mavedb:00000657-a-1#615,,,p.Lys32Gln,0.938290108634046,0.0381541981001097,K32Q,K32Q,0.0905,benign,0.8789646583729976,0.9095,False,32,False,False
urn:mavedb:00000657-a-1#616,,,p.Lys32Arg,0.82157539250412,0.0327231487523218,K32R,K32R,0.075,benign,0.884816163174634,0.925,False,32,False,False
urn:mavedb:00000657-a-1#617,,,p.Lys32Ser,0.755715601513621,0.0503994771919069,K32S,K32S,0.2461,benign,0.7889347421088321,0.7539,False,32,False,False
urn:mavedb:00000657-a-1#618,,,p.Lys32Thr,0.493012721934259,0.0208667789328041,K32T,K32T,0.1415,benign,0.8561859675197825,0.8585,False,32,False,False
urn:mavedb:00000657-a-1#619,,,p.Lys32Val,-0.0064664291357117,0.0237054159776337,K32V,K32V,0.4293,ambiguous,0.5940390513892498,0.5707,False,32,False,False
urn:mavedb:00000657-a-1#620,,,p.Lys32Trp,-0.009196865189365,0.0170554156373527,K32W,K32W,0.5997,pathogenic,0.36928005196408187,0.4003,False,32,False,False
urn:mavedb:00000657-a-1#621,,,p.Lys32Tyr,-0.0035661104492382,0.0195931167688845,K32Y,K32Y,0.4615,ambiguous,0.5517451068238453,0.5385,False,32,False,False
urn:mavedb:00000657-a-1#623,,,p.His33Ala,0.598533784194976,0.0564448672013238,H33A,H33A,0.3011,benign,0.7406137399577363,0.6989000000000001,False,33,False,False
urn:mavedb:00000657-a-1#624,,,p.His33Cys,0.23938527318526,0.0254970956094848,H33C,H33C,0.1455,benign,0.8541498844303752,0.8545,False,33,False,False
urn:mavedb:00000657-a-1#625,,,p.His33Asp,0.308564185464526,0.0401859401489376,H33D,H33D,0.2718,benign,0.7675257837051016,0.7282,False,33,False,False
urn:mavedb:00000657-a-1#626,,,p.His33Glu,1.05280303461724,0.0363215714907861,H33E,H33E,0.2483,benign,0.7871817604511685,0.7517,False,33,False,False
urn:mavedb:00000657-a-1#627,,,p.His33Phe,0.111779781401505,0.0451357682137529,H33F,H33F,0.2697,benign,0.7693519393039601,0.7303,False,33,False,False
urn:mavedb:00000657-a-1#628,,,p.His33Gly,0.980662326327678,0.0362817734713074,H33G,H33G,0.3239,benign,0.7178362384408894,0.6760999999999999,False,33,False,False
urn:mavedb:00000657-a-1#629,,,p.His33Ile,-0.0109679494476506,0.023847214640535,H33I,H33I,0.3237,benign,0.7180429082201618,0.6763,False,33,False,False
urn:mavedb:00000657-a-1#630,,,p.His33Lys,1.08932502351135,0.0230591082620921,H33K,H33K,0.2079,benign,0.817052394161279,0.7921,False,33,False,False
urn:mavedb:00000657-a-1#631,,,p.His33Leu,0.079784215858899,0.0363665282241484,H33L,H33L,0.1396,benign,0.8571396541700818,0.8604,False,33,False,False
urn:mavedb:00000657-a-1#632,,,p.His33Met,0.217196906972527,0.0390597309645307,H33M,H33M,0.4021,ambiguous,0.6284915265642389,0.5979,False,33,False,False
urn:mavedb:00000657-a-1#633,,,p.His33Asn,1.08017754699577,0.0351898728164524,H33N,H33N,0.1322,benign,0.8607726439751615,0.8678,False,33,False,False
urn:mavedb:00000657-a-1#634,,,p.His33Pro,-0.0010744905750267,0.0412961437674192,H33P,H33P,0.7183,pathogenic,0.24126828195562872,0.28169999999999995,False,33,False,False
urn:mavedb:00000657-a-1#635,,,p.His33Gln,1.09222283700084,0.0285516705386278,H33Q,H33Q,0.1609,benign,0.8459440353515647,0.8391,False,33,False,False
urn:mavedb:00000657-a-1#636,,,p.His33Arg,0.921573632278373,0.0536592843589954,H33R,H33R,0.1014,benign,0.874566063198812,0.8986,False,33,False,False
urn:mavedb:00000657-a-1#637,,,p.His33Ser,0.808590289346096,0.0463165559736223,H33S,H33S,0.2332,benign,0.7989171498236679,0.7668,False,33,False,False
urn:mavedb:00000657-a-1#638,,,p.His33Thr,0.375210531466893,0.0239229958614429,H33T,H33T,0.278,benign,0.7620541392246524,0.722,False,33,False,False
urn:mavedb:00000657-a-1#639,,,p.His33Val,-0.0090263645150123,0.0163380586422247,H33V,H33V,0.3028,benign,0.7389704159478961,0.6972,False,33,False,False
urn:mavedb:00000657-a-1#640,,,p.His33Trp,0.371312492437431,0.0369758907132323,H33W,H33W,0.2842,benign,0.7564626777424936,0.7158,False,33,False,False
urn:mavedb:00000657-a-1#641,,,p.His33Tyr,0.392559909897682,0.0397617863216046,H33Y,H33Y,0.075,benign,0.884816163174634,0.925,False,33,False,False
urn:mavedb:00000657-a-1#643,,,p.Trp34Cys,0.0122176301669053,0.0578368376623526,W34C,W34C,0.9084,pathogenic,0.12146837259009277,0.09160000000000001,False,34,False,False
urn:mavedb:00000657-a-1#644,,,p.Trp34Asp,0.0379812727176853,0.0792530923567722,W34D,W34D,0.994,pathogenic,0.09417108924321346,0.006000000000000005,False,34,False,False
urn:mavedb:00000657-a-1#645,,,p.Trp34Glu,0.0176380468198154,0.0322060216992748,W34E,W34E,0.9915,pathogenic,0.09480541607229787,0.008499999999999952,False,34,False,False
urn:mavedb:00000657-a-1#646,,,p.Trp34Phe,0.617238950746438,0.0484916305740672,W34F,W34F,0.3221,benign,0.7196919380187989,0.6779,False,34,False,False
urn:mavedb:00000657-a-1#647,,,p.Trp34Gly,0.0356660360650368,0.0553718324199075,W34G,W34G,0.798,pathogenic,0.17898629396281557,0.20199999999999996,False,34,False,False
urn:mavedb:00000657-a-1#648,,,p.Trp34His,-0.0079405534902577,0.0356451906047049,W34H,W34H,0.9637,pathogenic,0.10246430118418737,0.0363,False,34,False,False
urn:mavedb:00000657-a-1#649,,,p.Trp34Ile,0.0147277037372297,0.0567465274647483,W34I,W34I,0.8733,pathogenic,0.13660964126374142,0.12670000000000003,False,34,False,False
urn:mavedb:00000657-a-1#650,,,p.Trp34Lys,0.0195335665472269,0.062479692470373,W34K,W34K,0.9957,pathogenic,0.09374462162124209,0.0042999999999999705,False,34,False,False
urn:mavedb:00000657-a-1#651,,,p.Trp34Leu,0.0004005610678816,0.025830412667584,W34L,W34L,0.5608,ambiguous,0.41881830792905755,0.43920000000000003,False,34,False,False
urn:mavedb:00000657-a-1#652,,,p.Trp34Met,-0.0136912122526914,0.0225364501169597,W34M,W34M,0.8743,pathogenic,0.1361411280426798,0.12570000000000003,False,34,False,False
urn:mavedb:00000657-a-1#653,,,p.Trp34Asn,0.0224258211907151,0.0380583508171038,W34N,W34N,0.9904,pathogenic,0.09508724638123774,0.009600000000000053,False,34,False,False
urn:mavedb:00000657-a-1#654,,,p.Trp34Pro,0.0490885574124408,0.0643229106080059,W34P,W34P,0.9971,pathogenic,0.09339634958766477,0.0029000000000000137,False,34,False,False
urn:mavedb:00000657-a-1#655,,,p.Trp34Gln,-0.0073681888056752,0.0385321576812256,W34Q,W34Q,0.9887,pathogenic,0.09552610734973398,0.011299999999999977,False,34,False,False
urn:mavedb:00000657-a-1#656,,,p.Trp34Arg,0.0089654501936175,0.0386817301979538,W34R,W34R,0.986,pathogenic,0.0962314428030489,0.014000000000000012,False,34,False,False
urn:mavedb:00000657-a-1#657,,,p.Trp34Ser,0.0119407583947443,0.0263415931920651,W34S,W34S,0.9017,pathogenic,0.12415837560653488,0.09830000000000005,False,34,False,False
urn:mavedb:00000657-a-1#658,,,p.Trp34Thr,0.0075033677082732,0.0408987809046434,W34T,W34T,0.9583,pathogenic,0.10408815177509526,0.04169999999999996,False,34,False,False
urn:mavedb:00000657-a-1#659,,,p.Trp34Val,0.0163687543983827,0.053345129211009,W34V,W34V,0.8787,pathogenic,0.13410649838406274,0.12129999999999996,False,34,False,False
urn:mavedb:00000657-a-1#660,,,p.Trp34Tyr,0.48212805467656,0.0217982797018033,W34Y,W34Y,0.632,pathogenic,0.33056545283710737,0.368,False,34,False,False
urn:mavedb:00000657-a-1#662,,,p.Leu35Ala,0.828790866394905,0.0563992396232591,L35A,L35A,0.1437,benign,0.8550708956781352,0.8563000000000001,False,35,False,False
urn:mavedb:00000657-a-1#663,,,p.Leu35Cys,0.592433380213833,0.124839189098168,L35C,L35C,0.3004,benign,0.741287805547465,0.6996,False,35,False,False
urn:mavedb:00000657-a-1#664,,,p.Leu35Asp,0.427960846263642,0.0526464062492187,L35D,L35D,0.4969,ambiguous,0.504184879350624,0.5031,False,35,False,False
urn:mavedb:00000657-a-1#665,,,p.Leu35Glu,0.85078438890604,0.0431729996858492,L35E,L35E,0.1377,benign,0.8580847512544988,0.8623000000000001,False,35,False,False
urn:mavedb:00000657-a-1#666,,,p.Leu35Phe,0.402684976967481,0.0350917562346631,L35F,L35F,0.1663,benign,0.842925083382938,0.8337,False,35,False,False
urn:mavedb:00000657-a-1#667,,,p.Leu35Gly,0.480741152275339,0.0483064786156931,L35G,L35G,0.2949,benign,0.7465312139443644,0.7051000000000001,False,35,False,False
urn:mavedb:00000657-a-1#668,,,p.Leu35His,0.533793599580533,0.0382492653001042,L35H,L35H,0.1616,benign,0.8455569048878754,0.8384,False,35,False,False
urn:mavedb:00000657-a-1#669,,,p.Leu35Ile,0.78186675189134,0.104379984865856,L35I,L35I,0.0924,benign,0.8782151821957628,0.9076,False,35,False,False
urn:mavedb:00000657-a-1#670,,,p.Leu35Lys,0.869331543523154,0.0323088069843579,L35K,L35K,0.1102,benign,0.870835878480658,0.8898,False,35,False,False
urn:mavedb:00000657-a-1#671,,,p.Leu35Met,1.00716886748759,0.0270549731983307,L35M,L35M,0.0781,benign,0.8836825724677553,0.9218999999999999,False,35,False,False
urn:mavedb:00000657-a-1#672,,,p.Leu35Asn,0.714959884865817,0.0207339103805723,L35N,L35N,0.2499,benign,0.7858975523126112,0.7501,False,35,False,False
urn:mavedb:00000657-a-1#673,,,p.Leu35Pro,-0.0028428510838277,0.0482104768293542,L35P,L35P,0.7512,pathogenic,0.21321871139739323,0.24880000000000002,False,35,False,False
urn:mavedb:00000657-a-1#674,,,p.Leu35Gln,1.00296000506113,0.0416000018958571,L35Q,L35Q,0.0663,benign,0.8879027303966619,0.9337,False,35,False,False
urn:mavedb:00000657-a-1#675,,,p.Leu35Arg,0.630933300756431,0.0404860172662603,L35R,L35R,0.1004,benign,0.8749796974974359,0.8996,False,35,False,False
urn:mavedb:00000657-a-1#676,,,p.Leu35Ser,0.773167985103435,0.054640186643546,L35S,L35S,0.1587,benign,0.8471526189274875,0.8412999999999999,False,35,False,False
urn:mavedb:00000657-a-1#677,,,p.Leu35Thr,0.663667972818961,0.0474376980570753,L35T,L35T,0.1236,benign,0.8648353787869116,0.8764,False,35,False,False
urn:mavedb:00000657-a-1#678,,,p.Leu35Val,0.448228394468426,0.0377109198029483,L35V,L35V,0.0963,benign,0.8766541173728011,0.9037,False,35,False,False
urn:mavedb:00000657-a-1#679,,,p.Leu35Trp,0.0965081754581878,0.0362227745987542,L35W,L35W,0.1716,benign,0.8398886635640986,0.8284,False,35,False,False
urn:mavedb:00000657-a-1#680,,,p.Leu35Tyr,0.256245071775089,0.040520877016074,L35Y,L35Y,0.2968,benign,0.7447304602810061,0.7032,False,35,False,False
urn:mavedb:00000657-a-1#682,,,p.Glu36Ala,0.862555261916473,0.0155881570611874,E36A,E36A,0.0976,benign,0.8761269245872706,0.9024,False,36,False,False
urn:mavedb:00000657-a-1#683,,,p.Glu36Cys,0.418595420432346,0.035384513590474,E36C,E36C,0.459,ambiguous,0.5550725488524839,0.5409999999999999,False,36,False,False
urn:mavedb:00000657-a-1#684,,,p.Glu36Asp,0.911088324827413,0.0304783437279518,E36D,E36D,0.1212,benign,0.865939238421682,0.8788,False,36,False,False
urn:mavedb:00000657-a-1#685,,,p.Glu36Phe,0.300803612273211,0.0391041519343058,E36F,E36F,0.53,ambiguous,0.4596089968637779,0.47,False,36,False,False
urn:mavedb:00000657-a-1#686,,,p.Glu36Gly,0.698267808989908,0.0446028729217762,E36G,E36G,0.0811,benign,0.8825682983299515,0.9189,False,36,False,False
urn:mavedb:00000657-a-1#687,,,p.Glu36His,0.724797626846361,0.0360169391655157,E36H,E36H,0.1814,benign,0.8340789135557786,0.8186,False,36,False,False
urn:mavedb:00000657-a-1#688,,,p.Glu36Ile,0.222943782521548,0.044610618565784,E36I,E36I,0.2325,benign,0.7994444400153651,0.7675,False,36,False,False
urn:mavedb:00000657-a-1#689,,,p.Glu36Lys,0.965821124361677,0.0611206628036821,E36K,E36K,0.0675,benign,0.8874851846894923,0.9325,False,36,False,False
urn:mavedb:00000657-a-1#690,,,p.Glu36Leu,0.439714524545966,0.039213329385753,E36L,E36L,0.1852,benign,0.8317567820979523,0.8148,False,36,False,False
urn:mavedb:00000657-a-1#691,,,p.Glu36Met,0.616540111083407,0.0350418647183828,E36M,E36M,0.2496,benign,0.7861389394026436,0.7504,False,36,False,False
urn:mavedb:00000657-a-1#692,,,p.Glu36Asn,0.91182527218654,0.0379108884731806,E36N,E36N,0.1418,benign,0.8560345966151842,0.8582,False,36,False,False
urn:mavedb:00000657-a-1#693,,,p.Glu36Pro,-0.0096046085264229,0.0205743497984808,E36P,E36P,0.5117,ambiguous,0.4842114833376539,0.48829999999999996,False,36,False,False
urn:mavedb:00000657-a-1#694,,,p.Glu36Gln,0.9953080910958,0.0422886900592099,E36Q,E36Q,0.0667,benign,0.8877638361988262,0.9333,False,36,False,False
urn:mavedb:00000657-a-1#695,,,p.Glu36Arg,0.840096145572316,0.0224163636254391,E36R,E36R,0.0901,benign,0.8791215285362504,0.9099,False,36,False,False
urn:mavedb:00000657-a-1#696,,,p.Glu36Ser,0.796847061387068,0.0266645264608562,E36S,E36S,0.1202,benign,0.8663953807426547,0.8798,False,36,False,False
urn:mavedb:00000657-a-1#697,,,p.Glu36Thr,0.727903033086805,0.0475307355462,E36T,E36T,0.1297,benign,0.8619711334559085,0.8703,False,36,False,False
urn:mavedb:00000657-a-1#698,,,p.Glu36Val,0.350097855932856,0.0205329234035385,E36V,E36V,0.1519,benign,0.8508111903599963,0.8481,False,36,False,False
urn:mavedb:00000657-a-1#699,,,p.Glu36Trp,0.16478208429221,0.0481320889317565,E36W,E36W,0.5155,ambiguous,0.47909006866099924,0.48450000000000004,False,36,False,False
urn:mavedb:00000657-a-1#700,,,p.Glu36Tyr,0.284923633359858,0.0535433636967157,E36Y,E36Y,0.3266,benign,0.7150344610819629,0.6734,False,36,False,False
urn:mavedb:00000657-a-1#702,,,p.Asn37Ala,0.505053675386244,0.0291248626062767,N37A,N37A,0.2022,benign,0.8208810490060879,0.7978000000000001,False,37,False,False
urn:mavedb:00000657-a-1#703,,,p.Asn37Cys,0.59258752613194,0.0365618928183798,N37C,N37C,0.1879,benign,0.8300829493322404,0.8121,False,37,False,False
urn:mavedb:00000657-a-1#704,,,p.Asn37Asp,0.979396682924165,0.0383448755147747,N37D,N37D,0.0695,benign,0.88678349811239,0.9305,False,37,False,False
urn:mavedb:00000657-a-1#705,,,p.Asn37Glu,0.743071809594567,0.0388917996439812,N37E,N37E,0.213,benign,0.8135476426798081,0.787,False,37,False,False
urn:mavedb:00000657-a-1#706,,,p.Asn37Phe,0.385409647050693,0.0332001589460118,N37F,N37F,0.3987,ambiguous,0.632694910236011,0.6013,False,37,False,False
urn:mavedb:00000657-a-1#707,,,p.Asn37Gly,0.174296387013257,0.0353848278928744,N37G,N37G,0.253,benign,0.7833870309664065,0.747,False,37,False,False
urn:mavedb:00000657-a-1#708,,,p.Asn37His,0.879215378553792,0.0340288547527517,N37H,N37H,0.0975,benign,0.876167600077686,0.9025,False,37,False,False
urn:mavedb:00000657-a-1#709,,,p.Asn37Ile,-0.0075367701931089,0.0237684778081539,N37I,N37I,0.2244,benign,0.8054393065779148,0.7756000000000001,False,37,False,False
urn:mavedb:00000657-a-1#710,,,p.Asn37Lys,0.541990808161089,0.0274722307104349,N37K,N37K,0.1791,benign,0.8354654552176085,0.8209,False,37,False,False
urn:mavedb:00000657-a-1#711,,,p.Asn37Leu,0.0568898696105625,0.0488760469242,N37L,N37L,0.2722,benign,0.7671763880664247,0.7278,False,37,False,False
urn:mavedb:00000657-a-1#712,,,p.Asn37Met,0.340043447235011,0.0301784565140483,N37M,N37M,0.2763,benign,0.7635663480525263,0.7237,False,37,False,False
urn:mavedb:00000657-a-1#713,,,p.Asn37Pro,0.129281122354692,0.143692230743657,N37P,N37P,0.7199,pathogenic,0.23982632164629758,0.2801,False,37,False,False
urn:mavedb:00000657-a-1#714,,,p.Asn37Gln,0.6963478064644,0.037971593336488,N37Q,N37Q,0.225,benign,0.8050019453810732,0.775,False,37,False,False
urn:mavedb:00000657-a-1#715,,,p.Asn37Arg,0.399340677107355,0.0187335302770519,N37R,N37R,0.2165,benign,0.8110987659853891,0.7835,False,37,False,False
urn:mavedb:00000657-a-1#716,,,p.Asn37Ser,0.618568861823608,0.0356721759422143,N37S,N37S,0.1037,benign,0.8736068318379464,0.8963,False,37,False,False
urn:mavedb:00000657-a-1#717,,,p.Asn37Thr,0.379286303408536,0.0396007198807669,N37T,N37T,0.1378,benign,0.8580352225583914,0.8622,False,37,False,False
urn:mavedb:00000657-a-1#718,,,p.Asn37Val,0.0338070067768811,0.030173400185302,N37V,N37V,0.2114,benign,0.8146552670560157,0.7886,False,37,False,False
urn:mavedb:00000657-a-1#719,,,p.Asn37Trp,0.0515925745815231,0.0254463098764747,N37W,N37W,0.5469,ambiguous,0.43709952279208675,0.45309999999999995,False,37,False,False
urn:mavedb:00000657-a-1#720,,,p.Asn37Tyr,0.379631755032402,0.0369177360213247,N37Y,N37Y,0.1179,benign,0.8674360853328353,0.8821,False,37,False,False
urn:mavedb:00000657-a-1#722,,,p.Gly38Ala,1.00097000324866,0.0264848472330295,G38A,G38A,0.0915,benign,0.8785710933206932,0.9085,False,38,False,False
urn:mavedb:00000657-a-1#723,,,p.Gly38Cys,0.881532156334648,0.0329935313280223,G38C,G38C,0.1345,benign,0.8596572305230861,0.8654999999999999,False,38,False,False
urn:mavedb:00000657-a-1#724,,,p.Gly38Asp,1.05157414683589,0.0301729485447425,G38D,G38D,0.1169,benign,0.8678849226807056,0.8831,False,38,False,False
urn:mavedb:00000657-a-1#725,,,p.Gly38Glu,0.940925822764059,0.0302771683604741,G38E,G38E,0.1133,benign,0.8694826106038693,0.8867,False,38,False,False
urn:mavedb:00000657-a-1#726,,,p.Gly38Phe,0.738157505721379,0.0305894835664971,G38F,G38F,0.3739,ambiguous,0.662553592033427,0.6261,False,38,False,False
urn:mavedb:00000657-a-1#727,,,p.Gly38His,0.850995213973521,0.0336285065454653,G38H,G38H,0.1729,benign,0.8391326510410333,0.8271,False,38,False,False
urn:mavedb:00000657-a-1#728,,,p.Gly38Ile,0.814838847196971,0.0287846305218624,G38I,G38I,0.1717,benign,0.8398306666265838,0.8283,False,38,False,False
urn:mavedb:00000657-a-1#729,,,p.Gly38Lys,0.86508287135738,0.0249954688152425,G38K,G38K,0.127,benign,0.8632493614058319,0.873,False,38,False,False
urn:mavedb:00000657-a-1#730,,,p.Gly38Leu,1.02172176340283,0.0249592660091932,G38L,G38L,0.2483,benign,0.7871817604511685,0.7517,False,38,False,False
urn:mavedb:00000657-a-1#731,,,p.Gly38Met,1.08568523293611,0.0217167062529522,G38M,G38M,0.3014,benign,0.740324390736777,0.6986,False,38,False,False
urn:mavedb:00000657-a-1#732,,,p.Gly38Asn,0.994972815920914,0.0342191404594974,G38N,G38N,0.1722,benign,0.8395402875185481,0.8278,False,38,False,False
urn:mavedb:00000657-a-1#733,,,p.Gly38Pro,1.09238420413071,0.0450568818900845,G38P,G38P,0.2338,benign,0.7984640143630474,0.7662,False,38,False,False
urn:mavedb:00000657-a-1#734,,,p.Gly38Gln,1.00791025165678,0.0235413271176936,G38Q,G38Q,0.1495,benign,0.8520749790419049,0.8505,False,38,False,False
urn:mavedb:00000657-a-1#735,,,p.Gly38Arg,0.842113575798651,0.037214523178234,G38R,G38R,0.0991,benign,0.8755143392578508,0.9009,False,38,False,False
urn:mavedb:00000657-a-1#736,,,p.Gly38Ser,0.990043676012671,0.0256501049233199,G38S,G38S,0.0845,benign,0.8812846712103002,0.9155,False,38,False,False
urn:mavedb:00000657-a-1#737,,,p.Gly38Thr,0.813633752455984,0.0246945644841883,G38T,G38T,0.1052,benign,0.8729752972925516,0.8948,False,38,False,False
urn:mavedb:00000657-a-1#738,,,p.Gly38Val,0.652827297949474,0.0298825161452628,G38V,G38V,0.1302,benign,0.8617325894862305,0.8698,False,38,False,False
urn:mavedb:00000657-a-1#739,,,p.Gly38Trp,0.594764846228157,0.0369507173607892,G38W,G38W,0.2689,benign,0.7700440079632298,0.7311000000000001,False,38,False,False
urn:mavedb:00000657-a-1#740,,,p.Gly38Tyr,0.719856487583709,0.0371218617518762,G38Y,G38Y,0.2244,benign,0.8054393065779148,0.7756000000000001,False,38,False,False
urn:mavedb:00000657-a-1#742,,,p.Ala39Cys,0.815144019069099,0.019295387245722,A39C,A39C,0.2242,benign,0.8055848563915996,0.7758,False,39,False,False
urn:mavedb:00000657-a-1#743,,,p.Ala39Asp,0.992765865249405,0.0337474061463478,A39D,A39D,0.0878,benign,0.8800173984055478,0.9122,False,39,False,False
urn:mavedb:00000657-a-1#744,,,p.Ala39Glu,1.01120382975266,0.0338723386356816,A39E,A39E,0.0968,benign,0.8764517578732212,0.9032,False,39,False,False
urn:mavedb:00000657-a-1#745,,,p.Ala39Phe,0.795834626318115,0.0296081720622254,A39F,A39F,0.1612,benign,0.8457782752600806,0.8388,False,39,False,False
urn:mavedb:00000657-a-1#746,,,p.Ala39Gly,0.892869067251481,0.0289918331558074,A39G,A39G,0.1,benign,0.8751445731554699,0.9,False,39,False,False
urn:mavedb:00000657-a-1#747,,,p.Ala39His,0.914507496540721,0.0317996048779969,A39H,A39H,0.1774,benign,0.836481164598144,0.8226,False,39,False,False
urn:mavedb:00000657-a-1#748,,,p.Ala39Ile,0.814562050093474,0.0264544046653891,A39I,A39I,0.1168,benign,0.8679296854900972,0.8832,False,39,False,False
urn:mavedb:00000657-a-1#749,,,p.Ala39Lys,0.931622236406068,0.0314875835422745,A39K,A39K,0.1182,benign,0.8673010046558862,0.8818,False,39,False,False
urn:mavedb:00000657-a-1#750,,,p.Ala39Leu,0.848261267702061,0.0242601318582458,A39L,A39L,0.0954,benign,0.8770170862636204,0.9046,False,39,False,False
urn:mavedb:00000657-a-1#751,,,p.Ala39Met,0.900034508221899,0.0180028987996792,A39M,A39M,0.115,benign,0.8687316697673721,0.885,False,39,False,False
urn:mavedb:00000657-a-1#752,,,p.Ala39Asn,0.914611938480342,0.0338562873276607,A39N,A39N,0.1,benign,0.8751445731554699,0.9,False,39,False,False
urn:mavedb:00000657-a-1#753,,,p.Ala39Pro,0.211729333472599,0.0330955260446083,A39P,A39P,0.1221,benign,0.8655268030234262,0.8779,False,39,False,False
urn:mavedb:00000657-a-1#754,,,p.Ala39Gln,0.947485429087406,0.0252807945914849,A39Q,A39Q,0.1442,benign,0.8548158451358671,0.8558,False,39,False,False
urn:mavedb:00000657-a-1#755,,,p.Ala39Arg,0.907057938850319,0.0149890229586927,A39R,A39R,0.1199,benign,0.8665317895966171,0.8801,False,39,False,False
urn:mavedb:00000657-a-1#756,,,p.Ala39Ser,0.948634971746475,0.039250099353178,A39S,A39S,0.0757,benign,0.884561762931806,0.9243,False,39,False,False
urn:mavedb:00000657-a-1#757,,,p.Ala39Thr,0.918995570517364,0.0295821562002995,A39T,A39T,0.0652,benign,0.8882832108194626,0.9348,False,39,False,False
urn:mavedb:00000657-a-1#758,,,p.Ala39Val,0.809406363496526,0.0266660657045869,A39V,A39V,0.0851,benign,0.8810558344516506,0.9149,False,39,False,False
urn:mavedb:00000657-a-1#759,,,p.Ala39Trp,0.798858611507086,0.0562448489099157,A39W,A39W,0.3352,benign,0.7059657512592186,0.6648000000000001,False,39,False,False
urn:mavedb:00000657-a-1#760,,,p.Ala39Tyr,0.758425516700578,0.0365482014656682,A39Y,A39Y,0.1976,benign,0.8239035323143588,0.8024,False,39,False,False
urn:mavedb:00000657-a-1#762,,,p.Glu40Ala,-0.0010162597935035,0.0277640117674186,E40A,E40A,0.3808,ambiguous,0.6543942349250239,0.6192,False,40,False,False
urn:mavedb:00000657-a-1#763,,,p.Glu40Cys,-0.0012652105863119,0.0403709995188652,E40C,E40C,0.9215,pathogenic,0.1164650122861575,0.07850000000000001,False,40,False,False
urn:mavedb:00000657-a-1#764,,,p.Glu40Asp,0.469321976477596,0.0297629689615513,E40D,E40D,0.2751,benign,0.7646283664076098,0.7249,False,40,False,False
urn:mavedb:00000657-a-1#765,,,p.Glu40Phe,0.127471942719252,0.0415758175883778,E40F,E40F,0.9161,pathogenic,0.1184871889829353,0.08389999999999997,False,40,False,False
urn:mavedb:00000657-a-1#766,,,p.Glu40Gly,0.0145106661385345,0.0446677836344988,E40G,E40G,0.4267,ambiguous,0.5973902363465241,0.5732999999999999,False,40,False,False
urn:mavedb:00000657-a-1#767,,,p.Glu40His,0.0411705209840808,0.0682632149014073,E40H,E40H,0.7897,pathogenic,0.1845875410968411,0.21030000000000004,False,40,False,False
urn:mavedb:00000657-a-1#768,,,p.Glu40Ile,0.0232901688824991,0.047300217626684,E40I,E40I,0.6972,pathogenic,0.26102958405210364,0.30279999999999996,False,40,False,False
urn:mavedb:00000657-a-1#769,,,p.Glu40Lys,0.114966190053751,0.17328633397865,E40K,E40K,0.4382,ambiguous,0.582487045235511,0.5618000000000001,False,40,False,False
urn:mavedb:00000657-a-1#770,,,p.Glu40Leu,0.0316133192078594,0.054532593029203,E40L,E40L,0.6937,pathogenic,0.26444098719431586,0.3063,False,40,False,False
urn:mavedb:00000657-a-1#771,,,p.Glu40Met,0.0068700938108208,0.0429620188286309,E40M,E40M,0.7504,pathogenic,0.2138610605973565,0.24960000000000004,False,40,False,False
urn:mavedb:00000657-a-1#772,,,p.Glu40Asn,-0.0067388264580029,0.053988284679394,E40N,E40N,0.643,pathogenic,0.3179816350424435,0.357,False,40,False,False
urn:mavedb:00000657-a-1#773,,,p.Glu40Pro,-0.0001374030999541,0.018106464456791,E40P,E40P,0.8631,pathogenic,0.14151986960235213,0.13690000000000002,False,40,False,False
urn:mavedb:00000657-a-1#774,,,p.Glu40Gln,-0.0145481948868825,0.0201376973003335,E40Q,E40Q,0.3248,benign,0.7169047389790673,0.6752,False,40,False,False
urn:mavedb:00000657-a-1#775,,,p.Glu40Arg,0.0218499360993103,0.0590174182447384,E40R,E40R,0.5941,pathogenic,0.3762354002072304,0.40590000000000004,False,40,False,False
urn:mavedb:00000657-a-1#776,,,p.Glu40Ser,-0.0133951160501219,0.0149800505739495,E40S,E40S,0.51,ambiguous,0.4865040485425309,0.49,False,40,False,False
urn:mavedb:00000657-a-1#777,,,p.Glu40Thr,0.0260093416206696,0.0840238209008018,E40T,E40T,0.5923,pathogenic,0.37848490714002625,0.40769999999999995,False,40,False,False
urn:mavedb:00000657-a-1#778,,,p.Glu40Val,0.0441364678910209,0.0805634209757038,E40V,E40V,0.5109,ambiguous,0.4852902426251067,0.4891,False,40,False,False
urn:mavedb:00000657-a-1#779,,,p.Glu40Trp,-0.0087087665094206,0.0373835919464552,E40W,E40W,0.9648,pathogenic,0.10213917083792713,0.03520000000000001,False,40,False,False
urn:mavedb:00000657-a-1#780,,,p.Glu40Tyr,0.0023792156994561,0.031493344967543,E40Y,E40Y,0.8481,pathogenic,0.14918880964000358,0.15190000000000003,False,40,False,False
urn:mavedb:00000657-a-1#782,,,p.Ile41Ala,-0.0163217566634029,0.0293494245269294,I41A,I41A,0.6369,pathogenic,0.32491990363044865,0.3631,False,41,False,False
urn:mavedb:00000657-a-1#783,,,p.Ile41Cys,0.0679920126595495,0.0368077281871145,I41C,I41C,0.799,pathogenic,0.17832471045980414,0.20099999999999996,False,41,False,False
urn:mavedb:00000657-a-1#784,,,p.Ile41Asp,0.0008343953455851,0.0295843721726066,I41D,I41D,0.9519,pathogenic,0.10607360912105446,0.04810000000000003,False,41,False,False
urn:mavedb:00000657-a-1#785,,,p.Ile41Glu,0.0212567923261832,0.043657521197847,I41E,I41E,0.9236,pathogenic,0.11569355205561911,0.07640000000000002,False,41,False,False
urn:mavedb:00000657-a-1#786,,,p.Ile41Phe,-0.0048533679479048,0.0301083993349869,I41F,I41F,0.2751,benign,0.7646283664076098,0.7249,False,41,False,False
urn:mavedb:00000657-a-1#787,,,p.Ile41Gly,0.0403546077696103,0.114834639936138,I41G,I41G,0.8504,pathogenic,0.14797739538909674,0.14959999999999996,False,41,False,False
urn:mavedb:00000657-a-1#788,,,p.Ile41His,-0.0126539063147805,0.0293825131293124,I41H,I41H,0.9001,pathogenic,0.12481425944209558,0.09989999999999999,False,41,False,False
urn:mavedb:00000657-a-1#789,,,p.Ile41Lys,0.0963365119766494,0.160836468611476,I41K,I41K,0.8656,pathogenic,0.1402940167168767,0.13439999999999996,False,41,False,False
urn:mavedb:00000657-a-1#790,,,p.Ile41Leu,0.963494974945449,0.0337716562688943,I41L,I41L,0.1284,benign,0.8625886595484044,0.8716,False,41,False,False
urn:mavedb:00000657-a-1#791,,,p.Ile41Met,-0.0005943026829224,0.0203822664492258,I41M,I41M,0.1531,benign,0.8501739526421366,0.8469,False,41,False,False
urn:mavedb:00000657-a-1#792,,,p.Ile41Asn,-0.0110014506991491,0.0220945433721775,I41N,I41N,0.6681,pathogenic,0.2905285301423051,0.3319,False,41,False,False
urn:mavedb:00000657-a-1#793,,,p.Ile41Pro,0.0047457918964611,0.0944554485988799,I41P,I41P,0.8988,pathogenic,0.12535104452358084,0.10119999999999996,False,41,False,False
urn:mavedb:00000657-a-1#794,,,p.Ile41Gln,0.0089075302350641,0.0413360516898905,I41Q,I41Q,0.8823,pathogenic,0.13247397111170806,0.11770000000000003,False,41,False,False
urn:mavedb:00000657-a-1#795,,,p.Ile41Arg,0.0049938778201971,0.0404095954154685,I41R,I41R,0.8286,pathogenic,0.1599954213855857,0.1714,False,41,False,False
urn:mavedb:00000657-a-1#796,,,p.Ile41Ser,0.0057505006145035,0.0170175539947359,I41S,I41S,0.6717,pathogenic,0.28674079864898466,0.32830000000000004,False,41,False,False
urn:mavedb:00000657-a-1#797,,,p.Ile41Thr,-0.0016941526804525,0.0223576416405291,I41T,I41T,0.5213,ambiguous,0.4712840737505591,0.4787,False,41,False,False
urn:mavedb:00000657-a-1#798,,,p.Ile41Val,0.79116093560583,0.045911443228026,I41V,I41V,0.098,benign,0.8759640185055615,0.902,False,41,False,False
urn:mavedb:00000657-a-1#799,,,p.Ile41Trp,0.0299100859158136,0.0618516779235025,I41W,I41W,0.8875,pathogenic,0.13016617496200694,0.11250000000000004,False,41,False,False
urn:mavedb:00000657-a-1#800,,,p.Ile41Tyr,0.0047228430668296,0.0449435860352217,I41Y,I41Y,0.7359,pathogenic,0.2258453583433533,0.2641,False,41,False,False
urn:mavedb:00000657-a-1#802,,,p.Gln42Ala,0.950590309600305,0.0271954224584182,Q42A,Q42A,0.1667,benign,0.8426984698953499,0.8333,False,42,False,False
urn:mavedb:00000657-a-1#803,,,p.Gln42Cys,0.740178645831518,0.0246683761889898,Q42C,Q42C,0.2837,benign,0.7569180444355144,0.7162999999999999,False,42,False,False
urn:mavedb:00000657-a-1#804,,,p.Gln42Asp,0.681664978007833,0.0233069745516546,Q42D,Q42D,0.2345,benign,0.7979339871533517,0.7655000000000001,False,42,False,False
urn:mavedb:00000657-a-1#805,,,p.Gln42Glu,0.952229941682282,0.0211173781945912,Q42E,Q42E,0.0726,benign,0.8856814847154384,0.9274,False,42,False,False
urn:mavedb:00000657-a-1#806,,,p.Gln42Phe,0.870216023463489,0.0172975437201621,Q42F,Q42F,0.4441,ambiguous,0.574765427301797,0.5559000000000001,False,42,False,False
urn:mavedb:00000657-a-1#807,,,p.Gln42Gly,0.586926193814016,0.0474945128529835,Q42G,Q42G,0.1426,benign,0.8556298856208762,0.8573999999999999,False,42,False,False
urn:mavedb:00000657-a-1#808,,,p.Gln42His,0.907262139082583,0.0178286396232432,Q42H,Q42H,0.128,benign,0.8627778883955288,0.872,False,42,False,False
urn:mavedb:00000657-a-1#809,,,p.Gln42Ile,0.384844785155489,0.0301795816008292,Q42I,Q42I,0.2671,benign,0.7715938852826112,0.7329,False,42,False,False
urn:mavedb:00000657-a-1#810,,,p.Gln42Lys,0.873372214721836,0.0292810799203568,Q42K,Q42K,0.0727,benign,0.8856456423057794,0.9273,False,42,False,False
urn:mavedb:00000657-a-1#811,,,p.Gln42Leu,0.54252140622177,0.0405836572717248,Q42L,Q42L,0.1111,benign,0.8704451254914304,0.8889,False,42,False,False
urn:mavedb:00000657-a-1#812,,,p.Gln42Met,0.812340437608356,0.0286872553794985,Q42M,Q42M,0.2766,benign,0.7633001422382648,0.7234,False,42,False,False
urn:mavedb:00000657-a-1#813,,,p.Gln42Asn,0.844649403476488,0.0425121477578517,Q42N,Q42N,0.1969,benign,0.8243582479953755,0.8031,False,42,False,False
urn:mavedb:00000657-a-1#814,,,p.Gln42Pro,0.0381461260739893,0.0577926902449777,Q42P,Q42P,0.2022,benign,0.8208810490060879,0.7978000000000001,False,42,False,False
urn:mavedb:00000657-a-1#815,,,p.Gln42Arg,0.859842602860726,0.0218514945416882,Q42R,Q42R,0.0733,benign,0.8854302004473187,0.9267,False,42,False,False
urn:mavedb:00000657-a-1#816,,,p.Gln42Ser,0.877776419018007,0.0299961442298142,Q42S,Q42S,0.1671,benign,0.8424714418419289,0.8329,False,42,False,False
urn:mavedb:00000657-a-1#817,,,p.Gln42Thr,0.838112666494654,0.0307220967000555,Q42T,Q42T,0.1438,benign,0.8550199338435931,0.8562,False,42,False,False
urn:mavedb:00000657-a-1#818,,,p.Gln42Val,0.476443372786625,0.0237227808294387,Q42V,Q42V,0.1912,benign,0.8280099680043814,0.8088,False,42,False,False
urn:mavedb:00000657-a-1#819,,,p.Gln42Trp,0.685188645207552,0.0303510263994295,Q42W,Q42W,0.232,benign,0.7998201747857507,0.768,False,42,False,False
urn:mavedb:00000657-a-1#820,,,p.Gln42Tyr,0.737128084711642,0.0324704711557269,Q42Y,Q42Y,0.2434,benign,0.7910659125216588,0.7565999999999999,False,42,False,False
urn:mavedb:00000657-a-1#822,,,p.Arg43Cys,0.0150568805547522,0.0610791225426062,R43C,R43C,0.229,benign,0.8020588476121775,0.771,False,43,False,False
urn:mavedb:00000657-a-1#823,,,p.Arg43Asp,-0.0474334737489942,0.0,R43D,R43D,0.8896,pathogenic,0.129250805371225,0.11040000000000005,False,43,False,False
urn:mavedb:00000657-a-1#824,,,p.Arg43Glu,0.006137924977984,0.0594014401067538,R43E,R43E,0.6088,pathogenic,0.35812295726904164,0.3912,False,43,False,False
urn:mavedb:00000657-a-1#825,,,p.Arg43Phe,-0.003024248259137,0.0253151799972229,R43F,R43F,0.7176,pathogenic,0.24190164928595725,0.2824,False,43,False,False
urn:mavedb:00000657-a-1#826,,,p.Arg43Gly,-0.0077357504448272,0.0455545206047133,R43G,R43G,0.5423,ambiguous,0.44319957049291225,0.4577,False,43,False,False
urn:mavedb:00000657-a-1#827,,,p.Arg43His,-0.0063376458603555,0.0225509634852477,R43H,R43H,0.1997,benign,0.8225311160200205,0.8003,False,43,False,False
urn:mavedb:00000657-a-1#828,,,p.Arg43Ile,-0.0120683583676696,0.0231823852849736,R43I,R43I,0.5765,pathogenic,0.3985007706050151,0.4235,False,43,False,False
urn:mavedb:00000657-a-1#829,,,p.Arg43Lys,0.157101058143815,0.0333699791172293,R43K,R43K,0.241,benign,0.7929416349207471,0.759,False,43,False,False
urn:mavedb:00000657-a-1#830,,,p.Arg43Leu,-0.0109733969815024,0.0233628036420804,R43L,R43L,0.539,ambiguous,0.44758893372970054,0.46099999999999997,False,43,False,False
urn:mavedb:00000657-a-1#831,,,p.Arg43Met,-0.0078086968198718,0.0152513639808553,R43M,R43M,0.5632,ambiguous,0.41568787563742615,0.43679999999999997,False,43,False,False
urn:mavedb:00000657-a-1#832,,,p.Arg43Asn,0.0125655885701883,0.0655556677207786,R43N,R43N,0.8395,pathogenic,0.153835307715804,0.16049999999999998,False,43,False,False
urn:mavedb:00000657-a-1#833,,,p.Arg43Pro,0.0798833356327142,0.120957232894152,R43P,R43P,0.9083,pathogenic,0.1215078584247,0.0917,False,43,False,False
urn:mavedb:00000657-a-1#834,,,p.Arg43Gln,-0.0075590834331569,0.0243881556545479,R43Q,R43Q,0.1944,benign,0.8259710278974314,0.8056,False,43,False,False
urn:mavedb:00000657-a-1#835,,,p.Arg43Ser,-0.011306941203585,0.0268463942690352,R43S,R43S,0.8354,pathogenic,0.15611642304261109,0.16459999999999997,False,43,False,False
urn:mavedb:00000657-a-1#836,,,p.Arg43Thr,0.0031290645121411,0.0218749881592679,R43T,R43T,0.6672,pathogenic,0.29148145571090817,0.3328,False,43,False,False
urn:mavedb:00000657-a-1#837,,,p.Arg43Val,-0.0106112747244825,0.019059678202314,R43V,R43V,0.6512,pathogenic,0.3088158308602425,0.3488,False,43,False,False
urn:mavedb:00000657-a-1#838,,,p.Arg43Trp,0.0266398193365877,0.0813645689560918,R43W,R43W,0.2233,benign,0.8062383639647345,0.7767,False,43,False,False
urn:mavedb:00000657-a-1#839,,,p.Arg43Tyr,0.0034377533620149,0.0208337313934825,R43Y,R43Y,0.4343,ambiguous,0.5875640182498526,0.5657,False,43,False,False
urn:mavedb:00000657-a-1#841,,,p.Thr44Ala,0.98233011287683,0.0256858913803874,T44A,T44A,0.0603,benign,0.8899519717015182,0.9397,False,44,False,False
urn:mavedb:00000657-a-1#842,,,p.Thr44Cys,0.721792391868176,0.0274445373993707,T44C,T44C,0.1956,benign,0.8251990750463781,0.8044,False,44,False,False
urn:mavedb:00000657-a-1#843,,,p.Thr44Asp,1.02390434121089,0.0343294039489354,T44D,T44D,0.1237,benign,0.8647891041022814,0.8763,False,44,False,False
urn:mavedb:00000657-a-1#844,,,p.Thr44Glu,0.977364222431718,0.0391748854183044,T44E,T44E,0.0988,benign,0.8756372248960567,0.9012,False,44,False,False
urn:mavedb:00000657-a-1#845,,,p.Thr44Phe,0.440034025511497,0.030922344166516,T44F,T44F,0.1406,benign,0.8566387880288142,0.8593999999999999,False,44,False,False
urn:mavedb:00000657-a-1#846,,,p.Thr44Gly,0.826538333814603,0.047466890248156,T44G,T44G,0.1284,benign,0.8625886595484044,0.8716,False,44,False,False
urn:mavedb:00000657-a-1#847,,,p.Thr44His,0.919870029786369,0.0292379294644876,T44H,T44H,0.1071,benign,0.8721685619767282,0.8929,False,44,False,False
urn:mavedb:00000657-a-1#848,,,p.Thr44Ile,0.420106210132412,0.027759093028721,T44I,T44I,0.0882,benign,0.879862343278494,0.9117999999999999,False,44,False,False
urn:mavedb:00000657-a-1#849,,,p.Thr44Lys,1.03542171969851,0.0263472745727556,T44K,T44K,0.0683,benign,0.8872053790817922,0.9317,False,44,False,False
urn:mavedb:00000657-a-1#850,,,p.Thr44Leu,0.544513075533162,0.0455095489886984,T44L,T44L,0.0726,benign,0.8856814847154384,0.9274,False,44,False,False
urn:mavedb:00000657-a-1#851,,,p.Thr44Met,0.651550182525744,0.0295299667308696,T44M,T44M,0.0774,benign,0.8839401201353139,0.9226,False,44,False,False
urn:mavedb:00000657-a-1#852,,,p.Thr44Asn,1.00622061824844,0.0295228006046207,T44N,T44N,0.0685,benign,0.8871352468902456,0.9315,False,44,False,False
urn:mavedb:00000657-a-1#853,,,p.Thr44Pro,1.12865910995953,0.0356832105476572,T44P,T44P,0.0589,benign,0.8904210114735347,0.9411,False,44,False,False
urn:mavedb:00000657-a-1#854,,,p.Thr44Gln,1.01209298934719,0.0219947895075632,T44Q,T44Q,0.1006,benign,0.8748971359268398,0.8994,False,44,False,False
urn:mavedb:00000657-a-1#855,,,p.Thr44Arg,0.990162120145557,0.0356884594177398,T44R,T44R,0.0673,benign,0.8875549556097175,0.9327,False,44,False,False
urn:mavedb:00000657-a-1#856,,,p.Thr44Ser,1.00252060781772,0.0261234898909101,T44S,T44S,0.0774,benign,0.8839401201353139,0.9226,False,44,False,False
urn:mavedb:00000657-a-1#857,,,p.Thr44Val,0.603157234804343,0.0437128420920369,T44V,T44V,0.0839,benign,0.8815128110170647,0.9161,False,44,False,False
urn:mavedb:00000657-a-1#858,,,p.Thr44Trp,0.37244571346812,0.0393086743407537,T44W,T44W,0.2755,benign,0.7642748589084815,0.7244999999999999,False,44,False,False
urn:mavedb:00000657-a-1#859,,,p.Thr44Tyr,0.547939981536174,0.0342125313659967,T44Y,T44Y,0.1366,benign,0.858628008327342,0.8634,False,44,False,False
urn:mavedb:00000657-a-1#861,,,p.Gly45Ala,0.316657758681207,0.0424943634522176,G45A,G45A,0.132,benign,0.8608690550527652,0.868,False,45,False,False
urn:mavedb:00000657-a-1#862,,,p.Gly45Cys,0.0153439872789377,0.0228298262770423,G45C,G45C,0.1729,benign,0.8391326510410333,0.8271,False,45,False,False
urn:mavedb:00000657-a-1#863,,,p.Gly45Asp,0.506140982483542,0.0420005810222098,G45D,G45D,0.1408,benign,0.8565383285707191,0.8592,False,45,False,False
urn:mavedb:00000657-a-1#864,,,p.Gly45Glu,0.0382944209326412,0.0292191978629671,G45E,G45E,0.1739,benign,0.8385480708265345,0.8261000000000001,False,45,False,False
urn:mavedb:00000657-a-1#865,,,p.Gly45Phe,-0.0046446503220979,0.0181342684009697,G45F,G45F,0.4498,ambiguous,0.5672622564928225,0.5502,False,45,False,False
urn:mavedb:00000657-a-1#866,,,p.Gly45His,0.307011528795808,0.0426079220364198,G45H,G45H,0.2399,benign,0.7937954889948168,0.7601,False,45,False,False
urn:mavedb:00000657-a-1#867,,,p.Gly45Ile,0.0348679491622998,0.0780802035241607,G45I,G45I,0.2951,benign,0.7463421886854772,0.7049000000000001,False,45,False,False
urn:mavedb:00000657-a-1#868,,,p.Gly45Lys,0.390505215225504,0.0363730619380032,G45K,G45K,0.2559,benign,0.781011702287221,0.7441,False,45,False,False
urn:mavedb:00000657-a-1#869,,,p.Gly45Leu,-0.0091902656533935,0.0147388480266388,G45L,G45L,0.3799,ambiguous,0.6554652147252344,0.6201,False,45,False,False
urn:mavedb:00000657-a-1#870,,,p.Gly45Met,-0.0051915698371923,0.027043452428016,G45M,G45M,0.4137,ambiguous,0.6139698701003702,0.5863,False,45,False,False
urn:mavedb:00000657-a-1#871,,,p.Gly45Asn,0.803014278179614,0.0364203388048046,G45N,G45N,0.1793,benign,0.835345450984502,0.8207,False,45,False,False
urn:mavedb:00000657-a-1#872,,,p.Gly45Pro,-0.0052868810396691,0.0212918675727945,G45P,G45P,0.6925,pathogenic,0.2656192982101421,0.3075,False,45,False,False
urn:mavedb:00000657-a-1#873,,,p.Gly45Gln,0.198665616775906,0.0505032620473732,G45Q,G45Q,0.2338,benign,0.7984640143630474,0.7662,False,45,False,False
urn:mavedb:00000657-a-1#874,,,p.Gly45Arg,0.273443938294512,0.0355927174079186,G45R,G45R,0.1846,benign,0.8321260414321264,0.8154,False,45,False,False
urn:mavedb:00000657-a-1#875,,,p.Gly45Ser,0.858091111836213,0.0211022689399586,G45S,G45S,0.0954,benign,0.8770170862636204,0.9046,False,45,False,False
urn:mavedb:00000657-a-1#876,,,p.Gly45Thr,0.599810126909307,0.0311201096077471,G45T,G45T,0.1454,benign,0.854201257539219,0.8546,False,45,False,False
urn:mavedb:00000657-a-1#877,,,p.Gly45Val,-0.0156140094301116,0.040951987775877,G45V,G45V,0.2199,benign,0.808685568192934,0.7801,False,45,False,False
urn:mavedb:00000657-a-1#878,,,p.Gly45Trp,0.007019677024164,0.0436364242735001,G45W,G45W,0.3484,ambiguous,0.6916264730660161,0.6516,False,45,False,False
urn:mavedb:00000657-a-1#879,,,p.Gly45Tyr,-0.002231572184509,0.0233234794261684,G45Y,G45Y,0.293,benign,0.7483207562089704,0.7070000000000001,False,45,False,False
urn:mavedb:00000657-a-1#881,,,p.Leu46Ala,-0.005540427414658,0.0150245739260434,L46A,L46A,0.3724,ambiguous,0.6643114859451318,0.6275999999999999,False,46,False,False
urn:mavedb:00000657-a-1#882,,,p.Leu46Cys,0.645561967770623,0.0333493298379745,L46C,L46C,0.4432,ambiguous,0.5759463554618344,0.5568,False,46,False,False
urn:mavedb:00000657-a-1#883,,,p.Leu46Asp,0.011846767499426,0.0279509382849742,L46D,L46D,0.9101,pathogenic,0.1208001552395026,0.08989999999999998,False,46,False,False
urn:mavedb:00000657-a-1#884,,,p.Leu46Glu,0.0414886697307268,0.0791392711093759,L46E,L46E,0.7365,pathogenic,0.2253365599208198,0.26349999999999996,False,46,False,False
urn:mavedb:00000657-a-1#885,,,p.Leu46Phe,0.9504586874323,0.0545850457175718,L46F,L46F,0.1345,benign,0.8596572305230861,0.8654999999999999,False,46,False,False
urn:mavedb:00000657-a-1#886,,,p.Leu46Gly,0.0070080825136713,0.0317297180185461,L46G,L46G,0.6873,pathogenic,0.27077639275575227,0.3127,False,46,False,False
urn:mavedb:00000657-a-1#887,,,p.Leu46His,0.0060253643973031,0.0420340027053792,L46H,L46H,0.5374,ambiguous,0.449720808705972,0.4626,False,46,False,False
urn:mavedb:00000657-a-1#888,,,p.Leu46Ile,0.893805628571397,0.0204722915369278,L46I,L46I,0.0793,benign,0.8832389111146604,0.9207,False,46,False,False
urn:mavedb:00000657-a-1#889,,,p.Leu46Lys,0.037572038972473,0.0540981968610961,L46K,L46K,0.6127,pathogenic,0.3533989552133738,0.3873,False,46,False,False
urn:mavedb:00000657-a-1#890,,,p.Leu46Met,1.02036831537337,0.0257453302912562,L46M,L46M,0.1077,benign,0.8719122183955867,0.8923,False,46,False,False
urn:mavedb:00000657-a-1#891,,,p.Leu46Asn,0.0108606941235043,0.0290467837354317,L46N,L46N,0.7166,pathogenic,0.24280910959937074,0.2834,False,46,False,False
urn:mavedb:00000657-a-1#892,,,p.Leu46Pro,0.027533209918254,0.0579079376105758,L46P,L46P,0.7314,pathogenic,0.2296969795287288,0.26859999999999995,False,46,False,False
urn:mavedb:00000657-a-1#893,,,p.Leu46Gln,0.0266086372947397,0.0420664894511116,L46Q,L46Q,0.4735,ambiguous,0.5356998210728772,0.5265,False,46,False,False
urn:mavedb:00000657-a-1#894,,,p.Leu46Arg,0.0245458487585712,0.0369809352856298,L46R,L46R,0.5063,ambiguous,0.4914960125456737,0.4937,False,46,False,False
urn:mavedb:00000657-a-1#895,,,p.Leu46Ser,-0.0096078050496128,0.0216867915965179,L46S,L46S,0.5545,ambiguous,0.4270736731163891,0.4455,False,46,False,False
urn:mavedb:00000657-a-1#896,,,p.Leu46Thr,0.302573391147081,0.0290656640681648,L46T,L46T,0.3395,benign,0.7013498475824214,0.6605,False,46,False,False
urn:mavedb:00000657-a-1#897,,,p.Leu46Val,0.893355319046812,0.0293286505939121,L46V,L46V,0.0889,benign,0.8795902398558065,0.9111,False,46,False,False
urn:mavedb:00000657-a-1#898,,,p.Leu46Trp,-0.0072024363469151,0.0106535293168668,L46W,L46W,0.2716,benign,0.7677002947093068,0.7283999999999999,False,46,False,False
urn:mavedb:00000657-a-1#899,,,p.Leu46Tyr,0.494691418175814,0.0261247478626312,L46Y,L46Y,0.448,ambiguous,0.5696360269041857,0.552,False,46,False,False
urn:mavedb:00000657-a-1#901,,,p.Glu47Ala,0.765606997454452,0.0448773279788324,E47A,E47A,0.1083,benign,0.8716551109804739,0.8917,False,47,False,False
urn:mavedb:00000657-a-1#902,,,p.Glu47Cys,0.857709896356464,0.0382731177745915,E47C,E47C,0.4836,ambiguous,0.5221221529571072,0.5164,False,47,False,False
urn:mavedb:00000657-a-1#903,,,p.Glu47Asp,0.925493590681607,0.0463139164494511,E47D,E47D,0.1095,benign,0.8711385976654453,0.8905,False,47,False,False
urn:mavedb:00000657-a-1#904,,,p.Glu47Phe,0.578153576822118,0.0472775995467203,E47F,E47F,0.4524,ambiguous,0.5638267404282925,0.5476,False,47,False,False
urn:mavedb:00000657-a-1#905,,,p.Glu47Gly,0.235684222859591,0.0419011817997149,E47G,E47G,0.1514,benign,0.8510756526029962,0.8486,False,47,False,False
urn:mavedb:00000657-a-1#906,,,p.Glu47His,0.901971889892333,0.0242052591888533,E47H,E47H,0.1966,benign,0.8245527052491585,0.8034,False,47,False,False
urn:mavedb:00000657-a-1#907,,,p.Glu47Ile,0.844795906567249,0.0408097437241953,E47I,E47I,0.1687,benign,0.8415591743191024,0.8313,False,47,False,False
urn:mavedb:00000657-a-1#908,,,p.Glu47Lys,0.944951066321138,0.0275379653539775,E47K,E47K,0.0908,benign,0.8788467974992,0.9092,False,47,False,False
urn:mavedb:00000657-a-1#909,,,p.Glu47Leu,0.704966084239971,0.0412504948797354,E47L,E47L,0.176,benign,0.837311834975864,0.8240000000000001,False,47,False,False
urn:mavedb:00000657-a-1#910,,,p.Glu47Met,0.776569289992965,0.0326010166102123,E47M,E47M,0.2519,benign,0.7842812425270402,0.7481,False,47,False,False
urn:mavedb:00000657-a-1#911,,,p.Glu47Asn,0.806199950365408,0.0312053306505412,E47N,E47N,0.1554,benign,0.8489425613220507,0.8446,False,47,False,False
urn:mavedb:00000657-a-1#912,,,p.Glu47Pro,0.0512239309272041,0.025184872795708,E47P,E47P,0.524,ambiguous,0.467655871348032,0.476,False,47,False,False
urn:mavedb:00000657-a-1#913,,,p.Glu47Gln,0.963733995255074,0.0309877992857297,E47Q,E47Q,0.0916,benign,0.8785316274099071,0.9084,False,47,False,False
urn:mavedb:00000657-a-1#914,,,p.Glu47Arg,0.799962457213745,0.0213304951198126,E47R,E47R,0.1325,benign,0.8606278533425379,0.8674999999999999,False,47,False,False
urn:mavedb:00000657-a-1#915,,,p.Glu47Ser,0.875270713691996,0.0392134318572044,E47S,E47S,0.1408,benign,0.8565383285707191,0.8592,False,47,False,False
urn:mavedb:00000657-a-1#916,,,p.Glu47Thr,0.948688857016438,0.0326619696959373,E47T,E47T,0.1264,benign,0.863531151267303,0.8735999999999999,False,47,False,False
urn:mavedb:00000657-a-1#917,,,p.Glu47Val,0.811165725051593,0.0599350872147146,E47V,E47V,0.1126,benign,0.8697899989391535,0.8874,False,47,False,False
urn:mavedb:00000657-a-1#918,,,p.Glu47Trp,0.404672117695352,0.0209343743926304,E47W,E47W,0.621,pathogenic,0.3434658016089827,0.379,False,47,False,False
urn:mavedb:00000657-a-1#919,,,p.Glu47Tyr,0.611557163168422,0.0392815505897208,E47Y,E47Y,0.3135,benign,0.7284228616474059,0.6865,False,47,False,False
urn:mavedb:00000657-a-1#921,,,p.Val48Ala,0.0149601560714601,0.0305867083835984,V48A,V48A,0.2502,benign,0.7856558890168074,0.7498,False,48,False,False
urn:mavedb:00000657-a-1#922,,,p.Val48Cys,0.526043221768636,0.0236039971564633,V48C,V48C,0.6896,pathogenic,0.26848514871426227,0.3104,False,48,False,False
urn:mavedb:00000657-a-1#923,,,p.Val48Asp,0.0158563536014895,0.0344880746338525,V48D,V48D,0.8128,pathogenic,0.1694811782368132,0.18720000000000003,False,48,False,False
urn:mavedb:00000657-a-1#924,,,p.Val48Glu,0.0290922548165601,0.0639210068826025,V48E,V48E,0.7688,pathogenic,0.1995802099067095,0.23119999999999996,False,48,False,False
urn:mavedb:00000657-a-1#925,,,p.Val48Phe,0.0445453313884757,0.0802872999853036,V48F,V48F,0.2937,benign,0.747662756256516,0.7062999999999999,False,48,False,False
urn:mavedb:00000657-a-1#926,,,p.Val48Gly,0.0172739288275338,0.0424138849610819,V48G,V48G,0.3565,ambiguous,0.682582586588122,0.6435,False,48,False,False
urn:mavedb:00000657-a-1#927,,,p.Val48His,0.0202198325062629,0.04270236098419,V48H,V48H,0.8903,pathogenic,0.12894778659332926,0.10970000000000002,False,48,False,False
urn:mavedb:00000657-a-1#928,,,p.Val48Ile,0.8142467779995,0.0340264338942396,V48I,V48I,0.0781,benign,0.8836825724677553,0.9218999999999999,False,48,False,False
urn:mavedb:00000657-a-1#929,,,p.Val48Lys,0.0181227716855043,0.0412273102858028,V48K,V48K,0.827,pathogenic,0.16092568817703745,0.17300000000000004,False,48,False,False
urn:mavedb:00000657-a-1#930,,,p.Val48Leu,0.0296062098935065,0.0236908666983852,V48L,V48L,0.2585,benign,0.7788600367724647,0.7415,False,48,False,False
urn:mavedb:00000657-a-1#931,,,p.Val48Met,-0.0035829855200031,0.0178138576928194,V48M,V48M,0.2144,benign,0.8125723741712032,0.7856,False,48,False,False
urn:mavedb:00000657-a-1#932,,,p.Val48Asn,-0.0174997827273828,0.0197123047028836,V48N,V48N,0.5851,pathogenic,0.38754759385522486,0.41490000000000005,False,48,False,False
urn:mavedb:00000657-a-1#933,,,p.Val48Pro,0.105396756290163,0.0389861859915353,V48P,V48P,0.7231,pathogenic,0.23696634409175565,0.27690000000000003,False,48,False,False
urn:mavedb:00000657-a-1#934,,,p.Val48Gln,0.0005495914196484,0.0468188024151261,V48Q,V48Q,0.7966,pathogenic,0.17991727971269889,0.20340000000000003,False,48,False,False
urn:mavedb:00000657-a-1#935,,,p.Val48Arg,0.0204467746849142,0.0280465475354351,V48R,V48R,0.7963,pathogenic,0.1801175019383351,0.2037,False,48,False,False
urn:mavedb:00000657-a-1#936,,,p.Val48Ser,-0.0128183654739817,0.0172670293618683,V48S,V48S,0.3832,ambiguous,0.6515286067358075,0.6168,False,48,False,False
urn:mavedb:00000657-a-1#937,,,p.Val48Thr,0.292823417276608,0.0385269728561369,V48T,V48T,0.2315,benign,0.8001951592874209,0.7685,False,48,False,False
urn:mavedb:00000657-a-1#938,,,p.Val48Trp,0.012023764235083,0.0394718460335945,V48W,V48W,0.8868,pathogenic,0.13047341182977307,0.11319999999999997,False,48,False,False
urn:mavedb:00000657-a-1#939,,,p.Val48Tyr,0.0246215521318418,0.0398104979761052,V48Y,V48Y,0.7277,pathogenic,0.23291103868830187,0.2723,False,48,False,False
urn:mavedb:00000657-a-1#941,,,p.Lys49Ala,0.751055535240224,0.0657411582821548,K49A,K49A,0.2599,benign,0.7776927929119843,0.7401,False,49,False,False
urn:mavedb:00000657-a-1#942,,,p.Lys49Cys,0.858074640713358,0.0681824963174371,K49C,K49C,0.4005,ambiguous,0.6304726885763503,0.5994999999999999,False,49,False,False
urn:mavedb:00000657-a-1#943,,,p.Lys49Asp,0.48916597921876,0.030260691228614,K49D,K49D,0.4601,ambiguous,0.5536092050652273,0.5399,False,49,False,False
urn:mavedb:00000657-a-1#944,,,p.Lys49Glu,0.65918126517612,0.0578922222412602,K49E,K49E,0.119,benign,0.8669398179562101,0.881,False,49,False,False
urn:mavedb:00000657-a-1#945,,,p.Lys49Phe,0.632210302498845,0.0518547612045595,K49F,K49F,0.4626,ambiguous,0.5502791912940279,0.5374,False,49,False,False
urn:mavedb:00000657-a-1#946,,,p.Lys49Gly,-0.006587505441,0.0267234477795178,K49G,K49G,0.4459,ambiguous,0.5724004068580179,0.5541,False,49,False,False
urn:mavedb:00000657-a-1#947,,,p.Lys49His,0.917075831308551,0.0359332101153695,K49H,K49H,0.1808,benign,0.8344419930928533,0.8192,False,49,False,False
urn:mavedb:00000657-a-1#948,,,p.Lys49Ile,0.730130809037721,0.0285366824854483,K49I,K49I,0.1489,benign,0.852388709712729,0.8511,False,49,False,False
urn:mavedb:00000657-a-1#949,,,p.Lys49Leu,0.686819039113218,0.0480050653103477,K49L,K49L,0.1923,benign,0.8273122896236962,0.8077,False,49,False,False
urn:mavedb:00000657-a-1#950,,,p.Lys49Met,0.871001831752003,0.0296270751850219,K49M,K49M,0.1324,benign,0.860676140099652,0.8676,False,49,False,False
urn:mavedb:00000657-a-1#951,,,p.Lys49Asn,0.680920605191247,0.0391358960308942,K49N,K49N,0.2604,benign,0.7772744502807465,0.7396,False,49,False,False
urn:mavedb:00000657-a-1#952,,,p.Lys49Pro,0.114444231748893,0.15847010531689,K49P,K49P,0.8483,pathogenic,0.14908295048984832,0.15169999999999995,False,49,False,False
urn:mavedb:00000657-a-1#953,,,p.Lys49Gln,0.929964137115784,0.085470079768542,K49Q,K49Q,0.0949,benign,0.8772180273077758,0.9051,False,49,False,False
urn:mavedb:00000657-a-1#954,,,p.Lys49Arg,0.891552068844143,0.0589455672035533,K49R,K49R,0.0774,benign,0.8839401201353139,0.9226,False,49,False,False
urn:mavedb:00000657-a-1#955,,,p.Lys49Ser,0.782010436202758,0.0415047953993994,K49S,K49S,0.2637,benign,0.7744939647083542,0.7363,False,49,False,False
urn:mavedb:00000657-a-1#956,,,p.Lys49Thr,1.00256158124584,0.0454504619898084,K49T,K49T,0.097,benign,0.8763706717509416,0.903,False,49,False,False
urn:mavedb:00000657-a-1#957,,,p.Lys49Val,1.04328528652838,0.0799897986586773,K49V,K49V,0.1606,benign,0.8461095662268427,0.8394,False,49,False,False
urn:mavedb:00000657-a-1#958,,,p.Lys49Trp,0.203657951977317,0.0269760248501123,K49W,K49W,0.5572,ambiguous,0.4235291319465387,0.44279999999999997,False,49,False,False
urn:mavedb:00000657-a-1#959,,,p.Lys49Tyr,0.627964139238374,0.0329229555002815,K49Y,K49Y,0.3564,ambiguous,0.6826953485918701,0.6436,False,49,False,False
urn:mavedb:00000657-a-1#961,,,p.Pro50Ala,0.410355478961255,0.0310634029969541,P50A,P50A,0.1272,benign,0.8631552493003246,0.8728,False,50,False,False
urn:mavedb:00000657-a-1#962,,,p.Pro50Cys,0.430241351835867,0.0494486062239734,P50C,P50C,0.5158,ambiguous,0.4786859601203293,0.48419999999999996,False,50,False,False
urn:mavedb:00000657-a-1#963,,,p.Pro50Asp,0.0527079811892741,0.0490161708697684,P50D,P50D,0.9554,pathogenic,0.10497952575564451,0.04459999999999997,False,50,False,False
urn:mavedb:00000657-a-1#964,,,p.Pro50Glu,0.0453153315140679,0.0685584739642623,P50E,P50E,0.9111,pathogenic,0.12040976014419336,0.08889999999999998,False,50,False,False
urn:mavedb:00000657-a-1#965,,,p.Pro50Phe,-0.0043820573279296,0.0278857403997821,P50F,P50F,0.8626,pathogenic,0.14176680447500242,0.13739999999999997,False,50,False,False
urn:mavedb:00000657-a-1#966,,,p.Pro50Gly,-0.0125885057572408,0.0168392123460917,P50G,P50G,0.5246,ambiguous,0.4668501610288249,0.47540000000000004,False,50,False,False
urn:mavedb:00000657-a-1#967,,,p.Pro50His,0.0127642746016697,0.0374573149901745,P50H,P50H,0.7275,pathogenic,0.23308598561816057,0.27249999999999996,False,50,False,False
urn:mavedb:00000657-a-1#968,,,p.Pro50Ile,-0.0096453540095641,0.020686659356785,P50I,P50I,0.6051,pathogenic,0.3626370518714542,0.39490000000000003,False,50,False,False
urn:mavedb:00000657-a-1#969,,,p.Pro50Lys,-0.012221281821109,0.0290049367797391,P50K,P50K,0.9224,pathogenic,0.11613337078955384,0.0776,False,50,False,False
urn:mavedb:00000657-a-1#970,,,p.Pro50Leu,0.0015219320033299,0.0206079477826611,P50L,P50L,0.3217,benign,0.7201029915474219,0.6783,False,50,False,False
urn:mavedb:00000657-a-1#971,,,p.Pro50Met,-0.0115088057464989,0.015841996103027,P50M,P50M,0.7008,pathogenic,0.2575601816032923,0.2992,False,50,False,False
urn:mavedb:00000657-a-1#972,,,p.Pro50Asn,-0.0040938888277926,0.033226624699599,P50N,P50N,0.8373,pathogenic,0.15505397069154575,0.16269999999999996,False,50,False,False
urn:mavedb:00000657-a-1#973,,,p.Pro50Gln,0.0528360864438112,0.0411187437625467,P50Q,P50Q,0.7883,pathogenic,0.18555184735317065,0.2117,False,50,False,False
urn:mavedb:00000657-a-1#974,,,p.Pro50Arg,0.0145205271888972,0.0430704873710833,P50R,P50R,0.8209,pathogenic,0.1645345447823915,0.17910000000000004,False,50,False,False
urn:mavedb:00000657-a-1#975,,,p.Pro50Ser,0.324098024486726,0.0290385338311995,P50S,P50S,0.3197,benign,0.7221510189199578,0.6803,False,50,False,False
urn:mavedb:00000657-a-1#976,,,p.Pro50Thr,0.507459952003862,0.0344258210796446,P50T,P50T,0.2132,benign,0.8134086674283084,0.7867999999999999,False,50,False,False
urn:mavedb:00000657-a-1#977,,,p.Pro50Val,0.0353550349048325,0.0200374194517618,P50V,P50V,0.3844,ambiguous,0.6500905570521313,0.6155999999999999,False,50,False,False
urn:mavedb:00000657-a-1#978,,,p.Pro50Trp,0.03660048118274,0.0661585566158276,P50W,P50W,0.9206,pathogenic,0.11679818365300404,0.07940000000000003,False,50,False,False
urn:mavedb:00000657-a-1#979,,,p.Pro50Tyr,0.0252644590234757,0.0710897545352134,P50Y,P50Y,0.8102,pathogenic,0.171106919138332,0.18979999999999997,False,50,False,False
urn:mavedb:00000657-a-1#981,,,p.Phe51Ala,0.216714373978348,0.0474300196708682,F51A,F51A,0.6684,pathogenic,0.2902114196724861,0.3316,False,51,False,False
urn:mavedb:00000657-a-1#982,,,p.Phe51Cys,0.745269313454098,0.0405769069721549,F51C,F51C,0.2123,benign,0.8140331416601007,0.7877000000000001,False,51,False,False
urn:mavedb:00000657-a-1#983,,,p.Phe51Asp,-0.0069732961101837,0.0625320010460921,F51D,F51D,0.9218,pathogenic,0.1163542954172383,0.07820000000000005,False,51,False,False
urn:mavedb:00000657-a-1#984,,,p.Phe51Glu,0.0252199008772559,0.022286478966955,F51E,F51E,0.9058,pathogenic,0.12250150288368605,0.09419999999999995,False,51,False,False
urn:mavedb:00000657-a-1#985,,,p.Phe51Gly,0.0268553054382636,0.0305793221212954,F51G,F51G,0.8812,pathogenic,0.13296975273746126,0.11880000000000002,False,51,False,False
urn:mavedb:00000657-a-1#986,,,p.Phe51His,0.58730471247109,0.034733712709175,F51H,F51H,0.5763,pathogenic,0.3987570691349733,0.42369999999999997,False,51,False,False
urn:mavedb:00000657-a-1#987,,,p.Phe51Ile,0.780957399497175,0.0321214620616656,F51I,F51I,0.1812,benign,0.8342000479560006,0.8188,False,51,False,False
urn:mavedb:00000657-a-1#988,,,p.Phe51Lys,0.0011792791258788,0.0219704230307197,F51K,F51K,0.9031,pathogenic,0.12358877501400996,0.09689999999999999,False,51,False,False
urn:mavedb:00000657-a-1#989,,,p.Phe51Leu,0.645364104839848,0.0242904569342485,F51L,F51L,0.689,pathogenic,0.26908130363982746,0.31100000000000005,False,51,False,False
urn:mavedb:00000657-a-1#990,,,p.Phe51Met,0.756403414499668,0.039956697981242,F51M,F51M,0.4697,ambiguous,0.5407927077109915,0.5303,False,51,False,False
urn:mavedb:00000657-a-1#991,,,p.Phe51Asn,0.0139543204588037,0.036100874617315,F51N,F51N,0.8157,pathogenic,0.1676896964289286,0.18430000000000002,False,51,False,False
urn:mavedb:00000657-a-1#992,,,p.Phe51Pro,0.0514494607301651,0.114449225499695,F51P,F51P,0.9927,pathogenic,0.09449986904701288,0.007299999999999973,False,51,False,False
urn:mavedb:00000657-a-1#993,,,p.Phe51Gln,0.008109185946958,0.032144633512358,F51Q,F51Q,0.8346,pathogenic,0.156566549520247,0.1654,False,51,False,False
urn:mavedb:00000657-a-1#994,,,p.Phe51Arg,-0.0044967793399634,0.0164629192703534,F51R,F51R,0.8029,pathogenic,0.17577153041792598,0.19710000000000005,False,51,False,False
urn:mavedb:00000657-a-1#995,,,p.Phe51Ser,0.076079729622548,0.0554209826792421,F51S,F51S,0.603,pathogenic,0.3652128110752808,0.397,False,51,False,False
urn:mavedb:00000657-a-1#996,,,p.Phe51Thr,0.0435934477127125,0.032086942435031,F51T,F51T,0.6693,pathogenic,0.2892616849319728,0.3307,False,51,False,False
urn:mavedb:00000657-a-1#997,,,p.Phe51Val,0.795549061211047,0.0370355690961987,F51V,F51V,0.1585,benign,0.847261881752104,0.8415,False,51,False,False
urn:mavedb:00000657-a-1#998,,,p.Phe51Trp,0.496143915652478,0.0308391897794761,F51W,F51W,0.4669,ambiguous,0.5445387049905593,0.5331,False,51,False,False
urn:mavedb:00000657-a-1#999,,,p.Phe51Tyr,0.989565444329734,0.0193807724788093,F51Y,F51Y,0.1492,benign,0.8522319548832546,0.8508,False,51,False,False
urn:mavedb:00000657-a-1#1001,,,p.Ile52Ala,-0.024327603775811,0.0179649293359456,I52A,I52A,0.6536,pathogenic,0.3061687959241219,0.34640000000000004,False,52,False,False
urn:mavedb:00000657-a-1#1002,,,p.Ile52Cys,0.482994946817531,0.0311342439028522,I52C,I52C,0.7121,pathogenic,0.24693124986701376,0.28790000000000004,False,52,False,False
urn:mavedb:00000657-a-1#1003,,,p.Ile52Asp,0.0213736157360476,0.0301111677668835,I52D,I52D,0.8833,pathogenic,0.13202557365454753,0.11670000000000003,False,52,False,False
urn:mavedb:00000657-a-1#1004,,,p.Ile52Glu,-0.0074919417381149,0.0136928956185882,I52E,I52E,0.7566,pathogenic,0.20893408747834114,0.24339999999999995,False,52,False,False
urn:mavedb:00000657-a-1#1005,,,p.Ile52Phe,0.0194909848060161,0.0273036181364603,I52F,I52F,0.1773,benign,0.836540671531631,0.8227,False,52,False,False
urn:mavedb:00000657-a-1#1006,,,p.Ile52Gly,0.0678089187457651,0.121256685246742,I52G,I52G,0.8858,pathogenic,0.13091416364184255,0.11419999999999997,False,52,False,False
urn:mavedb:00000657-a-1#1007,,,p.Ile52His,-0.0096476110480338,0.0254759495211906,I52H,I52H,0.648,pathogenic,0.31237045663123575,0.352,False,52,False,False
urn:mavedb:00000657-a-1#1008,,,p.Ile52Lys,0.0650419251055926,0.0798898434985496,I52K,I52K,0.6342,pathogenic,0.3280228598321624,0.3658,False,52,False,False
urn:mavedb:00000657-a-1#1009,,,p.Ile52Leu,0.996134237891652,0.0198541345818713,I52L,I52L,0.0623,benign,0.8892759655509406,0.9377,False,52,False,False
urn:mavedb:00000657-a-1#1010,,,p.Ile52Met,0.85290225593641,0.0237474709559852,I52M,I52M,0.1121,benign,0.8700089134559198,0.8879,False,52,False,False
urn:mavedb:00000657-a-1#1011,,,p.Ile52Asn,0.0541663463189354,0.0900687901098617,I52N,I52N,0.5847,pathogenic,0.388054024027188,0.4153,False,52,False,False
urn:mavedb:00000657-a-1#1012,,,p.Ile52Pro,-0.0016464383306703,0.0303710553819378,I52P,I52P,0.7346,pathogenic,0.22695158782495417,0.26539999999999997,False,52,False,False
urn:mavedb:00000657-a-1#1013,,,p.Ile52Gln,-0.0029914472888447,0.0168524517911693,I52Q,I52Q,0.6551,pathogenic,0.30452270303363865,0.3449,False,52,False,False
urn:mavedb:00000657-a-1#1014,,,p.Ile52Arg,-0.0086323931252754,0.0316686587379023,I52R,I52R,0.5378,ambiguous,0.4491876217759946,0.46220000000000006,False,52,False,False
urn:mavedb:00000657-a-1#1015,,,p.Ile52Ser,0.0299140046526373,0.0617202300102242,I52S,I52S,0.6297,pathogenic,0.3332371611840287,0.37029999999999996,False,52,False,False
urn:mavedb:00000657-a-1#1016,,,p.Ile52Thr,0.0657551993353472,0.0444873477418123,I52T,I52T,0.4977,ambiguous,0.5031049507245884,0.5023,False,52,False,False
urn:mavedb:00000657-a-1#1017,,,p.Ile52Val,0.866439030876727,0.0290561904578266,I52V,I52V,0.0927,benign,0.8780961856633883,0.9073,False,52,False,False
urn:mavedb:00000657-a-1#1018,,,p.Ile52Trp,0.0090597562086055,0.0372792351642358,I52W,I52W,0.7241,pathogenic,0.23607914719856332,0.27590000000000003,False,52,False,False
urn:mavedb:00000657-a-1#1019,,,p.Ile52Tyr,-0.0154262216928942,0.0169596150609952,I52Y,I52Y,0.5545,ambiguous,0.4270736731163891,0.4455,False,52,False,False
urn:mavedb:00000657-a-1#1021,,,p.Thr53Ala,1.05494220690843,0.0428374243503886,T53A,T53A,0.0588,benign,0.8904543837422435,0.9412,False,53,False,False
urn:mavedb:00000657-a-1#1022,,,p.Thr53Cys,0.917404217173952,0.038988860642697,T53C,T53C,0.2856,benign,0.7551835056857327,0.7143999999999999,False,53,False,False
urn:mavedb:00000657-a-1#1023,,,p.Thr53Asp,0.0037668429627495,0.0808294535166412,T53D,T53D,0.9228,pathogenic,0.1159864641442827,0.07720000000000005,False,53,False,False
urn:mavedb:00000657-a-1#1024,,,p.Thr53Glu,0.0014941132849311,0.0243781942748458,T53E,T53E,0.9132,pathogenic,0.11959633615776286,0.08679999999999999,False,53,False,False
urn:mavedb:00000657-a-1#1025,,,p.Thr53Phe,0.0087001671135389,0.0300727767588592,T53F,T53F,0.8854,pathogenic,0.13109107273036275,0.11460000000000004,False,53,False,False
urn:mavedb:00000657-a-1#1026,,,p.Thr53Gly,0.967158450324601,0.0394315735162177,T53G,T53G,0.2001,benign,0.822268293619239,0.7999,False,53,False,False
urn:mavedb:00000657-a-1#1027,,,p.Thr53His,-0.0038647720771702,0.015313134886389,T53H,T53H,0.8807,pathogenic,0.1331959920152901,0.11929999999999996,False,53,False,False
urn:mavedb:00000657-a-1#1028,,,p.Thr53Ile,0.306003825216847,0.0526569811323799,T53I,T53I,0.651,pathogenic,0.3090371520691263,0.349,False,53,False,False
urn:mavedb:00000657-a-1#1029,,,p.Thr53Lys,-0.0078426327728066,0.0122110697381152,T53K,T53K,0.9186,pathogenic,0.11754407061152417,0.08140000000000003,False,53,False,False
urn:mavedb:00000657-a-1#1030,,,p.Thr53Leu,0.0447789251898235,0.0346807765075596,T53L,T53L,0.3878,ambiguous,0.6459973898056395,0.6122000000000001,False,53,False,False
urn:mavedb:00000657-a-1#1031,,,p.Thr53Met,0.308862289712382,0.0340820346017352,T53M,T53M,0.2768,benign,0.7631225158540473,0.7232000000000001,False,53,False,False
urn:mavedb:00000657-a-1#1032,,,p.Thr53Asn,0.203972799293779,0.0419268333171539,T53N,T53N,0.5391,ambiguous,0.4474557696664543,0.4609,False,53,False,False
urn:mavedb:00000657-a-1#1033,,,p.Thr53Pro,0.4758851431461,0.0559830218037133,T53P,T53P,0.4265,ambiguous,0.5976475564241807,0.5735,False,53,False,False
urn:mavedb:00000657-a-1#1034,,,p.Thr53Gln,0.0025635487979126,0.0367735330344482,T53Q,T53Q,0.84,pathogenic,0.15356005884099483,0.16000000000000003,False,53,False,False
urn:mavedb:00000657-a-1#1035,,,p.Thr53Arg,0.0191873227650655,0.0314912856526961,T53R,T53R,0.8715,pathogenic,0.1374587048753545,0.12849999999999995,False,53,False,False
urn:mavedb:00000657-a-1#1036,,,p.Thr53Ser,1.00113799524226,0.0327043594793284,T53S,T53S,0.1225,benign,0.865342916787373,0.8775,False,53,False,False
urn:mavedb:00000657-a-1#1037,,,p.Thr53Val,0.912264294807532,0.0349471166439483,T53V,T53V,0.3711,ambiguous,0.6658303304019046,0.6289,False,53,False,False
urn:mavedb:00000657-a-1#1038,,,p.Thr53Trp,-0.006006494174647,0.0232398926586814,T53W,T53W,0.9832,pathogenic,0.09697381169474217,0.016800000000000037,False,53,False,False
urn:mavedb:00000657-a-1#1039,,,p.Thr53Tyr,0.0052919717237495,0.0152069685935644,T53Y,T53Y,0.9193,pathogenic,0.1172821436592783,0.0807,False,53,False,False
urn:mavedb:00000657-a-1#1041,,,p.Asn54Ala,-0.0093734633758658,0.0431105456506351,N54A,N54A,0.9643,pathogenic,0.10228672227912092,0.035699999999999954,False,54,False,False
urn:mavedb:00000657-a-1#1042,,,p.Asn54Cys,-0.0089975074716181,0.0262402096370787,N54C,N54C,0.8308,pathogenic,0.15872727603334097,0.16920000000000002,False,54,False,False
urn:mavedb:00000657-a-1#1043,,,p.Asn54Asp,0.208330426364583,0.027600547455395,N54D,N54D,0.9639,pathogenic,0.10240504544210581,0.03610000000000002,False,54,False,False
urn:mavedb:00000657-a-1#1044,,,p.Asn54Glu,-0.0108049667069346,0.0177832743149307,N54E,N54E,0.9915,pathogenic,0.09480541607229787,0.008499999999999952,False,54,False,False
urn:mavedb:00000657-a-1#1045,,,p.Asn54Phe,-0.0073323528568441,0.0204811392947981,N54F,N54F,0.9924,pathogenic,0.09457607011311739,0.007600000000000051,False,54,False,False
urn:mavedb:00000657-a-1#1046,,,p.Asn54Gly,0.0056040816780818,0.0715279643834394,N54G,N54G,0.9798,pathogenic,0.09789040409256199,0.020199999999999996,False,54,False,False
urn:mavedb:00000657-a-1#1047,,,p.Asn54His,0.445093600205403,0.0327290396593295,N54H,N54H,0.8044,pathogenic,0.17480092495362196,0.1956,False,54,False,False
urn:mavedb:00000657-a-1#1048,,,p.Asn54Ile,-0.0074237505033244,0.0187767292461131,N54I,N54I,0.934,pathogenic,0.11199328735790541,0.06599999999999995,False,54,False,False
urn:mavedb:00000657-a-1#1049,,,p.Asn54Lys,0.0003148111968632,0.0201899366350089,N54K,N54K,0.9916,pathogenic,0.09477987807219979,0.008399999999999963,False,54,False,False
urn:mavedb:00000657-a-1#1050,,,p.Asn54Leu,-0.0099977967206772,0.0274965053297356,N54L,N54L,0.9222,pathogenic,0.11620693698150554,0.07779999999999998,False,54,False,False
urn:mavedb:00000657-a-1#1051,,,p.Asn54Met,-0.0142154684595716,0.0197490883116763,N54M,N54M,0.9657,pathogenic,0.10187456258077765,0.0343,False,54,False,False
urn:mavedb:00000657-a-1#1052,,,p.Asn54Pro,0.332425848221626,0.0438002528695678,N54P,N54P,0.9787,pathogenic,0.09819054579646351,0.021299999999999986,False,54,False,False
urn:mavedb:00000657-a-1#1053,,,p.Asn54Gln,-0.0105407256574413,0.0119073996015919,N54Q,N54Q,0.9852,pathogenic,0.09644240844338868,0.014800000000000035,False,54,False,False
urn:mavedb:00000657-a-1#1054,,,p.Asn54Arg,-0.0007034483197112,0.0234023658120652,N54R,N54R,0.9889,pathogenic,0.09547426748623082,0.011099999999999999,False,54,False,False
urn:mavedb:00000657-a-1#1055,,,p.Asn54Ser,0.413347845743195,0.0453434827855673,N54S,N54S,0.5013,ambiguous,0.4982450088977958,0.49870000000000003,False,54,False,False
urn:mavedb:00000657-a-1#1056,,,p.Asn54Thr,-0.0087413714392675,0.0205296114095555,N54T,N54T,0.916,pathogenic,0.11852516395710867,0.08399999999999996,False,54,False,False
urn:mavedb:00000657-a-1#1057,,,p.Asn54Val,0.0045038735873705,0.0465013406640854,N54V,N54V,0.9301,pathogenic,0.11335771020018466,0.06989999999999996,False,54,False,False
urn:mavedb:00000657-a-1#1058,,,p.Asn54Trp,0.0150914643405878,0.0441855760253886,N54W,N54W,0.9978,pathogenic,0.09322320218636365,0.0021999999999999797,False,54,False,False
urn:mavedb:00000657-a-1#1059,,,p.Asn54Tyr,-0.0127051167346681,0.0212275010185801,N54Y,N54Y,0.9185,pathogenic,0.11758156514512082,0.08150000000000002,False,54,False,False
urn:mavedb:00000657-a-1#1061,,,p.Pro55Ala,0.843985418821548,0.0242296343958795,P55A,P55A,0.2523,benign,0.783956505371369,0.7477,False,55,False,False
urn:mavedb:00000657-a-1#1062,,,p.Pro55Cys,0.775954614594593,0.035428573760999,P55C,P55C,0.6946,pathogenic,0.2635601625429147,0.3054,False,55,False,False
urn:mavedb:00000657-a-1#1063,,,p.Pro55Asp,0.962959816246307,0.0274443522380393,P55D,P55D,0.6971,pathogenic,0.26112652825392724,0.30289999999999995,True,55,False,True
urn:mavedb:00000657-a-1#1064,,,p.Pro55Glu,1.02707051334441,0.0235326558019894,P55E,P55E,0.3344,benign,0.7068185627383612,0.6656,False,55,False,False
urn:mavedb:00000657-a-1#1065,,,p.Pro55Phe,0.499050475773642,0.029226305451588,P55F,P55F,0.747,pathogenic,0.21661296903359345,0.253,False,55,False,False
urn:mavedb:00000657-a-1#1066,,,p.Pro55Gly,0.532146716929031,0.0445280571142638,P55G,P55G,0.6947,pathogenic,0.26346244714621225,0.3053,False,55,False,False
urn:mavedb:00000657-a-1#1067,,,p.Pro55His,0.794643638648548,0.031826515591461,P55H,P55H,0.391,ambiguous,0.6421201579181607,0.609,False,55,False,False
urn:mavedb:00000657-a-1#1068,,,p.Pro55Ile,0.616856278903829,0.0300053971374056,P55I,P55I,0.3652,ambiguous,0.6726683593787474,0.6348,False,55,False,False
urn:mavedb:00000657-a-1#1069,,,p.Pro55Lys,0.845740405508931,0.0387693978792936,P55K,P55K,0.3868,ambiguous,0.6472041100798787,0.6132,False,55,False,False
urn:mavedb:00000657-a-1#1070,,,p.Pro55Leu,0.687763073893108,0.0338505068822554,P55L,P55L,0.1991,benign,0.8229245027940575,0.8009,False,55,False,False
urn:mavedb:00000657-a-1#1071,,,p.Pro55Met,0.710859547417936,0.0384996700426204,P55M,P55M,0.4859,ambiguous,0.5190236550746253,0.5141,False,55,False,False
urn:mavedb:00000657-a-1#1072,,,p.Pro55Asn,0.788903794030446,0.0320136389492301,P55N,P55N,0.66,pathogenic,0.2991903753880491,0.33999999999999997,False,55,False,False
urn:mavedb:00000657-a-1#1073,,,p.Pro55Gln,0.86850292713287,0.044018286903245,P55Q,P55Q,0.2998,benign,0.7418643692332069,0.7001999999999999,False,55,False,False
urn:mavedb:00000657-a-1#1074,,,p.Pro55Arg,0.746780311373851,0.0407647603444177,P55R,P55R,0.2942,benign,0.747191823971211,0.7058,False,55,False,False
urn:mavedb:00000657-a-1#1075,,,p.Pro55Ser,0.857970941019808,0.0372519822730612,P55S,P55S,0.3563,ambiguous,0.6828080831308394,0.6436999999999999,False,55,False,False
urn:mavedb:00000657-a-1#1076,,,p.Pro55Thr,0.901838844872356,0.0392478685528538,P55T,P55T,0.186,benign,0.8312629095363001,0.8140000000000001,False,55,False,False
urn:mavedb:00000657-a-1#1077,,,p.Pro55Val,0.776576541071029,0.0307954246509903,P55V,P55V,0.2949,benign,0.7465312139443644,0.7051000000000001,False,55,False,False
urn:mavedb:00000657-a-1#1078,,,p.Pro55Trp,0.603974123526945,0.0179889610447656,P55W,P55W,0.7814,pathogenic,0.19038773443574863,0.21860000000000002,False,55,False,False
urn:mavedb:00000657-a-1#1079,,,p.Pro55Tyr,0.662068775643199,0.0274384442851031,P55Y,P55Y,0.6872,pathogenic,0.2708763790574878,0.31279999999999997,False,55,False,False
urn:mavedb:00000657-a-1#1081,,,p.Arg56Ala,1.00176544736371,0.0301663869417252,R56A,R56A,0.1185,benign,0.8671657253720203,0.8815,False,56,False,False
urn:mavedb:00000657-a-1#1082,,,p.Arg56Cys,0.901697107466265,0.0328023201232289,R56C,R56C,0.1435,benign,0.8551727469920531,0.8565,False,56,False,False
urn:mavedb:00000657-a-1#1083,,,p.Arg56Asp,0.978797264479042,0.0487285325074168,R56D,R56D,0.2929,benign,0.7484146318666618,0.7071000000000001,False,56,False,False
urn:mavedb:00000657-a-1#1084,,,p.Arg56Glu,1.01712430005178,0.0251789124152205,R56E,R56E,0.1192,benign,0.866849300120944,0.8808,False,56,False,False
urn:mavedb:00000657-a-1#1085,,,p.Arg56Phe,0.843891134634406,0.0398095235252953,R56F,R56F,0.3131,benign,0.7288234787515669,0.6869000000000001,False,56,False,False
urn:mavedb:00000657-a-1#1086,,,p.Arg56Gly,0.9528249263468,0.0334459429710499,R56G,R56G,0.1107,benign,0.8706190080614311,0.8893,False,56,False,False
urn:mavedb:00000657-a-1#1087,,,p.Arg56His,0.912764133695231,0.0359799151547468,R56H,R56H,0.1264,benign,0.863531151267303,0.8735999999999999,False,56,False,False
urn:mavedb:00000657-a-1#1088,,,p.Arg56Ile,0.828772638087387,0.0458547626211066,R56I,R56I,0.1115,benign,0.8702708990408216,0.8885,False,56,False,False
urn:mavedb:00000657-a-1#1089,,,p.Arg56Lys,1.02964368436068,0.0341078376737562,R56K,R56K,0.068,benign,0.8873104416806389,0.9319999999999999,False,56,False,False
urn:mavedb:00000657-a-1#1090,,,p.Arg56Leu,0.950143321172685,0.0351992130668806,R56L,R56L,0.1026,benign,0.8740669676865753,0.8974,False,56,False,False
urn:mavedb:00000657-a-1#1091,,,p.Arg56Met,0.969053200497073,0.0273998352176381,R56M,R56M,0.108,benign,0.871783760276366,0.892,False,56,False,False
urn:mavedb:00000657-a-1#1092,,,p.Arg56Asn,0.944312761980101,0.0233868631216461,R56N,R56N,0.2645,benign,0.773814822098247,0.7355,False,56,False,False
urn:mavedb:00000657-a-1#1093,,,p.Arg56Pro,0.83483410204308,0.0449305433385758,R56P,R56P,0.3616,ambiguous,0.6767955509692344,0.6384000000000001,False,56,False,False
urn:mavedb:00000657-a-1#1094,,,p.Arg56Gln,0.977472291210277,0.0283294482756512,R56Q,R56Q,0.0851,benign,0.8810558344516506,0.9149,False,56,False,False
urn:mavedb:00000657-a-1#1095,,,p.Arg56Ser,0.915444082100502,0.044809870468105,R56S,R56S,0.1975,benign,0.8239685759350045,0.8025,False,56,False,False
urn:mavedb:00000657-a-1#1096,,,p.Arg56Thr,0.851360286475847,0.0313244976444626,R56T,R56T,0.105,benign,0.8730597745086742,0.895,False,56,False,False
urn:mavedb:00000657-a-1#1097,,,p.Arg56Val,0.898874912347797,0.05695721273025,R56V,R56V,0.1361,benign,0.8588740005826164,0.8639,False,56,False,False
urn:mavedb:00000657-a-1#1098,,,p.Arg56Trp,0.84739460774603,0.0415021370814479,R56W,R56W,0.1507,benign,0.8514448613014277,0.8492999999999999,False,56,False,False
urn:mavedb:00000657-a-1#1099,,,p.Arg56Tyr,0.904985025539716,0.0230420283541446,R56Y,R56Y,0.2375,benign,0.7956457070221392,0.7625,False,56,False,False
urn:mavedb:00000657-a-1#1101,,,p.Ala57Cys,0.0869441753200849,0.0387793418338489,A57C,A57C,0.963,pathogenic,0.10267219160139199,0.03700000000000003,False,57,False,False
urn:mavedb:00000657-a-1#1102,,,p.Ala57Asp,-0.0006806508813645,0.0222815710050186,A57D,A57D,0.9892,pathogenic,0.09539661247063341,0.010800000000000032,False,57,False,False
urn:mavedb:00000657-a-1#1103,,,p.Ala57Glu,0.0022147839511395,0.0184872695742829,A57E,A57E,0.9831,pathogenic,0.09700053213432525,0.016900000000000026,False,57,False,False
urn:mavedb:00000657-a-1#1104,,,p.Ala57Phe,0.0537230129650368,0.083798399187183,A57F,A57F,0.9936,pathogenic,0.09427200612859638,0.006399999999999961,False,57,False,False
urn:mavedb:00000657-a-1#1105,,,p.Ala57Gly,0.324937390565613,0.036130649798293,A57G,A57G,0.4393,ambiguous,0.5810510786506669,0.5607,False,57,False,False
urn:mavedb:00000657-a-1#1106,,,p.Ala57His,0.0035245934372869,0.0169972885110659,A57H,A57H,0.9955,pathogenic,0.09379459077227872,0.0044999999999999485,False,57,False,False
urn:mavedb:00000657-a-1#1107,,,p.Ala57Ile,0.0005580251590732,0.0144143438549972,A57I,A57I,0.9912,pathogenic,0.09488211290418283,0.00880000000000003,False,57,False,False
urn:mavedb:00000657-a-1#1108,,,p.Ala57Lys,9.26118590419449e-05,0.021366450925176,A57K,A57K,0.9971,pathogenic,0.09339634958766477,0.0029000000000000137,False,57,False,False
urn:mavedb:00000657-a-1#1109,,,p.Ala57Leu,0.0640996465281108,0.0320272980218584,A57L,A57L,0.9547,pathogenic,0.10519673369339722,0.04530000000000001,False,57,False,False
urn:mavedb:00000657-a-1#1110,,,p.Ala57Met,0.294541898178902,0.0336809797563963,A57M,A57M,0.9772,pathogenic,0.09860269067670975,0.022800000000000042,False,57,False,False
urn:mavedb:00000657-a-1#1111,,,p.Ala57Asn,-0.0076709277543055,0.0177373875874999,A57N,A57N,0.9851,pathogenic,0.09646884306805598,0.014900000000000024,False,57,False,False
urn:mavedb:00000657-a-1#1112,,,p.Ala57Pro,-0.0033893947205264,0.0284727352456253,A57P,A57P,0.9759,pathogenic,0.09896256918969595,0.02410000000000001,False,57,False,False
urn:mavedb:00000657-a-1#1113,,,p.Ala57Gln,0.0723641457089958,0.0293994718569764,A57Q,A57Q,0.9857,pathogenic,0.09631044848617692,0.01429999999999998,False,57,False,False
urn:mavedb:00000657-a-1#1114,,,p.Ala57Arg,0.063845710133263,0.0336376609898194,A57R,A57R,0.9869,pathogenic,0.09599519001251852,0.0131,False,57,False,False
urn:mavedb:00000657-a-1#1115,,,p.Ala57Ser,0.81649053769986,0.0372072252500758,A57S,A57S,0.4056,ambiguous,0.6241388716961678,0.5944,False,57,False,False
urn:mavedb:00000657-a-1#1116,,,p.Ala57Thr,0.002005675905386,0.0202902379407787,A57T,A57T,0.9245,pathogenic,0.1153654580603045,0.07550000000000001,False,57,False,False
urn:mavedb:00000657-a-1#1117,,,p.Ala57Val,-0.0007926454282406,0.0281376350439681,A57V,A57V,0.944,pathogenic,0.10861821708340635,0.05600000000000005,False,57,False,False
urn:mavedb:00000657-a-1#1118,,,p.Ala57Trp,0.0322888370510137,0.020060334960918,A57W,A57W,0.9987,pathogenic,0.09300154788737622,0.0012999999999999678,False,57,False,False
urn:mavedb:00000657-a-1#1119,,,p.Ala57Tyr,0.0057911321488839,0.0235365964148771,A57Y,A57Y,0.9936,pathogenic,0.09427200612859638,0.006399999999999961,False,57,False,False
urn:mavedb:00000657-a-1#1121,,,p.Val58Ala,0.871593843473726,0.0290608020366173,V58A,V58A,0.2961,benign,0.7453951994633011,0.7039,False,58,False,False
urn:mavedb:00000657-a-1#1122,,,p.Val58Cys,0.810243231027162,0.038482938714329,V58C,V58C,0.8199,pathogenic,0.1651356401463434,0.18010000000000004,True,58,False,True
urn:mavedb:00000657-a-1#1123,,,p.Val58Asp,0.002653581945672,0.0157875654806221,V58D,V58D,0.8579,pathogenic,0.14411699001608358,0.1421,False,58,False,False
urn:mavedb:00000657-a-1#1124,,,p.Val58Glu,0.15581001511468,0.0373037887089462,V58E,V58E,0.5743,pathogenic,0.40132383481158973,0.42569999999999997,False,58,False,False
urn:mavedb:00000657-a-1#1125,,,p.Val58Phe,0.409130203645891,0.0251906094944987,V58F,V58F,0.3564,ambiguous,0.6826953485918701,0.6436,False,58,False,False
urn:mavedb:00000657-a-1#1126,,,p.Val58Gly,0.056175915671562,0.0274949591006474,V58G,V58G,0.4469,ambiguous,0.5710847212233254,0.5530999999999999,False,58,False,False
urn:mavedb:00000657-a-1#1127,,,p.Val58His,0.119108415410356,0.0356505858868365,V58H,V58H,0.8704,pathogenic,0.13798122677597155,0.12960000000000005,False,58,False,False
urn:mavedb:00000657-a-1#1128,,,p.Val58Ile,0.785857139929676,0.040811060559868,V58I,V58I,0.0896,benign,0.8793171707043272,0.9104,False,58,False,False
urn:mavedb:00000657-a-1#1129,,,p.Val58Lys,-0.0003287960149879,0.0209800702424819,V58K,V58K,0.7292,pathogenic,0.23160290652732907,0.27080000000000004,False,58,False,False
urn:mavedb:00000657-a-1#1130,,,p.Val58Leu,0.329592036339011,0.0281470439680125,V58L,V58L,0.3762,ambiguous,0.6598470519105307,0.6238,False,58,False,False
urn:mavedb:00000657-a-1#1131,,,p.Val58Met,0.617170261433265,0.0279052539410969,V58M,V58M,0.1936,benign,0.8264834315015737,0.8064,False,58,False,False
urn:mavedb:00000657-a-1#1132,,,p.Val58Asn,0.0198366604931006,0.0262492023343885,V58N,V58N,0.6103,pathogenic,0.3563018442553673,0.38970000000000005,False,58,False,False
urn:mavedb:00000657-a-1#1133,,,p.Val58Pro,0.0241218432603286,0.0253001910859044,V58P,V58P,0.9746,pathogenic,0.09932495804411609,0.025399999999999978,False,58,False,False
urn:mavedb:00000657-a-1#1134,,,p.Val58Gln,0.19910415277385,0.0492858223921914,V58Q,V58Q,0.5703,pathogenic,0.40647749564922697,0.42969999999999997,False,58,False,False
urn:mavedb:00000657-a-1#1135,,,p.Val58Arg,0.0181960817215416,0.020361163594552,V58R,V58R,0.6642,pathogenic,0.29467508845003615,0.3358,False,58,False,False
urn:mavedb:00000657-a-1#1136,,,p.Val58Ser,0.806763774076953,0.0298358500182099,V58S,V58S,0.3785,ambiguous,0.657127212005668,0.6214999999999999,False,58,False,False
urn:mavedb:00000657-a-1#1137,,,p.Val58Thr,0.921686105349234,0.027086453800895,V58T,V58T,0.2621,benign,0.7758462941312675,0.7379,False,58,False,False
urn:mavedb:00000657-a-1#1138,,,p.Val58Trp,0.252505950129741,0.0282759004768741,V58W,V58W,0.9292,pathogenic,0.11367649539900251,0.07079999999999997,False,58,False,False
urn:mavedb:00000657-a-1#1139,,,p.Val58Tyr,0.489027201130182,0.024958757131816,V58Y,V58Y,0.7942,pathogenic,0.18152624477527962,0.20579999999999998,False,58,False,False
urn:mavedb:00000657-a-1#1141,,,p.Lys59Ala,0.982101822516818,0.0427985568772876,K59A,K59A,0.1264,benign,0.863531151267303,0.8735999999999999,False,59,False,False
urn:mavedb:00000657-a-1#1142,,,p.Lys59Cys,0.708296234789837,0.059864392429438,K59C,K59C,0.4553,ambiguous,0.559985858902258,0.5447,False,59,False,False
urn:mavedb:00000657-a-1#1143,,,p.Lys59Asp,0.945186098332029,0.052402489125825,K59D,K59D,0.1983,benign,0.8234474399035607,0.8017,False,59,False,False
urn:mavedb:00000657-a-1#1144,,,p.Lys59Glu,0.985482389438011,0.0408492619454154,K59E,K59E,0.0493,benign,0.893546619715934,0.9507,False,59,False,False
urn:mavedb:00000657-a-1#1145,,,p.Lys59Phe,0.594071394552054,0.0385998966528492,K59F,K59F,0.571,pathogenic,0.40557370823311295,0.42900000000000005,False,59,False,False
urn:mavedb:00000657-a-1#1146,,,p.Lys59Gly,0.907008796996201,0.0439433013678013,K59G,K59G,0.1691,benign,0.841330066203962,0.8309,False,59,False,False
urn:mavedb:00000657-a-1#1147,,,p.Lys59His,0.868195372922672,0.0440079808752914,K59H,K59H,0.2228,benign,0.8066003876894933,0.7772,False,59,False,False
urn:mavedb:00000657-a-1#1148,,,p.Lys59Ile,0.653795452899262,0.0408906400385054,K59I,K59I,0.2301,benign,0.801241129268468,0.7699,False,59,False,False
urn:mavedb:00000657-a-1#1149,,,p.Lys59Leu,0.758562278552388,0.0465466787561748,K59L,K59L,0.1751,benign,0.8378430828636445,0.8249,False,59,False,False
urn:mavedb:00000657-a-1#1150,,,p.Lys59Met,0.819742533548556,0.0490749331115759,K59M,K59M,0.1314,benign,0.8611577321429004,0.8686,False,59,False,False
urn:mavedb:00000657-a-1#1151,,,p.Lys59Asn,0.939179440162585,0.0495748115374282,K59N,K59N,0.1593,benign,0.8468242230314864,0.8407,False,59,False,False
urn:mavedb:00000657-a-1#1152,,,p.Lys59Pro,0.046254267046071,0.0261507308945398,K59P,K59P,0.7071,pathogenic,0.25158536813333815,0.29290000000000005,False,59,False,False
urn:mavedb:00000657-a-1#1153,,,p.Lys59Gln,0.973071183591683,0.0296470647097571,K59Q,K59Q,0.0691,benign,0.8869244154343315,0.9309000000000001,False,59,False,False
urn:mavedb:00000657-a-1#1154,,,p.Lys59Arg,0.970358445811132,0.0129311122057321,K59R,K59R,0.0779,benign,0.8837562516777882,0.9221,False,59,False,False
urn:mavedb:00000657-a-1#1155,,,p.Lys59Ser,0.974656665355998,0.0514262725432393,K59S,K59S,0.1455,benign,0.8541498844303752,0.8545,False,59,False,False
urn:mavedb:00000657-a-1#1156,,,p.Lys59Thr,0.934641649616794,0.0165835522878659,K59T,K59T,0.1008,benign,0.8748144917760514,0.8992,False,59,False,False
urn:mavedb:00000657-a-1#1157,,,p.Lys59Val,0.840553176392713,0.0584108965360459,K59V,K59V,0.1909,benign,0.8281996624316176,0.8091,False,59,False,False
urn:mavedb:00000657-a-1#1158,,,p.Lys59Trp,0.559500179416028,0.0529678994716821,K59W,K59W,0.5772,pathogenic,0.3976042729973253,0.42279999999999995,False,59,False,False
urn:mavedb:00000657-a-1#1159,,,p.Lys59Tyr,0.626421713564391,0.0211861462685187,K59Y,K59Y,0.405,ambiguous,0.6248868576339577,0.595,False,59,False,False
urn:mavedb:00000657-a-1#1161,,,p.Lys60Ala,1.04288433561121,0.0513688366760161,K60A,K60A,0.1385,benign,0.8576878590460422,0.8614999999999999,False,60,False,False
urn:mavedb:00000657-a-1#1162,,,p.Lys60Cys,0.877265165902935,0.0215625591926646,K60C,K60C,0.3716,ambiguous,0.6652466738747352,0.6284000000000001,False,60,False,False
urn:mavedb:00000657-a-1#1163,,,p.Lys60Asp,0.949693598304684,0.0344225348904401,K60D,K60D,0.2698,benign,0.769265290725389,0.7302,False,60,False,False
urn:mavedb:00000657-a-1#1164,,,p.Lys60Glu,0.985891686462373,0.0363563163699331,K60E,K60E,0.0773,benign,0.8839768373921608,0.9227,False,60,False,False
urn:mavedb:00000657-a-1#1165,,,p.Lys60Phe,0.793438533150283,0.0312582148685419,K60F,K60F,0.4721,ambiguous,0.537577289343321,0.5279,False,60,False,False
urn:mavedb:00000657-a-1#1166,,,p.Lys60Gly,0.942183829506274,0.0413060350774691,K60G,K60G,0.253,benign,0.7833870309664065,0.747,False,60,False,False
urn:mavedb:00000657-a-1#1167,,,p.Lys60His,0.949611141953104,0.0323900412722185,K60H,K60H,0.1701,benign,0.840755468505249,0.8299,False,60,False,False
urn:mavedb:00000657-a-1#1168,,,p.Lys60Ile,0.605808249230006,0.0402807217940442,K60I,K60I,0.1528,benign,0.8503335971980842,0.8472,False,60,False,False
urn:mavedb:00000657-a-1#1169,,,p.Lys60Leu,0.798504451316294,0.0205563851733915,K60L,K60L,0.1448,benign,0.8545089870907251,0.8552,False,60,False,False
urn:mavedb:00000657-a-1#1170,,,p.Lys60Met,0.918917857385588,0.0327230882387898,K60M,K60M,0.1009,benign,0.8747731387129708,0.8991,False,60,False,False
urn:mavedb:00000657-a-1#1171,,,p.Lys60Asn,0.941371867245813,0.0335331277362304,K60N,K60N,0.1301,benign,0.8617803443242796,0.8699,False,60,False,False
urn:mavedb:00000657-a-1#1172,,,p.Lys60Pro,0.118119477560041,0.0365377153059598,K60P,K60P,0.8162,pathogenic,0.16738313669490756,0.18379999999999996,False,60,False,False
urn:mavedb:00000657-a-1#1173,,,p.Lys60Gln,0.972209644329678,0.0147901785611368,K60Q,K60Q,0.0757,benign,0.884561762931806,0.9243,False,60,False,False
urn:mavedb:00000657-a-1#1174,,,p.Lys60Arg,0.94236602491061,0.0263434705239962,K60R,K60R,0.0748,benign,0.8848886813184728,0.9252,False,60,False,False
urn:mavedb:00000657-a-1#1175,,,p.Lys60Ser,0.964767340646832,0.0206440340135013,K60S,K60S,0.1721,benign,0.839598415954275,0.8279,False,60,False,False
urn:mavedb:00000657-a-1#1176,,,p.Lys60Thr,0.913065892299305,0.0332854967548944,K60T,K60T,0.1002,benign,0.8750621765521966,0.8998,False,60,False,False
urn:mavedb:00000657-a-1#1177,,,p.Lys60Val,0.747576359773738,0.038325620995204,K60V,K60V,0.1527,benign,0.8503867623599105,0.8472999999999999,False,60,False,False
urn:mavedb:00000657-a-1#1178,,,p.Lys60Trp,0.617611813286088,0.0353379503169132,K60W,K60W,0.6085,pathogenic,0.35848780250635187,0.39149999999999996,False,60,False,False
urn:mavedb:00000657-a-1#1179,,,p.Lys60Tyr,0.8606547901613,0.031981146272641,K60Y,K60Y,0.3122,benign,0.7297230803591522,0.6878,False,60,False,False
urn:mavedb:00000657-a-1#1181,,,p.Cys61Ala,0.967264143467811,0.0417351861804017,C61A,C61A,0.5643,pathogenic,0.4142558954646132,0.4357,False,61,False,False
urn:mavedb:00000657-a-1#1182,,,p.Cys61Asp,0.556277394908317,0.0425007907313765,C61D,C61D,0.8391,pathogenic,0.1540559646484353,0.16090000000000004,False,61,False,False
urn:mavedb:00000657-a-1#1183,,,p.Cys61Glu,0.633550680477603,0.0437068024608096,C61E,C61E,0.8896,pathogenic,0.129250805371225,0.11040000000000005,False,61,False,False
urn:mavedb:00000657-a-1#1184,,,p.Cys61Phe,0.800570271417495,0.0293271203523224,C61F,C61F,0.5307,ambiguous,0.4586717882518158,0.46930000000000005,False,61,False,False
urn:mavedb:00000657-a-1#1185,,,p.Cys61Gly,1.0386981429847,0.0424187453553242,C61G,C61G,0.1451,benign,0.8543552313605189,0.8549,False,61,False,False
urn:mavedb:00000657-a-1#1186,,,p.Cys61His,0.930731889773373,0.0253093685327543,C61H,C61H,0.6851,pathogenic,0.2729831422425834,0.31489999999999996,True,61,False,True
urn:mavedb:00000657-a-1#1187,,,p.Cys61Ile,0.843016746985977,0.0329586326989578,C61I,C61I,0.7491,pathogenic,0.21490906660056414,0.2509,True,61,False,True
urn:mavedb:00000657-a-1#1188,,,p.Cys61Lys,0.989253817659324,0.0353548905146158,C61K,C61K,0.7998,pathogenic,0.17779748260846795,0.20020000000000004,True,61,False,True
urn:mavedb:00000657-a-1#1189,,,p.Cys61Leu,0.935615418018113,0.0289371359903577,C61L,C61L,0.7193,pathogenic,0.24036612145849234,0.28069999999999995,True,61,False,True
urn:mavedb:00000657-a-1#1190,,,p.Cys61Met,0.976507011779417,0.0399563308811053,C61M,C61M,0.8082,pathogenic,0.17237016818246442,0.19179999999999997,True,61,False,True
urn:mavedb:00000657-a-1#1191,,,p.Cys61Asn,0.983641491287702,0.0332919866261587,C61N,C61N,0.441,ambiguous,0.5788285081239211,0.5589999999999999,False,61,False,False
urn:mavedb:00000657-a-1#1192,,,p.Cys61Pro,0.0241731222614963,0.0250770179705616,C61P,C61P,0.9726,pathogenic,0.0998874162777,0.02739999999999998,False,61,False,False
urn:mavedb:00000657-a-1#1193,,,p.Cys61Gln,0.978962143277849,0.040676584466941,C61Q,C61Q,0.6841,pathogenic,0.2739910869970504,0.31589999999999996,True,61,False,True
urn:mavedb:00000657-a-1#1194,,,p.Cys61Arg,0.99564564986296,0.0188840492954583,C61R,C61R,0.412,ambiguous,0.6161148707402504,0.5880000000000001,False,61,False,False
urn:mavedb:00000657-a-1#1195,,,p.Cys61Ser,0.94411742195704,0.032565958102052,C61S,C61S,0.4096,ambiguous,0.6191334878660163,0.5904,False,61,False,False
urn:mavedb:00000657-a-1#1196,,,p.Cys61Thr,0.889757649671837,0.0345086620675207,C61T,C61T,0.674,pathogenic,0.2843410360288801,0.32599999999999996,True,61,False,True
urn:mavedb:00000657-a-1#1197,,,p.Cys61Val,0.948147006819094,0.0231783651475783,C61V,C61V,0.5749,pathogenic,0.4005530878037379,0.42510000000000003,False,61,False,False
urn:mavedb:00000657-a-1#1198,,,p.Cys61Trp,0.48303660497517,0.0378125686886956,C61W,C61W,0.8191,pathogenic,0.16561845275125642,0.18089999999999995,False,61,False,False
urn:mavedb:00000657-a-1#1199,,,p.Cys61Tyr,0.755089659018038,0.027885597608586,C61Y,C61Y,0.556,ambiguous,0.4251033058243699,0.44399999999999995,False,61,False,False
urn:mavedb:00000657-a-1#1201,,,p.Thr62Ala,1.01427451221043,0.0567974236264667,T62A,T62A,0.0708,benign,0.8863235046009974,0.9292,False,62,False,False
urn:mavedb:00000657-a-1#1202,,,p.Thr62Cys,0.956781581542205,0.0317885644157153,T62C,T62C,0.1686,benign,0.8416163861768552,0.8314,False,62,False,False
urn:mavedb:00000657-a-1#1203,,,p.Thr62Asp,0.922736889438394,0.0320805254421365,T62D,T62D,0.4454,ambiguous,0.5730577749895472,0.5546,False,62,False,False
urn:mavedb:00000657-a-1#1204,,,p.Thr62Glu,0.95861035637364,0.0308810308646358,T62E,T62E,0.2394,benign,0.7941823905070652,0.7605999999999999,False,62,False,False
urn:mavedb:00000657-a-1#1205,,,p.Thr62Phe,0.683647937368261,0.043127532389859,T62F,T62F,0.2604,benign,0.7772744502807465,0.7396,False,62,False,False
urn:mavedb:00000657-a-1#1206,,,p.Thr62Gly,0.877076720348305,0.0354670445913103,T62G,T62G,0.2214,benign,0.8076101235097509,0.7786,False,62,False,False
urn:mavedb:00000657-a-1#1207,,,p.Thr62His,0.903517949407509,0.0465751078177509,T62H,T62H,0.2202,benign,0.8084710093484484,0.7798,False,62,False,False
urn:mavedb:00000657-a-1#1208,,,p.Thr62Ile,0.912739937278168,0.0373855546099263,T62I,T62I,0.1063,benign,0.8725091682482572,0.8936999999999999,False,62,False,False
urn:mavedb:00000657-a-1#1209,,,p.Thr62Lys,1.00237346246404,0.0237436623693432,T62K,T62K,0.136,benign,0.8589231284618007,0.864,False,62,False,False
urn:mavedb:00000657-a-1#1210,,,p.Thr62Leu,0.937781752575528,0.0555849278057477,T62L,T62L,0.0876,benign,0.8800948082093744,0.9124,False,62,False,False
urn:mavedb:00000657-a-1#1211,,,p.Thr62Met,0.972158790410579,0.0532496340390778,T62M,T62M,0.0892,benign,0.8794733286310406,0.9108,False,62,False,False
urn:mavedb:00000657-a-1#1212,,,p.Thr62Asn,0.917498211495324,0.0322386213232207,T62N,T62N,0.1381,benign,0.8578864945399947,0.8619,False,62,False,False
urn:mavedb:00000657-a-1#1213,,,p.Thr62Pro,0.0019298261567508,0.0179719319291535,T62P,T62P,0.6121,pathogenic,0.3541234117899949,0.3879,False,62,False,False
urn:mavedb:00000657-a-1#1214,,,p.Thr62Gln,1.00289476460782,0.0246762938382646,T62Q,T62Q,0.1529,benign,0.8502804071964005,0.8471,False,62,False,False
urn:mavedb:00000657-a-1#1215,,,p.Thr62Arg,0.972858634832568,0.0254736678048333,T62R,T62R,0.0995,benign,0.8753502043605842,0.9005,False,62,False,False
urn:mavedb:00000657-a-1#1216,,,p.Thr62Ser,0.98223977448148,0.088588990296773,T62S,T62S,0.107,benign,0.8722112117678252,0.893,False,62,False,False
urn:mavedb:00000657-a-1#1217,,,p.Thr62Val,0.997764954149309,0.0230921366161343,T62V,T62V,0.0875,benign,0.8801334836991603,0.9125,False,62,False,False
urn:mavedb:00000657-a-1#1218,,,p.Thr62Trp,0.79627557455533,0.0286274411989496,T62W,T62W,0.6062,pathogenic,0.36129178146684954,0.39380000000000004,False,62,False,False
urn:mavedb:00000657-a-1#1219,,,p.Thr62Tyr,0.73590219311269,0.0576855779410506,T62Y,T62Y,0.2985,benign,0.7431097664695953,0.7015,False,62,False,False
urn:mavedb:00000657-a-1#1221,,,p.Arg63Ala,0.903100959588145,0.0336684168622365,R63A,R63A,0.9934,pathogenic,0.09432254652338765,0.00660000000000005,True,63,True,True
urn:mavedb:00000657-a-1#1222,,,p.Arg63Cys,0.37757737828202,0.0320757339464315,R63C,R63C,0.9202,pathogenic,0.11694675238103719,0.07979999999999998,False,63,True,False
urn:mavedb:00000657-a-1#1223,,,p.Arg63Asp,0.23240507687401,0.0383705586003279,R63D,R63D,0.9968,pathogenic,0.093470757019184,0.0031999999999999806,False,63,True,False
urn:mavedb:00000657-a-1#1224,,,p.Arg63Glu,0.335596435227922,0.0369222264943862,R63E,R63E,0.9825,pathogenic,0.09716115660275197,0.01749999999999996,False,63,True,False
urn:mavedb:00000657-a-1#1225,,,p.Arg63Phe,0.0014064151632861,0.0234268564276326,R63F,R63F,0.9979,pathogenic,0.09319852045590064,0.0020999999999999908,False,63,True,False
urn:mavedb:00000657-a-1#1226,,,p.Arg63Gly,0.764355355223397,0.0375102382938195,R63G,R63G,0.9812,pathogenic,0.09751095691743902,0.01880000000000004,False,63,True,False
urn:mavedb:00000657-a-1#1227,,,p.Arg63His,0.51979447753899,0.0436134996924644,R63H,R63H,0.9181,pathogenic,0.11773173458836372,0.08189999999999997,False,63,True,False
urn:mavedb:00000657-a-1#1228,,,p.Arg63Ile,-0.0042184139313438,0.0151269841340011,R63I,R63I,0.9919,pathogenic,0.09470334681130735,0.008099999999999996,False,63,True,False
urn:mavedb:00000657-a-1#1229,,,p.Arg63Lys,1.00397085690116,0.0331813262641127,R63K,R63K,0.9374,pathogenic,0.11082604228520396,0.06259999999999999,True,63,True,True
urn:mavedb:00000657-a-1#1230,,,p.Arg63Leu,-0.0042262238464253,0.0162481171083272,R63L,R63L,0.9826,pathogenic,0.09713434989191222,0.01739999999999997,False,63,True,False
urn:mavedb:00000657-a-1#1231,,,p.Arg63Met,0.590354873387041,0.023640308956324,R63M,R63M,0.9976,pathogenic,0.09327260582445412,0.0023999999999999577,False,63,True,False
urn:mavedb:00000657-a-1#1232,,,p.Arg63Asn,0.665639100561577,0.04200275355743,R63N,R63N,0.9966,pathogenic,0.09352042923697074,0.0033999999999999586,False,63,True,False
urn:mavedb:00000657-a-1#1233,,,p.Arg63Pro,0.894311731321339,0.032202661336885,R63P,R63P,0.9823,pathogenic,0.09721481323794952,0.01770000000000005,True,63,True,True
urn:mavedb:00000657-a-1#1234,,,p.Arg63Gln,0.849531669985187,0.0446722601012498,R63Q,R63Q,0.9409,pathogenic,0.10964578520195054,0.05910000000000004,True,63,True,True
urn:mavedb:00000657-a-1#1235,,,p.Arg63Ser,0.897312903252443,0.0251061388043719,R63S,R63S,0.9922,pathogenic,0.09462693952134703,0.007800000000000029,True,63,True,True
urn:mavedb:00000657-a-1#1236,,,p.Arg63Thr,0.85475278470993,0.0506466877497018,R63T,R63T,0.9953,pathogenic,0.09384461407994565,0.0047000000000000375,True,63,True,True
urn:mavedb:00000657-a-1#1237,,,p.Arg63Val,0.0123794575818797,0.0253504700398976,R63V,R63V,0.993,pathogenic,0.09442379147888727,0.007000000000000006,False,63,True,False
urn:mavedb:00000657-a-1#1238,,,p.Arg63Trp,-0.002579796108243,0.0247356593675043,R63W,R63W,0.919,pathogenic,0.11739428354975343,0.08099999999999996,False,63,True,False
urn:mavedb:00000657-a-1#1239,,,p.Arg63Tyr,0.468064748584943,0.0416326276780527,R63Y,R63Y,0.9865,pathogenic,0.09610004990193693,0.013499999999999956,False,63,True,False
urn:mavedb:00000657-a-1#1241,,,p.Tyr64Ala,0.708948745498171,0.0492932922483619,Y64A,Y64A,0.9887,pathogenic,0.09552610734973398,0.011299999999999977,False,64,False,False
urn:mavedb:00000657-a-1#1242,,,p.Tyr64Cys,0.689295769413823,0.0358156195698134,Y64C,Y64C,0.844,pathogenic,0.15138084608669955,0.15600000000000003,False,64,False,False
urn:mavedb:00000657-a-1#1243,,,p.Tyr64Asp,0.21442933807129,0.0472993477242363,Y64D,Y64D,0.9565,pathogenic,0.10463981302488,0.04349999999999998,False,64,False,False
urn:mavedb:00000657-a-1#1244,,,p.Tyr64Glu,0.569947851449963,0.0491247467456004,Y64E,Y64E,0.9948,pathogenic,0.09396990962580373,0.005199999999999982,False,64,False,False
urn:mavedb:00000657-a-1#1245,,,p.Tyr64Phe,1.01777269982445,0.0418605354527213,Y64F,Y64F,0.3047,benign,0.7371231980573175,0.6953,False,64,False,False
urn:mavedb:00000657-a-1#1246,,,p.Tyr64Gly,0.200993902576615,0.0341953589055712,Y64G,Y64G,0.9293,pathogenic,0.1136410017748863,0.07069999999999999,False,64,False,False
urn:mavedb:00000657-a-1#1247,,,p.Tyr64His,0.76053186751698,0.0321598724089092,Y64H,Y64H,0.9294,pathogenic,0.11360552643043592,0.0706,False,64,False,False
urn:mavedb:00000657-a-1#1248,,,p.Tyr64Ile,0.213975825056011,0.0414822206764807,Y64I,Y64I,0.987,pathogenic,0.09596901032211319,0.013000000000000012,False,64,False,False
urn:mavedb:00000657-a-1#1249,,,p.Tyr64Lys,0.686228921555403,0.0322170442084501,Y64K,Y64K,0.9943,pathogenic,0.09409554478946931,0.005700000000000038,False,64,False,False
urn:mavedb:00000657-a-1#1250,,,p.Tyr64Leu,0.75288459409844,0.058608131663774,Y64L,Y64L,0.971,pathogenic,0.1003417241983593,0.029000000000000026,False,64,False,False
urn:mavedb:00000657-a-1#1251,,,p.Tyr64Met,0.964421850432706,0.0272830694653039,Y64M,Y64M,0.984,pathogenic,0.09676056438529768,0.016000000000000014,True,64,False,True
urn:mavedb:00000657-a-1#1252,,,p.Tyr64Asn,0.622219327112996,0.0340388635059952,Y64N,Y64N,0.8872,pathogenic,0.13029771810841578,0.11280000000000001,False,64,False,False
urn:mavedb:00000657-a-1#1253,,,p.Tyr64Pro,0.0272004278464609,0.0271424825940776,Y64P,Y64P,0.9969,pathogenic,0.09344594109579324,0.0030999999999999917,False,64,False,False
urn:mavedb:00000657-a-1#1254,,,p.Tyr64Gln,0.966222500789605,0.0349398669276052,Y64Q,Y64Q,0.9936,pathogenic,0.09427200612859638,0.006399999999999961,True,64,False,True
urn:mavedb:00000657-a-1#1255,,,p.Tyr64Arg,0.265802000935218,0.0348027967860262,Y64R,Y64R,0.9835,pathogenic,0.09689373647810087,0.01649999999999996,False,64,False,False
urn:mavedb:00000657-a-1#1256,,,p.Tyr64Ser,0.834173879749279,0.0588655703103852,Y64S,Y64S,0.9416,pathogenic,0.10941230080011688,0.05840000000000001,True,64,False,True
urn:mavedb:00000657-a-1#1257,,,p.Tyr64Thr,0.260773845708734,0.0417793849025055,Y64T,Y64T,0.9897,pathogenic,0.09526746641459957,0.010299999999999976,False,64,False,False
urn:mavedb:00000657-a-1#1258,,,p.Tyr64Val,0.305453434565089,0.0258038731880065,Y64V,Y64V,0.9688,pathogenic,0.10097275510566263,0.031200000000000006,False,64,False,False
urn:mavedb:00000657-a-1#1259,,,p.Tyr64Trp,0.953519729073887,0.0145178717692608,Y64W,Y64W,0.8795,pathogenic,0.13374122817615558,0.12050000000000005,True,64,False,True
urn:mavedb:00000657-a-1#1261,,,p.Ile65Ala,0.499841093121527,0.0288965211378624,I65A,I65A,0.2682,benign,0.7706479350941381,0.7318,False,65,False,False
urn:mavedb:00000657-a-1#1262,,,p.Ile65Cys,0.798000014287999,0.0454933816142674,I65C,I65C,0.6404,pathogenic,0.3209266014337173,0.35960000000000003,False,65,False,False
urn:mavedb:00000657-a-1#1263,,,p.Ile65Asp,0.416388037053544,0.041005801311669,I65D,I65D,0.7406,pathogenic,0.22188963821153496,0.25939999999999996,False,65,False,False
urn:mavedb:00000657-a-1#1264,,,p.Ile65Glu,0.722282159692958,0.0327025049074416,I65E,I65E,0.5085,ambiguous,0.48852748655949785,0.49150000000000005,False,65,False,False
urn:mavedb:00000657-a-1#1265,,,p.Ile65Phe,0.445363432357834,0.0463021292585727,I65F,I65F,0.2483,benign,0.7871817604511685,0.7517,False,65,False,False
urn:mavedb:00000657-a-1#1266,,,p.Ile65Gly,0.0289864602089828,0.0289468076371255,I65G,I65G,0.6363,pathogenic,0.3256077724555322,0.3637,False,65,False,False
urn:mavedb:00000657-a-1#1267,,,p.Ile65His,0.369296646281787,0.0353688779721182,I65H,I65H,0.63,pathogenic,0.3328878974555715,0.37,False,65,False,False
urn:mavedb:00000657-a-1#1268,,,p.Ile65Lys,0.0346679199474378,0.0236553406744447,I65K,I65K,0.3941,ambiguous,0.6383415968650386,0.6059,False,65,False,False
urn:mavedb:00000657-a-1#1269,,,p.Ile65Leu,0.869088669026156,0.0315631744397119,I65L,I65L,0.1094,benign,0.8711817577461181,0.8906000000000001,False,65,False,False
urn:mavedb:00000657-a-1#1270,,,p.Ile65Met,0.854581990969959,0.0256154595856605,I65M,I65M,0.0966,benign,0.8765327626363122,0.9034,False,65,False,False
urn:mavedb:00000657-a-1#1271,,,p.Ile65Asn,0.47814766931552,0.0418809667978306,I65N,I65N,0.3953,ambiguous,0.6368730851383309,0.6047,False,65,False,False
urn:mavedb:00000657-a-1#1272,,,p.Ile65Pro,0.0448114201685267,0.0335865193886045,I65P,I65P,0.863,pathogenic,0.1415692093898343,0.137,False,65,False,False
urn:mavedb:00000657-a-1#1273,,,p.Ile65Gln,0.529399068390005,0.0272870631608203,I65Q,I65Q,0.4719,ambiguous,0.5378453931414308,0.5281,False,65,False,False
urn:mavedb:00000657-a-1#1274,,,p.Ile65Arg,0.0464182239400431,0.0249437752768832,I65R,I65R,0.3032,benign,0.7385824538627512,0.6968,False,65,False,False
urn:mavedb:00000657-a-1#1275,,,p.Ile65Ser,0.345532418430647,0.0304493065689837,I65S,I65S,0.2995,benign,0.7421522331612197,0.7005,False,65,False,False
urn:mavedb:00000657-a-1#1276,,,p.Ile65Thr,0.799981929361311,0.0379015136999966,I65T,I65T,0.0957,benign,0.8768962789700802,0.9043,False,65,False,False
urn:mavedb:00000657-a-1#1277,,,p.Ile65Val,0.993669158643532,0.0305159730400367,I65V,I65V,0.0594,benign,0.8902538893262169,0.9406,False,65,False,False
urn:mavedb:00000657-a-1#1278,,,p.Ile65Trp,0.311066058794525,0.0255732053481104,I65W,I65W,0.7935,pathogenic,0.1819986269875385,0.20650000000000002,False,65,False,False
urn:mavedb:00000657-a-1#1279,,,p.Ile65Tyr,0.362044483513758,0.034277477122512,I65Y,I65Y,0.658,pathogenic,0.30135849435493806,0.34199999999999997,False,65,False,False
urn:mavedb:00000657-a-1#1281,,,p.Asp66Ala,0.588464189873642,0.0314250818554328,D66A,D66A,0.5084,ambiguous,0.48866239984160365,0.49160000000000004,False,66,False,False
urn:mavedb:00000657-a-1#1282,,,p.Asp66Cys,0.312773571061217,0.0288549226330772,D66C,D66C,0.8173,pathogenic,0.1667110942108186,0.18269999999999997,False,66,False,False
urn:mavedb:00000657-a-1#1283,,,p.Asp66Glu,0.833678721602384,0.0408565450558776,D66E,D66E,0.3812,ambiguous,0.6539176057964416,0.6188,False,66,False,False
urn:mavedb:00000657-a-1#1284,,,p.Asp66Phe,0.0612353831161931,0.0287298765598322,D66F,D66F,0.9113,pathogenic,0.12033191788467543,0.0887,False,66,False,False
urn:mavedb:00000657-a-1#1285,,,p.Asp66Gly,0.537458363091598,0.0342742209188575,D66G,D66G,0.2863,benign,0.7545416291472117,0.7137,False,66,False,False
urn:mavedb:00000657-a-1#1286,,,p.Asp66His,0.819472513572288,0.032611642140644,D66H,D66H,0.5306,ambiguous,0.45880565325534306,0.46940000000000004,False,66,False,False
urn:mavedb:00000657-a-1#1287,,,p.Asp66Ile,-0.0026977997097578,0.0225319458300756,D66I,D66I,0.9093,pathogenic,0.12111389569346816,0.0907,False,66,False,False
urn:mavedb:00000657-a-1#1288,,,p.Asp66Lys,0.271681113553682,0.0323086349579868,D66K,D66K,0.8328,pathogenic,0.1575853800039545,0.16720000000000002,False,66,False,False
urn:mavedb:00000657-a-1#1289,,,p.Asp66Leu,-0.0120086488967972,0.0324384085847819,D66L,D66L,0.8647,pathogenic,0.1407336340801244,0.13529999999999998,False,66,False,False
urn:mavedb:00000657-a-1#1290,,,p.Asp66Met,0.0099673501580506,0.0184623813016511,D66M,D66M,0.948,pathogenic,0.10731665575487853,0.052000000000000046,False,66,False,False
urn:mavedb:00000657-a-1#1291,,,p.Asp66Asn,0.786550354618258,0.0415490760174971,D66N,D66N,0.209,benign,0.8163028170286472,0.791,False,66,False,False
urn:mavedb:00000657-a-1#1292,,,p.Asp66Pro,-0.0064842613780054,0.0177539598422398,D66P,D66P,0.9776,pathogenic,0.09849246151793897,0.022399999999999975,False,66,False,False
urn:mavedb:00000657-a-1#1293,,,p.Asp66Gln,0.605600086617946,0.0523089887791218,D66Q,D66Q,0.725,pathogenic,0.2352833346208526,0.275,False,66,False,False
urn:mavedb:00000657-a-1#1294,,,p.Asp66Arg,0.0018218795551135,0.0136833922094937,D66R,D66R,0.8127,pathogenic,0.16954336347618248,0.18730000000000002,False,66,False,False
urn:mavedb:00000657-a-1#1295,,,p.Asp66Ser,0.66572261749769,0.0419948815895564,D66S,D66S,0.2633,benign,0.7748327913656273,0.7367,False,66,False,False
urn:mavedb:00000657-a-1#1296,,,p.Asp66Thr,0.469696548241578,0.0372665241753754,D66T,D66T,0.6341,pathogenic,0.3281381556230369,0.3659,False,66,False,False
urn:mavedb:00000657-a-1#1297,,,p.Asp66Val,-0.0060037210229832,0.0166465764143237,D66V,D66V,0.7921,pathogenic,0.18294760583872105,0.20789999999999997,False,66,False,False
urn:mavedb:00000657-a-1#1298,,,p.Asp66Trp,0.415430772891343,0.0336545919195545,D66W,D66W,0.9811,pathogenic,0.09753796587730136,0.018900000000000028,False,66,False,False
urn:mavedb:00000657-a-1#1299,,,p.Asp66Tyr,0.169979870888178,0.0424709552956483,D66Y,D66Y,0.5869,pathogenic,0.38527243266172856,0.4131,False,66,False,False
urn:mavedb:00000657-a-1#1301,,,p.Cys67Ala,0.971650280187534,0.0303377004364147,C67A,C67A,0.2557,benign,0.7811763504742771,0.7443,False,67,False,False
urn:mavedb:00000657-a-1#1302,,,p.Cys67Asp,0.731818068911564,0.0400094698606658,C67D,C67D,0.3735,ambiguous,0.6630229252425953,0.6265000000000001,False,67,False,False
urn:mavedb:00000657-a-1#1303,,,p.Cys67Glu,0.932253287043378,0.0214401006335893,C67E,C67E,0.3856,ambiguous,0.64864904982899,0.6144000000000001,False,67,False,False
urn:mavedb:00000657-a-1#1304,,,p.Cys67Phe,0.756104458716374,0.0210015108330463,C67F,C67F,0.1438,benign,0.8550199338435931,0.8562,False,67,False,False
urn:mavedb:00000657-a-1#1305,,,p.Cys67Gly,0.4755919284611,0.029802771944491,C67G,C67G,0.1192,benign,0.866849300120944,0.8808,False,67,False,False
urn:mavedb:00000657-a-1#1306,,,p.Cys67His,0.837402470399825,0.0288884231325074,C67H,C67H,0.1731,benign,0.8390159462238221,0.8269,False,67,False,False
urn:mavedb:00000657-a-1#1307,,,p.Cys67Ile,0.898892408762516,0.0216017821237547,C67I,C67I,0.2846,benign,0.7560978233403914,0.7154,False,67,False,False
urn:mavedb:00000657-a-1#1308,,,p.Cys67Lys,0.842079040636886,0.0298095501384752,C67K,C67K,0.26,benign,0.7776091862946792,0.74,False,67,False,False
urn:mavedb:00000657-a-1#1309,,,p.Cys67Leu,0.941797438736892,0.0459851752767673,C67L,C67L,0.3298,benign,0.7116856511013787,0.6702,False,67,False,False
urn:mavedb:00000657-a-1#1310,,,p.Cys67Met,0.95894744424086,0.0291910989006996,C67M,C67M,0.4309,ambiguous,0.5919713221588883,0.5690999999999999,False,67,False,False
urn:mavedb:00000657-a-1#1311,,,p.Cys67Asn,0.796250688057969,0.0331640986002538,C67N,C67N,0.2476,benign,0.7877411342699178,0.7524,False,67,False,False
urn:mavedb:00000657-a-1#1312,,,p.Cys67Pro,0.0957840398665684,0.0400776880402356,C67P,C67P,0.9487,pathogenic,0.10709166935282319,0.05130000000000001,False,67,False,False
urn:mavedb:00000657-a-1#1313,,,p.Cys67Gln,0.956144987885277,0.0207975920864317,C67Q,C67Q,0.2057,benign,0.8185411238974186,0.7943,False,67,False,False
urn:mavedb:00000657-a-1#1314,,,p.Cys67Arg,0.890898959363242,0.054317638789215,C67R,C67R,0.0975,benign,0.876167600077686,0.9025,False,67,False,False
urn:mavedb:00000657-a-1#1315,,,p.Cys67Ser,0.847116262627567,0.0339738569122952,C67S,C67S,0.1517,benign,0.8509170495101515,0.8483,False,67,False,False
urn:mavedb:00000657-a-1#1316,,,p.Cys67Thr,0.994183397174022,0.0247428672027191,C67T,C67T,0.1736,benign,0.8387237222536843,0.8264,False,67,False,False
urn:mavedb:00000657-a-1#1317,,,p.Cys67Val,0.957408613693823,0.0232104707461589,C67V,C67V,0.239,benign,0.79449136589475,0.761,False,67,False,False
urn:mavedb:00000657-a-1#1318,,,p.Cys67Trp,0.640304546141579,0.0278309947235873,C67W,C67W,0.3271,benign,0.7145132205888407,0.6729,False,67,False,False
urn:mavedb:00000657-a-1#1319,,,p.Cys67Tyr,0.867830890921118,0.0446177120524332,C67Y,C67Y,0.1651,benign,0.8436024412901143,0.8349,False,67,False,False
urn:mavedb:00000657-a-1#1321,,,p.Asp68Ala,-0.0024406733406341,0.0161935716206031,D68A,D68A,0.9839,pathogenic,0.09678717017521207,0.016100000000000003,False,68,False,False
urn:mavedb:00000657-a-1#1322,,,p.Asp68Cys,0.0229715997111707,0.0279805370847306,D68C,D68C,0.99,pathogenic,0.09519014587123988,0.010000000000000009,False,68,False,False
urn:mavedb:00000657-a-1#1323,,,p.Asp68Glu,0.410419620310159,0.0343160704526108,D68E,D68E,0.9839,pathogenic,0.09678717017521207,0.016100000000000003,False,68,False,False
urn:mavedb:00000657-a-1#1324,,,p.Asp68Phe,-0.0138400589411476,0.0161336994732614,D68F,D68F,0.995,pathogenic,0.09391975069892,0.0050000000000000044,False,68,False,False
urn:mavedb:00000657-a-1#1325,,,p.Asp68Gly,0.363054521480561,0.0353187422718284,D68G,D68G,0.9823,pathogenic,0.09721481323794952,0.01770000000000005,False,68,False,False
urn:mavedb:00000657-a-1#1326,,,p.Asp68His,0.0714971113236709,0.0283588651778966,D68H,D68H,0.9657,pathogenic,0.10187456258077765,0.0343,False,68,False,False
urn:mavedb:00000657-a-1#1327,,,p.Asp68Ile,0.0113687009062184,0.0468017027059838,D68I,D68I,0.9951,pathogenic,0.09389469159625782,0.0049000000000000155,False,68,False,False
urn:mavedb:00000657-a-1#1328,,,p.Asp68Lys,0.000991257798386,0.0175352841019768,D68K,D68K,0.9914,pathogenic,0.09483096787326936,0.008600000000000052,False,68,False,False
urn:mavedb:00000657-a-1#1329,,,p.Asp68Leu,-0.0132564111147811,0.0206755937349459,D68L,D68L,0.9922,pathogenic,0.09462693952134703,0.007800000000000029,False,68,False,False
urn:mavedb:00000657-a-1#1330,,,p.Asp68Met,0.0125134931312459,0.0306476522924448,D68M,D68M,0.9989,pathogenic,0.09295243819672291,0.0010999999999999899,False,68,False,False
urn:mavedb:00000657-a-1#1331,,,p.Asp68Asn,0.323502594890531,0.0389198854354446,D68N,D68N,0.9017,pathogenic,0.12415837560653488,0.09830000000000005,False,68,False,False
urn:mavedb:00000657-a-1#1332,,,p.Asp68Pro,0.0231887796629276,0.0224095136891729,D68P,D68P,0.9912,pathogenic,0.09488211290418283,0.00880000000000003,False,68,False,False
urn:mavedb:00000657-a-1#1333,,,p.Asp68Gln,0.0083035505171355,0.0145442246083379,D68Q,D68Q,0.9917,pathogenic,0.09475435386639017,0.008299999999999974,False,68,False,False
urn:mavedb:00000657-a-1#1334,,,p.Asp68Arg,0.24116981381578,0.0366248541152485,D68R,D68R,0.9858,pathogenic,0.09628409908095474,0.01419999999999999,False,68,False,False
urn:mavedb:00000657-a-1#1335,,,p.Asp68Ser,0.141617003450472,0.0534582532863211,D68S,D68S,0.9497,pathogenic,0.10677168817651128,0.05030000000000001,False,68,False,False
urn:mavedb:00000657-a-1#1336,,,p.Asp68Thr,0.0015809828670657,0.017523604529287,D68T,D68T,0.9932,pathogenic,0.09437314162269192,0.006800000000000028,False,68,False,False
urn:mavedb:00000657-a-1#1337,,,p.Asp68Val,-0.0013960644161238,0.018198562433449,D68V,D68V,0.9847,pathogenic,0.09657472390150088,0.01529999999999998,False,68,False,False
urn:mavedb:00000657-a-1#1338,,,p.Asp68Trp,0.0139909921086992,0.0323185006915205,D68W,D68W,0.9987,pathogenic,0.09300154788737622,0.0012999999999999678,False,68,False,False
urn:mavedb:00000657-a-1#1339,,,p.Asp68Tyr,-0.0050902957141604,0.0213566091515004,D68Y,D68Y,0.9361,pathogenic,0.11126991527997487,0.06389999999999996,False,68,False,False
urn:mavedb:00000657-a-1#1341,,,p.Leu69Ala,0.316042437853251,0.039214479517248,L69A,L69A,0.9256,pathogenic,0.11496650550825986,0.07440000000000002,False,69,False,False
urn:mavedb:00000657-a-1#1342,,,p.Leu69Cys,0.0306360839169377,0.0223769565324981,L69C,L69C,0.9319,pathogenic,0.11272456110411715,0.06810000000000005,False,69,False,False
urn:mavedb:00000657-a-1#1343,,,p.Leu69Asp,0.264802143093721,0.0402364960046613,L69D,L69D,0.9978,pathogenic,0.09322320218636365,0.0021999999999999797,False,69,False,False
urn:mavedb:00000657-a-1#1344,,,p.Leu69Glu,0.190431436838979,0.0485701761829001,L69E,L69E,0.9877,pathogenic,0.095786146898769,0.012299999999999978,False,69,False,False
urn:mavedb:00000657-a-1#1345,,,p.Leu69Phe,0.489872440768069,0.0583966421955665,L69F,L69F,0.7345,pathogenic,0.22703689972832042,0.26549999999999996,False,69,False,False
urn:mavedb:00000657-a-1#1346,,,p.Leu69Gly,0.117862600077944,0.0439754134822251,L69G,L69G,0.9839,pathogenic,0.09678717017521207,0.016100000000000003,False,69,False,False
urn:mavedb:00000657-a-1#1347,,,p.Leu69His,0.127181809837581,0.0362771002770238,L69H,L69H,0.9821,pathogenic,0.09726852753636883,0.017900000000000027,False,69,False,False
urn:mavedb:00000657-a-1#1348,,,p.Leu69Ile,0.921676603696141,0.0529940110811714,L69I,L69I,0.2446,benign,0.7901214723704176,0.7554,False,69,False,False
urn:mavedb:00000657-a-1#1349,,,p.Leu69Lys,0.139484308747984,0.046519423866719,L69K,L69K,0.9821,pathogenic,0.09726852753636883,0.017900000000000027,False,69,False,False
urn:mavedb:00000657-a-1#1350,,,p.Leu69Met,0.940028075373472,0.0392911117441427,L69M,L69M,0.2551,benign,0.7816695546719273,0.7449,False,69,False,False
urn:mavedb:00000657-a-1#1351,,,p.Leu69Asn,0.165212127266075,0.0322759013570578,L69N,L69N,0.9878,pathogenic,0.0957600798166941,0.012199999999999989,False,69,False,False
urn:mavedb:00000657-a-1#1352,,,p.Leu69Pro,0.2998389884984,0.0521412211139375,L69P,L69P,0.9655,pathogenic,0.10193325524456412,0.034499999999999975,False,69,False,False
urn:mavedb:00000657-a-1#1353,,,p.Leu69Gln,0.203449499852993,0.0396821165232349,L69Q,L69Q,0.9518,pathogenic,0.10610516540638953,0.04820000000000002,False,69,False,False
urn:mavedb:00000657-a-1#1354,,,p.Leu69Arg,0.190456404796923,0.042345473957582,L69R,L69R,0.9737,pathogenic,0.099577321189078,0.02629999999999999,False,69,False,False
urn:mavedb:00000657-a-1#1355,,,p.Leu69Ser,0.186734716682572,0.0443383521854297,L69S,L69S,0.9717,pathogenic,0.10014248752325011,0.028299999999999992,False,69,False,False
urn:mavedb:00000657-a-1#1356,,,p.Leu69Thr,0.106741664760172,0.0263572248766538,L69T,L69T,0.912,pathogenic,0.12006008988356301,0.08799999999999997,False,69,False,False
urn:mavedb:00000657-a-1#1357,,,p.Leu69Val,0.346088646835661,0.0371489343836718,L69V,L69V,0.3878,ambiguous,0.6459973898056395,0.6122000000000001,False,69,False,False
urn:mavedb:00000657-a-1#1358,,,p.Leu69Trp,0.302125569616059,0.0462654484242944,L69W,L69W,0.9572,pathogenic,0.10442465547131433,0.04279999999999995,False,69,False,False
urn:mavedb:00000657-a-1#1359,,,p.Leu69Tyr,0.192234817275698,0.0279026679877156,L69Y,L69Y,0.9789,pathogenic,0.0981358428932026,0.021100000000000008,False,69,False,False
urn:mavedb:00000657-a-1#1361,,,p.Asn70Ala,0.752645068405981,0.0336412499914267,N70A,N70A,0.9903,pathogenic,0.09511295042703516,0.009700000000000042,False,70,True,False
urn:mavedb:00000657-a-1#1362,,,p.Asn70Cys,0.122962171589902,0.0468180170150859,N70C,N70C,0.9406,pathogenic,0.10974611067378297,0.05940000000000001,False,70,True,False
urn:mavedb:00000657-a-1#1363,,,p.Asn70Asp,1.07304557785805,0.0255544613671162,N70D,N70D,0.9795,pathogenic,0.09797208550602662,0.020499999999999963,True,70,True,True
urn:mavedb:00000657-a-1#1364,,,p.Asn70Glu,0.905106228524866,0.0391968332173836,N70E,N70E,0.9916,pathogenic,0.09477987807219979,0.008399999999999963,True,70,True,True
urn:mavedb:00000657-a-1#1365,,,p.Asn70Phe,0.089877267902641,0.0309660457224651,N70F,N70F,0.9956,pathogenic,0.0937695994304312,0.0043999999999999595,False,70,True,False
urn:mavedb:00000657-a-1#1366,,,p.Asn70Gly,0.838837187726784,0.0431005023903383,N70G,N70G,0.9764,pathogenic,0.09882385812452965,0.023599999999999954,True,70,True,True
urn:mavedb:00000657-a-1#1367,,,p.Asn70His,0.439461275211235,0.0142432273598058,N70H,N70H,0.9466,pathogenic,0.10776910940800438,0.0534,False,70,True,False
urn:mavedb:00000657-a-1#1368,,,p.Asn70Ile,0.0147722460674026,0.0237723465497578,N70I,N70I,0.968,pathogenic,0.10120405895152414,0.03200000000000003,False,70,True,False
urn:mavedb:00000657-a-1#1369,,,p.Asn70Lys,0.477695830875911,0.0267190547164474,N70K,N70K,0.989,pathogenic,0.0954483685170513,0.01100000000000001,False,70,True,False
urn:mavedb:00000657-a-1#1370,,,p.Asn70Leu,0.426166126796009,0.034447398985194,N70L,N70L,0.9268,pathogenic,0.11453384641832028,0.07320000000000004,False,70,True,False
urn:mavedb:00000657-a-1#1371,,,p.Asn70Met,0.569216512480623,0.0372185627800778,N70M,N70M,0.9764,pathogenic,0.09882385812452965,0.023599999999999954,False,70,True,False
urn:mavedb:00000657-a-1#1372,,,p.Asn70Pro,0.35720495639236,0.040463830676372,N70P,N70P,0.967,pathogenic,0.10149457577553074,0.03300000000000003,False,70,True,False
urn:mavedb:00000657-a-1#1373,,,p.Asn70Gln,0.71390294534279,0.0235624953833476,N70Q,N70Q,0.9881,pathogenic,0.09568196281994237,0.011900000000000022,False,70,True,False
urn:mavedb:00000657-a-1#1374,,,p.Asn70Arg,0.51473167133544,0.0316936297168739,N70R,N70R,0.9868,pathogenic,0.09602138380901723,0.01319999999999999,False,70,True,False
urn:mavedb:00000657-a-1#1375,,,p.Asn70Ser,0.72737566717474,0.050071918708084,N70S,N70S,0.8209,pathogenic,0.1645345447823915,0.17910000000000004,False,70,True,False
urn:mavedb:00000657-a-1#1376,,,p.Asn70Thr,0.515764365416884,0.0289580045609049,N70T,N70T,0.9667,pathogenic,0.10158203230945109,0.033299999999999996,False,70,True,False
urn:mavedb:00000657-a-1#1377,,,p.Asn70Val,0.267982520990463,0.0360333357947816,N70V,N70V,0.9692,pathogenic,0.10085747180991556,0.03080000000000005,False,70,True,False
urn:mavedb:00000657-a-1#1378,,,p.Asn70Trp,0.0005591573962498,0.0101234815749112,N70W,N70W,0.9967,pathogenic,0.093495586397419,0.0032999999999999696,False,70,True,False
urn:mavedb:00000657-a-1#1379,,,p.Asn70Tyr,0.0950281738699026,0.0371331928973973,N70Y,N70Y,0.9633,pathogenic,0.10258300127572027,0.036699999999999955,False,70,True,False
urn:mavedb:00000657-a-1#1381,,,p.Arg71Ala,1.02414329273855,0.0371064844830899,R71A,R71A,0.9934,pathogenic,0.09432254652338765,0.00660000000000005,True,71,True,True
urn:mavedb:00000657-a-1#1382,,,p.Arg71Cys,0.957566140618169,0.0147392701224539,R71C,R71C,0.8504,pathogenic,0.14797739538909674,0.14959999999999996,True,71,True,True
urn:mavedb:00000657-a-1#1383,,,p.Arg71Asp,0.980732379819985,0.0384500183267747,R71D,R71D,0.9912,pathogenic,0.09488211290418283,0.00880000000000003,True,71,True,True
urn:mavedb:00000657-a-1#1384,,,p.Arg71Glu,1.03556038075169,0.0349993899607067,R71E,R71E,0.9614,pathogenic,0.10315027398946508,0.03859999999999997,True,71,True,True
urn:mavedb:00000657-a-1#1385,,,p.Arg71Phe,0.752048892308603,0.0373577458493627,R71F,R71F,0.9906,pathogenic,0.09503587990338186,0.009399999999999964,False,71,True,False
urn:mavedb:00000657-a-1#1386,,,p.Arg71Gly,1.02562930914112,0.0317919468288976,R71G,R71G,0.9691,pathogenic,0.10088626963346906,0.03090000000000004,True,71,True,True
urn:mavedb:00000657-a-1#1387,,,p.Arg71His,0.954485576284737,0.0389461316119572,R71H,R71H,0.7629,pathogenic,0.20404761859451914,0.23709999999999998,True,71,True,True
urn:mavedb:00000657-a-1#1388,,,p.Arg71Ile,0.64965922355867,0.0278703721505357,R71I,R71I,0.9836,pathogenic,0.09686707341739234,0.01639999999999997,False,71,True,False
urn:mavedb:00000657-a-1#1389,,,p.Arg71Lys,1.02374071913855,0.0328204371473775,R71K,R71K,0.8892,pathogenic,0.12942443037058043,0.11080000000000001,True,71,True,True
urn:mavedb:00000657-a-1#1390,,,p.Arg71Leu,0.803547223220662,0.0195701657519968,R71L,R71L,0.9615,pathogenic,0.10312027506376509,0.03849999999999998,True,71,True,True
urn:mavedb:00000657-a-1#1391,,,p.Arg71Met,0.918837025455869,0.0371116373118656,R71M,R71M,0.9913,pathogenic,0.09485653348170126,0.008700000000000041,True,71,True,True
urn:mavedb:00000657-a-1#1392,,,p.Arg71Asn,1.0244121820015,0.0400533427788812,R71N,R71N,0.9878,pathogenic,0.0957600798166941,0.012199999999999989,True,71,True,True
urn:mavedb:00000657-a-1#1393,,,p.Arg71Pro,0.661180401391434,0.0525468248497021,R71P,R71P,0.9965,pathogenic,0.09354528554431402,0.0034999999999999476,False,71,True,False
urn:mavedb:00000657-a-1#1394,,,p.Arg71Gln,1.03552597340093,0.0452150965218763,R71Q,R71Q,0.824,pathogenic,0.1626881650241359,0.17600000000000005,True,71,True,True
urn:mavedb:00000657-a-1#1395,,,p.Arg71Ser,1.03265451156527,0.0269475667901181,R71S,R71S,0.9912,pathogenic,0.09488211290418283,0.00880000000000003,True,71,True,True
urn:mavedb:00000657-a-1#1396,,,p.Arg71Thr,1.02088373381206,0.0527269716812971,R71T,R71T,0.9905,pathogenic,0.09506155620888944,0.009499999999999953,True,71,True,True
urn:mavedb:00000657-a-1#1397,,,p.Arg71Val,0.808788396237828,0.0344924542153357,R71V,R71V,0.987,pathogenic,0.09596901032211319,0.013000000000000012,True,71,True,True
urn:mavedb:00000657-a-1#1398,,,p.Arg71Trp,0.594948150925882,0.0334495243032016,R71W,R71W,0.8526,pathogenic,0.14683082385832102,0.14739999999999998,False,71,True,False
urn:mavedb:00000657-a-1#1399,,,p.Arg71Tyr,0.87593457884977,0.0635320010011548,R71Y,R71Y,0.9633,pathogenic,0.10258300127572027,0.036699999999999955,True,71,True,True
urn:mavedb:00000657-a-1#1401,,,p.Ile72Ala,1.01956416188843,0.0312389965746421,I72A,I72A,0.1384,benign,0.8577375534581535,0.8616,False,72,False,False
urn:mavedb:00000657-a-1#1402,,,p.Ile72Cys,1.06542879483186,0.0318143128321103,I72C,I72C,0.4023,ambiguous,0.6282434975310288,0.5977,False,72,False,False
urn:mavedb:00000657-a-1#1403,,,p.Ile72Asp,0.567734947674346,0.0425161537451793,I72D,I72D,0.6347,pathogenic,0.32744677762992375,0.36529999999999996,False,72,False,False
urn:mavedb:00000657-a-1#1404,,,p.Ile72Glu,0.892222583724985,0.022449637207592,I72E,I72E,0.481,ambiguous,0.5256222571041098,0.519,False,72,False,False
urn:mavedb:00000657-a-1#1405,,,p.Ile72Phe,0.776611976096256,0.0268333825440702,I72F,I72F,0.2895,benign,0.7515878978778023,0.7105,False,72,False,False
urn:mavedb:00000657-a-1#1406,,,p.Ile72Gly,0.946016135134966,0.029058397300694,I72G,I72G,0.4478,ambiguous,0.5698995368378608,0.5522,False,72,False,False
urn:mavedb:00000657-a-1#1407,,,p.Ile72His,0.823664573518137,0.0215384502838044,I72H,I72H,0.5601,ambiguous,0.4197328975617077,0.43989999999999996,False,72,False,False
urn:mavedb:00000657-a-1#1408,,,p.Ile72Lys,0.868732767189348,0.047769530061265,I72K,I72K,0.4789,ambiguous,0.5284470154582408,0.5211,False,72,False,False
urn:mavedb:00000657-a-1#1409,,,p.Ile72Leu,1.00572029222595,0.039360532644394,I72L,I72L,0.1506,benign,0.8514975066382029,0.8493999999999999,False,72,False,False
urn:mavedb:00000657-a-1#1410,,,p.Ile72Met,1.06120928214028,0.0326531486671438,I72M,I72M,0.1124,benign,0.8698776295309952,0.8876,False,72,False,False
urn:mavedb:00000657-a-1#1411,,,p.Ile72Asn,0.901657975413012,0.0221449085404268,I72N,I72N,0.2132,benign,0.8134086674283084,0.7867999999999999,False,72,False,False
urn:mavedb:00000657-a-1#1412,,,p.Ile72Pro,0.729324589916004,0.0254197300708317,I72P,I72P,0.8858,pathogenic,0.13091416364184255,0.11419999999999997,False,72,False,False
urn:mavedb:00000657-a-1#1413,,,p.Ile72Gln,1.00606687509317,0.0340173776822528,I72Q,I72Q,0.3733,ambiguous,0.6632574389407686,0.6267,False,72,False,False
urn:mavedb:00000657-a-1#1414,,,p.Ile72Arg,0.811640453622475,0.0291756695838679,I72R,I72R,0.3675,ambiguous,0.6700135261792591,0.6325000000000001,False,72,False,False
urn:mavedb:00000657-a-1#1415,,,p.Ile72Ser,1.04908216612068,0.0405646526810651,I72S,I72S,0.1569,benign,0.8481323487254114,0.8431,False,72,False,False
urn:mavedb:00000657-a-1#1416,,,p.Ile72Thr,0.961522476397885,0.0311142318877428,I72T,I72T,0.1161,benign,0.8682424108964065,0.8839,False,72,False,False
urn:mavedb:00000657-a-1#1417,,,p.Ile72Val,1.00958039837697,0.0267665779560731,I72V,I72V,0.0526,benign,0.8924898413480358,0.9474,False,72,False,False
urn:mavedb:00000657-a-1#1418,,,p.Ile72Trp,0.786486108165712,0.0278525475064863,I72W,I72W,0.8849,pathogenic,0.13131269910857696,0.11509999999999998,False,72,False,False
urn:mavedb:00000657-a-1#1419,,,p.Ile72Tyr,0.777431109070864,0.0312242311963472,I72Y,I72Y,0.6018,pathogenic,0.3666890558385775,0.3982,False,72,False,False
urn:mavedb:00000657-a-1#1421,,,p.Phe73Ala,0.850713405853495,0.0289228011948447,F73A,F73A,0.9743,pathogenic,0.09940894434537662,0.025699999999999945,True,73,False,True
urn:mavedb:00000657-a-1#1422,,,p.Phe73Cys,0.975091440733245,0.0317650383260613,F73C,F73C,0.8818,pathogenic,0.13269899534411372,0.11819999999999997,True,73,False,True
urn:mavedb:00000657-a-1#1423,,,p.Phe73Asp,0.865064525390782,0.0468399223734065,F73D,F73D,0.9955,pathogenic,0.09379459077227872,0.0044999999999999485,True,73,False,True
urn:mavedb:00000657-a-1#1424,,,p.Phe73Glu,0.909899287327839,0.0422815809978917,F73E,F73E,0.9969,pathogenic,0.09344594109579324,0.0030999999999999917,True,73,False,True
urn:mavedb:00000657-a-1#1425,,,p.Phe73Gly,0.891128988737066,0.0383770707819348,F73G,F73G,0.9841,pathogenic,0.09673397289621002,0.015900000000000025,True,73,False,True
urn:mavedb:00000657-a-1#1426,,,p.Phe73His,0.821043588536645,0.0441957718962466,F73H,F73H,0.9686,pathogenic,0.10103048882561358,0.031399999999999983,True,73,False,True
urn:mavedb:00000657-a-1#1427,,,p.Phe73Ile,0.849686212581838,0.0346936524929204,F73I,F73I,0.9284,pathogenic,0.11396110338881599,0.0716,True,73,False,True
urn:mavedb:00000657-a-1#1428,,,p.Phe73Lys,0.78656969111499,0.0270186956038871,F73K,F73K,0.9957,pathogenic,0.09374462162124209,0.0042999999999999705,False,73,False,False
urn:mavedb:00000657-a-1#1429,,,p.Phe73Leu,0.872232837228409,0.0254864514675526,F73L,F73L,0.9914,pathogenic,0.09483096787326936,0.008600000000000052,True,73,False,True
urn:mavedb:00000657-a-1#1430,,,p.Phe73Met,0.976371783126565,0.0337153198097096,F73M,F73M,0.9684,pathogenic,0.10108828400223366,0.03159999999999996,True,73,False,True
urn:mavedb:00000657-a-1#1431,,,p.Phe73Asn,0.795684627106,0.0370577273341553,F73N,F73N,0.9901,pathogenic,0.09516440016542235,0.00990000000000002,False,73,False,False
urn:mavedb:00000657-a-1#1432,,,p.Phe73Pro,0.880851245918801,0.0497964320207282,F73P,F73P,0.9954,pathogenic,0.09381959565328331,0.0046000000000000485,True,73,False,True
urn:mavedb:00000657-a-1#1433,,,p.Phe73Gln,0.848999564946628,0.0313998992685203,F73Q,F73Q,0.993,pathogenic,0.09442379147888727,0.007000000000000006,True,73,False,True
urn:mavedb:00000657-a-1#1434,,,p.Phe73Arg,0.768950019307182,0.031968182687524,F73R,F73R,0.9832,pathogenic,0.09697381169474217,0.016800000000000037,False,73,False,False
urn:mavedb:00000657-a-1#1435,,,p.Phe73Ser,0.878123456677891,0.0373975245941125,F73S,F73S,0.9574,pathogenic,0.1043633276293153,0.04259999999999997,True,73,False,True
urn:mavedb:00000657-a-1#1436,,,p.Phe73Thr,0.90796789659855,0.0288136795018108,F73T,F73T,0.9744,pathogenic,0.09938093395593825,0.025599999999999956,True,73,False,True
urn:mavedb:00000657-a-1#1437,,,p.Phe73Val,0.910475682934944,0.029619807896674,F73V,F73V,0.9077,pathogenic,0.12174519227943825,0.09230000000000005,True,73,False,True
urn:mavedb:00000657-a-1#1438,,,p.Phe73Trp,0.829782174992671,0.05043690004445,F73W,F73W,0.8344,pathogenic,0.15667933910779067,0.16559999999999997,True,73,False,True
urn:mavedb:00000657-a-1#1439,,,p.Phe73Tyr,0.800823335114311,0.0186726291604891,F73Y,F73Y,0.7248,pathogenic,0.23545996372464095,0.2752,True,73,False,True
urn:mavedb:00000657-a-1#1441,,,p.Asp74Ala,0.913861209723485,0.0292826255348082,D74A,D74A,0.1681,benign,0.8419020548146295,0.8319,False,74,False,False
urn:mavedb:00000657-a-1#1442,,,p.Asp74Cys,0.862398364034004,0.0195166087539522,D74C,D74C,0.3694,ambiguous,0.6678099295101824,0.6306,False,74,False,False
urn:mavedb:00000657-a-1#1443,,,p.Asp74Glu,0.8955110506014,0.0374212507267075,D74E,D74E,0.228,benign,0.8027990910946877,0.772,False,74,False,False
urn:mavedb:00000657-a-1#1444,,,p.Asp74Phe,0.691030562312374,0.0309839846370686,D74F,D74F,0.5465,ambiguous,0.4376290607729986,0.4535,False,74,False,False
urn:mavedb:00000657-a-1#1445,,,p.Asp74Gly,0.937166949352875,0.0402628018837206,D74G,D74G,0.1482,benign,0.852753612687688,0.8518,False,74,False,False
urn:mavedb:00000657-a-1#1446,,,p.Asp74His,0.853297436342948,0.0480813280874096,D74H,D74H,0.1893,benign,0.8292071674276463,0.8107,False,74,False,False
urn:mavedb:00000657-a-1#1447,,,p.Asp74Ile,0.604962375996858,0.0286476705069987,D74I,D74I,0.3326,benign,0.708730512020302,0.6674,False,74,False,False
urn:mavedb:00000657-a-1#1448,,,p.Asp74Lys,0.851423460131617,0.0314311588901556,D74K,D74K,0.391,ambiguous,0.6421201579181607,0.609,False,74,False,False
urn:mavedb:00000657-a-1#1449,,,p.Asp74Leu,0.735181070368151,0.0382515030469399,D74L,D74L,0.3118,benign,0.7301221085419308,0.6881999999999999,False,74,False,False
urn:mavedb:00000657-a-1#1450,,,p.Asp74Met,0.856647857482896,0.0412568514760016,D74M,D74M,0.6156,pathogenic,0.34990944294786863,0.38439999999999996,True,74,False,True
urn:mavedb:00000657-a-1#1451,,,p.Asp74Asn,0.977097053717603,0.0594131518275084,D74N,D74N,0.0965,benign,0.8765732345282101,0.9035,False,74,False,False
urn:mavedb:00000657-a-1#1452,,,p.Asp74Pro,0.840587542947469,0.0208163398013855,D74P,D74P,0.7204,pathogenic,0.23937734583168696,0.27959999999999996,True,74,False,True
urn:mavedb:00000657-a-1#1453,,,p.Asp74Gln,0.896824008301297,0.0307083259642796,D74Q,D74Q,0.3324,benign,0.7089423617999986,0.6676,False,74,False,False
urn:mavedb:00000657-a-1#1454,,,p.Asp74Arg,0.75179553569331,0.0388538238948436,D74R,D74R,0.3491,ambiguous,0.6908521450469627,0.6509,False,74,False,False
urn:mavedb:00000657-a-1#1455,,,p.Asp74Ser,0.98609959881138,0.0279651906876766,D74S,D74S,0.0941,benign,0.8775384836416622,0.9059,False,74,False,False
urn:mavedb:00000657-a-1#1456,,,p.Asp74Thr,0.98483878887291,0.0300616179178036,D74T,D74T,0.181,benign,0.8343210744493258,0.819,False,74,False,False
urn:mavedb:00000657-a-1#1457,,,p.Asp74Val,0.741469631895781,0.0461160295513335,D74V,D74V,0.2084,benign,0.8167121088577369,0.7916,False,74,False,False
urn:mavedb:00000657-a-1#1458,,,p.Asp74Trp,0.63875103988184,0.0347039865313654,D74W,D74W,0.8373,pathogenic,0.15505397069154575,0.16269999999999996,False,74,False,False
urn:mavedb:00000657-a-1#1459,,,p.Asp74Tyr,0.71830788861012,0.0552772229040398,D74Y,D74Y,0.196,benign,0.8249408630853067,0.804,False,74,False,False
urn:mavedb:00000657-a-1#1461,,,p.Leu75Ala,1.00751875137956,0.0844605808337575,L75A,L75A,0.0577,benign,0.8908203339876638,0.9423,False,75,False,False
urn:mavedb:00000657-a-1#1462,,,p.Leu75Cys,0.981640547831061,0.0317623618166325,L75C,L75C,0.1493,benign,0.8521796541701959,0.8507,False,75,False,False
urn:mavedb:00000657-a-1#1463,,,p.Leu75Asp,1.01820033516349,0.0228244039522084,L75D,L75D,0.1467,benign,0.8535315122554028,0.8533,False,75,False,False
urn:mavedb:00000657-a-1#1464,,,p.Leu75Glu,1.03925601528025,0.0321549636097053,L75E,L75E,0.1024,benign,0.8741503579567554,0.8976,False,75,False,False
urn:mavedb:00000657-a-1#1465,,,p.Leu75Phe,0.977329569518466,0.0347348515745917,L75F,L75F,0.0781,benign,0.8836825724677553,0.9218999999999999,False,75,False,False
urn:mavedb:00000657-a-1#1466,,,p.Leu75Gly,0.971046290560348,0.030745753316137,L75G,L75G,0.1235,benign,0.8648816309668266,0.8765000000000001,False,75,False,False
urn:mavedb:00000657-a-1#1467,,,p.Leu75His,0.97937457545075,0.0293705008784147,L75H,L75H,0.0757,benign,0.884561762931806,0.9243,False,75,False,False
urn:mavedb:00000657-a-1#1468,,,p.Leu75Ile,0.980777759599604,0.031089692529952,L75I,L75I,0.0681,benign,0.8872754388958829,0.9319,False,75,False,False
urn:mavedb:00000657-a-1#1469,,,p.Leu75Lys,0.88897483670375,0.0534412212203805,L75K,L75K,0.0735,benign,0.8853582387268828,0.9265,False,75,False,False
urn:mavedb:00000657-a-1#1470,,,p.Leu75Met,0.995364212082927,0.0472464002794721,L75M,L75M,0.0781,benign,0.8836825724677553,0.9218999999999999,False,75,False,False
urn:mavedb:00000657-a-1#1471,,,p.Leu75Asn,0.980327528124103,0.0241639439064015,L75N,L75N,0.097,benign,0.8763706717509416,0.903,False,75,False,False
urn:mavedb:00000657-a-1#1472,,,p.Leu75Pro,1.00865474693337,0.0515996631060563,L75P,L75P,0.0483,benign,0.8938632617307789,0.9517,False,75,False,False
urn:mavedb:00000657-a-1#1473,,,p.Leu75Gln,1.00104531295765,0.0359785124586504,L75Q,L75Q,0.0737,benign,0.8852862030189954,0.9263,False,75,False,False
urn:mavedb:00000657-a-1#1474,,,p.Leu75Arg,0.984027600733295,0.0411239845525731,L75R,L75R,0.0657,benign,0.8881105336294723,0.9343,False,75,False,False
urn:mavedb:00000657-a-1#1475,,,p.Leu75Ser,0.977358597381742,0.0349169769466292,L75S,L75S,0.0607,benign,0.88981733186525,0.9393,False,75,False,False
urn:mavedb:00000657-a-1#1476,,,p.Leu75Thr,1.00603049036778,0.0227754365209292,L75T,L75T,0.0591,benign,0.8903542147980495,0.9409,False,75,False,False
urn:mavedb:00000657-a-1#1477,,,p.Leu75Val,1.0133470886711,0.0414566697990765,L75V,L75V,0.0628,benign,0.8891058642151627,0.9372,False,75,False,False
urn:mavedb:00000657-a-1#1478,,,p.Leu75Trp,0.959640466098387,0.0342754973438753,L75W,L75W,0.0921,benign,0.8783339988390788,0.9079,False,75,False,False
urn:mavedb:00000657-a-1#1479,,,p.Leu75Tyr,0.961235425819501,0.0259648923767457,L75Y,L75Y,0.1161,benign,0.8682424108964065,0.8839,False,75,False,False
urn:mavedb:00000657-a-1#1481,,,p.Glu76Ala,0.931035666147905,0.0696723162596575,E76A,E76A,0.1093,benign,0.8712248964717628,0.8907,False,76,False,False
urn:mavedb:00000657-a-1#1482,,,p.Glu76Cys,0.91376079310744,0.0254859715671574,E76C,E76C,0.4771,ambiguous,0.5308664552389799,0.5228999999999999,False,76,False,False
urn:mavedb:00000657-a-1#1483,,,p.Glu76Asp,0.958050878243247,0.0372696815261184,E76D,E76D,0.0858,benign,0.8807879750835118,0.9142,False,76,False,False
urn:mavedb:00000657-a-1#1484,,,p.Glu76Phe,0.84625180134952,0.0374442726542507,E76F,E76F,0.5268,ambiguous,0.4638977567230274,0.47319999999999995,False,76,False,False
urn:mavedb:00000657-a-1#1485,,,p.Glu76Gly,0.951389557730483,0.0286602738010263,E76G,E76G,0.0875,benign,0.8801334836991603,0.9125,False,76,False,False
urn:mavedb:00000657-a-1#1486,,,p.Glu76His,0.904488266983386,0.0324497039646269,E76H,E76H,0.208,benign,0.8169843946041329,0.792,False,76,False,False
urn:mavedb:00000657-a-1#1487,,,p.Glu76Ile,0.8634049895652,0.0427811492887935,E76I,E76I,0.2413,benign,0.7927081277788063,0.7587,False,76,False,False
urn:mavedb:00000657-a-1#1488,,,p.Glu76Lys,0.942234994920956,0.0333428975460208,E76K,E76K,0.0759,benign,0.8844889092509074,0.9241,False,76,False,False
urn:mavedb:00000657-a-1#1489,,,p.Glu76Leu,0.830303367310457,0.0272533503779444,E76L,E76L,0.2544,benign,0.7822435565493607,0.7456,False,76,False,False
urn:mavedb:00000657-a-1#1490,,,p.Glu76Met,0.935086655919032,0.0321914334089197,E76M,E76M,0.3356,benign,0.7055386419196865,0.6644,False,76,False,False
urn:mavedb:00000657-a-1#1491,,,p.Glu76Asn,0.936975287229487,0.0267326750488421,E76N,E76N,0.133,benign,0.8603860710411217,0.867,False,76,False,False
urn:mavedb:00000657-a-1#1492,,,p.Glu76Pro,0.929544577618554,0.0818396776714805,E76P,E76P,0.2484,benign,0.7871017273732331,0.7516,False,76,False,False
urn:mavedb:00000657-a-1#1493,,,p.Glu76Gln,0.942380224720485,0.0285715765258483,E76Q,E76Q,0.0881,benign,0.8799011365200418,0.9119,False,76,False,False
urn:mavedb:00000657-a-1#1494,,,p.Glu76Arg,0.900277107350532,0.0348767907571886,E76R,E76R,0.1178,benign,0.8674810681280813,0.8822,False,76,False,False
urn:mavedb:00000657-a-1#1495,,,p.Glu76Ser,0.924792534385864,0.0392454852984218,E76S,E76S,0.1207,benign,0.8661675879561818,0.8793,False,76,False,False
urn:mavedb:00000657-a-1#1496,,,p.Glu76Thr,0.926028724725954,0.027796749221578,E76T,E76T,0.1436,benign,0.8551218333916356,0.8564,False,76,False,False
urn:mavedb:00000657-a-1#1497,,,p.Glu76Val,0.895450978884958,0.02286731555547,E76V,E76V,0.1527,benign,0.8503867623599105,0.8472999999999999,False,76,False,False
urn:mavedb:00000657-a-1#1498,,,p.Glu76Trp,0.752314232749043,0.0346468216659351,E76W,E76W,0.5701,pathogenic,0.4067358658910386,0.42989999999999995,False,76,False,False
urn:mavedb:00000657-a-1#1499,,,p.Glu76Tyr,0.773275659065177,0.0236626783777589,E76Y,E76Y,0.3244,benign,0.7173190387018971,0.6756,False,76,False,False
urn:mavedb:00000657-a-1#1501,,,p.Asn77Ala,0.935383169515362,0.03675926229692,N77A,N77A,0.2404,benign,0.7934078289408237,0.7596,False,77,False,False
urn:mavedb:00000657-a-1#1502,,,p.Asn77Cys,0.904895534724285,0.0266715186012198,N77C,N77C,0.1723,benign,0.839482132760936,0.8277,False,77,False,False
urn:mavedb:00000657-a-1#1503,,,p.Asn77Asp,0.86980230494118,0.0315285241008746,N77D,N77D,0.2012,benign,0.8215431995584701,0.7988,False,77,False,False
urn:mavedb:00000657-a-1#1504,,,p.Asn77Glu,0.881854711329873,0.0421484318148675,N77E,N77E,0.3833,ambiguous,0.6514089019260362,0.6167,False,77,False,False
urn:mavedb:00000657-a-1#1505,,,p.Asn77Phe,0.911066211534385,0.036765232946586,N77F,N77F,0.3382,benign,0.7027510334345296,0.6617999999999999,False,77,False,False
urn:mavedb:00000657-a-1#1506,,,p.Asn77Gly,0.901492002978864,0.0310806437085737,N77G,N77G,0.3108,benign,0.7311175371891201,0.6892,False,77,False,False
urn:mavedb:00000657-a-1#1507,,,p.Asn77His,1.00491677997095,0.0442089373313304,N77H,N77H,0.0869,benign,0.8803651253682517,0.9131,False,77,False,False
urn:mavedb:00000657-a-1#1508,,,p.Asn77Ile,0.97238279298223,0.0338005004785129,N77I,N77I,0.1285,benign,0.8625412951246455,0.8714999999999999,False,77,False,False
urn:mavedb:00000657-a-1#1509,,,p.Asn77Lys,0.898856799204414,0.0296699823436736,N77K,N77K,0.2133,benign,0.813339136231154,0.7867,False,77,False,False
urn:mavedb:00000657-a-1#1510,,,p.Asn77Leu,0.896562369583672,0.0326713235464405,N77L,N77L,0.2071,benign,0.8175953564886624,0.7928999999999999,False,77,False,False
urn:mavedb:00000657-a-1#1511,,,p.Asn77Met,0.90795486438655,0.0421149916924578,N77M,N77M,0.2534,benign,0.7830609399211883,0.7465999999999999,False,77,False,False
urn:mavedb:00000657-a-1#1512,,,p.Asn77Pro,0.860698175237304,0.0312158897921268,N77P,N77P,0.7428,pathogenic,0.2200615203695077,0.2572,True,77,False,True
urn:mavedb:00000657-a-1#1513,,,p.Asn77Gln,0.93517233633547,0.0448215999087241,N77Q,N77Q,0.3019,benign,0.7398415236590832,0.6980999999999999,False,77,False,False
urn:mavedb:00000657-a-1#1514,,,p.Asn77Arg,0.868893996196805,0.0310932410411474,N77R,N77R,0.2671,benign,0.7715938852826112,0.7329,False,77,False,False
urn:mavedb:00000657-a-1#1515,,,p.Asn77Ser,0.974225100917754,0.0393709872610229,N77S,N77S,0.1138,benign,0.8692623975511793,0.8862,False,77,False,False
urn:mavedb:00000657-a-1#1516,,,p.Asn77Thr,0.978194167045452,0.0202185861971134,N77T,N77T,0.1267,benign,0.8633903587362585,0.8733,False,77,False,False
urn:mavedb:00000657-a-1#1517,,,p.Asn77Val,0.938951777150795,0.0382302277563088,N77V,N77V,0.1583,benign,0.8473710434427218,0.8417,False,77,False,False
urn:mavedb:00000657-a-1#1518,,,p.Asn77Trp,0.898630965631523,0.0216417283078222,N77W,N77W,0.5934,pathogenic,0.3771094212403601,0.40659999999999996,False,77,False,True
urn:mavedb:00000657-a-1#1519,,,p.Asn77Tyr,0.870091527913208,0.0360841299022308,N77Y,N77Y,0.0823,benign,0.8821177894960609,0.9177,False,77,False,False
urn:mavedb:00000657-a-1#1521,,,p.Leu78Ala,0.808768211457654,0.0647971112397517,L78A,L78A,0.546,ambiguous,0.4382912308300655,0.45399999999999996,False,78,False,False
urn:mavedb:00000657-a-1#1522,,,p.Leu78Cys,0.764092741030534,0.0210780012935867,L78C,L78C,0.7566,pathogenic,0.20893408747834114,0.24339999999999995,False,78,False,False
urn:mavedb:00000657-a-1#1523,,,p.Leu78Asp,0.823290724206823,0.0468326044453232,L78D,L78D,0.9481,pathogenic,0.10728446432243552,0.051899999999999946,True,78,False,True
urn:mavedb:00000657-a-1#1524,,,p.Leu78Glu,0.812479499771539,0.03746762205472,L78E,L78E,0.8023,pathogenic,0.1761615394028314,0.1977,True,78,False,True
urn:mavedb:00000657-a-1#1525,,,p.Leu78Phe,0.848704702157703,0.0549485901825245,L78F,L78F,0.4031,ambiguous,0.6272505343900125,0.5969,False,78,False,False
urn:mavedb:00000657-a-1#1526,,,p.Leu78Gly,0.74451938422936,0.0305354136336922,L78G,L78G,0.8351,pathogenic,0.15628502712843828,0.16490000000000005,False,78,False,False
urn:mavedb:00000657-a-1#1527,,,p.Leu78His,0.798137367926009,0.0508779777397678,L78H,L78H,0.6622,pathogenic,0.2968188206228554,0.3378,False,78,False,False
urn:mavedb:00000657-a-1#1528,,,p.Leu78Ile,0.908178078927778,0.0406348621948667,L78I,L78I,0.1361,benign,0.8588740005826164,0.8639,False,78,False,False
urn:mavedb:00000657-a-1#1529,,,p.Leu78Lys,0.749565024423124,0.0532716635253034,L78K,L78K,0.6851,pathogenic,0.2729831422425834,0.31489999999999996,False,78,False,False
urn:mavedb:00000657-a-1#1530,,,p.Leu78Met,0.907053406640517,0.0558648783908642,L78M,L78M,0.2296,benign,0.8016132679179307,0.7704,False,78,False,False
urn:mavedb:00000657-a-1#1531,,,p.Leu78Asn,0.751257913287428,0.0303229464678707,L78N,L78N,0.8058,pathogenic,0.17390070401490604,0.19420000000000004,False,78,False,False
urn:mavedb:00000657-a-1#1532,,,p.Leu78Pro,0.804364380004271,0.056808671467439,L78P,L78P,0.8319,pathogenic,0.15809794518537046,0.16810000000000003,True,78,False,True
urn:mavedb:00000657-a-1#1533,,,p.Leu78Gln,0.808180041369658,0.01920343488607,L78Q,L78Q,0.5807,pathogenic,0.3931347632680851,0.4193,False,78,False,True
urn:mavedb:00000657-a-1#1534,,,p.Leu78Arg,0.726775358545379,0.0385753007615475,L78R,L78R,0.515,ambiguous,0.4797636576873799,0.485,False,78,False,False
urn:mavedb:00000657-a-1#1535,,,p.Leu78Ser,0.792118590454481,0.0488804814873833,L78S,L78S,0.7195,pathogenic,0.2401860634801497,0.28049999999999997,False,78,False,False
urn:mavedb:00000657-a-1#1536,,,p.Leu78Thr,0.809137633272486,0.0365775574701507,L78T,L78T,0.3746,ambiguous,0.6617312799111963,0.6254,False,78,False,False
urn:mavedb:00000657-a-1#1537,,,p.Leu78Val,0.897111937069176,0.0310411998690179,L78V,L78V,0.1819,benign,0.8337756050883244,0.8181,False,78,False,False
urn:mavedb:00000657-a-1#1538,,,p.Leu78Trp,0.850014295848362,0.036692296885093,L78W,L78W,0.6212,pathogenic,0.34322852176769053,0.3788,True,78,False,True
urn:mavedb:00000657-a-1#1539,,,p.Leu78Tyr,0.855251511088402,0.0492432858582434,L78Y,L78Y,0.7472,pathogenic,0.21645010820242655,0.2528,True,78,False,True
urn:mavedb:00000657-a-1#1541,,,p.Gly79Ala,0.984767950512165,0.0316840575949432,G79A,G79A,0.1074,benign,0.8720404855563222,0.8926000000000001,False,79,False,False
urn:mavedb:00000657-a-1#1542,,,p.Gly79Cys,1.01578866696403,0.0311145377657543,G79C,G79C,0.1224,benign,0.8653889219496548,0.8776,False,79,False,False
urn:mavedb:00000657-a-1#1543,,,p.Gly79Asp,0.956356226983385,0.0247436890872887,G79D,G79D,0.106,benign,0.8726365471533869,0.894,False,79,False,False
urn:mavedb:00000657-a-1#1544,,,p.Gly79Glu,0.965044522861832,0.0396970775949434,G79E,G79E,0.0953,benign,0.8770573148956027,0.9047000000000001,False,79,False,False
urn:mavedb:00000657-a-1#1545,,,p.Gly79Phe,1.0156040811214,0.0304368116577897,G79F,G79F,0.3985,ambiguous,0.6329413893454656,0.6014999999999999,False,79,False,False
urn:mavedb:00000657-a-1#1546,,,p.Gly79His,1.10994235518853,0.0227057695698811,G79H,G79H,0.1702,benign,0.8406978649473698,0.8298,False,79,False,False
urn:mavedb:00000657-a-1#1547,,,p.Gly79Ile,0.874782643001628,0.0389450637492279,G79I,G79I,0.2298,benign,0.8014645021940067,0.7702,False,79,False,False
urn:mavedb:00000657-a-1#1548,,,p.Gly79Lys,0.922796587109577,0.0406485248464905,G79K,G79K,0.1468,benign,0.8534798230945603,0.8532,False,79,False,False
urn:mavedb:00000657-a-1#1549,,,p.Gly79Leu,0.81817470225845,0.0414300703586853,G79L,G79L,0.2673,benign,0.7714221741069733,0.7327,False,79,False,False
urn:mavedb:00000657-a-1#1550,,,p.Gly79Met,1.02725955394991,0.0324154314086116,G79M,G79M,0.3653,ambiguous,0.6725532223700762,0.6347,False,79,False,False
urn:mavedb:00000657-a-1#1551,,,p.Gly79Asn,1.07429406536698,0.0176854831272469,G79N,G79N,0.1436,benign,0.8551218333916356,0.8564,False,79,False,False
urn:mavedb:00000657-a-1#1552,,,p.Gly79Pro,0.888718880349677,0.0307830389406982,G79P,G79P,0.6327,pathogenic,0.3297550657706197,0.36729999999999996,True,79,False,True
urn:mavedb:00000657-a-1#1553,,,p.Gly79Gln,1.01568159428964,0.0271523100019236,G79Q,G79Q,0.1315,benign,0.861109677179052,0.8685,False,79,False,False
urn:mavedb:00000657-a-1#1554,,,p.Gly79Arg,0.960180025646727,0.0386563375344766,G79R,G79R,0.106,benign,0.8726365471533869,0.894,False,79,False,False
urn:mavedb:00000657-a-1#1555,,,p.Gly79Ser,1.01509660573892,0.0307734873491943,G79S,G79S,0.08,benign,0.8829788493505747,0.92,False,79,False,False
urn:mavedb:00000657-a-1#1556,,,p.Gly79Thr,1.02473542661295,0.0242908263985059,G79T,G79T,0.119,benign,0.8669398179562101,0.881,False,79,False,False
urn:mavedb:00000657-a-1#1557,,,p.Gly79Val,0.960081423836483,0.0284103749734572,G79V,G79V,0.1643,benign,0.8440519492819718,0.8357,False,79,False,False
urn:mavedb:00000657-a-1#1558,,,p.Gly79Trp,0.982933440135596,0.0150314972486136,G79W,G79W,0.2696,benign,0.7694385567695021,0.7303999999999999,False,79,False,False
urn:mavedb:00000657-a-1#1559,,,p.Gly79Tyr,1.02521755861333,0.0228949033717285,G79Y,G79Y,0.2146,benign,0.8124325845809528,0.7854,False,79,False,False
urn:mavedb:00000657-a-1#1561,,,p.Lys80Ala,1.01226167762706,0.026860787795508,K80A,K80A,0.2202,benign,0.8084710093484484,0.7798,False,80,False,False
urn:mavedb:00000657-a-1#1562,,,p.Lys80Cys,0.976401426928225,0.0184886857369709,K80C,K80C,0.4083,ambiguous,0.6207637921650545,0.5917,False,80,False,False
urn:mavedb:00000657-a-1#1563,,,p.Lys80Asp,0.9299364281794,0.0232257638950858,K80D,K80D,0.2964,benign,0.7451104974189802,0.7036,False,80,False,False
urn:mavedb:00000657-a-1#1564,,,p.Lys80Glu,0.951968403263371,0.03090591498683,K80E,K80E,0.0836,benign,0.8816266200971518,0.9164,False,80,False,False
urn:mavedb:00000657-a-1#1565,,,p.Lys80Phe,0.973406150029669,0.0163494285690409,K80F,K80F,0.5023,ambiguous,0.4968950492754116,0.49770000000000003,False,80,False,False
urn:mavedb:00000657-a-1#1566,,,p.Lys80Gly,0.977524419876003,0.0534011508204292,K80G,K80G,0.1954,benign,0.8253280132055972,0.8046,False,80,False,False
urn:mavedb:00000657-a-1#1567,,,p.Lys80His,0.941167493523615,0.0261803027372277,K80H,K80H,0.255,benign,0.7817516474287582,0.745,False,80,False,False
urn:mavedb:00000657-a-1#1568,,,p.Lys80Ile,0.960878462921123,0.0264602734532885,K80I,K80I,0.2226,benign,0.8067449901616005,0.7774,False,80,False,False
urn:mavedb:00000657-a-1#1569,,,p.Lys80Leu,0.998926109561138,0.0359548821090075,K80L,K80L,0.1835,benign,0.8328004731565422,0.8165,False,80,False,False
urn:mavedb:00000657-a-1#1570,,,p.Lys80Met,1.01187305661929,0.0315269717545676,K80M,K80M,0.1485,benign,0.852597372723978,0.8515,False,80,False,False
urn:mavedb:00000657-a-1#1571,,,p.Lys80Asn,0.983875925231225,0.0295922238503719,K80N,K80N,0.2097,benign,0.8158239991620702,0.7903,False,80,False,False
urn:mavedb:00000657-a-1#1572,,,p.Lys80Pro,1.03985971919016,0.0279205036373727,K80P,K80P,0.529,ambiguous,0.46094847731083616,0.471,False,80,False,False
urn:mavedb:00000657-a-1#1573,,,p.Lys80Gln,1.00476529659934,0.0233065072189148,K80Q,K80Q,0.0995,benign,0.8753502043605842,0.9005,False,80,False,False
urn:mavedb:00000657-a-1#1574,,,p.Lys80Arg,1.01427953412495,0.0232027341343098,K80R,K80R,0.0731,benign,0.8855020882425,0.9269000000000001,False,80,False,False
urn:mavedb:00000657-a-1#1575,,,p.Lys80Ser,0.980708241917461,0.0262153658693495,K80S,K80S,0.215,benign,0.8121526558114225,0.785,False,80,False,False
urn:mavedb:00000657-a-1#1576,,,p.Lys80Thr,1.00135833470006,0.0307432078378745,K80T,K80T,0.1397,benign,0.8570896747602155,0.8603000000000001,False,80,False,False
urn:mavedb:00000657-a-1#1577,,,p.Lys80Val,0.976230160072357,0.03104095239835,K80V,K80V,0.2073,benign,0.8174597881777267,0.7927,False,80,False,False
urn:mavedb:00000657-a-1#1578,,,p.Lys80Trp,0.929502567229243,0.014162194771887,K80W,K80W,0.5164,ambiguous,0.47787784704289277,0.48360000000000003,False,80,False,False
urn:mavedb:00000657-a-1#1579,,,p.Lys80Tyr,0.933195143986804,0.0253925652698582,K80Y,K80Y,0.3772,ambiguous,0.6586661375487729,0.6228,False,80,False,False
urn:mavedb:00000657-a-1#1581,,,p.Lys81Ala,1.02997485095069,0.0388011722036871,K81A,K81A,0.1031,benign,0.873858127763864,0.8969,False,81,False,False
urn:mavedb:00000657-a-1#1582,,,p.Lys81Cys,0.969051515647883,0.0343163238341672,K81C,K81C,0.2702,benign,0.7689183852577377,0.7298,False,81,False,False
urn:mavedb:00000657-a-1#1583,,,p.Lys81Asp,0.971162112558343,0.0336240988027281,K81D,K81D,0.1121,benign,0.8700089134559198,0.8879,False,81,False,False
urn:mavedb:00000657-a-1#1584,,,p.Lys81Glu,1.00694917308533,0.0287829417555437,K81E,K81E,0.06,benign,0.8900527679824184,0.94,False,81,False,False
urn:mavedb:00000657-a-1#1585,,,p.Lys81Phe,0.995544142339198,0.0352897494235085,K81F,K81F,0.2956,benign,0.7458690821330496,0.7044,False,81,False,False
urn:mavedb:00000657-a-1#1586,,,p.Lys81Gly,1.00352446005688,0.0267447492193348,K81G,K81G,0.1202,benign,0.8663953807426547,0.8798,False,81,False,False
urn:mavedb:00000657-a-1#1587,,,p.Lys81His,0.956543667585546,0.0484751067110496,K81H,K81H,0.144,benign,0.854917937779553,0.856,False,81,False,False
urn:mavedb:00000657-a-1#1588,,,p.Lys81Ile,0.966915049301257,0.0320735179912624,K81I,K81I,0.1184,benign,0.8672108405475775,0.8815999999999999,False,81,False,False
urn:mavedb:00000657-a-1#1589,,,p.Lys81Leu,1.01593880125093,0.0312857533172894,K81L,K81L,0.1171,benign,0.867795331167415,0.8829,False,81,False,False
urn:mavedb:00000657-a-1#1590,,,p.Lys81Met,1.0080620363709,0.0130476946810169,K81M,K81M,0.1047,benign,0.8731863328561332,0.8953,False,81,False,False
urn:mavedb:00000657-a-1#1591,,,p.Lys81Asn,0.95786394036566,0.0282810658353683,K81N,K81N,0.0855,benign,0.8809028885731988,0.9145,False,81,False,False
urn:mavedb:00000657-a-1#1592,,,p.Lys81Pro,1.12615883268675,0.0535539897173037,K81P,K81P,0.1228,benign,0.8652047667741092,0.8772,False,81,False,False
urn:mavedb:00000657-a-1#1593,,,p.Lys81Gln,0.99192494005617,0.0192025757915461,K81Q,K81Q,0.0787,benign,0.8834610820445653,0.9213,False,81,False,False
urn:mavedb:00000657-a-1#1594,,,p.Lys81Arg,0.97752259753624,0.0359777008291304,K81R,K81R,0.0739,benign,0.885214093261438,0.9261,False,81,False,False
urn:mavedb:00000657-a-1#1595,,,p.Lys81Ser,0.990870651258804,0.0387257742844945,K81S,K81S,0.1053,benign,0.8729330271649379,0.8947,False,81,False,False
urn:mavedb:00000657-a-1#1596,,,p.Lys81Thr,0.995029633886272,0.0285460221528127,K81T,K81T,0.0697,benign,0.8867129303608186,0.9303,False,81,False,False
urn:mavedb:00000657-a-1#1597,,,p.Lys81Val,0.996339628072518,0.0359909420897535,K81V,K81V,0.1031,benign,0.873858127763864,0.8969,False,81,False,False
urn:mavedb:00000657-a-1#1598,,,p.Lys81Trp,0.911639831364922,0.0320009447198607,K81W,K81W,0.4033,ambiguous,0.627002082530321,0.5967,False,81,False,False
urn:mavedb:00000657-a-1#1599,,,p.Lys81Tyr,0.893026638735977,0.0428174880224164,K81Y,K81Y,0.2133,benign,0.813339136231154,0.7867,False,81,False,False
urn:mavedb:00000657-a-1#1601,,,p.Met82Ala,1.0233616560877,0.0417127528062952,M82A,M82A,0.1049,benign,0.8731019816133216,0.8951,False,82,False,False
urn:mavedb:00000657-a-1#1602,,,p.Met82Cys,0.996564188399084,0.023267828720039,M82C,M82C,0.3015,benign,0.740227879152136,0.6985,False,82,False,False
urn:mavedb:00000657-a-1#1603,,,p.Met82Asp,1.01422847949086,0.0219929799163284,M82D,M82D,0.1816,benign,0.8339576711916147,0.8184,False,82,False,False
urn:mavedb:00000657-a-1#1604,,,p.Met82Glu,1.02512655465704,0.0353499724260487,M82E,M82E,0.1082,benign,0.8716980153344265,0.8918,False,82,False,False
urn:mavedb:00000657-a-1#1605,,,p.Met82Phe,1.01090698358217,0.0213495334278209,M82F,M82F,0.1343,benign,0.8597547126665545,0.8657,False,82,False,False
urn:mavedb:00000657-a-1#1606,,,p.Met82Gly,1.01163663487669,0.0266110750693952,M82G,M82G,0.1729,benign,0.8391326510410333,0.8271,False,82,False,False
urn:mavedb:00000657-a-1#1607,,,p.Met82His,0.960598687485215,0.029346392172397,M82H,M82H,0.1628,benign,0.8448903416793975,0.8371999999999999,False,82,False,False
urn:mavedb:00000657-a-1#1608,,,p.Met82Ile,0.978001925636293,0.0489513269916276,M82I,M82I,0.0826,benign,0.8820047311334621,0.9174,False,82,False,False
urn:mavedb:00000657-a-1#1609,,,p.Met82Lys,0.960694787171152,0.0198209362572834,M82K,M82K,0.0708,benign,0.8863235046009974,0.9292,False,82,False,False
urn:mavedb:00000657-a-1#1610,,,p.Met82Leu,1.00977448071144,0.0275563885120295,M82L,M82L,0.0722,benign,0.8858246701623679,0.9278,False,82,False,False
urn:mavedb:00000657-a-1#1611,,,p.Met82Asn,0.993683595863265,0.0234826440849006,M82N,M82N,0.1001,benign,0.8751033851562477,0.8999,False,82,False,False
urn:mavedb:00000657-a-1#1612,,,p.Met82Pro,1.0246425462752,0.0402240194598841,M82P,M82P,0.1015,benign,0.8745245859998891,0.8985,False,82,False,False
urn:mavedb:00000657-a-1#1613,,,p.Met82Gln,1.00925611106479,0.0247335120859321,M82Q,M82Q,0.0988,benign,0.8756372248960567,0.9012,False,82,False,False
urn:mavedb:00000657-a-1#1614,,,p.Met82Arg,0.973546361374105,0.0314333751992135,M82R,M82R,0.0731,benign,0.8855020882425,0.9269000000000001,False,82,False,False
urn:mavedb:00000657-a-1#1615,,,p.Met82Ser,1.01132718362752,0.0347125365521176,M82S,M82S,0.1039,benign,0.8735228994574652,0.8961,False,82,False,False
urn:mavedb:00000657-a-1#1616,,,p.Met82Thr,0.98276795271219,0.0458154028029192,M82T,M82T,0.0739,benign,0.885214093261438,0.9261,False,82,False,False
urn:mavedb:00000657-a-1#1617,,,p.Met82Val,0.957610706796796,0.0352827194426092,M82V,M82V,0.0579,benign,0.8907539534497552,0.9421,False,82,False,False
urn:mavedb:00000657-a-1#1618,,,p.Met82Trp,0.97373646298125,0.0351506993972562,M82W,M82W,0.2608,benign,0.7769392188941378,0.7392000000000001,False,82,False,False
urn:mavedb:00000657-a-1#1619,,,p.Met82Tyr,0.967692357041054,0.0303209013812477,M82Y,M82Y,0.1788,benign,0.8356452603889252,0.8212,False,82,False,False
urn:mavedb:00000657-a-1#1621,,,p.Ser83Ala,0.950105332731944,0.0316067477616045,S83A,S83A,0.0715,benign,0.88607453675133,0.9285,False,83,False,False
urn:mavedb:00000657-a-1#1622,,,p.Ser83Cys,0.94301636186727,0.0345368326509755,S83C,S83C,0.0923,benign,0.8782548077205617,0.9077,False,83,False,False
urn:mavedb:00000657-a-1#1623,,,p.Ser83Asp,0.984643382424407,0.0468722805085934,S83D,S83D,0.1168,benign,0.8679296854900972,0.8832,False,83,False,False
urn:mavedb:00000657-a-1#1624,,,p.Ser83Glu,0.963863892820763,0.0237154254845648,S83E,S83E,0.1691,benign,0.841330066203962,0.8309,False,83,False,False
urn:mavedb:00000657-a-1#1625,,,p.Ser83Phe,0.897374457357632,0.0522682444159481,S83F,S83F,0.149,benign,0.8523364826466322,0.851,False,83,False,False
urn:mavedb:00000657-a-1#1626,,,p.Ser83Gly,0.959359373292489,0.0428988523839029,S83G,S83G,0.0729,benign,0.8855739021746022,0.9271,False,83,False,False
urn:mavedb:00000657-a-1#1627,,,p.Ser83His,0.964218738056782,0.0232107435936901,S83H,S83H,0.1656,benign,0.8433206608922091,0.8344,False,83,False,False
urn:mavedb:00000657-a-1#1628,,,p.Ser83Ile,0.952000051852926,0.0344003396133581,S83I,S83I,0.1187,benign,0.8670754287376009,0.8813,False,83,False,False
urn:mavedb:00000657-a-1#1629,,,p.Ser83Lys,0.957579690978284,0.0321252948790103,S83K,S83K,0.2313,benign,0.8003449431387181,0.7686999999999999,False,83,False,False
urn:mavedb:00000657-a-1#1630,,,p.Ser83Leu,0.958452790577707,0.0228304166531761,S83L,S83L,0.0805,benign,0.8827925209543713,0.9195,False,83,False,False
urn:mavedb:00000657-a-1#1631,,,p.Ser83Met,0.959322596565835,0.0511088286190311,S83M,S83M,0.1536,benign,0.8499073810109561,0.8464,False,83,False,False
urn:mavedb:00000657-a-1#1632,,,p.Ser83Asn,0.962537085271413,0.0272712096906013,S83N,S83N,0.0834,benign,0.8817023963608503,0.9166,False,83,False,False
urn:mavedb:00000657-a-1#1633,,,p.Ser83Pro,0.924865003618364,0.0401766644421806,S83P,S83P,0.0944,benign,0.8774184636630069,0.9056,False,83,False,False
urn:mavedb:00000657-a-1#1634,,,p.Ser83Gln,0.968993478501283,0.030892985064267,S83Q,S83Q,0.2303,benign,0.8010920643710021,0.7697,False,83,False,False
urn:mavedb:00000657-a-1#1635,,,p.Ser83Arg,0.949609097376059,0.0305075737079045,S83R,S83R,0.1969,benign,0.8243582479953755,0.8031,False,83,False,False
urn:mavedb:00000657-a-1#1636,,,p.Ser83Thr,1.0336575689526,0.0352673317892144,S83T,S83T,0.068,benign,0.8873104416806389,0.9319999999999999,False,83,False,False
urn:mavedb:00000657-a-1#1637,,,p.Ser83Val,0.984560055333267,0.043535614862061,S83V,S83V,0.1167,benign,0.8679744263454524,0.8833,False,83,False,False
urn:mavedb:00000657-a-1#1638,,,p.Ser83Trp,0.603958704421738,0.0458055562503236,S83W,S83W,0.1886,benign,0.8296457320070761,0.8114,False,83,False,False
urn:mavedb:00000657-a-1#1639,,,p.Ser83Tyr,0.881970705423267,0.0305044528500463,S83Y,S83Y,0.1166,benign,0.8680191452548713,0.8834,False,83,False,False
urn:mavedb:00000657-a-1#1641,,,p.Glu84Ala,1.00799381165911,0.0455790164761534,E84A,E84A,0.0973,benign,0.8762488898786811,0.9027000000000001,False,84,False,False
urn:mavedb:00000657-a-1#1642,,,p.Glu84Cys,0.94798024336067,0.0452086921869515,E84C,E84C,0.4731,ambiguous,0.5362363711300913,0.5268999999999999,False,84,False,False
urn:mavedb:00000657-a-1#1643,,,p.Glu84Asp,1.00037790816162,0.0242236119073661,E84D,E84D,0.0771,benign,0.8840502155338079,0.9229,False,84,False,False
urn:mavedb:00000657-a-1#1644,,,p.Glu84Phe,0.967892051741513,0.0403026741135069,E84F,E84F,0.4289,ambiguous,0.59455533942297,0.5710999999999999,False,84,False,False
urn:mavedb:00000657-a-1#1645,,,p.Glu84Gly,1.02277724070517,0.0475626289918997,E84G,E84G,0.0819,benign,0.8822682654116364,0.9181,False,84,False,False
urn:mavedb:00000657-a-1#1646,,,p.Glu84His,0.978160077062933,0.0266131973799221,E84H,E84H,0.2066,benign,0.8179337752658637,0.7934,False,84,False,False
urn:mavedb:00000657-a-1#1647,,,p.Glu84Ile,1.00350865545044,0.0543873624268758,E84I,E84I,0.1943,benign,0.8260351758812318,0.8057,False,84,False,False
urn:mavedb:00000657-a-1#1648,,,p.Glu84Lys,0.98606857360156,0.0393126257002518,E84K,E84K,0.069,benign,0.8869595993554247,0.931,False,84,False,False
urn:mavedb:00000657-a-1#1649,,,p.Glu84Leu,1.02609800462168,0.0188519626517304,E84L,E84L,0.195,benign,0.8255855541447553,0.8049999999999999,False,84,False,False
urn:mavedb:00000657-a-1#1650,,,p.Glu84Met,0.962669844922016,0.078432455226318,E84M,E84M,0.2448,benign,0.7899636386263873,0.7552,False,84,False,False
urn:mavedb:00000657-a-1#1651,,,p.Glu84Asn,1.01506831875603,0.05020186618765,E84N,E84N,0.1243,benign,0.864510982942264,0.8757,False,84,False,False
urn:mavedb:00000657-a-1#1652,,,p.Glu84Pro,1.04210185809306,0.0336921224914523,E84P,E84P,0.1895,benign,0.8290816154780246,0.8105,False,84,False,False
urn:mavedb:00000657-a-1#1653,,,p.Glu84Gln,1.01029387663096,0.0255744120086587,E84Q,E84Q,0.1058,benign,0.8727213610085206,0.8942,False,84,False,False
urn:mavedb:00000657-a-1#1654,,,p.Glu84Arg,0.987517758790597,0.0306315589636265,E84R,E84R,0.1098,benign,0.8710089892123949,0.8902,False,84,False,False
urn:mavedb:00000657-a-1#1655,,,p.Glu84Ser,1.00120634293991,0.0225494209482717,E84S,E84S,0.1052,benign,0.8729752972925516,0.8948,False,84,False,False
urn:mavedb:00000657-a-1#1656,,,p.Glu84Thr,0.992411379807147,0.0502736459895403,E84T,E84T,0.1158,benign,0.8683761074484615,0.8842,False,84,False,False
urn:mavedb:00000657-a-1#1657,,,p.Glu84Val,1.01536517900005,0.0326491390233403,E84V,E84V,0.1293,benign,0.8621615546220511,0.8707,False,84,False,False
urn:mavedb:00000657-a-1#1658,,,p.Glu84Trp,0.921731943078678,0.0371146862989326,E84W,E84W,0.5065,ambiguous,0.49122611206210565,0.49350000000000005,False,84,False,False
urn:mavedb:00000657-a-1#1659,,,p.Glu84Tyr,0.910383573936054,0.0527842461913094,E84Y,E84Y,0.2877,benign,0.7532532961173535,0.7122999999999999,False,84,False,False
urn:mavedb:00000657-a-1#1661,,,p.Asp85Ala,1.00991766428244,0.0228831405521888,D85A,D85A,0.1003,benign,0.8750209473352738,0.8996999999999999,False,85,False,False
urn:mavedb:00000657-a-1#1662,,,p.Asp85Cys,0.981516033245557,0.0252986032497752,D85C,D85C,0.2309,benign,0.8006441511271641,0.7691,False,85,False,False
urn:mavedb:00000657-a-1#1663,,,p.Asp85Glu,0.976259257241906,0.0362005289503993,D85E,D85E,0.1091,benign,0.8713111098903134,0.8909,False,85,False,False
urn:mavedb:00000657-a-1#1664,,,p.Asp85Phe,0.942351977934428,0.0335968433488728,D85F,D85F,0.2585,benign,0.7788600367724647,0.7415,False,85,False,False
urn:mavedb:00000657-a-1#1665,,,p.Asp85Gly,0.948548578371901,0.0340641799733059,D85G,D85G,0.0854,benign,0.8809411541813812,0.9146,False,85,False,False
urn:mavedb:00000657-a-1#1666,,,p.Asp85His,0.98489618299131,0.0394710669938251,D85H,D85H,0.117,benign,0.8678401379091781,0.883,False,85,False,False
urn:mavedb:00000657-a-1#1667,,,p.Asp85Ile,0.967087507039372,0.0291927110398353,D85I,D85I,0.1392,benign,0.8573393339511725,0.8608,False,85,False,False
urn:mavedb:00000657-a-1#1668,,,p.Asp85Lys,0.966827155823841,0.0388583676977188,D85K,D85K,0.1533,benign,0.8500673986344843,0.8467,False,85,False,False
urn:mavedb:00000657-a-1#1669,,,p.Asp85Leu,0.979030961004511,0.0113189850986635,D85L,D85L,0.1742,benign,0.8383721813724746,0.8258,False,85,False,False
urn:mavedb:00000657-a-1#1670,,,p.Asp85Met,0.990187852300594,0.0160275553094363,D85M,D85M,0.2955,benign,0.7459637655400283,0.7045,False,85,False,False
urn:mavedb:00000657-a-1#1671,,,p.Asp85Asn,0.981935477479259,0.0535551031880027,D85N,D85N,0.0693,benign,0.886853993116309,0.9307,False,85,False,False
urn:mavedb:00000657-a-1#1672,,,p.Asp85Pro,0.966202709685731,0.0471200245154117,D85P,D85P,0.3222,benign,0.7195890993250832,0.6778,False,85,False,False
urn:mavedb:00000657-a-1#1673,,,p.Asp85Gln,0.965916915318743,0.0181183377994696,D85Q,D85Q,0.1646,benign,0.8438835769573889,0.8354,False,85,False,False
urn:mavedb:00000657-a-1#1674,,,p.Asp85Arg,0.943050404124208,0.0272693982371858,D85R,D85R,0.1717,benign,0.8398306666265838,0.8283,False,85,False,False
urn:mavedb:00000657-a-1#1675,,,p.Asp85Ser,1.01095468342981,0.020922336431576,D85S,D85S,0.0845,benign,0.8812846712103002,0.9155,False,85,False,False
urn:mavedb:00000657-a-1#1676,,,p.Asp85Thr,0.960341103418737,0.0306511002124428,D85T,D85T,0.1132,benign,0.8695265881702268,0.8868,False,85,False,False
urn:mavedb:00000657-a-1#1677,,,p.Asp85Val,0.914447086391356,0.0362262405947112,D85V,D85V,0.0993,benign,0.8754323128902419,0.9007000000000001,False,85,False,False
urn:mavedb:00000657-a-1#1678,,,p.Asp85Trp,0.84087511198209,0.0320721641344589,D85W,D85W,0.5693,pathogenic,0.407769987893696,0.43069999999999997,False,85,False,False
urn:mavedb:00000657-a-1#1679,,,p.Asp85Tyr,0.910031208131961,0.0427245534744254,D85Y,D85Y,0.0918,benign,0.8784526358088933,0.9082,False,85,False,False
urn:mavedb:00000657-a-1#1681,,,p.Leu86Ala,0.967373627724008,0.0187619343209429,L86A,L86A,0.156,benign,0.8486191539133005,0.844,False,86,False,False
urn:mavedb:00000657-a-1#1682,,,p.Leu86Cys,0.928764246006871,0.0248630854710399,L86C,L86C,0.3178,benign,0.7240854410555071,0.6821999999999999,False,86,False,False
urn:mavedb:00000657-a-1#1683,,,p.Leu86Asp,0.940714815050684,0.0233312497938738,L86D,L86D,0.3393,benign,0.701565733916779,0.6607000000000001,False,86,False,False
urn:mavedb:00000657-a-1#1684,,,p.Leu86Glu,0.945136705983213,0.0232862826020583,L86E,L86E,0.2102,benign,0.8154811211169998,0.7898000000000001,False,86,False,False
urn:mavedb:00000657-a-1#1685,,,p.Leu86Phe,0.908314158480012,0.0437631599185109,L86F,L86F,0.0985,benign,0.8757599260312444,0.9015,False,86,False,False
urn:mavedb:00000657-a-1#1686,,,p.Leu86Gly,0.944664314980743,0.0279597418215057,L86G,L86G,0.3413,ambiguous,0.6994016604460254,0.6587000000000001,False,86,False,False
urn:mavedb:00000657-a-1#1687,,,p.Leu86His,0.88839010166643,0.0221189485318873,L86H,L86H,0.1497,benign,0.851970205591487,0.8503000000000001,False,86,False,False
urn:mavedb:00000657-a-1#1688,,,p.Leu86Ile,0.94036913417094,0.0218370240349602,L86I,L86I,0.0708,benign,0.8863235046009974,0.9292,False,86,False,False
urn:mavedb:00000657-a-1#1689,,,p.Leu86Lys,0.81940368352762,0.0459901979711529,L86K,L86K,0.2035,benign,0.8200160080188906,0.7965,False,86,False,False
urn:mavedb:00000657-a-1#1690,,,p.Leu86Met,1.00333805537261,0.0301410903854481,L86M,L86M,0.0946,benign,0.8773383496195467,0.9054,False,86,False,False
urn:mavedb:00000657-a-1#1691,,,p.Leu86Asn,0.864043292840569,0.0459765739009805,L86N,L86N,0.2225,benign,0.8068172470571462,0.7775,False,86,False,False
urn:mavedb:00000657-a-1#1692,,,p.Leu86Pro,0.8334440951264,0.0226602059989486,L86P,L86P,0.371,ambiguous,0.6659469843695736,0.629,False,86,False,False
urn:mavedb:00000657-a-1#1693,,,p.Leu86Gln,0.922746427339784,0.0342831101856734,L86Q,L86Q,0.1345,benign,0.8596572305230861,0.8654999999999999,False,86,False,False
urn:mavedb:00000657-a-1#1694,,,p.Leu86Arg,0.810666999895769,0.0432067993001048,L86R,L86R,0.162,benign,0.8453351261605826,0.838,False,86,False,False
urn:mavedb:00000657-a-1#1695,,,p.Leu86Ser,0.938732943653499,0.0297890108925215,L86S,L86S,0.1257,benign,0.8638588719573201,0.8743,False,86,False,False
urn:mavedb:00000657-a-1#1696,,,p.Leu86Thr,0.9887324435622,0.0334555222435996,L86T,L86T,0.1185,benign,0.8671657253720203,0.8815,False,86,False,False
urn:mavedb:00000657-a-1#1697,,,p.Leu86Val,0.973395205239947,0.0298835578803736,L86V,L86V,0.083,benign,0.8818537176772916,0.917,False,86,False,False
urn:mavedb:00000657-a-1#1698,,,p.Leu86Trp,0.807140367508297,0.0326680065670196,L86W,L86W,0.165,benign,0.8436587199716573,0.835,False,86,False,False
urn:mavedb:00000657-a-1#1699,,,p.Leu86Tyr,0.859400275922056,0.0319963352820906,L86Y,L86Y,0.1937,benign,0.8264194785378004,0.8063,False,86,False,False
urn:mavedb:00000657-a-1#1701,,,p.Pro87Ala,0.95885006326694,0.033656366044282,P87A,P87A,0.1752,benign,0.8377841615604015,0.8248,False,87,False,False
urn:mavedb:00000657-a-1#1702,,,p.Pro87Cys,0.829578828105975,0.050547972305894,P87C,P87C,0.5533,ambiguous,0.42865204114128347,0.4467,False,87,False,False
urn:mavedb:00000657-a-1#1703,,,p.Pro87Asp,0.857405948002282,0.022632000986922,P87D,P87D,0.5995,pathogenic,0.36952731142364964,0.40049999999999997,False,87,False,True
urn:mavedb:00000657-a-1#1704,,,p.Pro87Glu,0.862426834338477,0.0327658084750945,P87E,P87E,0.4659,ambiguous,0.5458750795372118,0.5341,False,87,False,False
urn:mavedb:00000657-a-1#1705,,,p.Pro87Phe,0.705578024088895,0.0276429868848885,P87F,P87F,0.6469,pathogenic,0.3135989736824115,0.35309999999999997,False,87,False,False
urn:mavedb:00000657-a-1#1706,,,p.Pro87Gly,0.832687784342501,0.0292470877027892,P87G,P87G,0.4874,ambiguous,0.5170019031048355,0.5126,False,87,False,False
urn:mavedb:00000657-a-1#1707,,,p.Pro87His,0.801093807327003,0.105521106698966,P87H,P87H,0.3221,benign,0.7196919380187989,0.6779,False,87,False,False
urn:mavedb:00000657-a-1#1708,,,p.Pro87Ile,0.445114140277948,0.0355523424887469,P87I,P87I,0.5172,ambiguous,0.4768005862897852,0.4828,False,87,False,False
urn:mavedb:00000657-a-1#1709,,,p.Pro87Lys,0.78353131351982,0.03522764101486,P87K,P87K,0.488,ambiguous,0.5161930052260684,0.512,False,87,False,False
urn:mavedb:00000657-a-1#1710,,,p.Pro87Leu,0.766066025432562,0.046377934774671,P87L,P87L,0.1774,benign,0.836481164598144,0.8226,False,87,False,False
urn:mavedb:00000657-a-1#1711,,,p.Pro87Met,0.865694321749684,0.040709668069769,P87M,P87M,0.529,ambiguous,0.46094847731083616,0.471,False,87,False,False
urn:mavedb:00000657-a-1#1712,,,p.Pro87Asn,0.800058854436325,0.0312677320604502,P87N,P87N,0.4911,ambiguous,0.5120121456894711,0.5089,False,87,False,False
urn:mavedb:00000657-a-1#1713,,,p.Pro87Gln,0.911454857885985,0.0314650269977904,P87Q,P87Q,0.3115,benign,0.7304210585015446,0.6885,False,87,False,False
urn:mavedb:00000657-a-1#1714,,,p.Pro87Arg,0.832027441967621,0.0287720304151622,P87R,P87R,0.3203,benign,0.721537879044385,0.6797,False,87,False,False
urn:mavedb:00000657-a-1#1715,,,p.Pro87Ser,0.854096512108076,0.0436998524795042,P87S,P87S,0.2203,benign,0.8083994308730784,0.7797000000000001,False,87,False,False
urn:mavedb:00000657-a-1#1716,,,p.Pro87Thr,0.666399954067334,0.0350880417260359,P87T,P87T,0.2125,benign,0.8138945727418332,0.7875,False,87,False,False
urn:mavedb:00000657-a-1#1717,,,p.Pro87Val,0.607226034245481,0.0339869169285578,P87V,P87V,0.3911,ambiguous,0.6419986118318989,0.6089,False,87,False,False
urn:mavedb:00000657-a-1#1718,,,p.Pro87Trp,0.517128027486585,0.0366363921777311,P87W,P87W,0.758,pathogenic,0.2078377862305663,0.242,False,87,False,False
urn:mavedb:00000657-a-1#1719,,,p.Pro87Tyr,0.0009779624455239,0.0227703052001241,P87Y,P87Y,0.5913,pathogenic,0.3797374786393092,0.40869999999999995,False,87,False,False
urn:mavedb:00000657-a-1#1721,,,p.Tyr88Ala,0.401402143572105,0.0356275723474634,Y88A,Y88A,0.638,pathogenic,0.32366131309064594,0.362,False,88,False,False
urn:mavedb:00000657-a-1#1722,,,p.Tyr88Cys,0.535971995318616,0.0442616603354425,Y88C,Y88C,0.1729,benign,0.8391326510410333,0.8271,False,88,False,False
urn:mavedb:00000657-a-1#1723,,,p.Tyr88Asp,0.297865297525796,0.0437711539690044,Y88D,Y88D,0.4514,ambiguous,0.56514901479976,0.5486,False,88,False,False
urn:mavedb:00000657-a-1#1724,,,p.Tyr88Glu,0.724677955428697,0.0407359981663607,Y88E,Y88E,0.7207,pathogenic,0.2391083344609664,0.2793,False,88,False,False
urn:mavedb:00000657-a-1#1725,,,p.Tyr88Phe,0.722041864912146,0.0244208198273331,Y88F,Y88F,0.1631,benign,0.8447231250773315,0.8369,False,88,False,False
urn:mavedb:00000657-a-1#1726,,,p.Tyr88Gly,0.191270949044683,0.0454915030835587,Y88G,Y88G,0.5914,pathogenic,0.3796121307422018,0.40859999999999996,False,88,False,False
urn:mavedb:00000657-a-1#1727,,,p.Tyr88His,0.746214293823073,0.0460512505404046,Y88H,Y88H,0.3597,ambiguous,0.6789597631916927,0.6403,False,88,False,False
urn:mavedb:00000657-a-1#1728,,,p.Tyr88Ile,0.395157662388748,0.0379664489815946,Y88I,Y88I,0.6191,pathogenic,0.34572488561256653,0.3809,False,88,False,False
urn:mavedb:00000657-a-1#1729,,,p.Tyr88Lys,0.124104276171615,0.0489795359056906,Y88K,Y88K,0.8278,pathogenic,0.1604597124814519,0.17220000000000002,False,88,False,False
urn:mavedb:00000657-a-1#1730,,,p.Tyr88Leu,0.558503932095876,0.0413435333707809,Y88L,Y88L,0.5102,ambiguous,0.48623429628326004,0.4898,False,88,False,False
urn:mavedb:00000657-a-1#1731,,,p.Tyr88Met,0.383519653264622,0.0286208242524985,Y88M,Y88M,0.7486,pathogenic,0.2153135278569867,0.25139999999999996,False,88,False,False
urn:mavedb:00000657-a-1#1732,,,p.Tyr88Asn,0.26588092319009,0.0338915553110497,Y88N,Y88N,0.3448,ambiguous,0.6955868084426515,0.6552,False,88,False,False
urn:mavedb:00000657-a-1#1733,,,p.Tyr88Pro,0.166132159867998,0.0354182210116526,Y88P,Y88P,0.83,pathogenic,0.1591869541025632,0.17000000000000004,False,88,False,False
urn:mavedb:00000657-a-1#1734,,,p.Tyr88Gln,0.3604595053222,0.0375717213448378,Y88Q,Y88Q,0.7105,pathogenic,0.24841210212219766,0.2895,False,88,False,False
urn:mavedb:00000657-a-1#1735,,,p.Tyr88Arg,0.148438504113937,0.0372371696701667,Y88R,Y88R,0.6258,pathogenic,0.33779867505545613,0.3742,False,88,False,False
urn:mavedb:00000657-a-1#1736,,,p.Tyr88Ser,0.390045921476039,0.0359180458465296,Y88S,Y88S,0.3614,ambiguous,0.6770238215764148,0.6386000000000001,False,88,False,False
urn:mavedb:00000657-a-1#1737,,,p.Tyr88Thr,0.311097718564135,0.0528864804033359,Y88T,Y88T,0.6366,pathogenic,0.3252637178473817,0.36339999999999995,False,88,False,False
urn:mavedb:00000657-a-1#1738,,,p.Tyr88Val,0.513069146606914,0.04295590352111,Y88V,Y88V,0.4319,ambiguous,0.5906769238859414,0.5681,False,88,False,False
urn:mavedb:00000657-a-1#1739,,,p.Tyr88Trp,0.903610337065803,0.0358141634066795,Y88W,Y88W,0.43,ambiguous,0.5931349248782537,0.5700000000000001,False,88,False,False
urn:mavedb:00000657-a-1#1741,,,p.Glu89Ala,0.0062263193786442,0.018779498517478,E89A,E89A,0.9462,pathogenic,0.10789899167179798,0.05379999999999996,False,89,False,False
urn:mavedb:00000657-a-1#1742,,,p.Glu89Cys,-0.0026482615385476,0.0142117825258714,E89C,E89C,0.994,pathogenic,0.09417108924321346,0.006000000000000005,False,89,False,False
urn:mavedb:00000657-a-1#1743,,,p.Glu89Asp,0.103846676202535,0.0343404204487945,E89D,E89D,0.9487,pathogenic,0.10709166935282319,0.05130000000000001,False,89,False,False
urn:mavedb:00000657-a-1#1744,,,p.Glu89Phe,0.0089407890253483,0.0384649796223477,E89F,E89F,0.9993,pathogenic,0.09285437859710068,0.0007000000000000339,False,89,False,False
urn:mavedb:00000657-a-1#1745,,,p.Glu89Gly,0.0365150253227194,0.0339148408634763,E89G,E89G,0.9462,pathogenic,0.10789899167179798,0.05379999999999996,False,89,False,False
urn:mavedb:00000657-a-1#1746,,,p.Glu89His,0.0087483105967737,0.0161778804767547,E89H,E89H,0.9938,pathogenic,0.09422152038597464,0.006199999999999983,False,89,False,False
urn:mavedb:00000657-a-1#1747,,,p.Glu89Ile,-3.28686625366412e-05,0.0229737402297902,E89I,E89I,0.9931,pathogenic,0.09439845970290325,0.006900000000000017,False,89,False,False
urn:mavedb:00000657-a-1#1748,,,p.Glu89Lys,-0.010726148730447,0.0245462179161336,E89K,E89K,0.9358,pathogenic,0.11137277306249946,0.06420000000000003,False,89,False,False
urn:mavedb:00000657-a-1#1749,,,p.Glu89Leu,-0.0020037952828871,0.0310240455458443,E89L,E89L,0.9939,pathogenic,0.09419629799287946,0.006099999999999994,False,89,False,False
urn:mavedb:00000657-a-1#1750,,,p.Glu89Met,-0.0013749723763835,0.0210531785681795,E89M,E89M,0.995,pathogenic,0.09391975069892,0.0050000000000000044,False,89,False,False
urn:mavedb:00000657-a-1#1751,,,p.Glu89Asn,0.0183897386136087,0.0370087256308848,E89N,E89N,0.9915,pathogenic,0.09480541607229787,0.008499999999999952,False,89,False,False
urn:mavedb:00000657-a-1#1752,,,p.Glu89Pro,0.0384536786244573,0.0269895606392406,E89P,E89P,0.9938,pathogenic,0.09422152038597464,0.006199999999999983,False,89,False,False
urn:mavedb:00000657-a-1#1753,,,p.Glu89Gln,0.0458922703758622,0.019809132494202,E89Q,E89Q,0.9374,pathogenic,0.11082604228520396,0.06259999999999999,False,89,False,False
urn:mavedb:00000657-a-1#1754,,,p.Glu89Arg,0.0020409393413671,0.0192436248960532,E89R,E89R,0.9621,pathogenic,0.1029406145365428,0.037900000000000045,False,89,False,False
urn:mavedb:00000657-a-1#1755,,,p.Glu89Ser,0.0362352634266169,0.0317269246805919,E89S,E89S,0.973,pathogenic,0.09977444374894895,0.027000000000000024,False,89,False,False
urn:mavedb:00000657-a-1#1756,,,p.Glu89Thr,0.0062879243033227,0.0158418245913845,E89T,E89T,0.9838,pathogenic,0.0968137902726998,0.016199999999999992,False,89,False,False
urn:mavedb:00000657-a-1#1757,,,p.Glu89Val,-0.0044537854347036,0.0195528989096974,E89V,E89V,0.9765,pathogenic,0.0987961603976788,0.023499999999999965,False,89,False,False
urn:mavedb:00000657-a-1#1758,,,p.Glu89Trp,0.0006996379868891,0.036781979753897,E89W,E89W,0.9996,pathogenic,0.09278097350409956,0.00039999999999995595,False,89,False,False
urn:mavedb:00000657-a-1#1759,,,p.Glu89Tyr,-0.0058744813711373,0.0205803565708319,E89Y,E89Y,0.9976,pathogenic,0.09327260582445412,0.0023999999999999577,False,89,False,False
urn:mavedb:00000657-a-1#1761,,,p.Val90Ala,0.881759332181284,0.0333408844423313,V90A,V90A,0.2926,benign,0.7486960723041766,0.7074,False,90,False,False
urn:mavedb:00000657-a-1#1762,,,p.Val90Cys,0.909590620117131,0.0250937546833087,V90C,V90C,0.7732,pathogenic,0.1963165532988579,0.2268,True,90,False,True
urn:mavedb:00000657-a-1#1763,,,p.Val90Asp,0.38202210907134,0.029630748481039,V90D,V90D,0.6133,pathogenic,0.3526753477866189,0.38670000000000004,False,90,False,False
urn:mavedb:00000657-a-1#1764,,,p.Val90Glu,0.765981901238273,0.022189477313808,V90E,V90E,0.4087,ambiguous,0.6202625213606907,0.5912999999999999,False,90,False,False
urn:mavedb:00000657-a-1#1765,,,p.Val90Phe,0.868036338629883,0.0226196057171188,V90F,V90F,0.2325,benign,0.7994444400153651,0.7675,False,90,False,False
urn:mavedb:00000657-a-1#1766,,,p.Val90Gly,0.629872568617875,0.0323122252119878,V90G,V90G,0.3309,benign,0.7105274700324088,0.6691,False,90,False,False
urn:mavedb:00000657-a-1#1767,,,p.Val90His,0.81020740073005,0.0445197118090234,V90H,V90H,0.7339,pathogenic,0.22754942335851158,0.2661,True,90,False,True
urn:mavedb:00000657-a-1#1768,,,p.Val90Ile,1.00027001290105,0.0426294699246317,V90I,V90I,0.0821,benign,0.8821930657944116,0.9178999999999999,False,90,False,False
urn:mavedb:00000657-a-1#1769,,,p.Val90Lys,0.607881039655944,0.033898851681034,V90K,V90K,0.4806,ambiguous,0.5261604694050396,0.5194,False,90,False,False
urn:mavedb:00000657-a-1#1770,,,p.Val90Leu,0.970932665954231,0.0314344565728977,V90L,V90L,0.2663,benign,0.7722794869329825,0.7337,False,90,False,False
urn:mavedb:00000657-a-1#1771,,,p.Val90Met,0.96416515883434,0.0296706673559251,V90M,V90M,0.1727,benign,0.8392492503635223,0.8273,False,90,False,False
urn:mavedb:00000657-a-1#1772,,,p.Val90Asn,0.683256253396466,0.0289388685376031,V90N,V90N,0.4671,ambiguous,0.5442713340731609,0.5328999999999999,False,90,False,False
urn:mavedb:00000657-a-1#1773,,,p.Val90Pro,0.335755180858092,0.0271526242284519,V90P,V90P,0.9244,pathogenic,0.11540183823402526,0.0756,False,90,False,False
urn:mavedb:00000657-a-1#1774,,,p.Val90Gln,0.813020178120272,0.0492953778578254,V90Q,V90Q,0.4597,ambiguous,0.5541414648606966,0.5403,False,90,False,False
urn:mavedb:00000657-a-1#1775,,,p.Val90Arg,0.580647624257874,0.0349389370424408,V90R,V90R,0.477,ambiguous,0.531000817311389,0.523,False,90,False,False
urn:mavedb:00000657-a-1#1776,,,p.Val90Ser,0.669951227182375,0.0222730416978711,V90S,V90S,0.3936,ambiguous,0.6389525200284825,0.6064,False,90,False,False
urn:mavedb:00000657-a-1#1777,,,p.Val90Thr,0.876203318195266,0.0389907907672505,V90T,V90T,0.3161,benign,0.7258069588742824,0.6839,False,90,False,False
urn:mavedb:00000657-a-1#1778,,,p.Val90Trp,0.791452911495123,0.0298844514721437,V90W,V90W,0.8071,pathogenic,0.1730696767131304,0.19289999999999996,False,90,False,False
urn:mavedb:00000657-a-1#1779,,,p.Val90Tyr,0.859071171733342,0.0323703377373145,V90Y,V90Y,0.5585,ambiguous,0.4218259502395131,0.4415,False,90,False,False
urn:mavedb:00000657-a-1#1781,,,p.Arg91Ala,1.06298092394474,0.0396261313786804,R91A,R91A,0.1661,benign,0.8430382348156562,0.8339,False,91,False,False
urn:mavedb:00000657-a-1#1782,,,p.Arg91Cys,1.03489075538276,0.0350168571563847,R91C,R91C,0.1157,benign,0.8684206292089314,0.8843,False,91,False,False
urn:mavedb:00000657-a-1#1783,,,p.Arg91Asp,0.655069378915046,0.0459917219511483,R91D,R91D,0.5037,ambiguous,0.49500520513454005,0.49629999999999996,False,91,False,False
urn:mavedb:00000657-a-1#1784,,,p.Arg91Glu,0.987937076194615,0.0189162159754879,R91E,R91E,0.1603,benign,0.8462748680934291,0.8397,False,91,False,False
urn:mavedb:00000657-a-1#1785,,,p.Arg91Phe,0.894230700038262,0.0312449281884647,R91F,R91F,0.3027,benign,0.7390673292655794,0.6973,False,91,False,False
urn:mavedb:00000657-a-1#1786,,,p.Arg91Gly,1.03056721268046,0.0249290478396712,R91G,R91G,0.1302,benign,0.8617325894862305,0.8698,False,91,False,False
urn:mavedb:00000657-a-1#1787,,,p.Arg91His,0.93588962150069,0.0319497918227966,R91H,R91H,0.1126,benign,0.8697899989391535,0.8874,False,91,False,False
urn:mavedb:00000657-a-1#1788,,,p.Arg91Ile,1.03446885573945,0.0492393509243444,R91I,R91I,0.1001,benign,0.8751033851562477,0.8999,False,91,False,False
urn:mavedb:00000657-a-1#1789,,,p.Arg91Lys,1.02237639840175,0.0134762056288853,R91K,R91K,0.0637,benign,0.8887985677782184,0.9363,False,91,False,False
urn:mavedb:00000657-a-1#1790,,,p.Arg91Leu,1.01958841057748,0.0308934047919394,R91L,R91L,0.1087,benign,0.8714832808228499,0.8913,False,91,False,False
urn:mavedb:00000657-a-1#1791,,,p.Arg91Met,1.00886459486654,0.0262735112238164,R91M,R91M,0.1105,benign,0.870705820553019,0.8895,False,91,False,False
urn:mavedb:00000657-a-1#1792,,,p.Arg91Asn,0.93677297818469,0.0338916360833632,R91N,R91N,0.3258,benign,0.7158668924389963,0.6742,False,91,False,False
urn:mavedb:00000657-a-1#1793,,,p.Arg91Pro,0.315823019475874,0.0555635979771019,R91P,R91P,0.7667,pathogenic,0.20115829756744225,0.23329999999999995,False,91,False,False
urn:mavedb:00000657-a-1#1794,,,p.Arg91Gln,0.979704229578074,0.0492150238053362,R91Q,R91Q,0.0715,benign,0.88607453675133,0.9285,False,91,False,False
urn:mavedb:00000657-a-1#1795,,,p.Arg91Ser,0.987342874015426,0.036338302295333,R91S,R91S,0.2328,benign,0.7992186387918019,0.7672,False,91,False,False
urn:mavedb:00000657-a-1#1796,,,p.Arg91Thr,1.00366871956487,0.0373296476745089,R91T,R91T,0.1065,benign,0.8724241434690192,0.8935,False,91,False,False
urn:mavedb:00000657-a-1#1797,,,p.Arg91Val,1.01894484634149,0.0384455360982032,R91V,R91V,0.1465,benign,0.8536348175072467,0.8535,False,91,False,False
urn:mavedb:00000657-a-1#1798,,,p.Arg91Trp,0.63525471577699,0.0389887416717289,R91W,R91W,0.1326,benign,0.8605795433617751,0.8674,False,91,False,False
urn:mavedb:00000657-a-1#1799,,,p.Arg91Tyr,0.838603222160049,0.0447377114841278,R91Y,R91Y,0.238,benign,0.7952616834740476,0.762,False,91,False,False
urn:mavedb:00000657-a-1#1801,,,p.Arg92Ala,0.764255378547339,0.061112296100282,R92A,R92A,0.7266,pathogenic,0.2338747884100486,0.2734,False,92,False,False
urn:mavedb:00000657-a-1#1802,,,p.Arg92Cys,0.908913906310572,0.0217039974660716,R92C,R92C,0.2743,benign,0.7653338857317664,0.7257,False,92,False,False
urn:mavedb:00000657-a-1#1803,,,p.Arg92Asp,0.210010084318733,0.0400976681351018,R92D,R92D,0.977,pathogenic,0.09865789381469747,0.02300000000000002,False,92,False,False
urn:mavedb:00000657-a-1#1804,,,p.Arg92Glu,0.289157916201029,0.0324525719588401,R92E,R92E,0.6843,pathogenic,0.2737892545475227,0.3157,False,92,False,False
urn:mavedb:00000657-a-1#1805,,,p.Arg92Phe,0.0245267654641236,0.0188675971426537,R92F,R92F,0.8951,pathogenic,0.12689801838667836,0.1049,False,92,False,False
urn:mavedb:00000657-a-1#1806,,,p.Arg92Gly,0.235393150025345,0.0432742369810492,R92G,R92G,0.7914,pathogenic,0.1834242066097213,0.2086,False,92,False,False
urn:mavedb:00000657-a-1#1807,,,p.Arg92His,0.320385652740512,0.0407261088577492,R92H,R92H,0.3807,ambiguous,0.6545133309431066,0.6193,False,92,False,False
urn:mavedb:00000657-a-1#1808,,,p.Arg92Ile,0.819065584720379,0.0304653644301351,R92I,R92I,0.3474,ambiguous,0.6927302549612634,0.6526000000000001,False,92,False,False
urn:mavedb:00000657-a-1#1809,,,p.Arg92Lys,0.889069573418547,0.0238164905401547,R92K,R92K,0.1958,benign,0.8250700250238148,0.8042,False,92,False,False
urn:mavedb:00000657-a-1#1810,,,p.Arg92Leu,0.83247817305611,0.0307597666830855,R92L,R92L,0.3008,benign,0.7409028108271283,0.6992,False,92,False,False
urn:mavedb:00000657-a-1#1811,,,p.Arg92Met,0.926832822450198,0.0403138128507103,R92M,R92M,0.4941,ambiguous,0.5079641683192727,0.5059,False,92,False,False
urn:mavedb:00000657-a-1#1812,,,p.Arg92Asn,0.249529069248536,0.0373585577695895,R92N,R92N,0.9116,pathogenic,0.12021530217184402,0.08840000000000003,False,92,False,False
urn:mavedb:00000657-a-1#1813,,,p.Arg92Pro,0.184663738657035,0.0372755488004941,R92P,R92P,0.9868,pathogenic,0.09602138380901723,0.01319999999999999,False,92,False,False
urn:mavedb:00000657-a-1#1814,,,p.Arg92Gln,0.95628992350114,0.0279366862096145,R92Q,R92Q,0.1797,benign,0.8351051203737778,0.8203,False,92,False,False
urn:mavedb:00000657-a-1#1815,,,p.Arg92Ser,0.232485680105425,0.0268655461780379,R92S,R92S,0.8953,pathogenic,0.12681366714386672,0.10470000000000002,False,92,False,False
urn:mavedb:00000657-a-1#1816,,,p.Arg92Thr,0.662495729551967,0.0276798228366781,R92T,R92T,0.5781,pathogenic,0.3964528924832979,0.42190000000000005,False,92,False,False
urn:mavedb:00000657-a-1#1817,,,p.Arg92Val,0.870116132358724,0.0259620340734353,R92V,R92V,0.4307,ambiguous,0.5922300121063039,0.5692999999999999,False,92,False,False
urn:mavedb:00000657-a-1#1818,,,p.Arg92Trp,0.0471256549424894,0.0249023350216562,R92W,R92W,0.5141,ambiguous,0.48097634492537455,0.4859,False,92,False,False
urn:mavedb:00000657-a-1#1819,,,p.Arg92Tyr,0.088021912832244,0.0360161135720184,R92Y,R92Y,0.8029,pathogenic,0.17577153041792598,0.19710000000000005,False,92,False,False
urn:mavedb:00000657-a-1#1821,,,p.Ala93Cys,0.870439372749145,0.0282593909165414,A93C,A93C,0.8619,pathogenic,0.1421135054600054,0.1381,True,93,False,True
urn:mavedb:00000657-a-1#1822,,,p.Ala93Asp,0.196929341556511,0.0418927010830172,A93D,A93D,0.9904,pathogenic,0.09508724638123774,0.009600000000000053,False,93,False,False
urn:mavedb:00000657-a-1#1823,,,p.Ala93Glu,0.208700225876145,0.0435070021856293,A93E,A93E,0.9778,pathogenic,0.09843743538702784,0.022199999999999998,False,93,False,False
urn:mavedb:00000657-a-1#1824,,,p.Ala93Phe,0.927270347995974,0.0598042804856337,A93F,A93F,0.974,pathogenic,0.099493065331152,0.026000000000000023,True,93,False,True
urn:mavedb:00000657-a-1#1825,,,p.Ala93Gly,0.891703609086465,0.0301656939936932,A93G,A93G,0.2885,benign,0.7525143647103939,0.7115,False,93,False,False
urn:mavedb:00000657-a-1#1826,,,p.Ala93His,0.664546951482751,0.0350117687223777,A93H,A93H,0.9865,pathogenic,0.09610004990193693,0.013499999999999956,False,93,False,False
urn:mavedb:00000657-a-1#1827,,,p.Ala93Ile,0.774896682776139,0.0456908974259779,A93I,A93I,0.9666,pathogenic,0.1016112154753216,0.033399999999999985,False,93,False,False
urn:mavedb:00000657-a-1#1828,,,p.Ala93Lys,0.752282390925295,0.0361279416649657,A93K,A93K,0.9894,pathogenic,0.09534491223589125,0.010600000000000054,False,93,False,False
urn:mavedb:00000657-a-1#1829,,,p.Ala93Leu,0.892085699004648,0.032344037030181,A93L,A93L,0.8983,pathogenic,0.12555843055844723,0.10170000000000001,True,93,False,True
urn:mavedb:00000657-a-1#1830,,,p.Ala93Met,0.926715717697417,0.0324620147644789,A93M,A93M,0.9153,pathogenic,0.11879153018578796,0.0847,True,93,False,True
urn:mavedb:00000657-a-1#1831,,,p.Ala93Asn,0.335976689663384,0.0373149327459583,A93N,A93N,0.9728,pathogenic,0.09983089987458466,0.027200000000000002,False,93,False,False
urn:mavedb:00000657-a-1#1832,,,p.Ala93Pro,0.135487175223559,0.0405368290666877,A93P,A93P,0.9908,pathogenic,0.09498456886646525,0.009199999999999986,False,93,False,False
urn:mavedb:00000657-a-1#1833,,,p.Ala93Gln,0.795518934281927,0.0242019974994252,A93Q,A93Q,0.9498,pathogenic,0.10673978221183392,0.05020000000000002,False,93,False,False
urn:mavedb:00000657-a-1#1834,,,p.Ala93Arg,0.718595629282525,0.0276374209050488,A93R,A93R,0.9672,pathogenic,0.10143634881837743,0.03280000000000005,False,93,False,False
urn:mavedb:00000657-a-1#1835,,,p.Ala93Ser,0.8291790325265,0.0218362148108189,A93S,A93S,0.2362,benign,0.796640630726525,0.7638,False,93,False,False
urn:mavedb:00000657-a-1#1836,,,p.Ala93Thr,0.470346242254277,0.0369587005511556,A93T,A93T,0.7807,pathogenic,0.19088610825888908,0.21930000000000005,False,93,False,False
urn:mavedb:00000657-a-1#1837,,,p.Ala93Val,0.721101514154685,0.0478178737221672,A93V,A93V,0.8382,pathogenic,0.15455393340071777,0.16180000000000005,False,93,False,False
urn:mavedb:00000657-a-1#1838,,,p.Ala93Trp,0.971994645064845,0.0360367291518584,A93W,A93W,0.9957,pathogenic,0.09374462162124209,0.0042999999999999705,True,93,False,True
urn:mavedb:00000657-a-1#1839,,,p.Ala93Tyr,0.897729167055664,0.0386124160410597,A93Y,A93Y,0.9826,pathogenic,0.09713434989191222,0.01739999999999997,True,93,False,True
urn:mavedb:00000657-a-1#1841,,,p.Gln94Ala,0.923601633844437,0.0394177484000393,Q94A,Q94A,0.3792,ambiguous,0.6562968194826345,0.6208,False,94,False,False
urn:mavedb:00000657-a-1#1842,,,p.Gln94Cys,0.90802372163692,0.0432760844647177,Q94C,Q94C,0.6746,pathogenic,0.28371760964709536,0.3254,True,94,False,True
urn:mavedb:00000657-a-1#1843,,,p.Gln94Asp,0.742212210868351,0.0399503183477491,Q94D,Q94D,0.8496,pathogenic,0.14839727668185437,0.15039999999999998,False,94,False,False
urn:mavedb:00000657-a-1#1844,,,p.Gln94Glu,0.764530668279998,0.0592931057733036,Q94E,Q94E,0.1385,benign,0.8576878590460422,0.8614999999999999,False,94,False,False
urn:mavedb:00000657-a-1#1845,,,p.Gln94Phe,0.829023433348103,0.0346352948802041,Q94F,Q94F,0.8216,pathogenic,0.16411537461276665,0.1784,True,94,False,True
urn:mavedb:00000657-a-1#1846,,,p.Gln94Gly,0.882819261852909,0.0400008790447641,Q94G,Q94G,0.4443,ambiguous,0.5745028543169568,0.5557000000000001,False,94,False,False
urn:mavedb:00000657-a-1#1847,,,p.Gln94His,0.966576008787941,0.0236908276960913,Q94H,Q94H,0.4595,ambiguous,0.5544075372237482,0.5405,False,94,False,False
urn:mavedb:00000657-a-1#1848,,,p.Gln94Ile,0.991786153839575,0.0333843582597437,Q94I,Q94I,0.4813,ambiguous,0.5252185495254302,0.5186999999999999,False,94,False,False
urn:mavedb:00000657-a-1#1849,,,p.Gln94Lys,0.985238672363666,0.0219809937107433,Q94K,Q94K,0.0988,benign,0.8756372248960567,0.9012,False,94,False,False
urn:mavedb:00000657-a-1#1850,,,p.Gln94Leu,0.971946551167335,0.0399584341661783,Q94L,Q94L,0.2136,benign,0.8131303682857741,0.7864,False,94,False,False
urn:mavedb:00000657-a-1#1851,,,p.Gln94Met,0.968964355350062,0.0288278624912697,Q94M,Q94M,0.4557,ambiguous,0.5594553697740187,0.5443,False,94,False,False
urn:mavedb:00000657-a-1#1852,,,p.Gln94Asn,0.806137174139889,0.0273303791569335,Q94N,Q94N,0.627,pathogenic,0.3363909819327123,0.373,True,94,False,True
urn:mavedb:00000657-a-1#1853,,,p.Gln94Pro,0.0843631327188813,0.0322577114430261,Q94P,Q94P,0.8678,pathogenic,0.13922735602483843,0.13219999999999998,False,94,False,False
urn:mavedb:00000657-a-1#1854,,,p.Gln94Arg,0.906963709738288,0.0425274484389817,Q94R,Q94R,0.1012,benign,0.8746489554764192,0.8988,False,94,False,False
urn:mavedb:00000657-a-1#1855,,,p.Gln94Ser,0.896859876156148,0.0333191938002541,Q94S,Q94S,0.5851,pathogenic,0.38754759385522486,0.41490000000000005,False,94,False,True
urn:mavedb:00000657-a-1#1856,,,p.Gln94Thr,0.808111849981013,0.0423520718427264,Q94T,Q94T,0.4465,ambiguous,0.5716111464149629,0.5535,False,94,False,False
urn:mavedb:00000657-a-1#1857,,,p.Gln94Val,0.934836094420967,0.0236551369891233,Q94V,Q94V,0.3589,ambiguous,0.6798680859806584,0.6411,False,94,False,False
urn:mavedb:00000657-a-1#1858,,,p.Gln94Trp,0.866290257349948,0.0321679069688714,Q94W,Q94W,0.6221,pathogenic,0.34216199134698483,0.3779,True,94,False,True
urn:mavedb:00000657-a-1#1859,,,p.Gln94Tyr,0.804205070083605,0.0328999744161213,Q94Y,Q94Y,0.66,pathogenic,0.2991903753880491,0.33999999999999997,True,94,False,True
urn:mavedb:00000657-a-1#1861,,,p.Glu95Ala,0.844813468461305,0.0345862463507008,E95A,E95A,0.2706,benign,0.7685709818905635,0.7294,False,95,False,False
urn:mavedb:00000657-a-1#1862,,,p.Glu95Cys,0.720631618133118,0.0411870405408659,E95C,E95C,0.9002,pathogenic,0.12477311262840711,0.0998,False,95,False,False
urn:mavedb:00000657-a-1#1863,,,p.Glu95Asp,0.87680612405459,0.0351608656897759,E95D,E95D,0.3016,benign,0.740131336649513,0.6984,False,95,False,False
urn:mavedb:00000657-a-1#1864,,,p.Glu95Phe,0.714103523530067,0.0397229948298019,E95F,E95F,0.8012,pathogenic,0.17687918451631185,0.19879999999999998,False,95,False,False
urn:mavedb:00000657-a-1#1865,,,p.Glu95Gly,0.503865879066407,0.0360823292516176,E95G,E95G,0.372,ambiguous,0.6647792853759666,0.628,False,95,False,False
urn:mavedb:00000657-a-1#1866,,,p.Glu95His,0.90947635703491,0.0326679877333775,E95H,E95H,0.5975,pathogenic,0.37200461633830595,0.40249999999999997,False,95,False,True
urn:mavedb:00000657-a-1#1867,,,p.Glu95Ile,0.659548328578548,0.0296620537289302,E95I,E95I,0.5122,ambiguous,0.4835373502459868,0.4878,False,95,False,False
urn:mavedb:00000657-a-1#1868,,,p.Glu95Lys,0.962974191808389,0.0307248430886806,E95K,E95K,0.2332,benign,0.7989171498236679,0.7668,False,95,False,False
urn:mavedb:00000657-a-1#1869,,,p.Glu95Leu,0.795228154408291,0.0565334660532923,E95L,E95L,0.5693,pathogenic,0.407769987893696,0.43069999999999997,False,95,False,False
urn:mavedb:00000657-a-1#1870,,,p.Glu95Met,0.827892773970117,0.0441112332551519,E95M,E95M,0.5244,ambiguous,0.4671187076505372,0.4756,False,95,False,False
urn:mavedb:00000657-a-1#1871,,,p.Glu95Asn,0.70287923591786,0.0410170403911903,E95N,E95N,0.5215,ambiguous,0.4710151835506279,0.47850000000000004,False,95,False,False
urn:mavedb:00000657-a-1#1872,,,p.Glu95Pro,0.0248088178966734,0.019695458884166,E95P,E95P,0.9899,pathogenic,0.09521590547696207,0.010099999999999998,False,95,False,False
urn:mavedb:00000657-a-1#1873,,,p.Glu95Gln,0.934027862707057,0.0412469191337504,E95Q,E95Q,0.1795,benign,0.8352253393890738,0.8205,False,95,False,False
urn:mavedb:00000657-a-1#1874,,,p.Glu95Arg,0.89592138607568,0.0344468586947729,E95R,E95R,0.4024,ambiguous,0.628119451192432,0.5976,False,95,False,False
urn:mavedb:00000657-a-1#1875,,,p.Glu95Ser,0.794966933741929,0.0346914379117708,E95S,E95S,0.4316,ambiguous,0.5910654087187803,0.5684,False,95,False,False
urn:mavedb:00000657-a-1#1876,,,p.Glu95Thr,0.899411321720412,0.0341695268158548,E95T,E95T,0.4444,ambiguous,0.5743715482493124,0.5556,False,95,False,False
urn:mavedb:00000657-a-1#1877,,,p.Glu95Val,0.750466080734828,0.0423513831673808,E95V,E95V,0.3361,benign,0.7050040965325596,0.6638999999999999,False,95,False,False
urn:mavedb:00000657-a-1#1878,,,p.Glu95Trp,0.651555775765313,0.0472091993937328,E95W,E95W,0.925,pathogenic,0.11518383682536591,0.07499999999999996,False,95,False,False
urn:mavedb:00000657-a-1#1879,,,p.Glu95Tyr,0.803391065052255,0.0316035844667807,E95Y,E95Y,0.639,pathogenic,0.32251996049549403,0.361,True,95,False,True
urn:mavedb:00000657-a-1#1881,,,p.Ile96Ala,0.16395590925392,0.0437721376899906,I96A,I96A,0.9096,pathogenic,0.12099609435193043,0.09040000000000004,False,96,False,False
urn:mavedb:00000657-a-1#1882,,,p.Ile96Cys,0.315294249841437,0.0348892821023871,I96C,I96C,0.9445,pathogenic,0.10845403040545873,0.055499999999999994,False,96,False,False
urn:mavedb:00000657-a-1#1883,,,p.Ile96Asp,0.232973309341292,0.0350738368483215,I96D,I96D,0.9905,pathogenic,0.09506155620888944,0.009499999999999953,False,96,False,False
urn:mavedb:00000657-a-1#1884,,,p.Ile96Glu,0.215373181440725,0.0489227739479523,I96E,I96E,0.9769,pathogenic,0.09868551754744866,0.02310000000000001,False,96,False,False
urn:mavedb:00000657-a-1#1885,,,p.Ile96Phe,0.066402605794667,0.0342816344870696,I96F,I96F,0.584,pathogenic,0.38894100388734626,0.41600000000000004,False,96,False,False
urn:mavedb:00000657-a-1#1886,,,p.Ile96Gly,0.153017385010385,0.0248376720104039,I96G,I96G,0.9785,pathogenic,0.09824530734485282,0.021499999999999964,False,96,False,False
urn:mavedb:00000657-a-1#1887,,,p.Ile96His,0.123988335956948,0.0342789552619758,I96H,I96H,0.9794,pathogenic,0.09799934184772749,0.02059999999999995,False,96,False,False
urn:mavedb:00000657-a-1#1888,,,p.Ile96Lys,0.112496226581606,0.043272722432468,I96K,I96K,0.9501,pathogenic,0.10664416464061403,0.049900000000000055,False,96,False,False
urn:mavedb:00000657-a-1#1889,,,p.Ile96Leu,0.954490414641403,0.0204376826124253,I96L,I96L,0.1766,benign,0.8369564729844925,0.8234,False,96,False,False
urn:mavedb:00000657-a-1#1890,,,p.Ile96Met,0.81143966826118,0.0466194721445875,I96M,I96M,0.1611,benign,0.8458335541051787,0.8389,False,96,False,False
urn:mavedb:00000657-a-1#1891,,,p.Ile96Asn,0.157188008996282,0.0493588169925082,I96N,I96N,0.8961,pathogenic,0.12647710054253472,0.10389999999999999,False,96,False,False
urn:mavedb:00000657-a-1#1892,,,p.Ile96Pro,0.135994664419424,0.0345386165738091,I96P,I96P,0.9947,pathogenic,0.09399500946305066,0.005299999999999971,False,96,False,False
urn:mavedb:00000657-a-1#1893,,,p.Ile96Gln,0.162671577650616,0.0351746831999358,I96Q,I96Q,0.9681,pathogenic,0.101175092122027,0.03190000000000004,False,96,False,False
urn:mavedb:00000657-a-1#1894,,,p.Ile96Arg,0.0882080797116597,0.0385609416795968,I96R,I96R,0.9459,pathogenic,0.1079965817743399,0.05410000000000004,False,96,False,False
urn:mavedb:00000657-a-1#1895,,,p.Ile96Ser,0.168821044202336,0.0418166763143293,I96S,I96S,0.945,pathogenic,0.10829027174610698,0.05500000000000005,False,96,False,False
urn:mavedb:00000657-a-1#1896,,,p.Ile96Thr,0.236669222410473,0.0308591856608041,I96T,I96T,0.8965,pathogenic,0.12630931936049022,0.10350000000000004,False,96,False,False
urn:mavedb:00000657-a-1#1897,,,p.Ile96Val,0.860577949530394,0.0448360578853668,I96V,I96V,0.2082,benign,0.8168483092464469,0.7918000000000001,False,96,False,False
urn:mavedb:00000657-a-1#1898,,,p.Ile96Trp,0.046768458058587,0.0289873566003056,I96W,I96W,0.9649,pathogenic,0.10210970747994277,0.03510000000000002,False,96,False,False
urn:mavedb:00000657-a-1#1899,,,p.Ile96Tyr,0.0820731360367884,0.0299821075142892,I96Y,I96Y,0.9091,pathogenic,0.12119252916815787,0.09089999999999998,False,96,False,False
urn:mavedb:00000657-a-1#1901,,,p.Asn97Ala,0.862051427439424,0.0246271354158071,N97A,N97A,0.4692,ambiguous,0.5414620693753801,0.5307999999999999,False,97,False,False
urn:mavedb:00000657-a-1#1902,,,p.Asn97Cys,0.840572405413885,0.0401886220712028,N97C,N97C,0.3328,benign,0.7085185442890918,0.6672,False,97,False,False
urn:mavedb:00000657-a-1#1903,,,p.Asn97Asp,0.890995336186752,0.026572045649208,N97D,N97D,0.1896,benign,0.829018798171659,0.8104,False,97,False,False
urn:mavedb:00000657-a-1#1904,,,p.Asn97Glu,0.91118156638276,0.0248318914230981,N97E,N97E,0.6646,pathogenic,0.29424774482474797,0.33540000000000003,True,97,False,True
urn:mavedb:00000657-a-1#1905,,,p.Asn97Phe,0.628205058682797,0.0496914953271585,N97F,N97F,0.705,pathogenic,0.2535632831574916,0.29500000000000004,False,97,False,False
urn:mavedb:00000657-a-1#1906,,,p.Asn97Gly,0.704912470333568,0.0441980173435128,N97G,N97G,0.5465,ambiguous,0.4376290607729986,0.4535,False,97,False,False
urn:mavedb:00000657-a-1#1907,,,p.Asn97His,1.00595021237741,0.0333354975358113,N97H,N97H,0.1494,benign,0.8521273288923745,0.8506,False,97,False,False
urn:mavedb:00000657-a-1#1908,,,p.Asn97Ile,0.668635659790117,0.0393462511893627,N97I,N97I,0.475,ambiguous,0.5336868608093747,0.525,False,97,False,False
urn:mavedb:00000657-a-1#1909,,,p.Asn97Lys,0.860802779799956,0.0375739875181505,N97K,N97K,0.6602,pathogenic,0.2989741993014244,0.3398,True,97,False,True
urn:mavedb:00000657-a-1#1910,,,p.Asn97Leu,0.685022104722057,0.0257752462356685,N97L,N97L,0.5152,ambiguous,0.47949421100260087,0.4848,False,97,False,False
urn:mavedb:00000657-a-1#1911,,,p.Asn97Met,0.767813612526077,0.0217572613663743,N97M,N97M,0.6213,pathogenic,0.343109919031191,0.37870000000000004,False,97,False,False
urn:mavedb:00000657-a-1#1912,,,p.Asn97Pro,0.0820857604353099,0.0256839482003312,N97P,N97P,0.9487,pathogenic,0.10709166935282319,0.05130000000000001,False,97,False,False
urn:mavedb:00000657-a-1#1913,,,p.Asn97Gln,0.914003301291678,0.0345775128276643,N97Q,N97Q,0.5382,ambiguous,0.44865457931968344,0.4618,False,97,False,False
urn:mavedb:00000657-a-1#1914,,,p.Asn97Arg,0.839957793223966,0.0212427822475849,N97R,N97R,0.6204,pathogenic,0.34417823509931234,0.37960000000000005,True,97,False,True
urn:mavedb:00000657-a-1#1915,,,p.Asn97Ser,0.947460572077939,0.0167367037154693,N97S,N97S,0.1082,benign,0.8716980153344265,0.8918,False,97,False,False
urn:mavedb:00000657-a-1#1916,,,p.Asn97Thr,0.889946308946407,0.0276407885183741,N97T,N97T,0.3699,ambiguous,0.6672284719399033,0.6301,False,97,False,False
urn:mavedb:00000657-a-1#1917,,,p.Asn97Val,0.788857274976628,0.0500882866201382,N97V,N97V,0.5026,ambiguous,0.4964900711810677,0.49739999999999995,False,97,False,False
urn:mavedb:00000657-a-1#1918,,,p.Asn97Trp,0.592703428263707,0.0282824679867665,N97W,N97W,0.8408,pathogenic,0.15312098100099095,0.1592,False,97,False,False
urn:mavedb:00000657-a-1#1919,,,p.Asn97Tyr,0.740033029974847,0.0224358425387641,N97Y,N97Y,0.2367,benign,0.7962585721120337,0.7633,False,97,False,False
urn:mavedb:00000657-a-1#1921,,,p.His98Ala,0.989385971256331,0.0459015271432806,H98A,H98A,0.1116,benign,0.8702272886361384,0.8884,False,98,False,False
urn:mavedb:00000657-a-1#1922,,,p.His98Cys,0.983065964531752,0.0277630661624237,H98C,H98C,0.0786,benign,0.8834980443267635,0.9214,False,98,False,False
urn:mavedb:00000657-a-1#1923,,,p.His98Asp,1.0002495221474,0.0224979550026589,H98D,H98D,0.0881,benign,0.8799011365200418,0.9119,False,98,False,False
urn:mavedb:00000657-a-1#1924,,,p.His98Glu,1.01868591269946,0.0260952132941492,H98E,H98E,0.1284,benign,0.8625886595484044,0.8716,False,98,False,False
urn:mavedb:00000657-a-1#1925,,,p.His98Phe,0.931055897166065,0.0204228635281818,H98F,H98F,0.1779,benign,0.8361832292365685,0.8221,False,98,False,False
urn:mavedb:00000657-a-1#1926,,,p.His98Gly,0.97575710518206,0.0256581763688617,H98G,H98G,0.1325,benign,0.8606278533425379,0.8674999999999999,False,98,False,False
urn:mavedb:00000657-a-1#1927,,,p.His98Ile,0.889514634370623,0.0228454189859805,H98I,H98I,0.1382,benign,0.8578368711971165,0.8618,False,98,False,False
urn:mavedb:00000657-a-1#1928,,,p.His98Lys,1.02438386922447,0.0270006887285694,H98K,H98K,0.1165,benign,0.8680638422264535,0.8835,False,98,False,False
urn:mavedb:00000657-a-1#1929,,,p.His98Leu,0.950247083427283,0.0298780471155564,H98L,H98L,0.0762,benign,0.884379488581057,0.9238,False,98,False,False
urn:mavedb:00000657-a-1#1930,,,p.His98Met,1.0187614754242,0.035068162679485,H98M,H98M,0.2328,benign,0.7992186387918019,0.7672,False,98,False,False
urn:mavedb:00000657-a-1#1931,,,p.His98Asn,0.977982936329399,0.030644775076683,H98N,H98N,0.0676,benign,0.8874502721840565,0.9324,False,98,False,False
urn:mavedb:00000657-a-1#1932,,,p.His98Pro,0.310910177503505,0.0381288585959889,H98P,H98P,0.5069,ambiguous,0.49068633023345365,0.4931,False,98,False,False
urn:mavedb:00000657-a-1#1933,,,p.His98Gln,1.04446058173384,0.0143542819919527,H98Q,H98Q,0.0866,benign,0.8804806821723021,0.9134,False,98,False,False
urn:mavedb:00000657-a-1#1934,,,p.His98Arg,1.01265910801569,0.0232239923509583,H98R,H98R,0.0649,benign,0.8883866027972,0.9351,False,98,False,False
urn:mavedb:00000657-a-1#1935,,,p.His98Ser,1.00485903584774,0.015091051335157,H98S,H98S,0.0984,benign,0.8758007854464573,0.9016,False,98,False,False
urn:mavedb:00000657-a-1#1936,,,p.His98Thr,1.00877476171879,0.0324045811328158,H98T,H98T,0.1121,benign,0.8700089134559198,0.8879,False,98,False,False
urn:mavedb:00000657-a-1#1937,,,p.His98Val,0.968356886656279,0.0296746388629195,H98V,H98V,0.1267,benign,0.8633903587362585,0.8733,False,98,False,False
urn:mavedb:00000657-a-1#1938,,,p.His98Trp,0.837945107254829,0.0246366662504528,H98W,H98W,0.2274,benign,0.8032418052445168,0.7726,False,98,False,False
urn:mavedb:00000657-a-1#1939,,,p.His98Tyr,0.947193342401354,0.0228147977759189,H98Y,H98Y,0.0729,benign,0.8855739021746022,0.9271,False,98,False,False
urn:mavedb:00000657-a-1#1941,,,p.Leu99Ala,0.915233152545094,0.056847383710922,L99A,L99A,0.1674,benign,0.8423008984524492,0.8326,False,99,False,False
urn:mavedb:00000657-a-1#1942,,,p.Leu99Cys,0.888554576823118,0.0562801792173412,L99C,L99C,0.2321,benign,0.7997450878710943,0.7679,False,99,False,False
urn:mavedb:00000657-a-1#1943,,,p.Leu99Asp,0.702527114462151,0.0424969183253214,L99D,L99D,0.351,ambiguous,0.6887434477143298,0.649,False,99,False,False
urn:mavedb:00000657-a-1#1944,,,p.Leu99Glu,0.917518263336781,0.0319507627273951,L99E,L99E,0.1863,benign,0.8310772568171755,0.8137,False,99,False,False
urn:mavedb:00000657-a-1#1945,,,p.Leu99Phe,0.924542170263386,0.0246807855615195,L99F,L99F,0.101,benign,0.8747317649807036,0.899,False,99,False,False
urn:mavedb:00000657-a-1#1946,,,p.Leu99Gly,0.510712496984524,0.0457736836345606,L99G,L99G,0.4348,ambiguous,0.5869143873137321,0.5651999999999999,False,99,False,False
urn:mavedb:00000657-a-1#1947,,,p.Leu99His,0.861333787346163,0.0206224425046406,L99H,L99H,0.1112,benign,0.8704016011378132,0.8888,False,99,False,False
urn:mavedb:00000657-a-1#1948,,,p.Leu99Ile,0.993014271355703,0.0239472002653211,L99I,L99I,0.0675,benign,0.8874851846894923,0.9325,False,99,False,False
urn:mavedb:00000657-a-1#1949,,,p.Leu99Lys,0.875793177902836,0.020710153183628,L99K,L99K,0.1575,benign,0.84780668010292,0.8425,False,99,False,False
urn:mavedb:00000657-a-1#1950,,,p.Leu99Met,0.971043686971281,0.022755752836224,L99M,L99M,0.0904,benign,0.8790039056480696,0.9096,False,99,False,False
urn:mavedb:00000657-a-1#1951,,,p.Leu99Asn,0.733108251733566,0.0252936959516149,L99N,L99N,0.2416,benign,0.7924743470790406,0.7584,False,99,False,False
urn:mavedb:00000657-a-1#1952,,,p.Leu99Pro,0.139933849812168,0.036017776952476,L99P,L99P,0.7869,pathogenic,0.1865218304240397,0.21309999999999996,False,99,False,False
urn:mavedb:00000657-a-1#1953,,,p.Leu99Gln,0.895170000326209,0.0371666679472166,L99Q,L99Q,0.0993,benign,0.8754323128902419,0.9007000000000001,False,99,False,False
urn:mavedb:00000657-a-1#1954,,,p.Leu99Arg,0.903886923852564,0.0232836641567856,L99R,L99R,0.1074,benign,0.8720404855563222,0.8926000000000001,False,99,False,False
urn:mavedb:00000657-a-1#1955,,,p.Leu99Ser,0.803055564103434,0.0286585182346554,L99S,L99S,0.1768,benign,0.8368378059041263,0.8231999999999999,False,99,False,False
urn:mavedb:00000657-a-1#1956,,,p.Leu99Thr,0.90640511326952,0.0377376517493817,L99T,L99T,0.1218,benign,0.8656644826476098,0.8782,False,99,False,False
urn:mavedb:00000657-a-1#1957,,,p.Leu99Val,0.915730451005995,0.033269688849647,L99V,L99V,0.0793,benign,0.8832389111146604,0.9207,False,99,False,False
urn:mavedb:00000657-a-1#1958,,,p.Leu99Trp,0.911909923121195,0.0297935203360254,L99W,L99W,0.1428,benign,0.8555284676974493,0.8572,False,99,False,False
urn:mavedb:00000657-a-1#1959,,,p.Leu99Tyr,0.965737413953147,0.0415391223416364,L99Y,L99Y,0.1771,benign,0.8366596053178241,0.8229,False,99,False,False
urn:mavedb:00000657-a-1#1961,,,p.Phe100Ala,0.0360529179759068,0.0195060542847872,F100A,F100A,0.8886,pathogenic,0.12968551207939943,0.11140000000000005,False,100,False,False
urn:mavedb:00000657-a-1#1962,,,p.Phe100Cys,0.194377998897442,0.0364688963947585,F100C,F100C,0.6428,pathogenic,0.31820751558763877,0.35719999999999996,False,100,False,False
urn:mavedb:00000657-a-1#1963,,,p.Phe100Asp,0.0422537967931786,0.0268818010964567,F100D,F100D,0.9924,pathogenic,0.09457607011311739,0.007600000000000051,False,100,False,False
urn:mavedb:00000657-a-1#1964,,,p.Phe100Glu,0.0726109250209168,0.0262789325362606,F100E,F100E,0.9922,pathogenic,0.09462693952134703,0.007800000000000029,False,100,False,False
urn:mavedb:00000657-a-1#1965,,,p.Phe100Gly,0.0509498319563616,0.05432892565512,F100G,F100G,0.9631,pathogenic,0.1026424457397409,0.036900000000000044,False,100,False,False
urn:mavedb:00000657-a-1#1966,,,p.Phe100His,0.0633905078985298,0.0253311558726717,F100H,F100H,0.8866,pathogenic,0.1305613886330868,0.11339999999999995,False,100,False,False
urn:mavedb:00000657-a-1#1967,,,p.Phe100Ile,0.277538690875124,0.0311837292776562,F100I,F100I,0.5855,pathogenic,0.38704146732161687,0.4145,False,100,False,False
urn:mavedb:00000657-a-1#1968,,,p.Phe100Lys,0.0144173760900149,0.0264927039851017,F100K,F100K,0.9907,pathogenic,0.0950102174581085,0.009299999999999975,False,100,False,False
urn:mavedb:00000657-a-1#1969,,,p.Phe100Leu,0.264884921083989,0.038884910394331,F100L,F100L,0.8784,pathogenic,0.13424384274474838,0.12160000000000004,False,100,False,False
urn:mavedb:00000657-a-1#1970,,,p.Phe100Met,0.357331430237682,0.0439178868982087,F100M,F100M,0.8351,pathogenic,0.15628502712843828,0.16490000000000005,False,100,False,False
urn:mavedb:00000657-a-1#1971,,,p.Phe100Asn,0.008193546703813,0.0237954267009628,F100N,F100N,0.9753,pathogenic,0.09912951272818432,0.024700000000000055,False,100,False,False
urn:mavedb:00000657-a-1#1972,,,p.Phe100Pro,0.0406620599154972,0.0312017398714894,F100P,F100P,0.9923,pathogenic,0.09460149794310513,0.00770000000000004,False,100,False,False
urn:mavedb:00000657-a-1#1973,,,p.Phe100Gln,0.0385101419360966,0.0277926864969859,F100Q,F100Q,0.9829,pathogenic,0.09705401610512282,0.017100000000000004,False,100,False,False
urn:mavedb:00000657-a-1#1974,,,p.Phe100Arg,0.0163091138744249,0.0232794864137379,F100R,F100R,0.967,pathogenic,0.10149457577553074,0.03300000000000003,False,100,False,False
urn:mavedb:00000657-a-1#1975,,,p.Phe100Ser,0.0273103630046603,0.0245575184104894,F100S,F100S,0.8797,pathogenic,0.13365013332338938,0.12029999999999996,False,100,False,False
urn:mavedb:00000657-a-1#1976,,,p.Phe100Thr,0.0495234583130982,0.0259182185916855,F100T,F100T,0.9078,pathogenic,0.12170558673432741,0.09219999999999995,False,100,False,False
urn:mavedb:00000657-a-1#1977,,,p.Phe100Val,0.21662524986807,0.0485258945846331,F100V,F100V,0.572,pathogenic,0.4042839661699182,0.42800000000000005,False,100,False,False
urn:mavedb:00000657-a-1#1978,,,p.Phe100Trp,0.303828789683099,0.0286825903613416,F100W,F100W,0.6258,pathogenic,0.33779867505545613,0.3742,False,100,False,False
urn:mavedb:00000657-a-1#1979,,,p.Phe100Tyr,0.757796432069126,0.0285951369477588,F100Y,F100Y,0.3544,ambiguous,0.6849448075173659,0.6456,False,100,False,False
urn:mavedb:00000657-a-1#1981,,,p.Gly101Ala,0.521633053372963,0.0374742248463951,G101A,G101A,0.5398,ambiguous,0.4465238837227244,0.46020000000000005,False,101,False,False
urn:mavedb:00000657-a-1#1982,,,p.Gly101Cys,0.387419286215021,0.0516246351570346,G101C,G101C,0.691,pathogenic,0.2670984118493513,0.30900000000000005,False,101,False,False
urn:mavedb:00000657-a-1#1983,,,p.Gly101Asp,0.154657839966677,0.0416583789022796,G101D,G101D,0.9564,pathogenic,0.10467061469082753,0.04359999999999997,False,101,False,False
urn:mavedb:00000657-a-1#1984,,,p.Gly101Glu,0.0903519891472036,0.0354478498143467,G101E,G101E,0.9341,pathogenic,0.11195866245477758,0.06589999999999996,False,101,False,False
urn:mavedb:00000657-a-1#1985,,,p.Gly101Phe,0.138274446924646,0.0299044557847392,G101F,G101F,0.9077,pathogenic,0.12174519227943825,0.09230000000000005,False,101,False,False
urn:mavedb:00000657-a-1#1986,,,p.Gly101His,0.324797783061827,0.0263838843884922,G101H,G101H,0.9261,pathogenic,0.11478590673856194,0.07389999999999997,False,101,False,False
urn:mavedb:00000657-a-1#1987,,,p.Gly101Ile,-0.0070423691196477,0.0178602540131741,G101I,G101I,0.7987,pathogenic,0.17852288792007853,0.20130000000000003,False,101,False,False
urn:mavedb:00000657-a-1#1988,,,p.Gly101Lys,0.37276940274564,0.033789811077712,G101K,G101K,0.929,pathogenic,0.11374753751718794,0.07099999999999995,False,101,False,False
urn:mavedb:00000657-a-1#1989,,,p.Gly101Leu,0.0465215503743823,0.0282102113708977,G101L,G101L,0.8694,pathogenic,0.13845866032862103,0.13060000000000005,False,101,False,False
urn:mavedb:00000657-a-1#1990,,,p.Gly101Met,0.184497189626509,0.050596847233483,G101M,G101M,0.94,pathogenic,0.10994723201758161,0.06000000000000005,False,101,False,False
urn:mavedb:00000657-a-1#1991,,,p.Gly101Asn,0.460194241150435,0.0380142904459596,G101N,G101N,0.9536,pathogenic,0.10553968148586099,0.0464,False,101,False,False
urn:mavedb:00000657-a-1#1992,,,p.Gly101Pro,0.393172488318375,0.0161788621594271,G101P,G101P,0.9738,pathogenic,0.09954922090571892,0.0262,False,101,False,False
urn:mavedb:00000657-a-1#1993,,,p.Gly101Gln,0.21152553728644,0.0457484624675625,G101Q,G101Q,0.9023,pathogenic,0.12391377130712321,0.09770000000000001,False,101,False,False
urn:mavedb:00000657-a-1#1994,,,p.Gly101Arg,0.405277139338782,0.0252235858372536,G101R,G101R,0.8398,pathogenic,0.153670082139305,0.1602,False,101,False,False
urn:mavedb:00000657-a-1#1995,,,p.Gly101Ser,0.381875935310325,0.0235738779903506,G101S,G101S,0.4883,ambiguous,0.515788516662346,0.5117,False,101,False,False
urn:mavedb:00000657-a-1#1996,,,p.Gly101Thr,0.160703317597062,0.0299382906423274,G101T,G101T,0.789,pathogenic,0.18506898561617002,0.21099999999999997,False,101,False,False
urn:mavedb:00000657-a-1#1997,,,p.Gly101Val,0.02333082246066,0.027859504949498,G101V,G101V,0.7407,pathogenic,0.22180621726308047,0.2593,False,101,False,False
urn:mavedb:00000657-a-1#1998,,,p.Gly101Trp,0.0231250495515693,0.0197886396241062,G101W,G101W,0.8899,pathogenic,0.12912081172703677,0.11009999999999998,False,101,False,False
urn:mavedb:00000657-a-1#1999,,,p.Gly101Tyr,0.0678364059011233,0.0195867675769569,G101Y,G101Y,0.9052,pathogenic,0.12274184507808496,0.0948,False,101,False,False
urn:mavedb:00000657-a-1#2001,,,p.Pro102Ala,0.807541027676715,0.0458324391448834,P102A,P102A,0.2151,benign,0.8120826007552964,0.7848999999999999,False,102,False,False
urn:mavedb:00000657-a-1#2002,,,p.Pro102Cys,0.616890396450436,0.0435714989136696,P102C,P102C,0.5326,ambiguous,0.45612978143233374,0.46740000000000004,False,102,False,False
urn:mavedb:00000657-a-1#2003,,,p.Pro102Asp,0.542815666519739,0.030441251537918,P102D,P102D,0.6249,pathogenic,0.3388568466862609,0.3751,False,102,False,False
urn:mavedb:00000657-a-1#2004,,,p.Pro102Glu,0.761730798759,0.0309118426999945,P102E,P102E,0.4133,ambiguous,0.6144750786316264,0.5867,False,102,False,False
urn:mavedb:00000657-a-1#2005,,,p.Pro102Phe,0.554857335788797,0.0535634390974142,P102F,P102F,0.6606,pathogenic,0.29854219475307125,0.33940000000000003,False,102,False,False
urn:mavedb:00000657-a-1#2006,,,p.Pro102Gly,0.744178387222454,0.0251325220715989,P102G,P102G,0.4633,ambiguous,0.5493457709716272,0.5367,False,102,False,False
urn:mavedb:00000657-a-1#2007,,,p.Pro102His,0.679274550069832,0.0274131360299219,P102H,P102H,0.3042,benign,0.7376103879083504,0.6958,False,102,False,False
urn:mavedb:00000657-a-1#2008,,,p.Pro102Ile,0.684148844479207,0.056236104886275,P102I,P102I,0.531,ambiguous,0.4582702375931483,0.469,False,102,False,False
urn:mavedb:00000657-a-1#2009,,,p.Pro102Lys,0.885045225125192,0.0376241545534918,P102K,P102K,0.3084,benign,0.7334940629584289,0.6916,False,102,False,False
urn:mavedb:00000657-a-1#2010,,,p.Pro102Leu,0.740079148409192,0.0287545219050188,P102L,P102L,0.2536,benign,0.7828977096629076,0.7464,False,102,False,False
urn:mavedb:00000657-a-1#2011,,,p.Pro102Met,0.721385290307197,0.0436067995374112,P102M,P102M,0.4909,ambiguous,0.5122819489470145,0.5091,False,102,False,False
urn:mavedb:00000657-a-1#2012,,,p.Pro102Asn,0.614899404613277,0.042446921420421,P102N,P102N,0.5374,ambiguous,0.449720808705972,0.4626,False,102,False,False
urn:mavedb:00000657-a-1#2013,,,p.Pro102Gln,0.808319102972397,0.0455552626180364,P102Q,P102Q,0.2472,benign,0.7880601028082264,0.7528,False,102,False,False
urn:mavedb:00000657-a-1#2014,,,p.Pro102Arg,0.838467971995617,0.0400280742850654,P102R,P102R,0.2201,benign,0.8085425583900262,0.7799,False,102,False,False
urn:mavedb:00000657-a-1#2015,,,p.Pro102Ser,0.690580846836044,0.0379246398005211,P102S,P102S,0.2779,benign,0.762143342056739,0.7221,False,102,False,False
urn:mavedb:00000657-a-1#2016,,,p.Pro102Thr,0.69009650696817,0.0432593327825515,P102T,P102T,0.2377,benign,0.7954921883698283,0.7623,False,102,False,False
urn:mavedb:00000657-a-1#2017,,,p.Pro102Val,0.763770519746808,0.0415908365981931,P102V,P102V,0.416,ambiguous,0.6110589961126538,0.5840000000000001,False,102,False,False
urn:mavedb:00000657-a-1#2018,,,p.Pro102Trp,0.653146105257492,0.0404629822232574,P102W,P102W,0.7201,pathogenic,0.23964663779041678,0.27990000000000004,False,102,False,False
urn:mavedb:00000657-a-1#2019,,,p.Pro102Tyr,0.616383563690013,0.0267019724977085,P102Y,P102Y,0.6127,pathogenic,0.3533989552133738,0.3873,False,102,False,False
urn:mavedb:00000657-a-1#2021,,,p.Lys103Ala,0.843268807382562,0.0954076947496698,K103A,K103A,0.6869,pathogenic,0.27117652124843306,0.31310000000000004,True,103,False,True
urn:mavedb:00000657-a-1#2022,,,p.Lys103Cys,0.791687791297848,0.0522064385237819,K103C,K103C,0.9015,pathogenic,0.12424007396875567,0.09850000000000003,False,103,False,False
urn:mavedb:00000657-a-1#2023,,,p.Lys103Asp,0.589554707278433,0.0270240446013233,K103D,K103D,0.8985,pathogenic,0.12547541400011092,0.10150000000000003,False,103,False,False
urn:mavedb:00000657-a-1#2024,,,p.Lys103Glu,0.580257782480627,0.0380771840345081,K103E,K103E,0.4405,ambiguous,0.5794826226447858,0.5595,False,103,False,False
urn:mavedb:00000657-a-1#2025,,,p.Lys103Phe,0.685969760831706,0.038985790686013,K103F,K103F,0.9469,pathogenic,0.10767187585333408,0.053100000000000036,False,103,False,False
urn:mavedb:00000657-a-1#2026,,,p.Lys103Gly,0.858428229447731,0.0228387668269979,K103G,K103G,0.7388,pathogenic,0.2233965079979976,0.2612,True,103,False,True
urn:mavedb:00000657-a-1#2027,,,p.Lys103His,0.898251378653458,0.0308459350685786,K103H,K103H,0.6995,pathogenic,0.2588083967212011,0.3005,True,103,False,True
urn:mavedb:00000657-a-1#2028,,,p.Lys103Ile,0.864940391818403,0.0178321736240043,K103I,K103I,0.7115,pathogenic,0.24748563528960604,0.2885,True,103,False,True
urn:mavedb:00000657-a-1#2029,,,p.Lys103Leu,0.837153081726734,0.0254573569020594,K103L,K103L,0.6912,pathogenic,0.26690079743902906,0.30879999999999996,True,103,False,True
urn:mavedb:00000657-a-1#2030,,,p.Lys103Met,0.89198406548792,0.020791729940832,K103M,K103M,0.5659,pathogenic,0.4121762353836204,0.43410000000000004,False,103,False,False
urn:mavedb:00000657-a-1#2031,,,p.Lys103Asn,0.828544149097524,0.0267039012281407,K103N,K103N,0.8422,pathogenic,0.152356494385929,0.15780000000000005,True,103,False,True
urn:mavedb:00000657-a-1#2032,,,p.Lys103Pro,0.75329251697644,0.0314541958163591,K103P,K103P,0.8574,pathogenic,0.14437011437912373,0.14259999999999995,False,103,False,False
urn:mavedb:00000657-a-1#2033,,,p.Lys103Gln,0.853029725018684,0.0393835669961815,K103Q,K103Q,0.3806,ambiguous,0.6546324024278205,0.6194,False,103,False,False
urn:mavedb:00000657-a-1#2034,,,p.Lys103Arg,1.10284239081412,0.0253134449188237,K103R,K103R,0.1128,benign,0.8697022818915843,0.8872,False,103,False,False
urn:mavedb:00000657-a-1#2035,,,p.Lys103Ser,0.867282385642301,0.0496976448430644,K103S,K103S,0.8026,pathogenic,0.17596640853440076,0.19740000000000002,True,103,False,True
urn:mavedb:00000657-a-1#2036,,,p.Lys103Thr,0.863524219277751,0.0376932761688774,K103T,K103T,0.6116,pathogenic,0.35472777194675786,0.38839999999999997,True,103,False,True
urn:mavedb:00000657-a-1#2037,,,p.Lys103Val,0.837241783257121,0.0381351786688082,K103V,K103V,0.6598,pathogenic,0.2994066672662995,0.34019999999999995,True,103,False,True
urn:mavedb:00000657-a-1#2038,,,p.Lys103Trp,0.629737184350353,0.0338567585428494,K103W,K103W,0.9236,pathogenic,0.11569355205561911,0.07640000000000002,False,103,False,False
urn:mavedb:00000657-a-1#2039,,,p.Lys103Tyr,0.74180393438178,0.028432863005329,K103Y,K103Y,0.8843,pathogenic,0.13157937079106863,0.11570000000000003,False,103,False,False
urn:mavedb:00000657-a-1#2041,,,p.Asp104Ala,0.982133532500805,0.0242565418842597,D104A,D104A,0.0806,benign,0.8827551981736358,0.9194,False,104,False,False
urn:mavedb:00000657-a-1#2042,,,p.Asp104Cys,0.946768958456697,0.0311698976491571,D104C,D104C,0.145,benign,0.8544065074923419,0.855,False,104,False,False
urn:mavedb:00000657-a-1#2043,,,p.Asp104Glu,0.939165203073785,0.0174274739560372,D104E,D104E,0.1005,benign,0.8749384270306394,0.8995,False,104,False,False
urn:mavedb:00000657-a-1#2044,,,p.Asp104Phe,0.987988230305156,0.027042943910178,D104F,D104F,0.1931,benign,0.8268027789530737,0.8069,False,104,False,False
urn:mavedb:00000657-a-1#2045,,,p.Asp104Gly,1.06534266343209,0.0374142462320857,D104G,D104G,0.0485,benign,0.8938000662431094,0.9515,False,104,False,False
urn:mavedb:00000657-a-1#2046,,,p.Asp104His,1.05878344603157,0.0284103687082543,D104H,D104H,0.0854,benign,0.8809411541813812,0.9146,False,104,False,False
urn:mavedb:00000657-a-1#2047,,,p.Asp104Ile,0.705293591566606,0.0206765288243109,D104I,D104I,0.1467,benign,0.8535315122554028,0.8533,False,104,False,False
urn:mavedb:00000657-a-1#2048,,,p.Asp104Lys,1.00683495244082,0.0297578991237503,D104K,D104K,0.1303,benign,0.861684811609985,0.8697,False,104,False,False
urn:mavedb:00000657-a-1#2049,,,p.Asp104Leu,0.987621899146059,0.0234807725438144,D104L,D104L,0.1413,benign,0.8562867617144394,0.8587,False,104,False,False
urn:mavedb:00000657-a-1#2050,,,p.Asp104Met,0.940439212542124,0.0202926799124576,D104M,D104M,0.2775,benign,0.762499841656869,0.7224999999999999,False,104,False,False
urn:mavedb:00000657-a-1#2051,,,p.Asp104Asn,1.07164472563304,0.0423923390853628,D104N,D104N,0.0575,benign,0.8908866453806412,0.9425,False,104,False,False
urn:mavedb:00000657-a-1#2052,,,p.Asp104Pro,0.810072205802029,0.0224301488056986,D104P,D104P,0.352,ambiguous,0.6876295433687643,0.648,False,104,False,False
urn:mavedb:00000657-a-1#2053,,,p.Asp104Gln,0.938201061048842,0.0235870796010053,D104Q,D104Q,0.1297,benign,0.8619711334559085,0.8703,False,104,False,False
urn:mavedb:00000657-a-1#2054,,,p.Asp104Arg,0.963782413746334,0.0273639453998665,D104R,D104R,0.1309,benign,0.8613976600985448,0.8691,False,104,False,False
urn:mavedb:00000657-a-1#2055,,,p.Asp104Ser,0.976129539380009,0.033796245856042,D104S,D104S,0.0686,benign,0.8871001536336639,0.9314,False,104,False,False
urn:mavedb:00000657-a-1#2056,,,p.Asp104Thr,0.898535323070568,0.0508349734931198,D104T,D104T,0.0989,benign,0.8755962835277019,0.9011,False,104,False,False
urn:mavedb:00000657-a-1#2057,,,p.Asp104Val,0.738268062915492,0.0291563348731255,D104V,D104V,0.1054,benign,0.8728907360135287,0.8946000000000001,False,104,False,False
urn:mavedb:00000657-a-1#2058,,,p.Asp104Trp,0.902972357493206,0.0192468286265887,D104W,D104W,0.4451,ambiguous,0.5734520423975231,0.5549,False,104,False,False
urn:mavedb:00000657-a-1#2059,,,p.Asp104Tyr,1.01882286468314,0.0182160474812034,D104Y,D104Y,0.0742,benign,0.8851057896458163,0.9258,False,104,False,False
urn:mavedb:00000657-a-1#2061,,,p.Ser105Ala,0.957293700278744,0.0491459862953591,S105A,S105A,0.0941,benign,0.8775384836416622,0.9059,False,105,False,False
urn:mavedb:00000657-a-1#2062,,,p.Ser105Cys,0.932989566916801,0.0496645593228589,S105C,S105C,0.0854,benign,0.8809411541813812,0.9146,False,105,False,False
urn:mavedb:00000657-a-1#2063,,,p.Ser105Asp,0.939613062559094,0.0415430499720563,S105D,S105D,0.1434,benign,0.8552236364873481,0.8566,False,105,False,False
urn:mavedb:00000657-a-1#2064,,,p.Ser105Glu,0.898425866415126,0.0394716794506536,S105E,S105E,0.2419,benign,0.7922402927198422,0.7581,False,105,False,False
urn:mavedb:00000657-a-1#2065,,,p.Ser105Phe,0.829863337711161,0.0357758779713227,S105F,S105F,0.2569,benign,0.7801866095365243,0.7431,False,105,False,False
urn:mavedb:00000657-a-1#2066,,,p.Ser105Gly,1.01519328507062,0.040026768693493,S105G,S105G,0.0685,benign,0.8871352468902456,0.9315,False,105,False,False
urn:mavedb:00000657-a-1#2067,,,p.Ser105His,0.951216472730828,0.0379712506422732,S105H,S105H,0.1807,benign,0.8345024119888007,0.8193,False,105,False,False
urn:mavedb:00000657-a-1#2068,,,p.Ser105Ile,0.744389976449635,0.0450181168643827,S105I,S105I,0.1748,benign,0.8380196875893137,0.8251999999999999,False,105,False,False
urn:mavedb:00000657-a-1#2069,,,p.Ser105Lys,0.93149892600406,0.040254314189884,S105K,S105K,0.2339,benign,0.7983883864957647,0.7661,False,105,False,False
urn:mavedb:00000657-a-1#2070,,,p.Ser105Leu,0.855619655499819,0.0369850931280441,S105L,S105L,0.1185,benign,0.8671657253720203,0.8815,False,105,False,False
urn:mavedb:00000657-a-1#2071,,,p.Ser105Met,0.825687538939487,0.11651694726487,S105M,S105M,0.1857,benign,0.8314483164189247,0.8143,False,105,False,False
urn:mavedb:00000657-a-1#2072,,,p.Ser105Asn,0.972033348412935,0.0421478927961871,S105N,S105N,0.0888,benign,0.8796291708359628,0.9112,False,105,False,False
urn:mavedb:00000657-a-1#2073,,,p.Ser105Pro,0.72587963968247,0.0549380437360909,S105P,S105P,0.4394,ambiguous,0.5809204511144842,0.5606,False,105,False,False
urn:mavedb:00000657-a-1#2074,,,p.Ser105Gln,0.907348092391603,0.0627158215279305,S105Q,S105Q,0.2468,benign,0.7883785816849889,0.7532,False,105,False,False
urn:mavedb:00000657-a-1#2075,,,p.Ser105Arg,0.850206650269322,0.0272505680356542,S105R,S105R,0.1827,benign,0.8332889057891814,0.8173,False,105,False,False
urn:mavedb:00000657-a-1#2076,,,p.Ser105Thr,0.949745824242571,0.0255318663910966,S105T,S105T,0.0754,benign,0.8846709034607713,0.9246,False,105,False,False
urn:mavedb:00000657-a-1#2077,,,p.Ser105Val,0.800452022306898,0.0317376710782895,S105V,S105V,0.1803,benign,0.8347438182339988,0.8197,False,105,False,False
urn:mavedb:00000657-a-1#2078,,,p.Ser105Trp,0.686381987247826,0.0583319081484665,S105W,S105W,0.2774,benign,0.7625888886264074,0.7226,False,105,False,False
urn:mavedb:00000657-a-1#2079,,,p.Ser105Tyr,0.809536499732655,0.0424351819545319,S105Y,S105Y,0.1792,benign,0.8354054665177467,0.8208,False,105,False,False
urn:mavedb:00000657-a-1#2081,,,p.Glu106Ala,0.993243334480201,0.0138397134926892,E106A,E106A,0.0828,benign,0.8819292628563442,0.9172,False,106,False,False
urn:mavedb:00000657-a-1#2082,,,p.Glu106Cys,0.914599052714001,0.0267534231667559,E106C,E106C,0.3748,ambiguous,0.661496105235151,0.6252,False,106,False,False
urn:mavedb:00000657-a-1#2083,,,p.Glu106Asp,0.970899415373758,0.0168843660526107,E106D,E106D,0.0789,benign,0.8833871007634441,0.9211,False,106,False,False
urn:mavedb:00000657-a-1#2084,,,p.Glu106Phe,0.852285410571176,0.0212134439109701,E106F,E106F,0.3696,ambiguous,0.6675774244124538,0.6304000000000001,False,106,False,False
urn:mavedb:00000657-a-1#2085,,,p.Glu106Gly,0.968967704054477,0.0223129286928484,E106G,E106G,0.0734,benign,0.8853942288316443,0.9266,False,106,False,False
urn:mavedb:00000657-a-1#2086,,,p.Glu106His,0.966864796557037,0.028048173852091,E106H,E106H,0.166,benign,0.8430947717307141,0.834,False,106,False,False
urn:mavedb:00000657-a-1#2087,,,p.Glu106Ile,0.945587204521786,0.030974621699942,E106I,E106I,0.1638,benign,0.8443320553557409,0.8362,False,106,False,False
urn:mavedb:00000657-a-1#2088,,,p.Glu106Lys,0.985341377163513,0.0255488895535917,E106K,E106K,0.054,benign,0.8920359652657159,0.946,False,106,False,False
urn:mavedb:00000657-a-1#2089,,,p.Glu106Leu,0.963754367032616,0.0386531955206403,E106L,E106L,0.1687,benign,0.8415591743191024,0.8313,False,106,False,False
urn:mavedb:00000657-a-1#2090,,,p.Glu106Met,0.968110145173988,0.0312175972032689,E106M,E106M,0.2102,benign,0.8154811211169998,0.7898000000000001,False,106,False,False
urn:mavedb:00000657-a-1#2091,,,p.Glu106Asn,0.990718038692634,0.0245950122102797,E106N,E106N,0.1085,benign,0.8715692384661906,0.8915,False,106,False,False
urn:mavedb:00000657-a-1#2092,,,p.Glu106Pro,1.01099137828445,0.0276029508397355,E106P,E106P,0.1567,benign,0.8482407035736664,0.8432999999999999,False,106,False,False
urn:mavedb:00000657-a-1#2093,,,p.Glu106Gln,0.973752108680876,0.0297071694645365,E106Q,E106Q,0.0849,benign,0.88113219091576,0.9151,False,106,False,False
urn:mavedb:00000657-a-1#2094,,,p.Glu106Arg,0.960972390321587,0.0318776614682394,E106R,E106R,0.0845,benign,0.8812846712103002,0.9155,False,106,False,False
urn:mavedb:00000657-a-1#2095,,,p.Glu106Ser,0.980826074689713,0.0270737208720314,E106S,E106S,0.0966,benign,0.8765327626363122,0.9034,False,106,False,False
urn:mavedb:00000657-a-1#2096,,,p.Glu106Thr,0.95618275695321,0.0271240795393519,E106T,E106T,0.1013,benign,0.8746075196883053,0.8987,False,106,False,False
urn:mavedb:00000657-a-1#2097,,,p.Glu106Val,0.947855437955547,0.0312247052355209,E106V,E106V,0.1147,benign,0.8688646455781043,0.8853,False,106,False,False
urn:mavedb:00000657-a-1#2098,,,p.Glu106Trp,0.773022882628875,0.0299373664272235,E106W,E106W,0.4606,ambiguous,0.5529436664572879,0.5394,False,106,False,False
urn:mavedb:00000657-a-1#2099,,,p.Glu106Tyr,0.838595682842094,0.0306082449929713,E106Y,E106Y,0.2546,benign,0.7820797101431841,0.7454000000000001,False,106,False,False
urn:mavedb:00000657-a-1#2101,,,p.Asp107Ala,0.932952505747488,0.0400264536121947,D107A,D107A,0.0742,benign,0.8851057896458163,0.9258,False,107,False,False
urn:mavedb:00000657-a-1#2102,,,p.Asp107Cys,0.889936925464605,0.0327380608512381,D107C,D107C,0.1864,benign,0.8310153179146468,0.8136,False,107,False,False
urn:mavedb:00000657-a-1#2103,,,p.Asp107Glu,1.02337969772804,0.0460415501869041,D107E,D107E,0.095,benign,0.8771778795060812,0.905,False,107,False,False
urn:mavedb:00000657-a-1#2104,,,p.Asp107Phe,0.838023172326391,0.0271459349832749,D107F,D107F,0.2254,benign,0.8047097777212646,0.7746,False,107,False,False
urn:mavedb:00000657-a-1#2105,,,p.Asp107Gly,0.970230513033459,0.0381881373649764,D107G,D107G,0.0703,benign,0.8865007900022842,0.9297,False,107,False,False
urn:mavedb:00000657-a-1#2106,,,p.Asp107His,0.952210183195336,0.0216220775354119,D107H,D107H,0.1021,benign,0.8742752874574714,0.8979,False,107,False,False
urn:mavedb:00000657-a-1#2107,,,p.Asp107Ile,0.69819819183933,0.0321537271786238,D107I,D107I,0.1292,benign,0.8622091024795232,0.8708,False,107,False,False
urn:mavedb:00000657-a-1#2108,,,p.Asp107Lys,0.989610885275698,0.0310531515477475,D107K,D107K,0.1138,benign,0.8692623975511793,0.8862,False,107,False,False
urn:mavedb:00000657-a-1#2109,,,p.Asp107Leu,0.765778428308125,0.0774858815518475,D107L,D107L,0.1568,benign,0.8481865387254384,0.8432,False,107,False,False
urn:mavedb:00000657-a-1#2110,,,p.Asp107Met,0.892509686945872,0.0314148025949354,D107M,D107M,0.2695,benign,0.7695251431231871,0.7304999999999999,False,107,False,False
urn:mavedb:00000657-a-1#2111,,,p.Asp107Asn,0.966462823068798,0.0451098383381949,D107N,D107N,0.0656,benign,0.8881451048259286,0.9344,False,107,False,False
urn:mavedb:00000657-a-1#2112,,,p.Asp107Pro,0.983503269743652,0.0282736902176202,D107P,D107P,0.3246,benign,0.7171119488067551,0.6754,False,107,False,False
urn:mavedb:00000657-a-1#2113,,,p.Asp107Gln,0.949378318216428,0.0544747758026607,D107Q,D107Q,0.1266,benign,0.8634373123246475,0.8734,False,107,False,False
urn:mavedb:00000657-a-1#2114,,,p.Asp107Arg,0.889315555940976,0.0531349019041858,D107R,D107R,0.1295,benign,0.8620663900023772,0.8705,False,107,False,False
urn:mavedb:00000657-a-1#2115,,,p.Asp107Ser,0.946220821930085,0.0274522990725603,D107S,D107S,0.0741,benign,0.8851419093919712,0.9259,False,107,False,False
urn:mavedb:00000657-a-1#2116,,,p.Asp107Thr,0.941385325898143,0.0404456190072834,D107T,D107T,0.0989,benign,0.8755962835277019,0.9011,False,107,False,False
urn:mavedb:00000657-a-1#2117,,,p.Asp107Val,0.781718692080565,0.0700852154451487,D107V,D107V,0.0895,benign,0.8793562398127719,0.9105,False,107,False,False
urn:mavedb:00000657-a-1#2118,,,p.Asp107Trp,0.828853608965064,0.0647113299935654,D107W,D107W,0.5211,ambiguous,0.47155298454175915,0.4789,False,107,False,False
urn:mavedb:00000657-a-1#2119,,,p.Asp107Tyr,0.917716327444996,0.0347707458965787,D107Y,D107Y,0.0841,benign,0.8814368417484757,0.9159,False,107,False,False
urn:mavedb:00000657-a-1#2121,,,p.Ser108Ala,1.00732753048824,0.0383738639854212,S108A,S108A,0.0543,benign,0.8919382730905242,0.9457,False,108,False,False
urn:mavedb:00000657-a-1#2122,,,p.Ser108Cys,1.00129796862713,0.0253090959106998,S108C,S108C,0.0744,benign,0.8850334944917401,0.9256,False,108,False,False
urn:mavedb:00000657-a-1#2123,,,p.Ser108Asp,0.524715993979767,0.0267651110930294,S108D,S108D,0.4602,ambiguous,0.5534761162772757,0.5398000000000001,False,108,False,False
urn:mavedb:00000657-a-1#2124,,,p.Ser108Glu,0.803839681368346,0.0354643015926915,S108E,S108E,0.5543,ambiguous,0.4273366076524332,0.4457,False,108,False,False
urn:mavedb:00000657-a-1#2125,,,p.Ser108Phe,0.688771081670882,0.028501663346534,S108F,S108F,0.2916,benign,0.7496321858681968,0.7083999999999999,False,108,False,False
urn:mavedb:00000657-a-1#2126,,,p.Ser108Gly,0.980893568943554,0.0202392482474003,S108G,S108G,0.0883,benign,0.8798235303838478,0.9117,False,108,False,False
urn:mavedb:00000657-a-1#2127,,,p.Ser108His,0.935619073904121,0.0348609773422648,S108H,S108H,0.3673,ambiguous,0.6702449342293801,0.6327,False,108,False,False
urn:mavedb:00000657-a-1#2128,,,p.Ser108Ile,0.651338164628152,0.0400096447325548,S108I,S108I,0.2518,benign,0.7843623499364951,0.7482,False,108,False,False
urn:mavedb:00000657-a-1#2129,,,p.Ser108Lys,0.962965873856846,0.0233912474084697,S108K,S108K,0.6084,pathogenic,0.35860946351235323,0.39159999999999995,True,108,False,True
urn:mavedb:00000657-a-1#2130,,,p.Ser108Leu,0.53930523676356,0.0347253445144844,S108L,S108L,0.1557,benign,0.848780970415995,0.8443,False,108,False,False
urn:mavedb:00000657-a-1#2131,,,p.Ser108Met,0.933527089681739,0.0179003987603635,S108M,S108M,0.3219,benign,0.7198975250428723,0.6780999999999999,False,108,False,False
urn:mavedb:00000657-a-1#2132,,,p.Ser108Asn,1.00938879547926,0.0261435121765569,S108N,S108N,0.2163,benign,0.811239664267842,0.7837000000000001,False,108,False,False
urn:mavedb:00000657-a-1#2133,,,p.Ser108Pro,0.913226398008634,0.028114932026549,S108P,S108P,0.2432,benign,0.7912228924269126,0.7568,False,108,False,False
urn:mavedb:00000657-a-1#2134,,,p.Ser108Gln,1.04003864499622,0.0288748003401982,S108Q,S108Q,0.5058,ambiguous,0.49217079010791487,0.4942,False,108,False,False
urn:mavedb:00000657-a-1#2135,,,p.Ser108Arg,1.08868179483012,0.0321253338513291,S108R,S108R,0.4466,ambiguous,0.571479558907683,0.5534,False,108,False,False
urn:mavedb:00000657-a-1#2136,,,p.Ser108Thr,0.95271332891727,0.0447355087189481,S108T,S108T,0.1051,benign,0.8730175464044406,0.8949,False,108,False,False
urn:mavedb:00000657-a-1#2137,,,p.Ser108Val,0.894737012586429,0.0377364694811634,S108V,S108V,0.1957,benign,0.8251345640213037,0.8043,False,108,False,False
urn:mavedb:00000657-a-1#2138,,,p.Ser108Trp,0.300622288304878,0.0368834561786204,S108W,S108W,0.4131,ambiguous,0.6147275673382714,0.5869,False,108,False,False
urn:mavedb:00000657-a-1#2139,,,p.Ser108Tyr,0.768179421759751,0.0386353321342172,S108Y,S108Y,0.2053,benign,0.8188103125807957,0.7947,False,108,False,False
urn:mavedb:00000657-a-1#2141,,,p.Tyr109Ala,0.204852163596849,0.0432952512491542,Y109A,Y109A,0.4864,ambiguous,0.5183498191821049,0.5136000000000001,False,109,False,False
urn:mavedb:00000657-a-1#2142,,,p.Tyr109Cys,0.373471420736085,0.0417986791539751,Y109C,Y109C,0.076,benign,0.8844524543885656,0.924,False,109,False,False
urn:mavedb:00000657-a-1#2143,,,p.Tyr109Asp,-0.0117513355760838,0.0327622657351012,Y109D,Y109D,0.5818,pathogenic,0.3917346135957099,0.4182,False,109,False,False
urn:mavedb:00000657-a-1#2144,,,p.Tyr109Glu,0.0066876150633158,0.0273552868181169,Y109E,Y109E,0.7987,pathogenic,0.17852288792007853,0.20130000000000003,False,109,False,False
urn:mavedb:00000657-a-1#2145,,,p.Tyr109Phe,0.905228873569367,0.0273989461661963,Y109F,Y109F,0.0795,benign,0.8831647026214455,0.9205,False,109,False,False
urn:mavedb:00000657-a-1#2146,,,p.Tyr109Gly,0.0008852719078628,0.0784870249600792,Y109G,Y109G,0.5207,ambiguous,0.4720908671328178,0.47929999999999995,False,109,False,False
urn:mavedb:00000657-a-1#2147,,,p.Tyr109His,0.193073834604397,0.0423450637333803,Y109H,Y109H,0.255,benign,0.7817516474287582,0.745,False,109,False,False
urn:mavedb:00000657-a-1#2148,,,p.Tyr109Ile,0.329855918713338,0.0324863634676214,Y109I,Y109I,0.4248,ambiguous,0.599832056112836,0.5751999999999999,False,109,False,False
urn:mavedb:00000657-a-1#2149,,,p.Tyr109Lys,-0.005865813399312,0.0401711100501332,Y109K,Y109K,0.7602,pathogenic,0.20612707003494735,0.2398,False,109,False,False
urn:mavedb:00000657-a-1#2150,,,p.Tyr109Leu,-0.0147309508439655,0.0094867859795876,Y109L,Y109L,0.5066,ambiguous,0.4910911641762387,0.49339999999999995,False,109,False,False
urn:mavedb:00000657-a-1#2151,,,p.Tyr109Met,0.18471820081637,0.039533673469937,Y109M,Y109M,0.5593,ambiguous,0.4207789817314209,0.4407,False,109,False,False
urn:mavedb:00000657-a-1#2152,,,p.Tyr109Asn,0.0137345300171168,0.0771104458753597,Y109N,Y109N,0.3206,benign,0.7212309011765204,0.6794,False,109,False,False
urn:mavedb:00000657-a-1#2153,,,p.Tyr109Pro,0.271198504683672,0.0385064758904975,Y109P,Y109P,0.6404,pathogenic,0.3209266014337173,0.35960000000000003,False,109,False,False
urn:mavedb:00000657-a-1#2154,,,p.Tyr109Gln,-0.0058871158582064,0.0267281964022086,Y109Q,Y109Q,0.6576,pathogenic,0.3017935020469824,0.34240000000000004,False,109,False,False
urn:mavedb:00000657-a-1#2155,,,p.Tyr109Arg,0.008128278335641,0.0430772404894305,Y109R,Y109R,0.5957,pathogenic,0.3742414364093108,0.4043,False,109,False,False
urn:mavedb:00000657-a-1#2156,,,p.Tyr109Ser,-0.0112776752160475,0.028921526346526,Y109S,Y109S,0.2407,benign,0.793174868607119,0.7593,False,109,False,False
urn:mavedb:00000657-a-1#2157,,,p.Tyr109Thr,0.290733236171065,0.0436164715136315,Y109T,Y109T,0.4335,ambiguous,0.5886026381062627,0.5665,False,109,False,False
urn:mavedb:00000657-a-1#2158,,,p.Tyr109Val,0.54521070593282,0.0327121681808918,Y109V,Y109V,0.2872,benign,0.7537141159845898,0.7128,False,109,False,False
urn:mavedb:00000657-a-1#2159,,,p.Tyr109Trp,0.888450623671422,0.0484795776992683,Y109W,Y109W,0.3133,benign,0.7286232312597304,0.6867,False,109,False,False
urn:mavedb:00000657-a-1#2161,,,p.Asp110Ala,-0.017083076936867,0.0169564176048861,D110A,D110A,0.4453,ambiguous,0.5731892102916994,0.5547,False,110,False,False
urn:mavedb:00000657-a-1#2162,,,p.Asp110Cys,-0.011474621758039,0.0198290079718445,D110C,D110C,0.8159,pathogenic,0.16756699099583888,0.18410000000000004,False,110,False,False
urn:mavedb:00000657-a-1#2163,,,p.Asp110Glu,0.296986733024932,0.0294801690779182,D110E,D110E,0.5346,ambiguous,0.4534570381706191,0.46540000000000004,False,110,False,False
urn:mavedb:00000657-a-1#2164,,,p.Asp110Phe,0.016757089752493,0.046046049405422,D110F,D110F,0.9322,pathogenic,0.11261960695592634,0.06779999999999997,False,110,False,False
urn:mavedb:00000657-a-1#2165,,,p.Asp110Gly,-0.0081851555693987,0.0105586360715443,D110G,D110G,0.3215,benign,0.7203083374905876,0.6785,False,110,False,False
urn:mavedb:00000657-a-1#2166,,,p.Asp110His,0.0648192335921811,0.0262886782094741,D110H,D110H,0.4298,ambiguous,0.593393327273219,0.5702,False,110,False,False
urn:mavedb:00000657-a-1#2167,,,p.Asp110Ile,0.0703073431451417,0.0545822262926422,D110I,D110I,0.8905,pathogenic,0.12886140233455456,0.10950000000000004,False,110,False,False
urn:mavedb:00000657-a-1#2168,,,p.Asp110Lys,0.0034428389969242,0.0139341544703367,D110K,D110K,0.7614,pathogenic,0.20520014361964817,0.23860000000000003,False,110,False,False
urn:mavedb:00000657-a-1#2169,,,p.Asp110Leu,-0.0004777423587132,0.0315339695409181,D110L,D110L,0.871,pathogenic,0.13769587066989236,0.129,False,110,False,False
urn:mavedb:00000657-a-1#2170,,,p.Asp110Met,0.000744052779113,0.0314638285840822,D110M,D110M,0.9336,pathogenic,0.11213196622273992,0.06640000000000001,False,110,False,False
urn:mavedb:00000657-a-1#2171,,,p.Asp110Asn,0.0217955128755215,0.033916912617621,D110N,D110N,0.1684,benign,0.841730731739637,0.8316,False,110,False,False
urn:mavedb:00000657-a-1#2172,,,p.Asp110Pro,-0.0107655739954413,0.0168970545479174,D110P,D110P,0.8712,pathogenic,0.137600935584622,0.12880000000000003,False,110,False,False
urn:mavedb:00000657-a-1#2173,,,p.Asp110Gln,0.490764248151544,0.0211100698021769,D110Q,D110Q,0.6136,pathogenic,0.35231386350161226,0.38639999999999997,False,110,False,False
urn:mavedb:00000657-a-1#2174,,,p.Asp110Arg,0.0155996243518305,0.0385942571448775,D110R,D110R,0.7574,pathogenic,0.20830689891530807,0.24260000000000004,False,110,False,False
urn:mavedb:00000657-a-1#2175,,,p.Asp110Ser,-0.010819378830799,0.0197478711849731,D110S,D110S,0.2151,benign,0.8120826007552964,0.7848999999999999,False,110,False,False
urn:mavedb:00000657-a-1#2176,,,p.Asp110Thr,-0.0014459101180166,0.024141891480163,D110T,D110T,0.5924,pathogenic,0.378359761227054,0.40759999999999996,False,110,False,False
urn:mavedb:00000657-a-1#2177,,,p.Asp110Val,0.0213148397050894,0.0556468479307871,D110V,D110V,0.7546,pathogenic,0.21051059525686772,0.24539999999999995,False,110,False,False
urn:mavedb:00000657-a-1#2178,,,p.Asp110Trp,0.0368798356636804,0.078372410117489,D110W,D110W,0.9787,pathogenic,0.09819054579646351,0.021299999999999986,False,110,False,False
urn:mavedb:00000657-a-1#2179,,,p.Asp110Tyr,0.0125770944285972,0.0477697134331627,D110Y,D110Y,0.6239,pathogenic,0.3400349947160103,0.3761,False,110,False,False
urn:mavedb:00000657-a-1#2181,,,p.Ile111Ala,-0.0074933349279708,0.0176550392124294,I111A,I111A,0.5336,ambiguous,0.45479300704706543,0.46640000000000004,False,111,False,False
urn:mavedb:00000657-a-1#2182,,,p.Ile111Cys,0.60449995226825,0.0323184802895938,I111C,I111C,0.6126,pathogenic,0.3535196390937868,0.38739999999999997,False,111,False,False
urn:mavedb:00000657-a-1#2183,,,p.Ile111Asp,0.0254031903206937,0.0529244645371353,I111D,I111D,0.9733,pathogenic,0.09968987245871948,0.026699999999999946,False,111,False,False
urn:mavedb:00000657-a-1#2184,,,p.Ile111Glu,0.0342052347547828,0.0377365272519456,I111E,I111E,0.9623,pathogenic,0.1028808543889301,0.037699999999999956,False,111,False,False
urn:mavedb:00000657-a-1#2185,,,p.Ile111Phe,-0.0090133152197257,0.0222775039844595,I111F,I111F,0.1647,benign,0.8438274013568305,0.8352999999999999,False,111,False,False
urn:mavedb:00000657-a-1#2186,,,p.Ile111Gly,-0.0019269900859702,0.0449846156691263,I111G,I111G,0.8682,pathogenic,0.1390346266030656,0.13180000000000003,False,111,False,False
urn:mavedb:00000657-a-1#2187,,,p.Ile111His,0.0172749404335973,0.0495540268854426,I111H,I111H,0.9146,pathogenic,0.11905884581861864,0.08540000000000003,False,111,False,False
urn:mavedb:00000657-a-1#2188,,,p.Ile111Lys,0.0360018072679319,0.0672064765555325,I111K,I111K,0.9373,pathogenic,0.11086008020238784,0.06269999999999998,False,111,False,False
urn:mavedb:00000657-a-1#2189,,,p.Ile111Leu,0.693675118814048,0.0451969517143556,I111L,I111L,0.0898,benign,0.8792389731861506,0.9102,False,111,False,False
urn:mavedb:00000657-a-1#2190,,,p.Ile111Met,0.39319717599463,0.0360464830375791,I111M,I111M,0.0995,benign,0.8753502043605842,0.9005,False,111,False,False
urn:mavedb:00000657-a-1#2191,,,p.Ile111Asn,0.101792955007957,0.174940211877084,I111N,I111N,0.8168,pathogenic,0.16701616125114474,0.18320000000000003,False,111,False,False
urn:mavedb:00000657-a-1#2192,,,p.Ile111Pro,0.014897232734761,0.0607932281163741,I111P,I111P,0.9705,pathogenic,0.10048449182744268,0.02949999999999997,False,111,False,False
urn:mavedb:00000657-a-1#2193,,,p.Ile111Gln,0.04860066076808,0.0686334670450411,I111Q,I111Q,0.9321,pathogenic,0.11265457360586377,0.06789999999999996,False,111,False,False
urn:mavedb:00000657-a-1#2194,,,p.Ile111Arg,0.019826600693839,0.0529690588311557,I111R,I111R,0.9016,pathogenic,0.12419921455354269,0.09840000000000004,False,111,False,False
urn:mavedb:00000657-a-1#2195,,,p.Ile111Ser,0.0050906938901587,0.0382306046985446,I111S,I111S,0.73,pathogenic,0.23090809977547644,0.27,False,111,False,False
urn:mavedb:00000657-a-1#2196,,,p.Ile111Thr,-0.0040396496926842,0.026491394711706,I111T,I111T,0.5766,pathogenic,0.3983726473408457,0.4234,False,111,False,False
urn:mavedb:00000657-a-1#2197,,,p.Ile111Val,1.1061650370769,0.0284017091826277,I111V,I111V,0.0659,benign,0.8880413375452224,0.9341,False,111,False,False
urn:mavedb:00000657-a-1#2198,,,p.Ile111Trp,0.0292497844258859,0.0409110792452024,I111W,I111W,0.89,pathogenic,0.12907752334637113,0.10999999999999999,False,111,False,False
urn:mavedb:00000657-a-1#2199,,,p.Ile111Tyr,0.0046522889214978,0.0368737931227259,I111Y,I111Y,0.7243,pathogenic,0.23590208181686434,0.27569999999999995,False,111,False,False
urn:mavedb:00000657-a-1#2201,,,p.Ile112Ala,0.883844746834767,0.0223965082715077,I112A,I112A,0.6487,pathogenic,0.31159043005189424,0.35129999999999995,True,112,False,True
urn:mavedb:00000657-a-1#2202,,,p.Ile112Cys,0.949083360785469,0.0330809038372537,I112C,I112C,0.8098,pathogenic,0.1713586847383517,0.19020000000000004,True,112,False,True
urn:mavedb:00000657-a-1#2203,,,p.Ile112Asp,0.0526948226343844,0.0888694227404973,I112D,I112D,0.9876,pathogenic,0.09581222803353126,0.012399999999999967,False,112,False,False
urn:mavedb:00000657-a-1#2204,,,p.Ile112Glu,0.0603434635505356,0.108470156666766,I112E,I112E,0.9872,pathogenic,0.09591669323285183,0.012800000000000034,False,112,False,False
urn:mavedb:00000657-a-1#2205,,,p.Ile112Phe,-0.0002432271966417,0.032085175719083,I112F,I112F,0.6881,pathogenic,0.2699776026290146,0.31189999999999996,False,112,False,False
urn:mavedb:00000657-a-1#2206,,,p.Ile112Gly,0.0166446645089487,0.0365095358026858,I112G,I112G,0.9309,pathogenic,0.1130755845656683,0.06910000000000005,False,112,False,False
urn:mavedb:00000657-a-1#2207,,,p.Ile112His,0.0128856357003235,0.0754416643359269,I112H,I112H,0.9749,pathogenic,0.0992411062398991,0.02510000000000001,False,112,False,False
urn:mavedb:00000657-a-1#2208,,,p.Ile112Lys,0.0076881602533232,0.0377193830029304,I112K,I112K,0.9775,pathogenic,0.09851999668519246,0.022499999999999964,False,112,False,False
urn:mavedb:00000657-a-1#2209,,,p.Ile112Leu,0.420376362640646,0.0360929826870403,I112L,I112L,0.2069,benign,0.8177308100325683,0.7931,False,112,False,False
urn:mavedb:00000657-a-1#2210,,,p.Ile112Met,-0.0067074055835856,0.0145176670896949,I112M,I112M,0.2922,benign,0.7490708909181394,0.7078,False,112,False,False
urn:mavedb:00000657-a-1#2211,,,p.Ile112Asn,-0.002069917557367,0.0443713967225894,I112N,I112N,0.8616,pathogenic,0.1422624465418464,0.13839999999999997,False,112,False,False
urn:mavedb:00000657-a-1#2212,,,p.Ile112Pro,0.0392607292116035,0.0556663146508794,I112P,I112P,0.977,pathogenic,0.09865789381469747,0.02300000000000002,False,112,False,False
urn:mavedb:00000657-a-1#2213,,,p.Ile112Gln,-0.005070085347962,0.0290406398440124,I112Q,I112Q,0.9692,pathogenic,0.10085747180991556,0.03080000000000005,False,112,False,False
urn:mavedb:00000657-a-1#2214,,,p.Ile112Arg,0.0257109652805431,0.0752937376374833,I112R,I112R,0.958,pathogenic,0.10417973188253815,0.04200000000000004,False,112,False,False
urn:mavedb:00000657-a-1#2215,,,p.Ile112Ser,0.0593249362579279,0.0330601041068025,I112S,I112S,0.7406,pathogenic,0.22188963821153496,0.25939999999999996,False,112,False,False
urn:mavedb:00000657-a-1#2216,,,p.Ile112Thr,-0.0033933601582798,0.0143774038071072,I112T,I112T,0.694,pathogenic,0.2641471018253877,0.30600000000000005,False,112,False,False
urn:mavedb:00000657-a-1#2217,,,p.Ile112Val,1.0083595222682,0.0381855767106895,I112V,I112V,0.1055,benign,0.8728484238302539,0.8945,False,112,False,False
urn:mavedb:00000657-a-1#2218,,,p.Ile112Trp,0.0017641031912575,0.0376473256631241,I112W,I112W,0.9904,pathogenic,0.09508724638123774,0.009600000000000053,False,112,False,False
urn:mavedb:00000657-a-1#2219,,,p.Ile112Tyr,0.0223098279546583,0.0562251978440056,I112Y,I112Y,0.9563,pathogenic,0.10470143259679295,0.04369999999999996,False,112,False,False
urn:mavedb:00000657-a-1#2221,,,p.Phe113Ala,0.0662639382263532,0.0899694589849483,F113A,F113A,0.9119,pathogenic,0.12009886347995813,0.08809999999999996,False,113,False,False
urn:mavedb:00000657-a-1#2222,,,p.Phe113Cys,0.0045947716683234,0.053762773155761,F113C,F113C,0.5537,ambiguous,0.4281257162830864,0.44630000000000003,False,113,False,False
urn:mavedb:00000657-a-1#2223,,,p.Phe113Asp,0.0005079360037887,0.0423979948139835,F113D,F113D,0.995,pathogenic,0.09391975069892,0.0050000000000000044,False,113,False,False
urn:mavedb:00000657-a-1#2224,,,p.Phe113Glu,-0.0024036356428275,0.0404125604971737,F113E,F113E,0.9953,pathogenic,0.09384461407994565,0.0047000000000000375,False,113,False,False
urn:mavedb:00000657-a-1#2225,,,p.Phe113Gly,0.01109863556271,0.048432297874691,F113G,F113G,0.9766,pathogenic,0.0987684774834447,0.023399999999999976,False,113,False,False
urn:mavedb:00000657-a-1#2226,,,p.Phe113His,0.0133189001044509,0.0373504273104674,F113H,F113H,0.9771,pathogenic,0.09863028486008125,0.02290000000000003,False,113,False,False
urn:mavedb:00000657-a-1#2227,,,p.Phe113Ile,0.738461325530246,0.0369240308300095,F113I,F113I,0.1724,benign,0.8394239516740312,0.8276,False,113,False,False
urn:mavedb:00000657-a-1#2228,,,p.Phe113Lys,-0.0012118647954748,0.0392504810883926,F113K,F113K,0.9956,pathogenic,0.0937695994304312,0.0043999999999999595,False,113,False,False
urn:mavedb:00000657-a-1#2229,,,p.Phe113Leu,0.57332765127112,0.0500929232102812,F113L,F113L,0.6028,pathogenic,0.36545863177535953,0.3972,False,113,False,False
urn:mavedb:00000657-a-1#2230,,,p.Phe113Met,0.240660067809577,0.0444350563966404,F113M,F113M,0.5199,ambiguous,0.47316687099028976,0.48009999999999997,False,113,False,False
urn:mavedb:00000657-a-1#2231,,,p.Phe113Asn,-0.0161398689908,0.0149641063456648,F113N,F113N,0.9879,pathogenic,0.09573402678064039,0.0121,False,113,False,False
urn:mavedb:00000657-a-1#2232,,,p.Phe113Pro,0.0157473902223191,0.0907470286430005,F113P,F113P,0.9931,pathogenic,0.09439845970290325,0.006900000000000017,False,113,False,False
urn:mavedb:00000657-a-1#2233,,,p.Phe113Gln,0.0082129903745152,0.0430237390296783,F113Q,F113Q,0.9924,pathogenic,0.09457607011311739,0.007600000000000051,False,113,False,False
urn:mavedb:00000657-a-1#2234,,,p.Phe113Arg,0.0066161769184818,0.0588711846916137,F113R,F113R,0.9895,pathogenic,0.0953190830313144,0.010499999999999954,False,113,False,False
urn:mavedb:00000657-a-1#2235,,,p.Phe113Ser,0.0050675414059874,0.0432455467949219,F113S,F113S,0.946,pathogenic,0.10796403473428402,0.05400000000000005,False,113,False,False
urn:mavedb:00000657-a-1#2236,,,p.Phe113Thr,0.0489264846921779,0.089013364887403,F113T,F113T,0.9212,pathogenic,0.11657589914059342,0.07879999999999998,False,113,False,False
urn:mavedb:00000657-a-1#2237,,,p.Phe113Val,0.10830995370701,0.0307819738751289,F113V,F113V,0.2736,benign,0.765949579461836,0.7263999999999999,False,113,False,False
urn:mavedb:00000657-a-1#2238,,,p.Phe113Trp,-0.0072123289202441,0.0572686013072502,F113W,F113W,0.7175,pathogenic,0.2419922550342743,0.2825,False,113,False,False
urn:mavedb:00000657-a-1#2239,,,p.Phe113Tyr,0.0156262442402483,0.0776832752860738,F113Y,F113Y,0.568,pathogenic,0.409452602403853,0.43200000000000005,False,113,False,False
urn:mavedb:00000657-a-1#2241,,,p.Asp114Ala,-0.0044220150184697,0.0350819210739613,D114A,D114A,0.9889,pathogenic,0.09547426748623082,0.011099999999999999,False,114,False,False
urn:mavedb:00000657-a-1#2242,,,p.Asp114Cys,-0.0058328877457998,0.0199885169278616,D114C,D114C,0.9916,pathogenic,0.09477987807219979,0.008399999999999963,False,114,False,False
urn:mavedb:00000657-a-1#2243,,,p.Asp114Glu,0.574709850696096,0.0344159432283754,D114E,D114E,0.976,pathogenic,0.09893479729618229,0.02400000000000002,False,114,False,False
urn:mavedb:00000657-a-1#2244,,,p.Asp114Phe,-0.0115687681686171,0.0143225895323368,D114F,D114F,0.9969,pathogenic,0.09344594109579324,0.0030999999999999917,False,114,False,False
urn:mavedb:00000657-a-1#2245,,,p.Asp114Gly,-0.0021422016922767,0.0305309043783809,D114G,D114G,0.9855,pathogenic,0.09636318986270288,0.014499999999999957,False,114,False,False
urn:mavedb:00000657-a-1#2246,,,p.Asp114His,0.270080742811667,0.0388496231025592,D114H,D114H,0.9791,pathogenic,0.09808119858023714,0.02090000000000003,False,114,False,False
urn:mavedb:00000657-a-1#2247,,,p.Asp114Ile,0.0063248174948522,0.0448345596629282,D114I,D114I,0.995,pathogenic,0.09391975069892,0.0050000000000000044,False,114,False,False
urn:mavedb:00000657-a-1#2248,,,p.Asp114Lys,-0.0059819041058143,0.0202250768302875,D114K,D114K,0.9956,pathogenic,0.0937695994304312,0.0043999999999999595,False,114,False,False
urn:mavedb:00000657-a-1#2249,,,p.Asp114Leu,-0.0200299136125456,0.0171051778688843,D114L,D114L,0.9906,pathogenic,0.09503587990338186,0.009399999999999964,False,114,False,False
urn:mavedb:00000657-a-1#2250,,,p.Asp114Met,-0.0174064574931931,0.0203027317463919,D114M,D114M,0.9991,pathogenic,0.09290338178376073,0.0009000000000000119,False,114,False,False
urn:mavedb:00000657-a-1#2251,,,p.Asp114Asn,0.0024742148062681,0.0193262011849124,D114N,D114N,0.9631,pathogenic,0.1026424457397409,0.036900000000000044,False,114,False,False
urn:mavedb:00000657-a-1#2252,,,p.Asp114Pro,0.0016332765716924,0.0401421499351506,D114P,D114P,0.9967,pathogenic,0.093495586397419,0.0032999999999999696,False,114,False,False
urn:mavedb:00000657-a-1#2253,,,p.Asp114Gln,0.0006998096049501,0.0243349617740596,D114Q,D114Q,0.9945,pathogenic,0.09404524991773436,0.005499999999999949,False,114,False,False
urn:mavedb:00000657-a-1#2254,,,p.Asp114Arg,0.0098125031208602,0.0285431772702753,D114R,D114R,0.992,pathogenic,0.09467786394887504,0.008000000000000007,False,114,False,False
urn:mavedb:00000657-a-1#2255,,,p.Asp114Ser,0.439988967391195,0.0289568283039209,D114S,D114S,0.9621,pathogenic,0.1029406145365428,0.037900000000000045,False,114,False,False
urn:mavedb:00000657-a-1#2256,,,p.Asp114Thr,0.369266595069742,0.0282471904888077,D114T,D114T,0.9931,pathogenic,0.09439845970290325,0.006900000000000017,False,114,False,False
urn:mavedb:00000657-a-1#2257,,,p.Asp114Val,0.0074204542079682,0.0280845743370831,D114V,D114V,0.9841,pathogenic,0.09673397289621002,0.015900000000000025,False,114,False,False
urn:mavedb:00000657-a-1#2258,,,p.Asp114Trp,-0.0106620226985775,0.0157667869157001,D114W,D114W,0.9987,pathogenic,0.09300154788737622,0.0012999999999999678,False,114,False,False
urn:mavedb:00000657-a-1#2259,,,p.Asp114Tyr,0.285534861268195,0.0412372011166951,D114Y,D114Y,0.9638,pathogenic,0.1024346654604705,0.03620000000000001,False,114,False,False
urn:mavedb:00000657-a-1#2261,,,p.Leu115Ala,0.0389427792112284,0.0562763846635878,L115A,L115A,0.896,pathogenic,0.12651909809502707,0.10399999999999998,False,115,False,False
urn:mavedb:00000657-a-1#2262,,,p.Leu115Cys,0.468768293146208,0.0385957580475343,L115C,L115C,0.8281,pathogenic,0.16028540611028175,0.17190000000000005,False,115,False,False
urn:mavedb:00000657-a-1#2263,,,p.Leu115Asp,0.017171002221077,0.0538116406146713,L115D,L115D,0.9978,pathogenic,0.09322320218636365,0.0021999999999999797,False,115,False,False
urn:mavedb:00000657-a-1#2264,,,p.Leu115Glu,0.0444846046646039,0.0698430830391679,L115E,L115E,0.9905,pathogenic,0.09506155620888944,0.009499999999999953,False,115,False,False
urn:mavedb:00000657-a-1#2265,,,p.Leu115Phe,0.0269494738999255,0.0467971388292073,L115F,L115F,0.5362,ambiguous,0.4513212215552874,0.4638,False,115,False,False
urn:mavedb:00000657-a-1#2266,,,p.Leu115Gly,0.0292772236812291,0.0678992780065616,L115G,L115G,0.9794,pathogenic,0.09799934184772749,0.02059999999999995,False,115,False,False
urn:mavedb:00000657-a-1#2267,,,p.Leu115His,0.0094962106258576,0.0373309551595636,L115H,L115H,0.9728,pathogenic,0.09983089987458466,0.027200000000000002,False,115,False,False
urn:mavedb:00000657-a-1#2268,,,p.Leu115Ile,0.258670227544143,0.0336369631343664,L115I,L115I,0.2309,benign,0.8006441511271641,0.7691,False,115,False,False
urn:mavedb:00000657-a-1#2269,,,p.Leu115Lys,0.00112409816597,0.0377451649588566,L115K,L115K,0.9891,pathogenic,0.09542248351406502,0.01090000000000002,False,115,False,False
urn:mavedb:00000657-a-1#2270,,,p.Leu115Met,0.676058192675547,0.0555622118420951,L115M,L115M,0.2201,benign,0.8085425583900262,0.7799,False,115,False,False
urn:mavedb:00000657-a-1#2271,,,p.Leu115Asn,0.0567679050081605,0.057225342164049,L115N,L115N,0.9813,pathogenic,0.09748396244810197,0.01870000000000005,False,115,False,False
urn:mavedb:00000657-a-1#2272,,,p.Leu115Pro,-0.0157898768646146,0.034940149653613,L115P,L115P,0.9865,pathogenic,0.09610004990193693,0.013499999999999956,False,115,False,False
urn:mavedb:00000657-a-1#2273,,,p.Leu115Gln,0.0523314224957221,0.100748868563184,L115Q,L115Q,0.9576,pathogenic,0.104302064455977,0.04239999999999999,False,115,False,False
urn:mavedb:00000657-a-1#2274,,,p.Leu115Arg,4.25914611815639e-05,0.0447112365540517,L115R,L115R,0.979,pathogenic,0.09810851341635872,0.02100000000000002,False,115,False,False
urn:mavedb:00000657-a-1#2275,,,p.Leu115Ser,0.0216040147121185,0.0454768216025133,L115S,L115S,0.9643,pathogenic,0.10228672227912092,0.035699999999999954,False,115,False,False
urn:mavedb:00000657-a-1#2276,,,p.Leu115Thr,0.0017701825856595,0.0327981729958734,L115T,L115T,0.899,pathogenic,0.12526823501929646,0.10099999999999998,False,115,False,False
urn:mavedb:00000657-a-1#2277,,,p.Leu115Val,0.0012360227138104,0.020032151715771,L115V,L115V,0.3225,benign,0.7192804025806359,0.6775,False,115,False,False
urn:mavedb:00000657-a-1#2278,,,p.Leu115Trp,-0.0045124374386026,0.0327960570884259,L115W,L115W,0.9501,pathogenic,0.10664416464061403,0.049900000000000055,False,115,False,False
urn:mavedb:00000657-a-1#2279,,,p.Leu115Tyr,0.0213912372703032,0.0326242330159836,L115Y,L115Y,0.9593,pathogenic,0.103783930264196,0.04069999999999996,False,115,False,False
urn:mavedb:00000657-a-1#2281,,,p.His116Ala,0.552290534453258,0.0608482689405079,H116A,H116A,0.9981,pathogenic,0.09314919713989571,0.0019000000000000128,False,116,True,False
urn:mavedb:00000657-a-1#2282,,,p.His116Cys,0.533687552766567,0.0318205101262854,H116C,H116C,0.9125,pathogenic,0.11986651630083958,0.08750000000000002,False,116,True,False
urn:mavedb:00000657-a-1#2283,,,p.His116Asp,0.0876220702912947,0.107022375550687,H116D,H116D,0.9942,pathogenic,0.09412071264803838,0.005800000000000027,False,116,True,False
urn:mavedb:00000657-a-1#2284,,,p.His116Glu,0.0054419826155446,0.0317100945372402,H116E,H116E,0.9938,pathogenic,0.09422152038597464,0.006199999999999983,False,116,True,False
urn:mavedb:00000657-a-1#2285,,,p.His116Phe,0.648991019124125,0.0459179637934469,H116F,H116F,0.9942,pathogenic,0.09412071264803838,0.005800000000000027,False,116,True,False
urn:mavedb:00000657-a-1#2286,,,p.His116Gly,0.867963260874741,0.0485657477494457,H116G,H116G,0.9964,pathogenic,0.09357015532592575,0.0036000000000000476,True,116,True,True
urn:mavedb:00000657-a-1#2287,,,p.His116Ile,-0.0118765664901338,0.0316489865005305,H116I,H116I,0.9988,pathogenic,0.09297698637912502,0.0011999999999999789,False,116,True,False
urn:mavedb:00000657-a-1#2288,,,p.His116Lys,0.87529487387722,0.0229739032328821,H116K,H116K,0.9885,pathogenic,0.09557800315772488,0.011499999999999955,True,116,True,True
urn:mavedb:00000657-a-1#2289,,,p.His116Leu,0.328626529646158,0.0347540418078546,H116L,H116L,0.9789,pathogenic,0.0981358428932026,0.021100000000000008,False,116,True,False
urn:mavedb:00000657-a-1#2290,,,p.His116Met,0.595603304109755,0.045014950520872,H116M,H116M,0.9987,pathogenic,0.09300154788737622,0.0012999999999999678,False,116,True,False
urn:mavedb:00000657-a-1#2291,,,p.His116Asn,0.338663011360211,0.0371759317868884,H116N,H116N,0.9793,pathogenic,0.0980266128027674,0.02070000000000005,False,116,True,False
urn:mavedb:00000657-a-1#2292,,,p.His116Pro,0.144206518914364,0.214530921051902,H116P,H116P,0.9815,pathogenic,0.09743001695379284,0.01849999999999996,False,116,True,False
urn:mavedb:00000657-a-1#2293,,,p.His116Gln,0.55338621893305,0.0349398120851604,H116Q,H116Q,0.9844,pathogenic,0.096654284166473,0.015599999999999947,False,116,True,False
urn:mavedb:00000657-a-1#2294,,,p.His116Arg,0.496414455117921,0.0374309522452399,H116R,H116R,0.956,pathogenic,0.10479398382776009,0.04400000000000004,False,116,True,False
urn:mavedb:00000657-a-1#2295,,,p.His116Ser,0.588767530168058,0.0267249648721945,H116S,H116S,0.9939,pathogenic,0.09419629799287946,0.006099999999999994,False,116,True,False
urn:mavedb:00000657-a-1#2296,,,p.His116Thr,-0.005646334056899,0.0196460277115332,H116T,H116T,0.9991,pathogenic,0.09290338178376073,0.0009000000000000119,False,116,True,False
urn:mavedb:00000657-a-1#2297,,,p.His116Val,0.122554531300431,0.237566247016021,H116V,H116V,0.9987,pathogenic,0.09300154788737622,0.0012999999999999678,False,116,True,False
urn:mavedb:00000657-a-1#2298,,,p.His116Trp,0.0004315854035497,0.0355274769862759,H116W,H116W,0.9654,pathogenic,0.10196262494889796,0.034599999999999964,False,116,True,False
urn:mavedb:00000657-a-1#2299,,,p.His116Tyr,0.754932754687303,0.0157279361839161,H116Y,H116Y,0.9706,pathogenic,0.10045590786897027,0.02939999999999998,False,116,True,False
urn:mavedb:00000657-a-1#2301,,,p.Asn117Ala,0.0073712263635046,0.0249852501478857,N117A,N117A,0.9072,pathogenic,0.12194351986001636,0.0928,False,117,False,False
urn:mavedb:00000657-a-1#2302,,,p.Asn117Cys,0.841805317695793,0.0413144414653263,N117C,N117C,0.7297,pathogenic,0.23116841890319484,0.2703,True,117,False,True
urn:mavedb:00000657-a-1#2303,,,p.Asn117Asp,0.623699462727016,0.0237106952357602,N117D,N117D,0.8432,pathogenic,0.15181346127456163,0.15680000000000005,False,117,False,False
urn:mavedb:00000657-a-1#2304,,,p.Asn117Glu,0.430552041439255,0.0392825984825095,N117E,N117E,0.9913,pathogenic,0.09485653348170126,0.008700000000000041,False,117,False,False
urn:mavedb:00000657-a-1#2305,,,p.Asn117Phe,-0.0038510596107339,0.0311736238535711,N117F,N117F,0.9948,pathogenic,0.09396990962580373,0.005199999999999982,False,117,False,False
urn:mavedb:00000657-a-1#2306,,,p.Asn117Gly,0.0322056505708955,0.0328954210818408,N117G,N117G,0.8572,pathogenic,0.14447153230255066,0.14280000000000004,False,117,False,False
urn:mavedb:00000657-a-1#2307,,,p.Asn117His,0.0166712870851824,0.0463849218573592,N117H,N117H,0.831,pathogenic,0.15861261764963672,0.16900000000000004,False,117,False,False
urn:mavedb:00000657-a-1#2308,,,p.Asn117Ile,0.0211628053097248,0.046114462144087,N117I,N117I,0.9608,pathogenic,0.10333060122583053,0.03920000000000001,False,117,False,False
urn:mavedb:00000657-a-1#2309,,,p.Asn117Lys,0.0233993963802478,0.0693059935150384,N117K,N117K,0.9934,pathogenic,0.09432254652338765,0.00660000000000005,False,117,False,False
urn:mavedb:00000657-a-1#2310,,,p.Asn117Leu,0.0212660063525069,0.0495565991688731,N117L,N117L,0.9335,pathogenic,0.11216668079039505,0.0665,False,117,False,False
urn:mavedb:00000657-a-1#2311,,,p.Asn117Met,0.0022579550769764,0.0450261270008423,N117M,N117M,0.9595,pathogenic,0.10372327854494448,0.04049999999999998,False,117,False,False
urn:mavedb:00000657-a-1#2312,,,p.Asn117Pro,0.0208540450089692,0.103296141626102,N117P,N117P,0.9872,pathogenic,0.09591669323285183,0.012800000000000034,False,117,False,False
urn:mavedb:00000657-a-1#2313,,,p.Asn117Gln,0.0173640117627985,0.0429111618248951,N117Q,N117Q,0.9813,pathogenic,0.09748396244810197,0.01870000000000005,False,117,False,False
urn:mavedb:00000657-a-1#2314,,,p.Asn117Arg,0.010146687115384,0.051637791812862,N117R,N117R,0.9911,pathogenic,0.09490770614730541,0.008900000000000019,False,117,False,False
urn:mavedb:00000657-a-1#2315,,,p.Asn117Ser,1.01952964424729,0.0212874198548999,N117S,N117S,0.1676,benign,0.8421870730561695,0.8324,False,117,False,False
urn:mavedb:00000657-a-1#2316,,,p.Asn117Thr,1.22023668428979,0.0345969362779298,N117T,N117T,0.5332,ambiguous,0.4553276214467106,0.4668,False,117,False,False
urn:mavedb:00000657-a-1#2317,,,p.Asn117Val,-0.0015056647802059,0.0283408187639231,N117V,N117V,0.9367,pathogenic,0.11106467894285073,0.06330000000000002,False,117,False,False
urn:mavedb:00000657-a-1#2318,,,p.Asn117Trp,0.0186362212901895,0.0365558853664747,N117W,N117W,0.9986,pathogenic,0.09302612272790564,0.0013999999999999568,False,117,False,False
urn:mavedb:00000657-a-1#2319,,,p.Asn117Tyr,0.0400788497479318,0.105788142721489,N117Y,N117Y,0.9539,pathogenic,0.1054459533409999,0.04610000000000003,False,117,False,False
urn:mavedb:00000657-a-1#2321,,,p.Thr118Ala,0.703034902743698,0.0407830954885056,T118A,T118A,0.7326,pathogenic,0.228663728103228,0.26739999999999997,False,118,False,False
urn:mavedb:00000657-a-1#2322,,,p.Thr118Cys,0.994986683232371,0.047328121092281,T118C,T118C,0.9119,pathogenic,0.12009886347995813,0.08809999999999996,True,118,False,True
urn:mavedb:00000657-a-1#2323,,,p.Thr118Asp,-0.0002487658954155,0.0315320866672274,T118D,T118D,0.9822,pathogenic,0.09724166317586556,0.017800000000000038,False,118,False,False
urn:mavedb:00000657-a-1#2324,,,p.Thr118Glu,-0.0064036696008621,0.0281985400545527,T118E,T118E,0.9804,pathogenic,0.09772743490295194,0.01959999999999995,False,118,False,False
urn:mavedb:00000657-a-1#2325,,,p.Thr118Phe,0.0059437774649558,0.0287610320536384,T118F,T118F,0.9914,pathogenic,0.09483096787326936,0.008600000000000052,False,118,False,False
urn:mavedb:00000657-a-1#2326,,,p.Thr118Gly,0.0422458114153338,0.0279038540182255,T118G,T118G,0.9191,pathogenic,0.11735688451310582,0.08089999999999997,False,118,False,False
urn:mavedb:00000657-a-1#2327,,,p.Thr118His,-0.0075017255398547,0.0164899353600303,T118H,T118H,0.9529,pathogenic,0.10575895640793584,0.04710000000000003,False,118,False,False
urn:mavedb:00000657-a-1#2328,,,p.Thr118Ile,0.0330451979648765,0.0307114294248221,T118I,T118I,0.9833,pathogenic,0.0969471056100176,0.016700000000000048,False,118,False,False
urn:mavedb:00000657-a-1#2329,,,p.Thr118Lys,0.0887472468741716,0.0357772514311458,T118K,T118K,0.9445,pathogenic,0.10845403040545873,0.055499999999999994,False,118,False,False
urn:mavedb:00000657-a-1#2330,,,p.Thr118Leu,0.271977534886762,0.0489761647383656,T118L,T118L,0.9364,pathogenic,0.11116721730881825,0.06359999999999999,False,118,False,False
urn:mavedb:00000657-a-1#2331,,,p.Thr118Met,0.028624649630819,0.0264297289727551,T118M,T118M,0.79,pathogenic,0.18438164107775934,0.20999999999999996,False,118,False,False
urn:mavedb:00000657-a-1#2332,,,p.Thr118Asn,0.426869727317069,0.0380254624077796,T118N,T118N,0.9245,pathogenic,0.1153654580603045,0.07550000000000001,False,118,False,False
urn:mavedb:00000657-a-1#2333,,,p.Thr118Pro,-0.0012129059380558,0.0139079206343601,T118P,T118P,0.9288,pathogenic,0.11381865284691706,0.07120000000000004,False,118,False,False
urn:mavedb:00000657-a-1#2334,,,p.Thr118Gln,0.0264218626516048,0.0675224712077339,T118Q,T118Q,0.9562,pathogenic,0.1047322667500716,0.04379999999999995,False,118,False,False
urn:mavedb:00000657-a-1#2335,,,p.Thr118Arg,0.16368329056592,0.0445272944343997,T118R,T118R,0.9347,pathogenic,0.111751288875401,0.06530000000000002,False,118,False,False
urn:mavedb:00000657-a-1#2336,,,p.Thr118Ser,0.914033178697991,0.0457818460300347,T118S,T118S,0.5376,ambiguous,0.4494541972740779,0.46240000000000003,False,118,False,False
urn:mavedb:00000657-a-1#2337,,,p.Thr118Val,0.848518413258572,0.0316511956407643,T118V,T118V,0.9358,pathogenic,0.11137277306249946,0.06420000000000003,True,118,False,True
urn:mavedb:00000657-a-1#2338,,,p.Thr118Trp,-0.009621081211425,0.0332751054758249,T118W,T118W,0.9982,pathogenic,0.09312455554146297,0.0018000000000000238,False,118,False,False
urn:mavedb:00000657-a-1#2339,,,p.Thr118Tyr,-0.0212733323227098,0.0399118878070106,T118Y,T118Y,0.9893,pathogenic,0.09537075538012024,0.010700000000000043,False,118,False,False
urn:mavedb:00000657-a-1#2341,,,p.Thr119Ala,0.544629926708134,0.0339689600629816,T119A,T119A,0.6442,pathogenic,0.316628656504291,0.3558,False,119,False,False
urn:mavedb:00000657-a-1#2342,,,p.Thr119Cys,0.630337351659956,0.0441652484720902,T119C,T119C,0.9417,pathogenic,0.10937901530223032,0.05830000000000002,False,119,False,False
urn:mavedb:00000657-a-1#2343,,,p.Thr119Asp,-0.005002584309546,0.0253651163526604,T119D,T119D,0.98,pathogenic,0.09783602275825734,0.020000000000000018,False,119,False,False
urn:mavedb:00000657-a-1#2344,,,p.Thr119Glu,0.533516482323628,0.0351041016089581,T119E,T119E,0.97,pathogenic,0.10062764021585063,0.030000000000000027,False,119,False,False
urn:mavedb:00000657-a-1#2345,,,p.Thr119Phe,0.0010887432844673,0.0383867108669538,T119F,T119F,0.9799,pathogenic,0.09786320613583141,0.020100000000000007,False,119,False,False
urn:mavedb:00000657-a-1#2346,,,p.Thr119Gly,0.0413860464174767,0.0650203186927734,T119G,T119G,0.8691,pathogenic,0.13860233990145526,0.13090000000000002,False,119,False,False
urn:mavedb:00000657-a-1#2347,,,p.Thr119His,0.0559573161574317,0.0943259811421514,T119H,T119H,0.9499,pathogenic,0.10670789297256658,0.05010000000000003,False,119,False,False
urn:mavedb:00000657-a-1#2348,,,p.Thr119Ile,0.0288861021330167,0.0449774595321683,T119I,T119I,0.9362,pathogenic,0.11123566487628822,0.06379999999999997,False,119,False,False
urn:mavedb:00000657-a-1#2349,,,p.Thr119Lys,0.0608181665005111,0.115870431734666,T119K,T119K,0.9635,pathogenic,0.10252361977630245,0.03649999999999998,False,119,False,False
urn:mavedb:00000657-a-1#2350,,,p.Thr119Leu,0.011725438713811,0.039446891381572,T119L,T119L,0.8402,pathogenic,0.15345013713964945,0.15980000000000005,False,119,False,False
urn:mavedb:00000657-a-1#2351,,,p.Thr119Met,0.085325605825737,0.12014886320244,T119M,T119M,0.7045,pathogenic,0.2540362344599718,0.2955,False,119,False,False
urn:mavedb:00000657-a-1#2352,,,p.Thr119Asn,0.805843574725452,0.03741222700064,T119N,T119N,0.845,pathogenic,0.15084233470129127,0.15500000000000003,True,119,False,True
urn:mavedb:00000657-a-1#2353,,,p.Thr119Pro,0.0344737793164917,0.0298103157633081,T119P,T119P,0.8249,pathogenic,0.16215691713635547,0.17510000000000003,False,119,False,False
urn:mavedb:00000657-a-1#2354,,,p.Thr119Gln,-0.0178584884876205,0.0253628669885482,T119Q,T119Q,0.9431,pathogenic,0.1089148347070383,0.05689999999999995,False,119,False,False
urn:mavedb:00000657-a-1#2355,,,p.Thr119Arg,0.120121432529348,0.229531059310664,T119R,T119R,0.9364,pathogenic,0.11116721730881825,0.06359999999999999,False,119,False,False
urn:mavedb:00000657-a-1#2356,,,p.Thr119Ser,0.754272862729161,0.0422301752172193,T119S,T119S,0.5225,ambiguous,0.4696710481103893,0.47750000000000004,False,119,False,False
urn:mavedb:00000657-a-1#2357,,,p.Thr119Val,0.630003033833737,0.0215093962483605,T119V,T119V,0.8353,pathogenic,0.15617259864316949,0.16469999999999996,False,119,False,False
urn:mavedb:00000657-a-1#2358,,,p.Thr119Trp,0.0288700085723425,0.0537899294064566,T119W,T119W,0.9958,pathogenic,0.09371965733821497,0.0041999999999999815,False,119,False,False
urn:mavedb:00000657-a-1#2359,,,p.Thr119Tyr,0.0407007451271928,0.083434326347981,T119Y,T119Y,0.9848,pathogenic,0.09654823232947221,0.015199999999999991,False,119,False,False
urn:mavedb:00000657-a-1#2361,,,p.Ser120Ala,1.03113037820086,0.0309921560404739,S120A,S120A,0.0733,benign,0.8854302004473187,0.9267,False,120,False,False
urn:mavedb:00000657-a-1#2362,,,p.Ser120Cys,0.913713329161181,0.023819666660235,S120C,S120C,0.2787,benign,0.7614288465301134,0.7213,False,120,False,False
urn:mavedb:00000657-a-1#2363,,,p.Ser120Asp,-0.0127781569618588,0.0334579112935403,S120D,S120D,0.9915,pathogenic,0.09480541607229787,0.008499999999999952,False,120,False,False
urn:mavedb:00000657-a-1#2364,,,p.Ser120Glu,0.0283120957179589,0.0614816983068358,S120E,S120E,0.9908,pathogenic,0.09498456886646525,0.009199999999999986,False,120,False,False
urn:mavedb:00000657-a-1#2365,,,p.Ser120Phe,0.0524029708992399,0.111561388026091,S120F,S120F,0.9883,pathogenic,0.09562995496338815,0.011700000000000044,False,120,False,False
urn:mavedb:00000657-a-1#2366,,,p.Ser120Gly,-0.0092948201028213,0.0150278998956277,S120G,S120G,0.3455,ambiguous,0.694819628934483,0.6545000000000001,False,120,False,False
urn:mavedb:00000657-a-1#2367,,,p.Ser120His,0.007463633812006,0.0570473852854586,S120H,S120H,0.9874,pathogenic,0.09586443248779317,0.012599999999999945,False,120,False,False
urn:mavedb:00000657-a-1#2368,,,p.Ser120Ile,0.0050743709526403,0.0465749384378264,S120I,S120I,0.9782,pathogenic,0.098327559747081,0.02180000000000004,False,120,False,False
urn:mavedb:00000657-a-1#2369,,,p.Ser120Lys,0.0395714469305781,0.102087177208704,S120K,S120K,0.9977,pathogenic,0.09324789730706454,0.0022999999999999687,False,120,False,False
urn:mavedb:00000657-a-1#2370,,,p.Ser120Leu,0.0768361065773332,0.138281062973732,S120L,S120L,0.8242,pathogenic,0.1625699239158448,0.17579999999999996,False,120,False,False
urn:mavedb:00000657-a-1#2371,,,p.Ser120Met,0.0458880208335352,0.0625047306018098,S120M,S120M,0.937,pathogenic,0.11096229997601734,0.06299999999999994,False,120,False,False
urn:mavedb:00000657-a-1#2372,,,p.Ser120Asn,0.0747495544864207,0.0783161084240069,S120N,S120N,0.9492,pathogenic,0.1069314691406063,0.050799999999999956,False,120,False,False
urn:mavedb:00000657-a-1#2373,,,p.Ser120Pro,-0.0074804945330903,0.0428185418335992,S120P,S120P,0.9767,pathogenic,0.09874080937492694,0.023299999999999987,False,120,False,False
urn:mavedb:00000657-a-1#2374,,,p.Ser120Gln,0.0011441575955039,0.0389971110377758,S120Q,S120Q,0.9824,pathogenic,0.09718797771583838,0.01759999999999995,False,120,False,False
urn:mavedb:00000657-a-1#2375,,,p.Ser120Arg,0.031894335135924,0.0476034432763844,S120R,S120R,0.9916,pathogenic,0.09477987807219979,0.008399999999999963,False,120,False,False
urn:mavedb:00000657-a-1#2376,,,p.Ser120Thr,0.369380504284648,0.0365751852074288,S120T,S120T,0.4009,ambiguous,0.6299779116607496,0.5991,False,120,False,False
urn:mavedb:00000657-a-1#2377,,,p.Ser120Val,0.101708761680095,0.152654588273253,S120V,S120V,0.9017,pathogenic,0.12415837560653488,0.09830000000000005,False,120,False,False
urn:mavedb:00000657-a-1#2378,,,p.Ser120Trp,0.0018067843719774,0.0423707182054139,S120W,S120W,0.9952,pathogenic,0.09386964605876882,0.0048000000000000265,False,120,False,False
urn:mavedb:00000657-a-1#2379,,,p.Ser120Tyr,0.0225570709295578,0.0425809188583838,S120Y,S120Y,0.9878,pathogenic,0.0957600798166941,0.012199999999999989,False,120,False,False
urn:mavedb:00000657-a-1#2381,,,p.Asn121Ala,0.66005975246156,0.0292790646054299,N121A,N121A,0.3588,ambiguous,0.6799815040248286,0.6412,False,121,False,False
urn:mavedb:00000657-a-1#2382,,,p.Asn121Cys,0.421933487397466,0.0328061759396097,N121C,N121C,0.2401,benign,0.7936405160254061,0.7599,False,121,False,False
urn:mavedb:00000657-a-1#2383,,,p.Asn121Asp,-0.0209005468235186,0.0211003667808523,N121D,N121D,0.2528,benign,0.7835498917975733,0.7472,False,121,False,False
urn:mavedb:00000657-a-1#2384,,,p.Asn121Glu,0.0142893337379962,0.0456119794516845,N121E,N121E,0.5975,pathogenic,0.37200461633830595,0.40249999999999997,False,121,False,False
urn:mavedb:00000657-a-1#2385,,,p.Asn121Phe,-0.0081590841168746,0.0169041587314438,N121F,N121F,0.7416,pathogenic,0.2210568206335331,0.25839999999999996,False,121,False,False
urn:mavedb:00000657-a-1#2386,,,p.Asn121Gly,0.0087262582365041,0.0445597543831295,N121G,N121G,0.4562,ambiguous,0.5587920219428774,0.5438000000000001,False,121,False,False
urn:mavedb:00000657-a-1#2387,,,p.Asn121His,0.480002877081846,0.0381401639532121,N121H,N121H,0.1296,benign,0.8620187732240284,0.8704000000000001,False,121,False,False
urn:mavedb:00000657-a-1#2388,,,p.Asn121Ile,-0.0084574794577185,0.0296165588781399,N121I,N121I,0.6641,pathogenic,0.2947819975346924,0.3359,False,121,False,False
urn:mavedb:00000657-a-1#2389,,,p.Asn121Lys,0.322768353486921,0.0311642599375133,N121K,N121K,0.4678,ambiguous,0.5433352885006413,0.5322,False,121,False,False
urn:mavedb:00000657-a-1#2390,,,p.Asn121Leu,0.0068040642724669,0.0275311689630912,N121L,N121L,0.5289,ambiguous,0.4610824641141261,0.47109999999999996,False,121,False,False
urn:mavedb:00000657-a-1#2391,,,p.Asn121Met,-0.005721048383932,0.0192977390344313,N121M,N121M,0.6324,pathogenic,0.330102217203173,0.36760000000000004,False,121,False,False
urn:mavedb:00000657-a-1#2392,,,p.Asn121Pro,0.0066855482263827,0.0306785150737752,N121P,N121P,0.8522,pathogenic,0.1470384100148271,0.14780000000000004,False,121,False,False
urn:mavedb:00000657-a-1#2393,,,p.Asn121Gln,0.0066322161794534,0.014478262406337,N121Q,N121Q,0.4639,ambiguous,0.5485453538677322,0.5361,False,121,False,False
urn:mavedb:00000657-a-1#2394,,,p.Asn121Arg,0.0708100799216132,0.0372087188364554,N121R,N121R,0.361,ambiguous,0.677480039504506,0.639,False,121,False,False
urn:mavedb:00000657-a-1#2395,,,p.Asn121Ser,0.499376618296912,0.0313697622439517,N121S,N121S,0.1068,benign,0.8722964478749297,0.8932,False,121,False,False
urn:mavedb:00000657-a-1#2396,,,p.Asn121Thr,0.0467074228524714,0.0252540628850229,N121T,N121T,0.4135,ambiguous,0.6142225128367858,0.5865,False,121,False,False
urn:mavedb:00000657-a-1#2397,,,p.Asn121Val,0.0215443275720709,0.0823936093729596,N121V,N121V,0.5515,ambiguous,0.43102296164524423,0.4485,False,121,False,False
urn:mavedb:00000657-a-1#2398,,,p.Asn121Trp,0.0280437621814883,0.0522069026308035,N121W,N121W,0.8907,pathogenic,0.12877510352823712,0.10929999999999995,False,121,False,False
urn:mavedb:00000657-a-1#2399,,,p.Asn121Tyr,-0.0172432557779377,0.0165744839035102,N121Y,N121Y,0.3087,benign,0.7331979637184204,0.6913,False,121,False,False
urn:mavedb:00000657-a-1#2401,,,p.Met122Ala,1.02413079291409,0.0472093568834937,M122A,M122A,0.8191,pathogenic,0.16561845275125642,0.18089999999999995,True,122,False,True
urn:mavedb:00000657-a-1#2402,,,p.Met122Cys,1.07099789145678,0.0458418632172613,M122C,M122C,0.8664,pathogenic,0.13990483551858585,0.13360000000000005,True,122,False,True
urn:mavedb:00000657-a-1#2403,,,p.Met122Asp,0.0683202622845842,0.0653712474467573,M122D,M122D,0.9894,pathogenic,0.09534491223589125,0.010600000000000054,False,122,False,False
urn:mavedb:00000657-a-1#2404,,,p.Met122Glu,-0.0085512916783283,0.0288126976517255,M122E,M122E,0.9323,pathogenic,0.11258465836185155,0.06769999999999998,False,122,False,False
urn:mavedb:00000657-a-1#2405,,,p.Met122Phe,0.0187395210971096,0.0459021519953637,M122F,M122F,0.8962,pathogenic,0.126435123900898,0.1038,False,122,False,False
urn:mavedb:00000657-a-1#2406,,,p.Met122Gly,-0.0027215683082471,0.0147417839193025,M122G,M122G,0.942,pathogenic,0.10927926276740278,0.05800000000000005,False,122,False,False
urn:mavedb:00000657-a-1#2407,,,p.Met122His,0.160640453105705,0.0390706889943934,M122H,M122H,0.9572,pathogenic,0.10442465547131433,0.04279999999999995,False,122,False,False
urn:mavedb:00000657-a-1#2408,,,p.Met122Ile,1.17530226053939,0.023287464336299,M122I,M122I,0.901,pathogenic,0.12444467834902168,0.09899999999999998,True,122,False,True
urn:mavedb:00000657-a-1#2409,,,p.Met122Lys,0.0219229282621008,0.0362222797869133,M122K,M122K,0.8837,pathogenic,0.1318468296114939,0.11629999999999996,False,122,False,False
urn:mavedb:00000657-a-1#2410,,,p.Met122Leu,0.844537678063486,0.0497723395602529,M122L,M122L,0.6441,pathogenic,0.31674125356588584,0.3559,True,122,False,True
urn:mavedb:00000657-a-1#2411,,,p.Met122Asn,0.423124024678189,0.0448957003928644,M122N,M122N,0.9002,pathogenic,0.12477311262840711,0.0998,False,122,False,False
urn:mavedb:00000657-a-1#2412,,,p.Met122Pro,-0.0107978039083902,0.0412514783650421,M122P,M122P,0.9902,pathogenic,0.09513866835289245,0.009800000000000031,False,122,False,False
urn:mavedb:00000657-a-1#2413,,,p.Met122Gln,0.0024090648235723,0.0209703623543838,M122Q,M122Q,0.7761,pathogenic,0.1941970411738021,0.2239,False,122,False,False
urn:mavedb:00000657-a-1#2414,,,p.Met122Arg,-0.0059644240750825,0.0280422081619286,M122R,M122R,0.8995,pathogenic,0.1250615729693606,0.10050000000000003,False,122,False,False
urn:mavedb:00000657-a-1#2415,,,p.Met122Ser,1.06825000551259,0.0267083691419192,M122S,M122S,0.7533,pathogenic,0.2115418750806905,0.24670000000000003,True,122,False,True
urn:mavedb:00000657-a-1#2416,,,p.Met122Thr,1.14189660239141,0.0209984005882515,M122T,M122T,0.4069,ambiguous,0.6225156909091855,0.5931,False,122,False,False
urn:mavedb:00000657-a-1#2417,,,p.Met122Val,1.2161801969254,0.0316504734549517,M122V,M122V,0.3178,benign,0.7240854410555071,0.6821999999999999,False,122,False,False
urn:mavedb:00000657-a-1#2418,,,p.Met122Trp,-0.0125838982044866,0.026645839080684,M122W,M122W,0.9888,pathogenic,0.09550018042824412,0.011199999999999988,False,122,False,False
urn:mavedb:00000657-a-1#2419,,,p.Met122Tyr,0.0693363393355236,0.106301572620888,M122Y,M122Y,0.9834,pathogenic,0.09692041387339023,0.016599999999999948,False,122,False,False
urn:mavedb:00000657-a-1#2421,,,p.Gly123Ala,0.0636725349199541,0.0357476213258018,G123A,G123A,0.4808,ambiguous,0.5258913725446104,0.5192,False,123,False,False
urn:mavedb:00000657-a-1#2422,,,p.Gly123Cys,-0.0032778032946007,0.0215028409687479,G123C,G123C,0.6139,pathogenic,0.35195259269836143,0.3861,False,123,False,False
urn:mavedb:00000657-a-1#2423,,,p.Gly123Asp,0.0088489009483257,0.0260376780774197,G123D,G123D,0.6678,pathogenic,0.2908459064257981,0.33220000000000005,False,123,False,False
urn:mavedb:00000657-a-1#2424,,,p.Gly123Glu,-0.0075079884091516,0.0214257545393397,G123E,G123E,0.7164,pathogenic,0.24299097573782547,0.28359999999999996,False,123,False,False
urn:mavedb:00000657-a-1#2425,,,p.Gly123Phe,0.0340249942209561,0.0754127123381379,G123F,G123F,0.9348,pathogenic,0.11171678918053735,0.06520000000000004,False,123,False,False
urn:mavedb:00000657-a-1#2426,,,p.Gly123His,0.0547853887738266,0.0328682088617524,G123H,G123H,0.8101,pathogenic,0.1711698191556062,0.18989999999999996,False,123,False,False
urn:mavedb:00000657-a-1#2427,,,p.Gly123Ile,0.0615713116226784,0.101970535555622,G123I,G123I,0.9086,pathogenic,0.12138946068436447,0.09140000000000004,False,123,False,False
urn:mavedb:00000657-a-1#2428,,,p.Gly123Lys,0.355093827121877,0.0458239202485635,G123K,G123K,0.7691,pathogenic,0.1993558488728358,0.2309,False,123,False,False
urn:mavedb:00000657-a-1#2429,,,p.Gly123Leu,0.0021499223150839,0.0352467398266955,G123L,G123L,0.8837,pathogenic,0.1318468296114939,0.11629999999999996,False,123,False,False
urn:mavedb:00000657-a-1#2430,,,p.Gly123Met,-0.0052165524349667,0.0218145423640922,G123M,G123M,0.9087,pathogenic,0.12135003459728927,0.09130000000000005,False,123,False,False
urn:mavedb:00000657-a-1#2431,,,p.Gly123Asn,-0.0082656053332011,0.0181031229177956,G123N,G123N,0.7261,pathogenic,0.23431410236147815,0.27390000000000003,False,123,False,False
urn:mavedb:00000657-a-1#2432,,,p.Gly123Pro,0.0180412434591179,0.0707779530886201,G123P,G123P,0.9844,pathogenic,0.096654284166473,0.015599999999999947,False,123,False,False
urn:mavedb:00000657-a-1#2433,,,p.Gly123Gln,0.0407205748786818,0.0235110223606201,G123Q,G123Q,0.7061,pathogenic,0.25252552343959966,0.29390000000000005,False,123,False,False
urn:mavedb:00000657-a-1#2434,,,p.Gly123Arg,0.0569157468922665,0.0327215447256346,G123R,G123R,0.6642,pathogenic,0.29467508845003615,0.3358,False,123,False,False
urn:mavedb:00000657-a-1#2435,,,p.Gly123Ser,-0.0037776622699768,0.0201415441593295,G123S,G123S,0.3915,ambiguous,0.6415121974936481,0.6085,False,123,False,False
urn:mavedb:00000657-a-1#2436,,,p.Gly123Thr,-0.0063135017913999,0.0234326923219638,G123T,G123T,0.7586,pathogenic,0.20736976872077068,0.24139999999999995,False,123,False,False
urn:mavedb:00000657-a-1#2437,,,p.Gly123Val,0.0247589884931722,0.0417287215464532,G123V,G123V,0.8287,pathogenic,0.15993750325792816,0.1713,False,123,False,False
urn:mavedb:00000657-a-1#2438,,,p.Gly123Trp,-0.03928511757408,0.0164672185011054,G123W,G123W,0.8972,pathogenic,0.12601650580789142,0.1028,False,123,False,False
urn:mavedb:00000657-a-1#2439,,,p.Gly123Tyr,-0.0021165443121925,0.0219510358429865,G123Y,G123Y,0.8644,pathogenic,0.14088059499330885,0.13560000000000005,False,123,False,False
urn:mavedb:00000657-a-1#2441,,,p.Cys124Ala,0.812406784593954,0.047836594200992,C124A,C124A,0.2823,benign,0.758188925287466,0.7177,False,124,False,False
urn:mavedb:00000657-a-1#2442,,,p.Cys124Asp,0.0483364676800735,0.0479316613289523,C124D,C124D,0.7491,pathogenic,0.21490906660056414,0.2509,False,124,False,False
urn:mavedb:00000657-a-1#2443,,,p.Cys124Glu,0.0466783428516854,0.0946908329339214,C124E,C124E,0.8864,pathogenic,0.13064945215117943,0.11360000000000003,False,124,False,False
urn:mavedb:00000657-a-1#2444,,,p.Cys124Phe,0.0249518926575271,0.0796181009602407,C124F,C124F,0.3456,ambiguous,0.6947099178137331,0.6544,False,124,False,False
urn:mavedb:00000657-a-1#2445,,,p.Cys124Gly,0.0395788370055962,0.0249916848809863,C124G,C124G,0.1071,benign,0.8721685619767282,0.8929,False,124,False,False
urn:mavedb:00000657-a-1#2446,,,p.Cys124His,0.024948340756201,0.0415130229019674,C124H,C124H,0.6351,pathogenic,0.32698638866730867,0.3649,False,124,False,False
urn:mavedb:00000657-a-1#2447,,,p.Cys124Ile,0.4256611509181,0.0282766601549397,C124I,C124I,0.5693,pathogenic,0.407769987893696,0.43069999999999997,False,124,False,False
urn:mavedb:00000657-a-1#2448,,,p.Cys124Lys,4.47668811959613e-05,0.0337990525221478,C124K,C124K,0.868,pathogenic,0.13913094494723469,0.132,False,124,False,False
urn:mavedb:00000657-a-1#2449,,,p.Cys124Leu,0.579636260983718,0.0354281051091416,C124L,C124L,0.5134,ambiguous,0.481919738426174,0.48660000000000003,False,124,False,False
urn:mavedb:00000657-a-1#2450,,,p.Cys124Met,0.951939053832463,0.039850273986979,C124M,C124M,0.6948,pathogenic,0.2633647625624645,0.3052,True,124,False,True
urn:mavedb:00000657-a-1#2451,,,p.Cys124Asn,0.431268865106278,0.0338345453544533,C124N,C124N,0.3821,ambiguous,0.6528437604799285,0.6179,False,124,False,False
urn:mavedb:00000657-a-1#2452,,,p.Cys124Pro,0.755347412754022,0.0571186132652346,C124P,C124P,0.6604,pathogenic,0.2987581390689886,0.3396,False,124,False,False
urn:mavedb:00000657-a-1#2453,,,p.Cys124Gln,0.0003250153003411,0.0222388870423609,C124Q,C124Q,0.7496,pathogenic,0.21450537333532183,0.25039999999999996,False,124,False,False
urn:mavedb:00000657-a-1#2454,,,p.Cys124Arg,0.0179862735512957,0.01963745799501,C124R,C124R,0.6411,pathogenic,0.32013191401934155,0.3589,False,124,False,False
urn:mavedb:00000657-a-1#2455,,,p.Cys124Ser,0.298385600803531,0.0398050154996474,C124S,C124S,0.1901,benign,0.8287042980511963,0.8099000000000001,False,124,False,False
urn:mavedb:00000657-a-1#2456,,,p.Cys124Thr,0.185674014556947,0.0399046581224372,C124T,C124T,0.3845,ambiguous,0.6499705631659757,0.6154999999999999,False,124,False,False
urn:mavedb:00000657-a-1#2457,,,p.Cys124Val,0.348536989534129,0.032562531590085,C124V,C124V,0.4756,ambiguous,0.5328812923494627,0.5244,False,124,False,False
urn:mavedb:00000657-a-1#2458,,,p.Cys124Trp,0.0287504285506899,0.0651317130861689,C124W,C124W,0.6867,pathogenic,0.27137676874026967,0.3133,False,124,False,False
urn:mavedb:00000657-a-1#2459,,,p.Cys124Tyr,0.0168331194838914,0.0533801788479236,C124Y,C124Y,0.4028,ambiguous,0.6276230540857664,0.5972,False,124,False,False
urn:mavedb:00000657-a-1#2461,,,p.Thr125Ala,0.937201730307288,0.0237318387169907,T125A,T125A,0.1836,benign,0.8327392970220353,0.8164,False,125,False,False
urn:mavedb:00000657-a-1#2462,,,p.Thr125Cys,1.05075095537964,0.0330686989628054,T125C,T125C,0.2457,benign,0.7892518755137918,0.7543,False,125,False,False
urn:mavedb:00000657-a-1#2463,,,p.Thr125Asp,0.0786450753168797,0.147528914209633,T125D,T125D,0.9558,pathogenic,0.10485576598229349,0.04420000000000002,False,125,False,False
urn:mavedb:00000657-a-1#2464,,,p.Thr125Glu,0.0267719088434052,0.0678643869068252,T125E,T125E,0.9647,pathogenic,0.10216864982981252,0.0353,False,125,False,False
urn:mavedb:00000657-a-1#2465,,,p.Thr125Phe,0.45153662995151,0.0261310656299884,T125F,T125F,0.9255,pathogenic,0.11500268093175404,0.07450000000000001,False,125,False,False
urn:mavedb:00000657-a-1#2466,,,p.Thr125Gly,0.429015544012869,0.0322216530065488,T125G,T125G,0.5424,ambiguous,0.4430667263864939,0.4576,False,125,False,False
urn:mavedb:00000657-a-1#2467,,,p.Thr125His,0.235746506677381,0.0335347228700908,T125H,T125H,0.8411,pathogenic,0.1529567450929594,0.15890000000000004,False,125,False,False
urn:mavedb:00000657-a-1#2468,,,p.Thr125Ile,-0.0132018395511165,0.0130308251506108,T125I,T125I,0.8329,pathogenic,0.15752855815807107,0.16710000000000003,False,125,False,False
urn:mavedb:00000657-a-1#2469,,,p.Thr125Lys,-0.0132315889853292,0.0300928923871303,T125K,T125K,0.9594,pathogenic,0.10375359639356194,0.04059999999999997,False,125,False,False
urn:mavedb:00000657-a-1#2470,,,p.Thr125Leu,-0.0045763723209153,0.0198301096876774,T125L,T125L,0.6072,pathogenic,0.36007118031065455,0.39280000000000004,False,125,False,False
urn:mavedb:00000657-a-1#2471,,,p.Thr125Met,0.387278275996093,0.0245473066964035,T125M,T125M,0.3966,ambiguous,0.6352785651754672,0.6033999999999999,False,125,False,False
urn:mavedb:00000657-a-1#2472,,,p.Thr125Asn,0.0093045028866877,0.0181168626716159,T125N,T125N,0.555,ambiguous,0.4264165608423472,0.44499999999999995,False,125,False,False
urn:mavedb:00000657-a-1#2473,,,p.Thr125Pro,0.016726838954199,0.0387407411365948,T125P,T125P,0.8367,pathogenic,0.15538848082950768,0.1633,False,125,False,False
urn:mavedb:00000657-a-1#2474,,,p.Thr125Gln,0.0383998902058208,0.0581592014035148,T125Q,T125Q,0.8899,pathogenic,0.12912081172703677,0.11009999999999998,False,125,False,False
urn:mavedb:00000657-a-1#2475,,,p.Thr125Arg,0.0181616419118993,0.0367196862448715,T125R,T125R,0.9258,pathogenic,0.11489421035418372,0.07420000000000004,False,125,False,False
urn:mavedb:00000657-a-1#2476,,,p.Thr125Ser,0.65521462771678,0.0560486848045985,T125S,T125S,0.1668,benign,0.8426417517664198,0.8331999999999999,False,125,False,False
urn:mavedb:00000657-a-1#2477,,,p.Thr125Val,0.880290028137727,0.042426050641936,T125V,T125V,0.5592,ambiguous,0.42090980465695604,0.44079999999999997,False,125,False,False
urn:mavedb:00000657-a-1#2478,,,p.Thr125Trp,0.0020635096489941,0.0339545823695173,T125W,T125W,0.9916,pathogenic,0.09477987807219979,0.008399999999999963,False,125,False,False
urn:mavedb:00000657-a-1#2479,,,p.Thr125Tyr,-0.0018265942868579,0.0158800617533415,T125Y,T125Y,0.943,pathogenic,0.10894787825026526,0.05700000000000005,False,125,False,False
urn:mavedb:00000657-a-1#2481,,,p.Leu126Ala,0.0036769492048097,0.0538032863409531,L126A,L126A,0.7927,pathogenic,0.18254021182227326,0.20730000000000004,False,126,False,False
urn:mavedb:00000657-a-1#2482,,,p.Leu126Cys,0.008438396871774,0.0328267578050678,L126C,L126C,0.7897,pathogenic,0.1845875410968411,0.21030000000000004,False,126,False,False
urn:mavedb:00000657-a-1#2483,,,p.Leu126Asp,0.0121517907602965,0.0415930870161575,L126D,L126D,0.9971,pathogenic,0.09339634958766477,0.0029000000000000137,False,126,False,False
urn:mavedb:00000657-a-1#2484,,,p.Leu126Glu,0.100434886676158,0.0853382255695923,L126E,L126E,0.9876,pathogenic,0.09581222803353126,0.012399999999999967,False,126,False,False
urn:mavedb:00000657-a-1#2485,,,p.Leu126Phe,0.342835080381274,0.022568343730529,L126F,L126F,0.2569,benign,0.7801866095365243,0.7431,False,126,False,False
urn:mavedb:00000657-a-1#2486,,,p.Leu126Gly,0.0104919161688682,0.0537104444671399,L126G,L126G,0.9616,pathogenic,0.10309029200848607,0.03839999999999999,False,126,False,False
urn:mavedb:00000657-a-1#2487,,,p.Leu126His,0.0383327032253699,0.0474544459526466,L126H,L126H,0.9484,pathogenic,0.10718799110547045,0.05159999999999998,False,126,False,False
urn:mavedb:00000657-a-1#2488,,,p.Leu126Ile,0.0111879333335923,0.0184205761090584,L126I,L126I,0.1085,benign,0.8715692384661906,0.8915,False,126,False,False
urn:mavedb:00000657-a-1#2489,,,p.Leu126Lys,0.0228872014199707,0.0356152686095114,L126K,L126K,0.9797,pathogenic,0.09791761663528141,0.020299999999999985,False,126,False,False
urn:mavedb:00000657-a-1#2490,,,p.Leu126Met,0.420066389594638,0.038262981018498,L126M,L126M,0.188,benign,0.8300205721099665,0.812,False,126,False,False
urn:mavedb:00000657-a-1#2491,,,p.Leu126Asn,0.0452717257179203,0.052764287574345,L126N,L126N,0.978,pathogenic,0.0983824681484024,0.02200000000000002,False,126,False,False
urn:mavedb:00000657-a-1#2492,,,p.Leu126Pro,0.0846048581292582,0.12006511545613,L126P,L126P,0.9617,pathogenic,0.10306032481642997,0.0383,False,126,False,False
urn:mavedb:00000657-a-1#2493,,,p.Leu126Gln,0.0229168306026403,0.0698203421662098,L126Q,L126Q,0.9402,pathogenic,0.10988012181007872,0.059799999999999964,False,126,False,False
urn:mavedb:00000657-a-1#2494,,,p.Leu126Arg,0.0275366423166015,0.0559066994487676,L126R,L126R,0.9574,pathogenic,0.1043633276293153,0.04259999999999997,False,126,False,False
urn:mavedb:00000657-a-1#2495,,,p.Leu126Ser,0.0711592791418714,0.0744782701003238,L126S,L126S,0.9492,pathogenic,0.1069314691406063,0.050799999999999956,False,126,False,False
urn:mavedb:00000657-a-1#2496,,,p.Leu126Thr,0.0351268775636676,0.0499378491340045,L126T,L126T,0.8838,pathogenic,0.13180219840482438,0.11619999999999997,False,126,False,False
urn:mavedb:00000657-a-1#2497,,,p.Leu126Val,0.005155206749931,0.0169670045809769,L126V,L126V,0.1326,benign,0.8605795433617751,0.8674,False,126,False,False
urn:mavedb:00000657-a-1#2498,,,p.Leu126Trp,0.0361430015539844,0.0644814186063856,L126W,L126W,0.7983,pathogenic,0.17878752123295305,0.2017,False,126,False,False
urn:mavedb:00000657-a-1#2499,,,p.Leu126Tyr,0.0435667109775818,0.0608270711552505,L126Y,L126Y,0.8356,pathogenic,0.15600414908764426,0.1644,False,126,False,False
urn:mavedb:00000657-a-1#2501,,,p.Ile127Ala,0.177645557131932,0.0575543563827147,I127A,I127A,0.9771,pathogenic,0.09863028486008125,0.02290000000000003,False,127,False,False
urn:mavedb:00000657-a-1#2502,,,p.Ile127Cys,0.278544113154084,0.0346908907162863,I127C,I127C,0.9808,pathogenic,0.09761907976810319,0.019199999999999995,False,127,False,False
urn:mavedb:00000657-a-1#2503,,,p.Ile127Asp,-0.0028386295681591,0.036625432832755,I127D,I127D,0.996,pathogenic,0.09366976932467169,0.0040000000000000036,False,127,False,False
urn:mavedb:00000657-a-1#2504,,,p.Ile127Glu,-0.0050581565677961,0.027724005312541,I127E,I127E,0.9904,pathogenic,0.09508724638123774,0.009600000000000053,False,127,False,False
urn:mavedb:00000657-a-1#2505,,,p.Ile127Phe,0.820756627228542,0.0273558594521048,I127F,I127F,0.6973,pathogenic,0.2609326707344205,0.30269999999999997,True,127,False,True
urn:mavedb:00000657-a-1#2506,,,p.Ile127Gly,0.0130366199367409,0.0442849276995213,I127G,I127G,0.9915,pathogenic,0.09480541607229787,0.008499999999999952,False,127,False,False
urn:mavedb:00000657-a-1#2507,,,p.Ile127His,0.356728835347621,0.0272442218716138,I127H,I127H,0.9762,pathogenic,0.09887929804369394,0.023800000000000043,False,127,False,False
urn:mavedb:00000657-a-1#2508,,,p.Ile127Lys,0.701393102504935,0.0793752593240338,I127K,I127K,0.9725,pathogenic,0.09991569710075843,0.02749999999999997,False,127,False,False
urn:mavedb:00000657-a-1#2509,,,p.Ile127Leu,0.747135907697795,0.0227117573003349,I127L,I127L,0.3518,ambiguous,0.6878525477583283,0.6482,False,127,False,False
urn:mavedb:00000657-a-1#2510,,,p.Ile127Met,0.668164150720049,0.0542119140189641,I127M,I127M,0.5008,ambiguous,0.49892000207359505,0.4992,False,127,False,False
urn:mavedb:00000657-a-1#2511,,,p.Ile127Asn,-0.0064617206858807,0.0285330202813143,I127N,I127N,0.9503,pathogenic,0.1065805031213752,0.049699999999999966,False,127,False,False
urn:mavedb:00000657-a-1#2512,,,p.Ile127Pro,-0.0045211443701012,0.0387041117026571,I127P,I127P,0.9843,pathogenic,0.09668083279353906,0.015700000000000047,False,127,False,False
urn:mavedb:00000657-a-1#2513,,,p.Ile127Gln,0.0803359780830296,0.0497814601533176,I127Q,I127Q,0.9686,pathogenic,0.10103048882561358,0.031399999999999983,False,127,False,False
urn:mavedb:00000657-a-1#2514,,,p.Ile127Arg,1.11456955238877,0.0200528069474422,I127R,I127R,0.9566,pathogenic,0.10460902759165665,0.043399999999999994,True,127,False,True
urn:mavedb:00000657-a-1#2515,,,p.Ile127Ser,-0.0044563107265749,0.0206914783904942,I127S,I127S,0.9673,pathogenic,0.10140725853816444,0.03269999999999995,False,127,False,False
urn:mavedb:00000657-a-1#2516,,,p.Ile127Thr,0.405582543049968,0.0300788190729913,I127T,I127T,0.9758,pathogenic,0.09899035593727232,0.0242,False,127,False,False
urn:mavedb:00000657-a-1#2517,,,p.Ile127Val,0.976694367728039,0.0175650723906912,I127V,I127V,0.6068,pathogenic,0.3605591486264319,0.3932,True,127,False,True
urn:mavedb:00000657-a-1#2518,,,p.Ile127Trp,0.730013049079036,0.0349318412568815,I127W,I127W,0.9826,pathogenic,0.09713434989191222,0.01739999999999997,False,127,False,False
urn:mavedb:00000657-a-1#2519,,,p.Ile127Tyr,0.897799059899166,0.0355474867681093,I127Y,I127Y,0.9428,pathogenic,0.10901401704471653,0.05720000000000003,True,127,False,True
urn:mavedb:00000657-a-1#2521,,,p.Leu128Ala,0.0076428255581965,0.0444764364001987,L128A,L128A,0.5813,pathogenic,0.3923707713851769,0.41869999999999996,False,128,False,False
urn:mavedb:00000657-a-1#2522,,,p.Leu128Cys,-0.0133755681100509,0.0150454338729651,L128C,L128C,0.7406,pathogenic,0.22188963821153496,0.25939999999999996,False,128,False,False
urn:mavedb:00000657-a-1#2523,,,p.Leu128Asp,0.158634406674456,0.185836625150103,L128D,L128D,0.992,pathogenic,0.09467786394887504,0.008000000000000007,False,128,False,False
urn:mavedb:00000657-a-1#2524,,,p.Leu128Glu,0.011290521438037,0.0527887924301476,L128E,L128E,0.955,pathogenic,0.10510354653791722,0.04500000000000004,False,128,False,False
urn:mavedb:00000657-a-1#2525,,,p.Leu128Phe,0.135079853867769,0.0388083676383006,L128F,L128F,0.3919,ambiguous,0.6410254159046554,0.6081,False,128,False,False
urn:mavedb:00000657-a-1#2526,,,p.Leu128Gly,0.127223821429596,0.187063022479211,L128G,L128G,0.8915,pathogenic,0.12843076153380928,0.10850000000000004,False,128,False,False
urn:mavedb:00000657-a-1#2527,,,p.Leu128His,0.0396805306947811,0.0966862438973917,L128H,L128H,0.8913,pathogenic,0.12851671917715002,0.10870000000000002,False,128,False,False
urn:mavedb:00000657-a-1#2528,,,p.Leu128Ile,-0.0061751147483232,0.0226402109029563,L128I,L128I,0.172,benign,0.8396565180755272,0.8280000000000001,False,128,False,False
urn:mavedb:00000657-a-1#2529,,,p.Leu128Lys,0.0525922627865848,0.0461584028377594,L128K,L128K,0.9381,pathogenic,0.11058827085252129,0.061899999999999955,False,128,False,False
urn:mavedb:00000657-a-1#2530,,,p.Leu128Met,0.342113417325018,0.0382550952359528,L128M,L128M,0.1765,benign,0.8370157665533551,0.8235,False,128,False,False
urn:mavedb:00000657-a-1#2531,,,p.Leu128Asn,0.0227236728939784,0.0838696386178455,L128N,L128N,0.9508,pathogenic,0.10642164124014036,0.04920000000000002,False,128,False,False
urn:mavedb:00000657-a-1#2532,,,p.Leu128Pro,0.0163110310648391,0.0573392831983146,L128P,L128P,0.9473,pathogenic,0.10754246825474797,0.05269999999999997,False,128,False,False
urn:mavedb:00000657-a-1#2533,,,p.Leu128Gln,0.0113985193869425,0.0506362493398722,L128Q,L128Q,0.8152,pathogenic,0.16799693606862698,0.18479999999999996,False,128,False,False
urn:mavedb:00000657-a-1#2534,,,p.Leu128Arg,0.0043062914296491,0.0848385621449014,L128R,L128R,0.8875,pathogenic,0.13016617496200694,0.11250000000000004,False,128,False,False
urn:mavedb:00000657-a-1#2535,,,p.Leu128Ser,0.0318900629983974,0.0516709544352831,L128S,L128S,0.814,pathogenic,0.16873709046369983,0.18600000000000005,False,128,False,False
urn:mavedb:00000657-a-1#2536,,,p.Leu128Thr,-0.0071257355130271,0.0241901884831383,L128T,L128T,0.5917,pathogenic,0.3792362078349455,0.4083,False,128,False,False
urn:mavedb:00000657-a-1#2537,,,p.Leu128Val,-0.0106937228531381,0.0264414380194423,L128V,L128V,0.1701,benign,0.840755468505249,0.8299,False,128,False,False
urn:mavedb:00000657-a-1#2538,,,p.Leu128Trp,0.0108210944014078,0.039561434654895,L128W,L128W,0.8071,pathogenic,0.1730696767131304,0.19289999999999996,False,128,False,False
urn:mavedb:00000657-a-1#2539,,,p.Leu128Tyr,0.0377622307853482,0.0693935422164449,L128Y,L128Y,0.8854,pathogenic,0.13109107273036275,0.11460000000000004,False,128,False,False
urn:mavedb:00000657-a-1#2541,,,p.Glu129Ala,0.51459880305959,0.0137489469569491,E129A,E129A,0.5088,ambiguous,0.48812275919238374,0.49119999999999997,False,129,False,False
urn:mavedb:00000657-a-1#2542,,,p.Glu129Cys,0.205791489445835,0.0437827574139262,E129C,E129C,0.9494,pathogenic,0.10686750649715418,0.05059999999999998,False,129,False,False
urn:mavedb:00000657-a-1#2543,,,p.Glu129Asp,1.04155515172849,0.0233156823604249,E129D,E129D,0.6025,pathogenic,0.36582752817988395,0.39749999999999996,True,129,False,True
urn:mavedb:00000657-a-1#2544,,,p.Glu129Phe,0.0036057702759209,0.0212081477173606,E129F,E129F,0.9745,pathogenic,0.0993529385244992,0.025499999999999967,False,129,False,False
urn:mavedb:00000657-a-1#2545,,,p.Glu129Gly,0.526039579999285,0.0249557287828443,E129G,E129G,0.4192,ambiguous,0.60699261420073,0.5808,False,129,False,False
urn:mavedb:00000657-a-1#2546,,,p.Glu129His,0.744953663509524,0.029936426457849,E129H,E129H,0.8704,pathogenic,0.13798122677597155,0.12960000000000005,False,129,False,False
urn:mavedb:00000657-a-1#2547,,,p.Glu129Ile,-0.0046568517468309,0.0316220983563064,E129I,E129I,0.9112,pathogenic,0.1203708291640372,0.08879999999999999,False,129,False,False
urn:mavedb:00000657-a-1#2548,,,p.Glu129Lys,0.0181760180847688,0.0136295038982103,E129K,E129K,0.6159,pathogenic,0.34954960541208957,0.3841,False,129,False,False
urn:mavedb:00000657-a-1#2549,,,p.Glu129Leu,-0.0014598939135181,0.0243433181234183,E129L,E129L,0.8631,pathogenic,0.14151986960235213,0.13690000000000002,False,129,False,False
urn:mavedb:00000657-a-1#2550,,,p.Glu129Met,0.118815610413755,0.0460652591203355,E129M,E129M,0.8886,pathogenic,0.12968551207939943,0.11140000000000005,False,129,False,False
urn:mavedb:00000657-a-1#2551,,,p.Glu129Asn,0.84641270323557,0.0291784036135039,E129N,E129N,0.7574,pathogenic,0.20830689891530807,0.24260000000000004,True,129,False,True
urn:mavedb:00000657-a-1#2552,,,p.Glu129Pro,1.02988992729047,0.0285221894763975,E129P,E129P,0.8591,pathogenic,0.14351193698901193,0.14090000000000003,True,129,False,True
urn:mavedb:00000657-a-1#2553,,,p.Glu129Gln,0.854008536485838,0.0341067237806884,E129Q,E129Q,0.3952,ambiguous,0.6369955844624589,0.6048,False,129,False,False
urn:mavedb:00000657-a-1#2554,,,p.Glu129Arg,0.377844813965124,0.0387083338638263,E129R,E129R,0.7405,pathogenic,0.2219730900993651,0.25949999999999995,False,129,False,False
urn:mavedb:00000657-a-1#2555,,,p.Glu129Ser,0.735839891242389,0.0403120831728025,E129S,E129S,0.5954,pathogenic,0.37461489980828405,0.40459999999999996,False,129,False,False
urn:mavedb:00000657-a-1#2556,,,p.Glu129Thr,0.444651166815686,0.0263990949588737,E129T,E129T,0.6856,pathogenic,0.2724803119685556,0.3144,False,129,False,False
urn:mavedb:00000657-a-1#2557,,,p.Glu129Val,0.119253089442947,0.0373002287961706,E129V,E129V,0.7677,pathogenic,0.2004051760084164,0.23229999999999995,False,129,False,False
urn:mavedb:00000657-a-1#2558,,,p.Glu129Trp,0.368529337862482,0.0248880732549527,E129W,E129W,0.9859,pathogenic,0.0962577638554809,0.014100000000000001,False,129,False,False
urn:mavedb:00000657-a-1#2559,,,p.Glu129Tyr,0.531295642012732,0.0443769720861897,E129Y,E129Y,0.9428,pathogenic,0.10901401704471653,0.05720000000000003,False,129,False,False
urn:mavedb:00000657-a-1#2561,,,p.Asp130Ala,-0.0088595158711085,0.0174540054844778,D130A,D130A,0.3228,benign,0.7189714349528775,0.6772,False,130,False,False
urn:mavedb:00000657-a-1#2562,,,p.Asp130Cys,-0.0057287027370409,0.0145114681727841,D130C,D130C,0.5918,pathogenic,0.3791109405195396,0.4082,False,130,False,False
urn:mavedb:00000657-a-1#2563,,,p.Asp130Glu,0.253448764919541,0.0363920218803577,D130E,D130E,0.3256,benign,0.716074701248335,0.6744,False,130,False,False
urn:mavedb:00000657-a-1#2564,,,p.Asp130Phe,0.0588421968509488,0.0434647268613317,D130F,D130F,0.7635,pathogenic,0.2035885138311826,0.23650000000000004,False,130,False,False
urn:mavedb:00000657-a-1#2565,,,p.Asp130Gly,0.0005793686863004,0.0142671955866406,D130G,D130G,0.2295,benign,0.8016876059258915,0.7705,False,130,False,False
urn:mavedb:00000657-a-1#2566,,,p.Asp130His,-0.0063757938140787,0.0165257086135945,D130H,D130H,0.3231,benign,0.7186621965862847,0.6769000000000001,False,130,False,False
urn:mavedb:00000657-a-1#2567,,,p.Asp130Ile,0.01419171809919,0.0448005360311127,D130I,D130I,0.6051,pathogenic,0.3626370518714542,0.39490000000000003,False,130,False,False
urn:mavedb:00000657-a-1#2568,,,p.Asp130Lys,-0.0028448759796284,0.0247432721169659,D130K,D130K,0.5271,ambiguous,0.46349539262809786,0.4729,False,130,False,False
urn:mavedb:00000657-a-1#2569,,,p.Asp130Leu,-0.0004396668789795,0.0362409364410108,D130L,D130L,0.6595,pathogenic,0.2997313220555407,0.3405,False,130,False,False
urn:mavedb:00000657-a-1#2570,,,p.Asp130Met,0.0482342560014408,0.0498071569471735,D130M,D130M,0.7632,pathogenic,0.20381793023428857,0.2368,False,130,False,False
urn:mavedb:00000657-a-1#2571,,,p.Asp130Asn,0.495214607543383,0.0269169111981479,D130N,D130N,0.0895,benign,0.8793562398127719,0.9105,False,130,False,False
urn:mavedb:00000657-a-1#2572,,,p.Asp130Pro,0.0448379868831473,0.101759841601393,D130P,D130P,0.8957,pathogenic,0.12664521629828027,0.10429999999999995,False,130,False,False
urn:mavedb:00000657-a-1#2573,,,p.Asp130Gln,0.0009430593470255,0.0321219807066125,D130Q,D130Q,0.5037,ambiguous,0.49500520513454005,0.49629999999999996,False,130,False,False
urn:mavedb:00000657-a-1#2574,,,p.Asp130Arg,0.0109072820330381,0.0344567741216592,D130R,D130R,0.5709,pathogenic,0.4057027721375404,0.42910000000000004,False,130,False,False
urn:mavedb:00000657-a-1#2575,,,p.Asp130Ser,0.39381855856019,0.0313386726957702,D130S,D130S,0.1367,benign,0.8585787392482102,0.8633,False,130,False,False
urn:mavedb:00000657-a-1#2576,,,p.Asp130Thr,0.0060999958012157,0.0392838814422537,D130T,D130T,0.2259,benign,0.8043438998692731,0.7741,False,130,False,False
urn:mavedb:00000657-a-1#2577,,,p.Asp130Val,-0.0069272588448908,0.0267953023245244,D130V,D130V,0.4127,ambiguous,0.6152323129014923,0.5872999999999999,False,130,False,False
urn:mavedb:00000657-a-1#2578,,,p.Asp130Trp,-0.0121007811503324,0.0296807180329438,D130W,D130W,0.9292,pathogenic,0.11367649539900251,0.07079999999999997,False,130,False,False
urn:mavedb:00000657-a-1#2579,,,p.Asp130Tyr,0.0228520027633218,0.0480996157108661,D130Y,D130Y,0.3051,benign,0.7367328912053261,0.6949000000000001,False,130,False,False
urn:mavedb:00000657-a-1#2581,,,p.Ser131Ala,0.970998851309167,0.0406870093588458,S131A,S131A,0.1103,benign,0.870792547268625,0.8897,False,131,False,False
urn:mavedb:00000657-a-1#2582,,,p.Ser131Cys,0.652270012933601,0.0405528866817779,S131C,S131C,0.1735,benign,0.8387822198688979,0.8265,False,131,False,False
urn:mavedb:00000657-a-1#2583,,,p.Ser131Asp,0.58906232923911,0.0208609384716655,S131D,S131D,0.5241,ambiguous,0.4675215716763704,0.4759,False,131,False,False
urn:mavedb:00000657-a-1#2584,,,p.Ser131Glu,0.867549872726003,0.0455535204673092,S131E,S131E,0.6019,pathogenic,0.3665659146582053,0.3981,True,131,False,True
urn:mavedb:00000657-a-1#2585,,,p.Ser131Phe,0.0757634856369344,0.0258036827985155,S131F,S131F,0.4114,ambiguous,0.6168705882710739,0.5886,False,131,False,False
urn:mavedb:00000657-a-1#2586,,,p.Ser131Gly,0.673272534834528,0.0382944300813137,S131G,S131G,0.1233,benign,0.8649740678448864,0.8767,False,131,False,False
urn:mavedb:00000657-a-1#2587,,,p.Ser131His,0.702430304582873,0.0467029685968874,S131H,S131H,0.5052,ambiguous,0.4929805694069717,0.4948,False,131,False,False
urn:mavedb:00000657-a-1#2588,,,p.Ser131Ile,0.37494044824154,0.0220413465965789,S131I,S131I,0.3263,benign,0.7153468470112332,0.6737,False,131,False,False
urn:mavedb:00000657-a-1#2589,,,p.Ser131Lys,0.603899444307078,0.0335934966711523,S131K,S131K,0.7507,pathogenic,0.21361994963021413,0.24929999999999997,False,131,False,False
urn:mavedb:00000657-a-1#2590,,,p.Ser131Leu,0.0430302522960114,0.0202593489066046,S131L,S131L,0.1925,benign,0.8271850785685575,0.8075,False,131,False,False
urn:mavedb:00000657-a-1#2591,,,p.Ser131Met,0.614693389095167,0.0452567510393616,S131M,S131M,0.3562,ambiguous,0.6829207901947779,0.6437999999999999,False,131,False,False
urn:mavedb:00000657-a-1#2592,,,p.Ser131Asn,0.0343047211075534,0.0234925509331686,S131N,S131N,0.2799,benign,0.7603533622095833,0.7201,False,131,False,False
urn:mavedb:00000657-a-1#2593,,,p.Ser131Pro,1.03737763097037,0.0198537005269049,S131P,S131P,0.2068,benign,0.8177984937819668,0.7932,False,131,False,False
urn:mavedb:00000657-a-1#2594,,,p.Ser131Gln,0.716277997434134,0.0463216181713335,S131Q,S131Q,0.6326,pathogenic,0.32987075667258847,0.36739999999999995,False,131,False,False
urn:mavedb:00000657-a-1#2595,,,p.Ser131Arg,0.826333469431325,0.038105772447171,S131R,S131R,0.6958,pathogenic,0.26238961209164957,0.3042,True,131,False,True
urn:mavedb:00000657-a-1#2596,,,p.Ser131Thr,0.540026080638734,0.040161818904651,S131T,S131T,0.1056,benign,0.872806090607042,0.8944,False,131,False,False
urn:mavedb:00000657-a-1#2597,,,p.Ser131Val,0.35439316259389,0.0367132331972755,S131V,S131V,0.3059,benign,0.7359507983852581,0.6940999999999999,False,131,False,False
urn:mavedb:00000657-a-1#2598,,,p.Ser131Trp,0.19431285762988,0.0359343539227313,S131W,S131W,0.504,ambiguous,0.4946002591850709,0.496,False,131,False,False
urn:mavedb:00000657-a-1#2599,,,p.Ser131Tyr,0.299391728431252,0.0346253639156241,S131Y,S131Y,0.3373,benign,0.7037182066227669,0.6627000000000001,False,131,False,False
urn:mavedb:00000657-a-1#2601,,,p.Arg132Ala,0.983931016056952,0.0535601600436608,R132A,R132A,0.1538,benign,0.8498005780959828,0.8462000000000001,False,132,False,False
urn:mavedb:00000657-a-1#2602,,,p.Arg132Cys,0.978316441725854,0.0149801011413187,R132C,R132C,0.1575,benign,0.84780668010292,0.8425,False,132,False,False
urn:mavedb:00000657-a-1#2603,,,p.Arg132Asp,0.982757111406341,0.0515282614855621,R132D,R132D,0.2488,benign,0.7867812886026068,0.7512,False,132,False,False
urn:mavedb:00000657-a-1#2604,,,p.Arg132Glu,1.04775343338842,0.0253594910317501,R132E,R132E,0.1213,benign,0.8658935016159373,0.8787,False,132,False,False
urn:mavedb:00000657-a-1#2605,,,p.Arg132Phe,0.199394518607291,0.0347857915960888,R132F,R132F,0.3726,ambiguous,0.6640774323821848,0.6274,False,132,False,False
urn:mavedb:00000657-a-1#2606,,,p.Arg132Gly,1.02930963558459,0.0288780421355343,R132G,R132G,0.0898,benign,0.8792389731861506,0.9102,False,132,False,False
urn:mavedb:00000657-a-1#2607,,,p.Arg132His,1.00153955796665,0.0236413140830189,R132H,R132H,0.1024,benign,0.8741503579567554,0.8976,False,132,False,False
urn:mavedb:00000657-a-1#2608,,,p.Arg132Ile,-0.0089827804472236,0.0176543301891684,R132I,R132I,0.222,benign,0.8071780883351178,0.778,False,132,False,False
urn:mavedb:00000657-a-1#2609,,,p.Arg132Lys,1.02579689899695,0.0371462042940769,R132K,R132K,0.0615,benign,0.8895472110743166,0.9385,False,132,False,False
urn:mavedb:00000657-a-1#2610,,,p.Arg132Leu,0.438428303868091,0.0304486335353801,R132L,R132L,0.1825,benign,0.8334107429722895,0.8175,False,132,False,False
urn:mavedb:00000657-a-1#2611,,,p.Arg132Met,0.796498369991064,0.0378398121223729,R132M,R132M,0.1616,benign,0.8455569048878754,0.8384,False,132,False,False
urn:mavedb:00000657-a-1#2612,,,p.Arg132Asn,1.03941710286478,0.0209136084106377,R132N,R132N,0.1855,benign,0.8315717845244384,0.8145,False,132,False,False
urn:mavedb:00000657-a-1#2613,,,p.Arg132Pro,0.282671815061072,0.0386340514940899,R132P,R132P,0.5603,ambiguous,0.4194715159771752,0.4397,False,132,False,False
urn:mavedb:00000657-a-1#2614,,,p.Arg132Gln,1.06280317484966,0.0251756180687877,R132Q,R132Q,0.0731,benign,0.8855020882425,0.9269000000000001,False,132,False,False
urn:mavedb:00000657-a-1#2615,,,p.Arg132Ser,1.07312172049184,0.0341606075048012,R132S,R132S,0.1427,benign,0.8555791886798634,0.8573,False,132,False,False
urn:mavedb:00000657-a-1#2616,,,p.Arg132Thr,1.06616052327144,0.0269125307950637,R132T,R132T,0.0875,benign,0.8801334836991603,0.9125,False,132,False,False
urn:mavedb:00000657-a-1#2617,,,p.Arg132Val,0.165994953427034,0.0252137979337406,R132V,R132V,0.2362,benign,0.796640630726525,0.7638,False,132,False,False
urn:mavedb:00000657-a-1#2618,,,p.Arg132Trp,-0.0030397447038182,0.0171942912151393,R132W,R132W,0.1616,benign,0.8455569048878754,0.8384,False,132,False,False
urn:mavedb:00000657-a-1#2619,,,p.Arg132Tyr,0.423409404243122,0.0277920468534901,R132Y,R132Y,0.2496,benign,0.7861389394026436,0.7504,False,132,False,False
urn:mavedb:00000657-a-1#2621,,,p.Asn133Ala,0.0868111540501069,0.0403073371456363,N133A,N133A,0.4775,ambiguous,0.5303289518896107,0.5225,False,133,False,False
urn:mavedb:00000657-a-1#2622,,,p.Asn133Cys,0.88170353804679,0.0280849664447831,N133C,N133C,0.2514,benign,0.7846864721430132,0.7485999999999999,False,133,False,False
urn:mavedb:00000657-a-1#2623,,,p.Asn133Asp,0.819823337736262,0.0539776361640885,N133D,N133D,0.0839,benign,0.8815128110170647,0.9161,False,133,False,False
urn:mavedb:00000657-a-1#2624,,,p.Asn133Glu,0.0133269183689571,0.0218452448901762,N133E,N133E,0.4128,ambiguous,0.6151061555376316,0.5871999999999999,False,133,False,False
urn:mavedb:00000657-a-1#2625,,,p.Asn133Phe,-0.000256392127707,0.040732730905117,N133F,N133F,0.8162,pathogenic,0.16738313669490756,0.18379999999999996,False,133,False,False
urn:mavedb:00000657-a-1#2626,,,p.Asn133Gly,0.0536249767573159,0.113054703740922,N133G,N133G,0.4693,ambiguous,0.5413282117481842,0.5307,False,133,False,False
urn:mavedb:00000657-a-1#2627,,,p.Asn133His,0.0473782758563128,0.0372982744842038,N133H,N133H,0.1649,benign,0.8437149728715617,0.8351,False,133,False,False
urn:mavedb:00000657-a-1#2628,,,p.Asn133Ile,-0.0043002097323841,0.0353383912662244,N133I,N133I,0.4362,ambiguous,0.5850934258887446,0.5638000000000001,False,133,False,False
urn:mavedb:00000657-a-1#2629,,,p.Asn133Lys,-0.0175312632366366,0.0234252670189746,N133K,N133K,0.4879,ambiguous,0.5163278289576105,0.5121,False,133,False,False
urn:mavedb:00000657-a-1#2630,,,p.Asn133Leu,-0.0026458501252144,0.0243845435771992,N133L,N133L,0.5385,ambiguous,0.44825489317615475,0.4615,False,133,False,False
urn:mavedb:00000657-a-1#2631,,,p.Asn133Met,-0.0052104679525553,0.026468238262331,N133M,N133M,0.5357,ambiguous,0.4519884305730445,0.46430000000000005,False,133,False,False
urn:mavedb:00000657-a-1#2632,,,p.Asn133Pro,0.0186368621450172,0.0611905243541653,N133P,N133P,0.8482,pathogenic,0.14913586768420006,0.15180000000000005,False,133,False,False
urn:mavedb:00000657-a-1#2633,,,p.Asn133Gln,0.0276481082575955,0.034910024090274,N133Q,N133Q,0.4555,ambiguous,0.5597206354589009,0.5445,False,133,False,False
urn:mavedb:00000657-a-1#2634,,,p.Asn133Arg,0.0292284905974644,0.0480462180725918,N133R,N133R,0.5798,pathogenic,0.3942819749897447,0.4202,False,133,False,False
urn:mavedb:00000657-a-1#2635,,,p.Asn133Ser,0.939926842656133,0.0244384187500595,N133S,N133S,0.1091,benign,0.8713111098903134,0.8909,False,133,False,False
urn:mavedb:00000657-a-1#2636,,,p.Asn133Thr,-0.0106805540199515,0.0246799542398606,N133T,N133T,0.2305,benign,0.8009428797394623,0.7695,False,133,False,False
urn:mavedb:00000657-a-1#2637,,,p.Asn133Val,-0.0137194036826169,0.0406285106418271,N133V,N133V,0.4475,ambiguous,0.5702947095958782,0.5525,False,133,False,False
urn:mavedb:00000657-a-1#2638,,,p.Asn133Trp,-0.0035312693627457,0.0302634458928403,N133W,N133W,0.8408,pathogenic,0.15312098100099095,0.1592,False,133,False,False
urn:mavedb:00000657-a-1#2639,,,p.Asn133Tyr,0.0010078835423559,0.0548655306505147,N133Y,N133Y,0.2953,benign,0.7461530392127501,0.7047,False,133,False,False
urn:mavedb:00000657-a-1#2641,,,p.Asn134Ala,0.911554685546393,0.0377015077678495,N134A,N134A,0.1411,benign,0.8563874601902133,0.8589,False,134,False,False
urn:mavedb:00000657-a-1#2642,,,p.Asn134Cys,0.659607575875511,0.0517670319407978,N134C,N134C,0.1659,benign,0.8431512827883271,0.8341000000000001,False,134,False,False
urn:mavedb:00000657-a-1#2643,,,p.Asn134Asp,1.09572206283843,0.0360510469540843,N134D,N134D,0.0475,benign,0.8941153808765222,0.9525,False,134,False,False
urn:mavedb:00000657-a-1#2644,,,p.Asn134Glu,1.0908770977235,0.0298684127924638,N134E,N134E,0.158,benign,0.8475345964877335,0.842,False,134,False,False
urn:mavedb:00000657-a-1#2645,,,p.Asn134Phe,0.552697636829084,0.0279820829362791,N134F,N134F,0.354,ambiguous,0.6853933738571394,0.646,False,134,False,False
urn:mavedb:00000657-a-1#2646,,,p.Asn134Gly,0.175582519293907,0.0430822919497423,N134G,N134G,0.2037,benign,0.8198824980616649,0.7963,False,134,False,False
urn:mavedb:00000657-a-1#2647,,,p.Asn134His,1.02076224979911,0.0464022903937278,N134H,N134H,0.0805,benign,0.8827925209543713,0.9195,False,134,False,False
urn:mavedb:00000657-a-1#2648,,,p.Asn134Ile,0.16608197446416,0.0362567591361642,N134I,N134I,0.1255,benign,0.8639523022472525,0.8745,False,134,False,False
urn:mavedb:00000657-a-1#2649,,,p.Asn134Lys,0.0017582296029479,0.0304929037531372,N134K,N134K,0.2142,benign,0.8127120472917041,0.7858,False,134,False,False
urn:mavedb:00000657-a-1#2650,,,p.Asn134Leu,0.078945801073312,0.0302801044962556,N134L,N134L,0.166,benign,0.8430947717307141,0.834,False,134,False,False
urn:mavedb:00000657-a-1#2651,,,p.Asn134Met,0.675426467331144,0.0447510768075561,N134M,N134M,0.3133,benign,0.7286232312597304,0.6867,False,134,False,False
urn:mavedb:00000657-a-1#2652,,,p.Asn134Pro,0.904714323495779,0.0231722219143333,N134P,N134P,0.191,benign,0.8281364586168133,0.8089999999999999,False,134,False,False
urn:mavedb:00000657-a-1#2653,,,p.Asn134Gln,0.955869919275048,0.037517273412891,N134Q,N134Q,0.2247,benign,0.8052207594711747,0.7753,False,134,False,False
urn:mavedb:00000657-a-1#2654,,,p.Asn134Arg,0.016852072978415,0.0697243003502667,N134R,N134R,0.234,benign,0.7983127285338601,0.766,False,134,False,False
urn:mavedb:00000657-a-1#2655,,,p.Asn134Ser,0.973706249372144,0.0280626061406265,N134S,N134S,0.0814,benign,0.8824559293884758,0.9186,False,134,False,False
urn:mavedb:00000657-a-1#2656,,,p.Asn134Thr,0.918802774296025,0.0553710858874314,N134T,N134T,0.1046,benign,0.8732284770104336,0.8954,False,134,False,False
urn:mavedb:00000657-a-1#2657,,,p.Asn134Val,0.409830679852973,0.0339997511365405,N134V,N134V,0.1243,benign,0.864510982942264,0.8757,False,134,False,False
urn:mavedb:00000657-a-1#2658,,,p.Asn134Trp,0.472689780480485,0.0510294991780056,N134W,N134W,0.5689,pathogenic,0.408287431241785,0.43110000000000004,False,134,False,False
urn:mavedb:00000657-a-1#2659,,,p.Asn134Tyr,0.743408065805172,0.0324426179617361,N134Y,N134Y,0.0936,benign,0.8777381145753042,0.9064,False,134,False,False
urn:mavedb:00000657-a-1#2661,,,p.Phe135Ala,0.0444993283922142,0.0569785122304187,F135A,F135A,0.6764,pathogenic,0.281853801937232,0.3236,False,135,False,False
urn:mavedb:00000657-a-1#2662,,,p.Phe135Cys,0.0195456150790591,0.0675072170196863,F135C,F135C,0.426,ambiguous,0.5982905631642171,0.5740000000000001,False,135,False,False
urn:mavedb:00000657-a-1#2663,,,p.Phe135Asp,0.0228996621300013,0.064058628946311,F135D,F135D,0.8823,pathogenic,0.13247397111170806,0.11770000000000003,False,135,False,False
urn:mavedb:00000657-a-1#2664,,,p.Phe135Glu,0.0187173693669814,0.0749834584866814,F135E,F135E,0.9209,pathogenic,0.11668695619226868,0.07909999999999995,False,135,False,False
urn:mavedb:00000657-a-1#2665,,,p.Phe135Gly,-0.0047134661162473,0.0417387292817266,F135G,F135G,0.8477,pathogenic,0.14940082523466636,0.1523,False,135,False,False
urn:mavedb:00000657-a-1#2666,,,p.Phe135His,-0.0118992973583165,0.022732642181059,F135H,F135H,0.7552,pathogenic,0.21003636137361265,0.24480000000000002,False,135,False,False
urn:mavedb:00000657-a-1#2667,,,p.Phe135Ile,-0.0086666897962294,0.0160344809544504,F135I,F135I,0.1096,benign,0.8710954162216585,0.8904,False,135,False,False
urn:mavedb:00000657-a-1#2668,,,p.Phe135Lys,-0.0083666914442047,0.0474110742287781,F135K,F135K,0.897,pathogenic,0.1261000625911041,0.10299999999999998,False,135,False,False
urn:mavedb:00000657-a-1#2669,,,p.Phe135Leu,0.383987872866876,0.0388137349592014,F135L,F135L,0.4343,ambiguous,0.5875640182498526,0.5657,False,135,False,False
urn:mavedb:00000657-a-1#2670,,,p.Phe135Met,0.0305914591433094,0.03753463575669,F135M,F135M,0.3995,ambiguous,0.6317081227841365,0.6005,False,135,False,False
urn:mavedb:00000657-a-1#2671,,,p.Phe135Asn,0.0274026427766765,0.0513371023606619,F135N,F135N,0.8153,pathogenic,0.16793543370609385,0.18469999999999998,False,135,False,False
urn:mavedb:00000657-a-1#2672,,,p.Phe135Pro,0.0231869437060822,0.0272293937469231,F135P,F135P,0.9018,pathogenic,0.12411755711970149,0.09819999999999995,False,135,False,False
urn:mavedb:00000657-a-1#2673,,,p.Phe135Gln,0.0237423707545281,0.0545219913461138,F135Q,F135Q,0.892,pathogenic,0.12821623972363388,0.10799999999999998,False,135,False,False
urn:mavedb:00000657-a-1#2674,,,p.Phe135Arg,0.0453309839508457,0.0966385908325862,F135R,F135R,0.8397,pathogenic,0.15372513190657086,0.1603,False,135,False,False
urn:mavedb:00000657-a-1#2675,,,p.Phe135Ser,0.0053822494029053,0.0492640694272545,F135S,F135S,0.718,pathogenic,0.24153953804365258,0.28200000000000003,False,135,False,False
urn:mavedb:00000657-a-1#2676,,,p.Phe135Thr,-0.0012083773491342,0.0356023530672771,F135T,F135T,0.6263,pathogenic,0.3372116904273551,0.37370000000000003,False,135,False,False
urn:mavedb:00000657-a-1#2677,,,p.Phe135Val,0.0254590743814269,0.0243875265839366,F135V,F135V,0.1363,benign,0.858775674276468,0.8637,False,135,False,False
urn:mavedb:00000657-a-1#2678,,,p.Phe135Trp,0.0148671073923658,0.0240995024572151,F135W,F135W,0.4969,ambiguous,0.504184879350624,0.5031,False,135,False,False
urn:mavedb:00000657-a-1#2679,,,p.Phe135Tyr,0.30949783865791,0.0372565949868257,F135Y,F135Y,0.224,benign,0.8057302876460879,0.776,False,135,False,False
urn:mavedb:00000657-a-1#2681,,,p.Leu136Ala,-0.0024852048969774,0.011668390683157,L136A,L136A,0.289,benign,0.7520515204894291,0.7110000000000001,False,136,False,False
urn:mavedb:00000657-a-1#2682,,,p.Leu136Cys,0.213240082662435,0.0487627967187193,L136C,L136C,0.4975,ambiguous,0.5033749367201737,0.5025,False,136,False,False
urn:mavedb:00000657-a-1#2683,,,p.Leu136Asp,0.0328732424754297,0.0425632277069971,L136D,L136D,0.8192,pathogenic,0.1655580069071467,0.18079999999999996,False,136,False,False
urn:mavedb:00000657-a-1#2684,,,p.Leu136Glu,-0.0061448437380615,0.0314681751304283,L136E,L136E,0.6303,pathogenic,0.3325388671138319,0.36970000000000003,False,136,False,False
urn:mavedb:00000657-a-1#2685,,,p.Leu136Phe,0.0773807304032286,0.113393992175356,L136F,L136F,0.3101,benign,0.7318125151254377,0.6899,False,136,False,False
urn:mavedb:00000657-a-1#2686,,,p.Leu136Gly,0.005527288221026,0.0684056362260684,L136G,L136G,0.6053,pathogenic,0.36239225484157683,0.39470000000000005,False,136,False,False
urn:mavedb:00000657-a-1#2687,,,p.Leu136His,0.0056373199451617,0.0442905557458188,L136H,L136H,0.3649,ambiguous,0.6730136113326913,0.6351,False,136,False,False
urn:mavedb:00000657-a-1#2688,,,p.Leu136Ile,0.497743294382481,0.044282508490168,L136I,L136I,0.0954,benign,0.8770170862636204,0.9046,False,136,False,False
urn:mavedb:00000657-a-1#2689,,,p.Leu136Lys,0.0306241001696329,0.0376377353445637,L136K,L136K,0.6531,pathogenic,0.30671891582729766,0.3469,False,136,False,False
urn:mavedb:00000657-a-1#2690,,,p.Leu136Met,0.553515115165613,0.028214619572229,L136M,L136M,0.1481,benign,0.8528056437091971,0.8519,False,136,False,False
urn:mavedb:00000657-a-1#2691,,,p.Leu136Asn,0.0094145682508802,0.0460633550893169,L136N,L136N,0.3511,ambiguous,0.6886321831100612,0.6489,False,136,False,False
urn:mavedb:00000657-a-1#2692,,,p.Leu136Pro,0.0316705862632298,0.0967876352978322,L136P,L136P,0.5095,ambiguous,0.48717847124094815,0.49050000000000005,False,136,False,False
urn:mavedb:00000657-a-1#2693,,,p.Leu136Gln,-0.0031857938730013,0.0153322105656436,L136Q,L136Q,0.328,benign,0.7135731084052034,0.6719999999999999,False,136,False,False
urn:mavedb:00000657-a-1#2694,,,p.Leu136Arg,0.0346060462087322,0.0965994389062275,L136R,L136R,0.5396,ambiguous,0.44679008974498235,0.46040000000000003,False,136,False,False
urn:mavedb:00000657-a-1#2695,,,p.Leu136Ser,-0.0060186804247012,0.0283905019994255,L136S,L136S,0.3065,benign,0.7353629353101371,0.6935,False,136,False,False
urn:mavedb:00000657-a-1#2696,,,p.Leu136Thr,0.0129906127515556,0.0224295405309685,L136T,L136T,0.1915,benign,0.827820024527179,0.8085,False,136,False,False
urn:mavedb:00000657-a-1#2697,,,p.Leu136Val,0.408479061715106,0.0255223913241896,L136V,L136V,0.1034,benign,0.8737325737183529,0.8966,False,136,False,False
urn:mavedb:00000657-a-1#2698,,,p.Leu136Trp,0.0279384927053699,0.0779845120705586,L136W,L136W,0.5408,ambiguous,0.44519342666534917,0.45920000000000005,False,136,False,False
urn:mavedb:00000657-a-1#2699,,,p.Leu136Tyr,0.0138029586007945,0.05022575946363,L136Y,L136Y,0.5643,pathogenic,0.4142558954646132,0.4357,False,136,False,False
urn:mavedb:00000657-a-1#2701,,,p.Ile137Ala,0.0045922850582217,0.0343290038369379,I137A,I137A,0.7446,pathogenic,0.2185769086278852,0.25539999999999996,False,137,False,False
urn:mavedb:00000657-a-1#2702,,,p.Ile137Cys,-0.0096492425452316,0.0173294437387165,I137C,I137C,0.817,pathogenic,0.16689405312833028,0.18300000000000005,False,137,False,False
urn:mavedb:00000657-a-1#2703,,,p.Ile137Asp,0.020018769073871,0.0748901809957864,I137D,I137D,0.9678,pathogenic,0.10126203883729504,0.032200000000000006,False,137,False,False
urn:mavedb:00000657-a-1#2704,,,p.Ile137Glu,0.0219953547937247,0.078401134350509,I137E,I137E,0.9213,pathogenic,0.11653891795543454,0.07869999999999999,False,137,False,False
urn:mavedb:00000657-a-1#2705,,,p.Ile137Phe,0.074405975796119,0.176012516352842,I137F,I137F,0.2741,benign,0.7655099539935801,0.7259,False,137,False,False
urn:mavedb:00000657-a-1#2706,,,p.Ile137Gly,-0.0081279770394461,0.031763443249758,I137G,I137G,0.9083,pathogenic,0.1215078584247,0.0917,False,137,False,False
urn:mavedb:00000657-a-1#2707,,,p.Ile137His,0.0168829524005754,0.0609508011834997,I137H,I137H,0.813,pathogenic,0.16935688994660641,0.18700000000000006,False,137,False,False
urn:mavedb:00000657-a-1#2708,,,p.Ile137Lys,0.180303891888294,0.0350837005905695,I137K,I137K,0.757,pathogenic,0.2086202495302122,0.243,False,137,False,False
urn:mavedb:00000657-a-1#2709,,,p.Ile137Leu,0.929660163125247,0.0633259245197336,I137L,I137L,0.0876,benign,0.8800948082093744,0.9124,False,137,False,False
urn:mavedb:00000657-a-1#2710,,,p.Ile137Met,0.464202056444411,0.0380179337187933,I137M,I137M,0.139,benign,0.8574390312387407,0.861,False,137,False,False
urn:mavedb:00000657-a-1#2711,,,p.Ile137Asn,0.0916763611560937,0.0734672832352471,I137N,I137N,0.6876,pathogenic,0.2704766171921999,0.3124,False,137,False,False
urn:mavedb:00000657-a-1#2712,,,p.Ile137Pro,0.0317023143323325,0.0534847383792314,I137P,I137P,0.9319,pathogenic,0.11272456110411715,0.06810000000000005,False,137,False,False
urn:mavedb:00000657-a-1#2713,,,p.Ile137Gln,-0.0085404273382746,0.0391438474178258,I137Q,I137Q,0.7802,pathogenic,0.19124297103515614,0.2198,False,137,False,False
urn:mavedb:00000657-a-1#2714,,,p.Ile137Arg,0.0900651988369458,0.176061310231286,I137R,I137R,0.7004,pathogenic,0.25794369051864147,0.2996,False,137,False,False
urn:mavedb:00000657-a-1#2715,,,p.Ile137Ser,0.0530484540914072,0.120261037960664,I137S,I137S,0.7312,pathogenic,0.22986962343240191,0.26880000000000004,False,137,False,False
urn:mavedb:00000657-a-1#2716,,,p.Ile137Thr,-0.0150368058707152,0.0203156838662691,I137T,I137T,0.5884,pathogenic,0.3833812392944839,0.41159999999999997,False,137,False,False
urn:mavedb:00000657-a-1#2717,,,p.Ile137Val,0.405218363955007,0.0347439822297687,I137V,I137V,0.1382,benign,0.8578368711971165,0.8618,False,137,False,False
urn:mavedb:00000657-a-1#2718,,,p.Ile137Trp,0.0388944142989274,0.100006550804145,I137W,I137W,0.8664,pathogenic,0.13990483551858585,0.13360000000000005,False,137,False,False
urn:mavedb:00000657-a-1#2719,,,p.Ile137Tyr,0.106765741657288,0.114925211700029,I137Y,I137Y,0.7028,pathogenic,0.25565007321620076,0.2972,False,137,False,False
urn:mavedb:00000657-a-1#2721,,,p.Gln138Ala,0.0132145316836157,0.0485858850697725,Q138A,Q138A,0.6453,pathogenic,0.31539190777555576,0.3547,False,138,False,False
urn:mavedb:00000657-a-1#2722,,,p.Gln138Cys,0.0313442829303268,0.0467761333432535,Q138C,Q138C,0.8993,pathogenic,0.1251441758220075,0.10070000000000001,False,138,False,False
urn:mavedb:00000657-a-1#2723,,,p.Gln138Asp,-0.0132514436550254,0.0398497087953203,Q138D,Q138D,0.9448,pathogenic,0.10835572390763895,0.05520000000000003,False,138,False,False
urn:mavedb:00000657-a-1#2724,,,p.Gln138Glu,0.0032596967540439,0.0606377437024866,Q138E,Q138E,0.2149,benign,0.8122226817164534,0.7851,False,138,False,False
urn:mavedb:00000657-a-1#2725,,,p.Gln138Phe,0.103019789067539,0.171075833125546,Q138F,Q138F,0.9713,pathogenic,0.10025624602039429,0.028699999999999948,False,138,False,False
urn:mavedb:00000657-a-1#2726,,,p.Gln138Gly,0.0570506255129556,0.167966621742173,Q138G,Q138G,0.7055,pathogenic,0.25309110823377634,0.2945,False,138,False,False
urn:mavedb:00000657-a-1#2727,,,p.Gln138His,0.560160200385777,0.0423835155411707,Q138H,Q138H,0.4854,ambiguous,0.5196974055138182,0.5146,False,138,False,False
urn:mavedb:00000657-a-1#2728,,,p.Gln138Ile,0.0044091202640225,0.0429326745128908,Q138I,Q138I,0.9146,pathogenic,0.11905884581861864,0.08540000000000003,False,138,False,False
urn:mavedb:00000657-a-1#2729,,,p.Gln138Lys,0.0269120114305179,0.0543506265392189,Q138K,Q138K,0.5063,ambiguous,0.4914960125456737,0.4937,False,138,False,False
urn:mavedb:00000657-a-1#2730,,,p.Gln138Leu,-0.0014383721219401,0.0444681443541261,Q138L,Q138L,0.6145,pathogenic,0.3512306931186921,0.38549999999999995,False,138,False,False
urn:mavedb:00000657-a-1#2731,,,p.Gln138Met,-0.01447846564913,0.028045886920175,Q138M,Q138M,0.7637,pathogenic,0.2034357205945886,0.23629999999999995,False,138,False,False
urn:mavedb:00000657-a-1#2732,,,p.Gln138Asn,0.007345803336635,0.0518974596512239,Q138N,Q138N,0.6716,pathogenic,0.2868454938726831,0.3284,False,138,False,False
urn:mavedb:00000657-a-1#2733,,,p.Gln138Pro,-0.0053685371706744,0.0383441264888857,Q138P,Q138P,0.7799,pathogenic,0.19145744160997363,0.22009999999999996,False,138,False,False
urn:mavedb:00000657-a-1#2734,,,p.Gln138Arg,0.039083699242711,0.0635112968720521,Q138R,Q138R,0.5051,ambiguous,0.49311553718625006,0.4949,False,138,False,False
urn:mavedb:00000657-a-1#2735,,,p.Gln138Ser,0.0071793027446866,0.0340999708328679,Q138S,Q138S,0.6672,pathogenic,0.29148145571090817,0.3328,False,138,False,False
urn:mavedb:00000657-a-1#2736,,,p.Gln138Thr,0.0439293985619018,0.0579609056038207,Q138T,Q138T,0.7803,pathogenic,0.19117153967587874,0.2197,False,138,False,False
urn:mavedb:00000657-a-1#2737,,,p.Gln138Val,0.047216598791353,0.100666858171181,Q138V,Q138V,0.823,pathogenic,0.16328096781494436,0.17700000000000005,False,138,False,False
urn:mavedb:00000657-a-1#2738,,,p.Gln138Trp,0.0909863772002002,0.11171617431064,Q138W,Q138W,0.9572,pathogenic,0.10442465547131433,0.04279999999999995,False,138,False,False
urn:mavedb:00000657-a-1#2739,,,p.Gln138Tyr,0.0160979984741693,0.0609956978063617,Q138Y,Q138Y,0.9268,pathogenic,0.11453384641832028,0.07320000000000004,False,138,False,False
urn:mavedb:00000657-a-1#2741,,,p.Met139Ala,-0.0062004184941501,0.0360779086392562,M139A,M139A,0.753,pathogenic,0.21178059655887171,0.247,False,139,False,False
urn:mavedb:00000657-a-1#2742,,,p.Met139Cys,-0.0117424791907421,0.023251887041173,M139C,M139C,0.8965,pathogenic,0.12630931936049022,0.10350000000000004,False,139,False,False
urn:mavedb:00000657-a-1#2743,,,p.Met139Asp,0.108627997493263,0.213890370280074,M139D,M139D,0.9977,pathogenic,0.09324789730706454,0.0022999999999999687,False,139,False,False
urn:mavedb:00000657-a-1#2744,,,p.Met139Glu,0.0484221105758055,0.0693209287398086,M139E,M139E,0.9832,pathogenic,0.09697381169474217,0.016800000000000037,False,139,False,False
urn:mavedb:00000657-a-1#2745,,,p.Met139Phe,-0.0049020749515576,0.0357765165672716,M139F,M139F,0.6517,pathogenic,0.30826302152459345,0.34830000000000005,False,139,False,False
urn:mavedb:00000657-a-1#2746,,,p.Met139Gly,0.0077757145050343,0.0442872185384513,M139G,M139G,0.9439,pathogenic,0.10865110586380004,0.05610000000000004,False,139,False,False
urn:mavedb:00000657-a-1#2747,,,p.Met139His,0.0086696057660893,0.0330595462799539,M139H,M139H,0.9829,pathogenic,0.09705401610512282,0.017100000000000004,False,139,False,False
urn:mavedb:00000657-a-1#2748,,,p.Met139Ile,-0.0004088772267408,0.0433785242735495,M139I,M139I,0.6953,pathogenic,0.2628768019426823,0.30469999999999997,False,139,False,False
urn:mavedb:00000657-a-1#2749,,,p.Met139Lys,0.0253312590017977,0.0738822963627723,M139K,M139K,0.9508,pathogenic,0.10642164124014036,0.04920000000000002,False,139,False,False
urn:mavedb:00000657-a-1#2750,,,p.Met139Leu,0.322179852093755,0.033801377312909,M139L,M139L,0.1793,benign,0.835345450984502,0.8207,False,139,False,False
urn:mavedb:00000657-a-1#2751,,,p.Met139Asn,-0.0127252702704054,0.0327291404201761,M139N,M139N,0.9714,pathogenic,0.10022778365224791,0.02859999999999996,False,139,False,False
urn:mavedb:00000657-a-1#2752,,,p.Met139Pro,0.125573670576681,0.115938932117481,M139P,M139P,0.9966,pathogenic,0.09352042923697074,0.0033999999999999586,False,139,False,False
urn:mavedb:00000657-a-1#2753,,,p.Met139Gln,0.0093772122034293,0.0336705832724477,M139Q,M139Q,0.9214,pathogenic,0.11650195567323642,0.0786,False,139,False,False
urn:mavedb:00000657-a-1#2754,,,p.Met139Arg,0.0591844861323683,0.0796877513769034,M139R,M139R,0.9617,pathogenic,0.10306032481642997,0.0383,False,139,False,False
urn:mavedb:00000657-a-1#2755,,,p.Met139Ser,-0.005182512861772,0.0250360248864503,M139S,M139S,0.8923,pathogenic,0.12808778160441328,0.10770000000000002,False,139,False,False
urn:mavedb:00000657-a-1#2756,,,p.Met139Thr,0.0417496343024569,0.0669131844282806,M139T,M139T,0.6683,pathogenic,0.29031709361648306,0.3317,False,139,False,False
urn:mavedb:00000657-a-1#2757,,,p.Met139Val,-0.0036460940450256,0.044964564025513,M139V,M139V,0.3143,benign,0.7276201626494996,0.6857,False,139,False,False
urn:mavedb:00000657-a-1#2758,,,p.Met139Trp,-0.0018688391119077,0.0782747454907276,M139W,M139W,0.9771,pathogenic,0.09863028486008125,0.02290000000000003,False,139,False,False
urn:mavedb:00000657-a-1#2759,,,p.Met139Tyr,-0.0019586809541309,0.0307891976549126,M139Y,M139Y,0.9491,pathogenic,0.106963475613503,0.050899999999999945,False,139,False,False
urn:mavedb:00000657-a-1#2761,,,p.Phe140Ala,0.856727983017475,0.0426752649380019,F140A,F140A,0.3739,ambiguous,0.662553592033427,0.6261,False,140,False,False
urn:mavedb:00000657-a-1#2762,,,p.Phe140Cys,0.951360355883407,0.0523606995254753,F140C,F140C,0.0985,benign,0.8757599260312444,0.9015,False,140,False,False
urn:mavedb:00000657-a-1#2763,,,p.Phe140Asp,0.0214374041027186,0.0809411015801847,F140D,F140D,0.9361,pathogenic,0.11126991527997487,0.06389999999999996,False,140,False,False
urn:mavedb:00000657-a-1#2764,,,p.Phe140Glu,0.0594856450826907,0.12310003178886,F140E,F140E,0.9524,pathogenic,0.10591607609869036,0.047599999999999976,False,140,False,False
urn:mavedb:00000657-a-1#2765,,,p.Phe140Gly,0.0256664301377187,0.0870582266313349,F140G,F140G,0.632,pathogenic,0.33056545283710737,0.368,False,140,False,False
urn:mavedb:00000657-a-1#2766,,,p.Phe140His,0.0012379899509926,0.0459486645847555,F140H,F140H,0.7484,pathogenic,0.21547552747978665,0.25160000000000005,False,140,False,False
urn:mavedb:00000657-a-1#2767,,,p.Phe140Ile,0.100471420220847,0.0489561796222879,F140I,F140I,0.1886,benign,0.8296457320070761,0.8114,False,140,False,False
urn:mavedb:00000657-a-1#2768,,,p.Phe140Lys,0.0078685314405248,0.0730145414143117,F140K,F140K,0.9656,pathogenic,0.10190390112423095,0.034399999999999986,False,140,False,False
urn:mavedb:00000657-a-1#2769,,,p.Phe140Leu,0.267372357441759,0.034594106576828,F140L,F140L,0.6947,pathogenic,0.26346244714621225,0.3053,False,140,False,False
urn:mavedb:00000657-a-1#2770,,,p.Phe140Met,0.843822472011033,0.0386001400743815,F140M,F140M,0.3379,benign,0.7030736865477916,0.6621,False,140,False,False
urn:mavedb:00000657-a-1#2771,,,p.Phe140Asn,0.106680111539154,0.1142208024263,F140N,F140N,0.6713,pathogenic,0.2871597580745284,0.3287,False,140,False,False
urn:mavedb:00000657-a-1#2772,,,p.Phe140Pro,0.0437772492870753,0.0692768359235457,F140P,F140P,0.9904,pathogenic,0.09508724638123774,0.009600000000000053,False,140,False,False
urn:mavedb:00000657-a-1#2773,,,p.Phe140Gln,0.0295086309757024,0.0593620148284684,F140Q,F140Q,0.8861,pathogenic,0.13078171016021345,0.1139,False,140,False,False
urn:mavedb:00000657-a-1#2774,,,p.Phe140Arg,0.0218269849237011,0.0684775744911172,F140R,F140R,0.9317,pathogenic,0.11279462091820763,0.06830000000000003,False,140,False,False
urn:mavedb:00000657-a-1#2775,,,p.Phe140Ser,0.199467987141558,0.0387650159459122,F140S,F140S,0.3366,benign,0.7044688200864533,0.6634,False,140,False,False
urn:mavedb:00000657-a-1#2776,,,p.Phe140Thr,-0.0064715287645185,0.0175923962102899,F140T,F140T,0.4652,ambiguous,0.5468100568924079,0.5347999999999999,False,140,False,False
urn:mavedb:00000657-a-1#2777,,,p.Phe140Val,0.317399522832264,0.0478128152271084,F140V,F140V,0.1589,benign,0.8470432549070406,0.8411,False,140,False,False
urn:mavedb:00000657-a-1#2778,,,p.Phe140Trp,0.0371083152307732,0.111519835513036,F140W,F140W,0.6722,pathogenic,0.2862177691339818,0.3278,False,140,False,False
urn:mavedb:00000657-a-1#2779,,,p.Phe140Tyr,0.928644230804742,0.0305925255038688,F140Y,F140Y,0.2284,benign,0.8025033518766462,0.7716000000000001,False,140,False,False
urn:mavedb:00000657-a-1#2781,,,p.His141Ala,0.201285561021432,0.0310734524238976,H141A,H141A,0.3142,benign,0.7277206067787839,0.6858,False,141,False,False
urn:mavedb:00000657-a-1#2782,,,p.His141Cys,-0.0054758221341144,0.0197325835743182,H141C,H141C,0.1666,benign,0.8427551621139123,0.8334,False,141,False,False
urn:mavedb:00000657-a-1#2783,,,p.His141Asp,-0.0081573623018222,0.0186184453318764,H141D,H141D,0.2507,benign,0.7852525028436605,0.7493000000000001,False,141,False,False
urn:mavedb:00000657-a-1#2784,,,p.His141Glu,0.0006969582444078,0.0170941940569175,H141E,H141E,0.3668,ambiguous,0.6708229946308824,0.6332,False,141,False,False
urn:mavedb:00000657-a-1#2785,,,p.His141Phe,0.0008759819190113,0.0270151635288503,H141F,H141F,0.4092,ambiguous,0.6196354807128202,0.5908,False,141,False,False
urn:mavedb:00000657-a-1#2786,,,p.His141Gly,-0.0151216139730589,0.0188041668891738,H141G,H141G,0.3097,benign,0.73220897108015,0.6903,False,141,False,False
urn:mavedb:00000657-a-1#2787,,,p.His141Ile,0.0805712186886167,0.127570157662969,H141I,H141I,0.516,ambiguous,0.4784165735260059,0.484,False,141,False,False
urn:mavedb:00000657-a-1#2788,,,p.His141Lys,0.433875066986161,0.0200968998664449,H141K,H141K,0.2949,benign,0.7465312139443644,0.7051000000000001,False,141,False,False
urn:mavedb:00000657-a-1#2789,,,p.His141Leu,-0.0012832095071627,0.0531566387293332,H141L,H141L,0.2289,benign,0.802133006311478,0.7711,False,141,False,False
urn:mavedb:00000657-a-1#2790,,,p.His141Met,0.004536604019501,0.0445847217398664,H141M,H141M,0.6565,pathogenic,0.30299214395633406,0.3435,False,141,False,False
urn:mavedb:00000657-a-1#2791,,,p.His141Asn,1.0509399393632,0.0211922988686193,H141N,H141N,0.0875,benign,0.8801334836991603,0.9125,False,141,False,False
urn:mavedb:00000657-a-1#2792,,,p.His141Pro,0.0601681523640029,0.107857082033632,H141P,H141P,0.6468,pathogenic,0.31371082401665923,0.35319999999999996,False,141,False,False
urn:mavedb:00000657-a-1#2793,,,p.His141Gln,0.334078857586673,0.0344651796944528,H141Q,H141Q,0.1998,benign,0.8224654527835666,0.8002,False,141,False,False
urn:mavedb:00000657-a-1#2794,,,p.His141Arg,0.0962520159243347,0.0341210369281389,H141R,H141R,0.1064,benign,0.8724666664149366,0.8936,False,141,False,False
urn:mavedb:00000657-a-1#2795,,,p.His141Ser,0.417243700483807,0.0274234131816835,H141S,H141S,0.1869,benign,0.8307052131180797,0.8130999999999999,False,141,False,False
urn:mavedb:00000657-a-1#2796,,,p.His141Thr,0.0277721597571859,0.0527350855329172,H141T,H141T,0.3236,benign,0.7181461980627679,0.6764,False,141,False,False
urn:mavedb:00000657-a-1#2797,,,p.His141Val,0.0058167783975796,0.0408061547829131,H141V,H141V,0.4414,ambiguous,0.578304968812207,0.5586,False,141,False,False
urn:mavedb:00000657-a-1#2798,,,p.His141Trp,-0.007762855825156,0.0214665871666799,H141W,H141W,0.4225,ambiguous,0.6027796784992056,0.5775,False,141,False,False
urn:mavedb:00000657-a-1#2799,,,p.His141Tyr,0.538706459458727,0.0324183593123333,H141Y,H141Y,0.0979,benign,0.8760047756600491,0.9021,False,141,False,False
urn:mavedb:00000657-a-1#2801,,,p.Tyr142Ala,-0.0069811636247452,0.0205313817431988,Y142A,Y142A,0.7933,pathogenic,0.18213385114228364,0.2067,False,142,False,False
urn:mavedb:00000657-a-1#2802,,,p.Tyr142Cys,0.0049161835878794,0.0371440731919167,Y142C,Y142C,0.2836,benign,0.7570090242621744,0.7163999999999999,False,142,False,False
urn:mavedb:00000657-a-1#2803,,,p.Tyr142Asp,-0.0213291507695812,0.0244223287306013,Y142D,Y142D,0.5178,ambiguous,0.47599281497264784,0.48219999999999996,False,142,False,False
urn:mavedb:00000657-a-1#2804,,,p.Tyr142Glu,0.0192437414890358,0.0630008062911,Y142E,Y142E,0.8338,pathogenic,0.15701832796441414,0.16620000000000001,False,142,False,False
urn:mavedb:00000657-a-1#2805,,,p.Tyr142Phe,0.386482586745667,0.0333527780728614,Y142F,Y142F,0.1417,benign,0.8560850775423743,0.8583000000000001,False,142,False,False
urn:mavedb:00000657-a-1#2806,,,p.Tyr142Gly,0.0198731226435198,0.0589171238340308,Y142G,Y142G,0.7372,pathogenic,0.22474437319234808,0.26280000000000003,False,142,False,False
urn:mavedb:00000657-a-1#2807,,,p.Tyr142His,0.430311125116605,0.0202376297686501,Y142H,Y142H,0.1649,benign,0.8437149728715617,0.8351,False,142,False,False
urn:mavedb:00000657-a-1#2808,,,p.Tyr142Ile,0.0361560851934576,0.101456994621104,Y142I,Y142I,0.8299,pathogenic,0.15924453149475087,0.17010000000000003,False,142,False,False
urn:mavedb:00000657-a-1#2809,,,p.Tyr142Lys,0.0471955166855186,0.103171273500386,Y142K,Y142K,0.8007,pathogenic,0.1772065132886187,0.19930000000000003,False,142,False,False
urn:mavedb:00000657-a-1#2810,,,p.Tyr142Leu,0.0131562379335669,0.0879070192278366,Y142L,Y142L,0.7612,pathogenic,0.20535432826553213,0.2388,False,142,False,False
urn:mavedb:00000657-a-1#2811,,,p.Tyr142Met,0.0178134000653051,0.0667232322577852,Y142M,Y142M,0.8671,pathogenic,0.13956552600296476,0.13290000000000002,False,142,False,False
urn:mavedb:00000657-a-1#2812,,,p.Tyr142Asn,0.0176808577718911,0.0702295792501452,Y142N,Y142N,0.4181,ambiguous,0.6083925629586667,0.5819,False,142,False,False
urn:mavedb:00000657-a-1#2813,,,p.Tyr142Pro,0.0367306549449743,0.0585915560106416,Y142P,Y142P,0.9896,pathogenic,0.09529326775975977,0.010399999999999965,False,142,False,False
urn:mavedb:00000657-a-1#2814,,,p.Tyr142Gln,0.0089142688902592,0.0407605217387797,Y142Q,Y142Q,0.6808,pathogenic,0.2773388627909804,0.31920000000000004,False,142,False,False
urn:mavedb:00000657-a-1#2815,,,p.Tyr142Arg,0.0506970090932664,0.0597318669497597,Y142R,Y142R,0.5689,pathogenic,0.408287431241785,0.43110000000000004,False,142,False,False
urn:mavedb:00000657-a-1#2816,,,p.Tyr142Ser,0.0007362085498258,0.0375071840105125,Y142S,Y142S,0.4564,ambiguous,0.5585266098383668,0.5436000000000001,False,142,False,False
urn:mavedb:00000657-a-1#2817,,,p.Tyr142Thr,0.012476290162464,0.056850268507212,Y142T,Y142T,0.7573,pathogenic,0.20838519089429913,0.24270000000000003,False,142,False,False
urn:mavedb:00000657-a-1#2818,,,p.Tyr142Val,0.0201471021025715,0.0573887596642062,Y142V,Y142V,0.7336,pathogenic,0.2278061045216449,0.26639999999999997,False,142,False,False
urn:mavedb:00000657-a-1#2819,,,p.Tyr142Trp,0.377075957080859,0.0319172298460397,Y142W,Y142W,0.5644,pathogenic,0.41412580427252627,0.4356,False,142,False,False
urn:mavedb:00000657-a-1#2821,,,p.Ile143Ala,-0.0041418425365515,0.0211029142287617,I143A,I143A,0.8577,pathogenic,0.14421816772478535,0.14229999999999998,False,143,False,False
urn:mavedb:00000657-a-1#2822,,,p.Ile143Cys,0.0066126124437457,0.0320156036963327,I143C,I143C,0.8825,pathogenic,0.13238411566399239,0.11750000000000005,False,143,False,False
urn:mavedb:00000657-a-1#2823,,,p.Ile143Asp,-0.0142209730200865,0.0388182547796815,I143D,I143D,0.9954,pathogenic,0.09381959565328331,0.0046000000000000485,False,143,False,False
urn:mavedb:00000657-a-1#2824,,,p.Ile143Glu,-0.0027893603969125,0.0372389052802575,I143E,I143E,0.9796,pathogenic,0.09794484377082412,0.020399999999999974,False,143,False,False
urn:mavedb:00000657-a-1#2825,,,p.Ile143Phe,0.0584640884976353,0.0977542938220418,I143F,I143F,0.4984,ambiguous,0.5021599834113528,0.5016,False,143,False,False
urn:mavedb:00000657-a-1#2826,,,p.Ile143Gly,0.0351566409072988,0.0482373198858903,I143G,I143G,0.9786,pathogenic,0.09821791923658879,0.021399999999999975,False,143,False,False
urn:mavedb:00000657-a-1#2827,,,p.Ile143His,0.0491237198840287,0.114500496406778,I143H,I143H,0.9764,pathogenic,0.09882385812452965,0.023599999999999954,False,143,False,False
urn:mavedb:00000657-a-1#2828,,,p.Ile143Lys,0.0160901770460463,0.0587438558197758,I143K,I143K,0.9617,pathogenic,0.10306032481642997,0.0383,False,143,False,False
urn:mavedb:00000657-a-1#2829,,,p.Ile143Leu,0.0003822952066719,0.0238998653278287,I143L,I143L,0.1344,benign,0.8597059832831233,0.8656,False,143,False,False
urn:mavedb:00000657-a-1#2830,,,p.Ile143Met,0.124037671772755,0.0255556887536739,I143M,I143M,0.1419,benign,0.8559840917183638,0.8581,False,143,False,False
urn:mavedb:00000657-a-1#2831,,,p.Ile143Asn,0.04987410310122,0.0947303765791489,I143N,I143N,0.9313,pathogenic,0.11293495774039944,0.06869999999999998,False,143,False,False
urn:mavedb:00000657-a-1#2832,,,p.Ile143Pro,0.014496106624501,0.0577556152452502,I143P,I143P,0.9881,pathogenic,0.09568196281994237,0.011900000000000022,False,143,False,False
urn:mavedb:00000657-a-1#2833,,,p.Ile143Gln,0.0024618638608665,0.026310846315631,I143Q,I143Q,0.947,pathogenic,0.10763949856065141,0.05300000000000005,False,143,False,False
urn:mavedb:00000657-a-1#2834,,,p.Ile143Arg,0.0069470908631149,0.0505576091092406,I143R,I143R,0.9505,pathogenic,0.10651690835559988,0.04949999999999999,False,143,False,False
urn:mavedb:00000657-a-1#2835,,,p.Ile143Ser,0.0371783106763185,0.0736930774335559,I143S,I143S,0.906,pathogenic,0.12242154995652697,0.09399999999999997,False,143,False,False
urn:mavedb:00000657-a-1#2836,,,p.Ile143Thr,0.0429185164287153,0.0828875359260516,I143T,I143T,0.8301,pathogenic,0.1591294028685999,0.16990000000000005,False,143,False,False
urn:mavedb:00000657-a-1#2837,,,p.Ile143Val,0.600117005830731,0.0294782217001581,I143V,I143V,0.1423,benign,0.8557818322752146,0.8577,False,143,False,False
urn:mavedb:00000657-a-1#2838,,,p.Ile143Trp,0.0397460277295506,0.0974329171025239,I143W,I143W,0.9758,pathogenic,0.09899035593727232,0.0242,False,143,False,False
urn:mavedb:00000657-a-1#2839,,,p.Ile143Tyr,0.0045442723203526,0.0540079188954531,I143Y,I143Y,0.9384,pathogenic,0.11048663302748118,0.06159999999999999,False,143,False,False
urn:mavedb:00000657-a-1#2841,,,p.Lys144Ala,0.825766226899344,0.0392711627278383,K144A,K144A,0.5302,ambiguous,0.4593411865629299,0.4698,False,144,False,False
urn:mavedb:00000657-a-1#2842,,,p.Lys144Cys,0.784468724897777,0.0250219689009285,K144C,K144C,0.7433,pathogenic,0.21964812493844188,0.25670000000000004,False,144,False,False
urn:mavedb:00000657-a-1#2843,,,p.Lys144Asp,0.0215821447900538,0.0552386387286354,K144D,K144D,0.8869,pathogenic,0.13042945592591837,0.11309999999999998,False,144,False,False
urn:mavedb:00000657-a-1#2844,,,p.Lys144Glu,-0.0012990609219,0.011595847113002,K144E,K144E,0.2408,benign,0.7930971544226084,0.7592,False,144,False,False
urn:mavedb:00000657-a-1#2845,,,p.Lys144Phe,-0.0133664505420042,0.0274941206533026,K144F,K144F,0.9463,pathogenic,0.10786649563441351,0.05369999999999997,False,144,False,False
urn:mavedb:00000657-a-1#2846,,,p.Lys144Gly,-0.0094086915496801,0.014119655921098,K144G,K144G,0.6429,pathogenic,0.31809456161874167,0.3571,False,144,False,False
urn:mavedb:00000657-a-1#2847,,,p.Lys144His,-0.0060355899636515,0.0264038117151549,K144H,K144H,0.556,ambiguous,0.4251033058243699,0.44399999999999995,False,144,False,False
urn:mavedb:00000657-a-1#2848,,,p.Lys144Ile,1.08716673435286,0.0405790493704176,K144I,K144I,0.566,pathogenic,0.4120463849992366,0.43400000000000005,False,144,False,False
urn:mavedb:00000657-a-1#2849,,,p.Lys144Leu,0.591252322925755,0.0321362156481655,K144L,K144L,0.5734,pathogenic,0.4024810952501237,0.4266,False,144,False,False
urn:mavedb:00000657-a-1#2850,,,p.Lys144Met,1.08205098512494,0.041468820118712,K144M,K144M,0.3448,ambiguous,0.6955868084426515,0.6552,False,144,False,False
urn:mavedb:00000657-a-1#2851,,,p.Lys144Asn,-0.006848859448931,0.013056821142507,K144N,K144N,0.6975,pathogenic,0.26073893676218257,0.3025,False,144,False,False
urn:mavedb:00000657-a-1#2852,,,p.Lys144Pro,0.0553668601192437,0.136201818990783,K144P,K144P,0.9723,pathogenic,0.09997230402478607,0.027699999999999947,False,144,False,False
urn:mavedb:00000657-a-1#2853,,,p.Lys144Gln,1.13905824503822,0.0281168015835085,K144Q,K144Q,0.0997,benign,0.8752680136045757,0.9003,False,144,False,False
urn:mavedb:00000657-a-1#2854,,,p.Lys144Arg,0.567518411944951,0.0496924304514441,K144R,K144R,0.1176,benign,0.8675709676215673,0.8824,False,144,False,False
urn:mavedb:00000657-a-1#2855,,,p.Lys144Ser,0.656564426753844,0.0426470576669096,K144S,K144S,0.5474,ambiguous,0.43643785025351256,0.4526,False,144,False,False
urn:mavedb:00000657-a-1#2856,,,p.Lys144Thr,0.768069918153513,0.034254870213962,K144T,K144T,0.2555,benign,0.7813408752538101,0.7444999999999999,False,144,False,False
urn:mavedb:00000657-a-1#2857,,,p.Lys144Val,1.00743103357937,0.0269738059918679,K144V,K144V,0.4879,ambiguous,0.5163278289576105,0.5121,False,144,False,False
urn:mavedb:00000657-a-1#2858,,,p.Lys144Trp,-0.0050980903652558,0.0203916537058701,K144W,K144W,0.9189,pathogenic,0.11743170167004843,0.08109999999999995,False,144,False,False
urn:mavedb:00000657-a-1#2859,,,p.Lys144Tyr,-0.0183600301633987,0.0113956101381868,K144Y,K144Y,0.8718,pathogenic,0.1373166802746078,0.12819999999999998,False,144,False,False
urn:mavedb:00000657-a-1#2861,,,p.Thr145Ala,0.931401355323192,0.0488485846494412,T145A,T145A,0.0659,benign,0.8880413375452224,0.9341,False,145,False,False
urn:mavedb:00000657-a-1#2862,,,p.Thr145Cys,0.974483972590795,0.0358210721337782,T145C,T145C,0.2068,benign,0.8177984937819668,0.7932,False,145,False,False
urn:mavedb:00000657-a-1#2863,,,p.Thr145Asp,0.603324998850585,0.0386725633351626,T145D,T145D,0.1318,benign,0.8609653733969344,0.8682,False,145,False,False
urn:mavedb:00000657-a-1#2864,,,p.Thr145Glu,1.04290407847328,0.023323635218563,T145E,T145E,0.1083,benign,0.8716551109804739,0.8917,False,145,False,False
urn:mavedb:00000657-a-1#2865,,,p.Thr145Phe,0.180951340413513,0.0484519450533463,T145F,T145F,0.1528,benign,0.8503335971980842,0.8472,False,145,False,False
urn:mavedb:00000657-a-1#2866,,,p.Thr145Gly,0.189024159221669,0.0496403778315303,T145G,T145G,0.151,benign,0.8512867772094973,0.849,False,145,False,False
urn:mavedb:00000657-a-1#2867,,,p.Thr145His,0.767608403366892,0.0734789665629794,T145H,T145H,0.1022,benign,0.8742336650670995,0.8978,False,145,False,False
urn:mavedb:00000657-a-1#2868,,,p.Thr145Ile,0.729637119853346,0.0308057250889855,T145I,T145I,0.1193,benign,0.8668040079847098,0.8807,False,145,False,False
urn:mavedb:00000657-a-1#2869,,,p.Thr145Lys,1.01591876043938,0.035709379129626,T145K,T145K,0.0854,benign,0.8809411541813812,0.9146,False,145,False,False
urn:mavedb:00000657-a-1#2870,,,p.Thr145Leu,0.757661812773205,0.0469471025422489,T145L,T145L,0.0773,benign,0.8839768373921608,0.9227,False,145,False,False
urn:mavedb:00000657-a-1#2871,,,p.Thr145Met,0.976073048886758,0.0283259508417919,T145M,T145M,0.0718,benign,0.8859675612750539,0.9282,False,145,False,False
urn:mavedb:00000657-a-1#2872,,,p.Thr145Asn,0.954003990875349,0.0324583979929558,T145N,T145N,0.0536,benign,0.8921659834170319,0.9464,False,145,False,False
urn:mavedb:00000657-a-1#2873,,,p.Thr145Pro,0.0573250686106793,0.109704422390043,T145P,T145P,0.3996,ambiguous,0.6315846766350044,0.6004,False,145,False,False
urn:mavedb:00000657-a-1#2874,,,p.Thr145Gln,1.06126407896791,0.0173947167390473,T145Q,T145Q,0.0961,benign,0.8767349190185628,0.9039,False,145,False,False
urn:mavedb:00000657-a-1#2875,,,p.Thr145Arg,0.930618557889195,0.0323945733263427,T145R,T145R,0.0787,benign,0.8834610820445653,0.9213,False,145,False,False
urn:mavedb:00000657-a-1#2876,,,p.Thr145Ser,0.944547963282704,0.0342613943198535,T145S,T145S,0.0705,benign,0.8864299306420856,0.9295,False,145,False,False
urn:mavedb:00000657-a-1#2877,,,p.Thr145Val,0.910829461433369,0.0296654823417372,T145V,T145V,0.1036,benign,0.8736487666820615,0.8964,False,145,False,False
urn:mavedb:00000657-a-1#2878,,,p.Thr145Trp,0.200565302190042,0.0349894448163636,T145W,T145W,0.3692,ambiguous,0.6680423305867603,0.6308,False,145,False,False
urn:mavedb:00000657-a-1#2879,,,p.Thr145Tyr,0.289036893066806,0.0451014155155609,T145Y,T145Y,0.1296,benign,0.8620187732240284,0.8704000000000001,False,145,False,False
urn:mavedb:00000657-a-1#2881,,,p.Ser146Ala,1.04435220809069,0.0360019182419533,S146A,S146A,0.0648,benign,0.8884210311130147,0.9352,False,146,False,False
urn:mavedb:00000657-a-1#2882,,,p.Ser146Cys,1.07078393832078,0.0206402900767753,S146C,S146C,0.0694,benign,0.8868187547039459,0.9306,False,146,False,False
urn:mavedb:00000657-a-1#2883,,,p.Ser146Asp,0.0601299523294681,0.0789296753500808,S146D,S146D,0.3095,benign,0.7324070150645982,0.6905,False,146,False,False
urn:mavedb:00000657-a-1#2884,,,p.Ser146Glu,1.04319556861403,0.0367261762888034,S146E,S146E,0.3011,benign,0.7406137399577363,0.6989000000000001,False,146,False,False
urn:mavedb:00000657-a-1#2885,,,p.Ser146Phe,0.430064286835554,0.0481517117611834,S146F,S146F,0.1604,benign,0.8462197929038274,0.8396,False,146,False,False
urn:mavedb:00000657-a-1#2886,,,p.Ser146Gly,0.637200420037773,0.0609396976861777,S146G,S146G,0.1202,benign,0.8663953807426547,0.8798,False,146,False,False
urn:mavedb:00000657-a-1#2887,,,p.Ser146His,1.07730918368338,0.039664227846953,S146H,S146H,0.1694,benign,0.8411579611893878,0.8306,False,146,False,False
urn:mavedb:00000657-a-1#2888,,,p.Ser146Ile,0.0192404919362222,0.0201750354449639,S146I,S146I,0.1393,benign,0.8572894496686504,0.8607,False,146,False,False
urn:mavedb:00000657-a-1#2889,,,p.Ser146Lys,1.10238602464728,0.0425100920224819,S146K,S146K,0.3465,ambiguous,0.6937212368929118,0.6535,False,146,False,False
urn:mavedb:00000657-a-1#2890,,,p.Ser146Leu,0.613804664183147,0.0281199841120472,S146L,S146L,0.112,benign,0.8700526316065135,0.888,False,146,False,False
urn:mavedb:00000657-a-1#2891,,,p.Ser146Met,1.11001634441456,0.0392346262911783,S146M,S146M,0.1774,benign,0.836481164598144,0.8226,False,146,False,False
urn:mavedb:00000657-a-1#2892,,,p.Ser146Asn,1.07124543316692,0.033448568837636,S146N,S146N,0.1288,benign,0.862399064415378,0.8712,False,146,False,False
urn:mavedb:00000657-a-1#2893,,,p.Ser146Pro,0.0636618378433491,0.102131364466929,S146P,S146P,0.7509,pathogenic,0.21345936234581048,0.2491,False,146,False,False
urn:mavedb:00000657-a-1#2894,,,p.Ser146Gln,1.09347246099733,0.0286353781482874,S146Q,S146Q,0.2557,benign,0.7811763504742771,0.7443,False,146,False,False
urn:mavedb:00000657-a-1#2895,,,p.Ser146Arg,1.02905969575047,0.039485651859192,S146R,S146R,0.2739,benign,0.7656858976385218,0.7261,False,146,False,False
urn:mavedb:00000657-a-1#2896,,,p.Ser146Thr,0.495248305961814,0.0259047610682148,S146T,S146T,0.0829,benign,0.8818914998835049,0.9171,False,146,False,False
urn:mavedb:00000657-a-1#2897,,,p.Ser146Val,0.368076151827577,0.0337347093335077,S146V,S146V,0.13,benign,0.8618280761322014,0.87,False,146,False,False
urn:mavedb:00000657-a-1#2898,,,p.Ser146Trp,0.557265314518893,0.028418390401418,S146W,S146W,0.2916,benign,0.7496321858681968,0.7083999999999999,False,146,False,False
urn:mavedb:00000657-a-1#2899,,,p.Ser146Tyr,0.626855123637744,0.0519652059129454,S146Y,S146Y,0.1267,benign,0.8633903587362585,0.8733,False,146,False,False
urn:mavedb:00000657-a-1#2901,,,p.Leu147Ala,0.0343858625485155,0.0240659065855888,L147A,L147A,0.318,benign,0.723882332774926,0.6819999999999999,False,147,False,False
urn:mavedb:00000657-a-1#2902,,,p.Leu147Cys,0.556624001683072,0.0459642019662547,L147C,L147C,0.5106,ambiguous,0.4856948216644652,0.48939999999999995,False,147,False,False
urn:mavedb:00000657-a-1#2903,,,p.Leu147Asp,0.0660862775440933,0.096820919945697,L147D,L147D,0.8608,pathogenic,0.1426606660488276,0.1392,False,147,False,False
urn:mavedb:00000657-a-1#2904,,,p.Leu147Glu,0.0648730977905841,0.124487521853257,L147E,L147E,0.5417,ambiguous,0.443996845618965,0.45830000000000004,False,147,False,False
urn:mavedb:00000657-a-1#2905,,,p.Leu147Phe,0.069658677318531,0.0304863480613802,L147F,L147F,0.1582,benign,0.847425586382112,0.8418,False,147,False,False
urn:mavedb:00000657-a-1#2906,,,p.Leu147Gly,-0.0035565497983533,0.0431441181026591,L147G,L147G,0.6962,pathogenic,0.262000415408109,0.30379999999999996,False,147,False,False
urn:mavedb:00000657-a-1#2907,,,p.Leu147His,-0.0125647149011694,0.0303695401791534,L147H,L147H,0.3841,ambiguous,0.6504503945879102,0.6159,False,147,False,False
urn:mavedb:00000657-a-1#2908,,,p.Leu147Ile,1.06235595749673,0.0324058565301455,L147I,L147I,0.0963,benign,0.8766541173728011,0.9037,False,147,False,False
urn:mavedb:00000657-a-1#2909,,,p.Leu147Lys,0.0896687580251956,0.134183116925256,L147K,L147K,0.5534,ambiguous,0.42852044109231685,0.4466,False,147,False,False
urn:mavedb:00000657-a-1#2910,,,p.Leu147Met,1.09564200152618,0.0777320687605578,L147M,L147M,0.0877,benign,0.8800561131141506,0.9123,False,147,False,False
urn:mavedb:00000657-a-1#2911,,,p.Leu147Asn,0.0689632401562424,0.0774855355658771,L147N,L147N,0.5735,pathogenic,0.40235244357581923,0.4265,False,147,False,False
urn:mavedb:00000657-a-1#2912,,,p.Leu147Pro,-0.0242347270041483,0.0189301507628193,L147P,L147P,0.8321,pathogenic,0.1579838598938368,0.16790000000000005,False,147,False,False
urn:mavedb:00000657-a-1#2913,,,p.Leu147Gln,0.0010434623256186,0.0240626676596087,L147Q,L147Q,0.2794,benign,0.7608020262583938,0.7206,False,147,False,False
urn:mavedb:00000657-a-1#2914,,,p.Leu147Arg,0.0390002659723873,0.0516073532647759,L147R,L147R,0.4458,ambiguous,0.5725319059610717,0.5542,False,147,False,False
urn:mavedb:00000657-a-1#2915,,,p.Leu147Ser,-0.003940271763017,0.0291730514595389,L147S,L147S,0.3809,ambiguous,0.6542751143874334,0.6191,False,147,False,False
urn:mavedb:00000657-a-1#2916,,,p.Leu147Thr,-0.0096084583165879,0.0173959044360403,L147T,L147T,0.2545,benign,0.7821616487566626,0.7455,False,147,False,False
urn:mavedb:00000657-a-1#2917,,,p.Leu147Val,0.839410734937672,0.0413478614115384,L147V,L147V,0.098,benign,0.8759640185055615,0.902,False,147,False,False
urn:mavedb:00000657-a-1#2918,,,p.Leu147Trp,0.0264646410138115,0.082928388184283,L147W,L147W,0.3883,ambiguous,0.6453931469920097,0.6117,False,147,False,False
urn:mavedb:00000657-a-1#2919,,,p.Leu147Tyr,0.0030742529632224,0.0222821446605088,L147Y,L147Y,0.4782,ambiguous,0.529388112722376,0.5218,False,147,False,False
urn:mavedb:00000657-a-1#2921,,,p.Ala148Cys,0.568537944551342,0.0293952330635729,A148C,A148C,0.3306,benign,0.7108436931684385,0.6694,False,148,False,False
urn:mavedb:00000657-a-1#2922,,,p.Ala148Asp,0.949543045375934,0.0304417097934652,A148D,A148D,0.1133,benign,0.8694826106038693,0.8867,False,148,False,False
urn:mavedb:00000657-a-1#2923,,,p.Ala148Glu,0.949884974347736,0.0378121167568312,A148E,A148E,0.1291,benign,0.8622566273795171,0.8709,False,148,False,False
urn:mavedb:00000657-a-1#2924,,,p.Ala148Phe,0.961025953923508,0.0206291980890635,A148F,A148F,0.2527,benign,0.7836312760500422,0.7473000000000001,False,148,False,False
urn:mavedb:00000657-a-1#2925,,,p.Ala148Gly,0.266185842022446,0.0351190333417487,A148G,A148G,0.1218,benign,0.8656644826476098,0.8782,False,148,False,False
urn:mavedb:00000657-a-1#2926,,,p.Ala148His,1.02924246951713,0.0196514902684897,A148H,A148H,0.2575,benign,0.779690071724455,0.7424999999999999,False,148,False,False
urn:mavedb:00000657-a-1#2927,,,p.Ala148Ile,0.226310707592056,0.0322171970284186,A148I,A148I,0.2178,benign,0.8101800748436301,0.7822,False,148,False,False
urn:mavedb:00000657-a-1#2928,,,p.Ala148Lys,0.802282923485269,0.0244900029072383,A148K,A148K,0.28,benign,0.7602635358700275,0.72,False,148,False,False
urn:mavedb:00000657-a-1#2929,,,p.Ala148Leu,0.883319912279593,0.0346801636397383,A148L,A148L,0.1495,benign,0.8520749790419049,0.8505,False,148,False,False
urn:mavedb:00000657-a-1#2930,,,p.Ala148Met,0.818652595404523,0.0462767369561439,A148M,A148M,0.215,benign,0.8121526558114225,0.785,False,148,False,False
urn:mavedb:00000657-a-1#2931,,,p.Ala148Asn,0.748843946478589,0.0545436142338995,A148N,A148N,0.157,benign,0.8480781335658233,0.843,False,148,False,False
urn:mavedb:00000657-a-1#2932,,,p.Ala148Pro,-0.0045335505201194,0.0223425727875496,A148P,A148P,0.2182,benign,0.8098964048199004,0.7818,False,148,False,False
urn:mavedb:00000657-a-1#2933,,,p.Ala148Gln,0.895117872303912,0.0218807620369494,A148Q,A148Q,0.1966,benign,0.8245527052491585,0.8034,False,148,False,False
urn:mavedb:00000657-a-1#2934,,,p.Ala148Arg,0.611409320042072,0.0258754829626962,A148R,A148R,0.2768,benign,0.7631225158540473,0.7232000000000001,False,148,False,False
urn:mavedb:00000657-a-1#2935,,,p.Ala148Ser,0.930117184413287,0.0278110154432051,A148S,A148S,0.0744,benign,0.8850334944917401,0.9256,False,148,False,False
urn:mavedb:00000657-a-1#2936,,,p.Ala148Thr,0.516125349166333,0.0230540700426738,A148T,A148T,0.0931,benign,0.8779372434200999,0.9069,False,148,False,False
urn:mavedb:00000657-a-1#2937,,,p.Ala148Val,0.304612478286251,0.04242805321109,A148V,A148V,0.1174,benign,0.8676607790397125,0.8826,False,148,False,False
urn:mavedb:00000657-a-1#2938,,,p.Ala148Trp,0.962844828454163,0.0374114993647231,A148W,A148W,0.6083,pathogenic,0.35873114745613605,0.39170000000000005,True,148,False,True
urn:mavedb:00000657-a-1#2939,,,p.Ala148Tyr,1.00929006626413,0.0285185044509934,A148Y,A148Y,0.2645,benign,0.773814822098247,0.7355,False,148,False,False
urn:mavedb:00000657-a-1#2941,,,p.Pro149Ala,0.0023569705534938,0.0203999912452819,P149A,P149A,0.122,benign,0.8655727186039792,0.878,False,149,False,False
urn:mavedb:00000657-a-1#2942,,,p.Pro149Cys,-0.0130327117318753,0.0211352981806381,P149C,P149C,0.4126,ambiguous,0.6153584508836362,0.5873999999999999,False,149,False,False
urn:mavedb:00000657-a-1#2943,,,p.Pro149Asp,0.170708827971101,0.050567698023887,P149D,P149D,0.2771,benign,0.7628558425072239,0.7229,False,149,False,False
urn:mavedb:00000657-a-1#2944,,,p.Pro149Glu,0.0683750273095745,0.0347421171150869,P149E,P149E,0.2442,benign,0.7904367737006289,0.7558,False,149,False,False
urn:mavedb:00000657-a-1#2945,,,p.Pro149Phe,-0.0131879209458679,0.0280095342558878,P149F,P149F,0.5212,ambiguous,0.4714185265842036,0.4788,False,149,False,False
urn:mavedb:00000657-a-1#2946,,,p.Pro149Gly,-0.0067215056214245,0.0113908168466854,P149G,P149G,0.2657,benign,0.7727923832983996,0.7343,False,149,False,False
urn:mavedb:00000657-a-1#2947,,,p.Pro149His,2.26363330514743e-05,0.0205864032071085,P149H,P149H,0.1736,benign,0.8387237222536843,0.8264,False,149,False,False
urn:mavedb:00000657-a-1#2948,,,p.Pro149Ile,0.0298875581909792,0.0713075340798924,P149I,P149I,0.3889,ambiguous,0.6446672823017058,0.6111,False,149,False,False
urn:mavedb:00000657-a-1#2949,,,p.Pro149Lys,-0.0123488078823862,0.0198249418593851,P149K,P149K,0.2893,benign,0.7517734403214147,0.7107,False,149,False,False
urn:mavedb:00000657-a-1#2950,,,p.Pro149Leu,0.0289480157996083,0.0688924320642039,P149L,P149L,0.1915,benign,0.827820024527179,0.8085,False,149,False,False
urn:mavedb:00000657-a-1#2951,,,p.Pro149Met,0.0198007171724624,0.0640610297276101,P149M,P149M,0.3964,ambiguous,0.6355241204679157,0.6036,False,149,False,False
urn:mavedb:00000657-a-1#2952,,,p.Pro149Asn,-0.0044896542290844,0.0178216675031293,P149N,P149N,0.2496,benign,0.7861389394026436,0.7504,False,149,False,False
urn:mavedb:00000657-a-1#2953,,,p.Pro149Gln,-0.0108181227726512,0.0158865108790843,P149Q,P149Q,0.1895,benign,0.8290816154780246,0.8105,False,149,False,False
urn:mavedb:00000657-a-1#2954,,,p.Pro149Arg,0.0020319897308035,0.0215169401405154,P149R,P149R,0.1953,benign,0.8253924403529096,0.8047,False,149,False,False
urn:mavedb:00000657-a-1#2955,,,p.Pro149Ser,0.0014658269658031,0.0238944485274664,P149S,P149S,0.1234,benign,0.8649278606501202,0.8766,False,149,False,False
urn:mavedb:00000657-a-1#2956,,,p.Pro149Thr,-0.0053675399342789,0.0185207118764803,P149T,P149T,0.126,benign,0.8637185564425194,0.874,False,149,False,False
urn:mavedb:00000657-a-1#2957,,,p.Pro149Val,0.0255411884905287,0.0390898198324972,P149V,P149V,0.2654,benign,0.7730484121750457,0.7345999999999999,False,149,False,False
urn:mavedb:00000657-a-1#2958,,,p.Pro149Trp,0.0232019636249197,0.0551842065739791,P149W,P149W,0.6496,pathogenic,0.3105895529292822,0.35040000000000004,False,149,False,False
urn:mavedb:00000657-a-1#2959,,,p.Pro149Tyr,-0.0015359953170615,0.0295470599833609,P149Y,P149Y,0.4103,ambiguous,0.6182542333417937,0.5897,False,149,False,False
urn:mavedb:00000657-a-1#2961,,,p.Leu150Ala,0.845298113588069,0.0405425635958174,L150A,L150A,0.1088,benign,0.8714402700575742,0.8912,False,150,False,False
urn:mavedb:00000657-a-1#2962,,,p.Leu150Cys,0.836356185712577,0.0387666555105363,L150C,L150C,0.2415,benign,0.7925523043805618,0.7585,False,150,False,False
urn:mavedb:00000657-a-1#2963,,,p.Leu150Asp,0.848383830148537,0.0396568626197042,L150D,L150D,0.235,benign,0.7975544927593832,0.765,False,150,False,False
urn:mavedb:00000657-a-1#2964,,,p.Leu150Glu,0.967823798332346,0.0370199352206438,L150E,L150E,0.1215,benign,0.8658019610408196,0.8785000000000001,False,150,False,False
urn:mavedb:00000657-a-1#2965,,,p.Leu150Phe,0.713048798973177,0.0221436827283254,L150F,L150F,0.0813,benign,0.8824934048069379,0.9187,False,150,False,False
urn:mavedb:00000657-a-1#2966,,,p.Leu150Gly,0.128990170789644,0.0534188997470619,L150G,L150G,0.2534,benign,0.7830609399211883,0.7465999999999999,False,150,False,False
urn:mavedb:00000657-a-1#2967,,,p.Leu150His,0.934287686647889,0.0465291901980175,L150H,L150H,0.0945,benign,0.8773784167190467,0.9055,False,150,False,False
urn:mavedb:00000657-a-1#2968,,,p.Leu150Ile,1.02807510395306,0.0233137763007608,L150I,L150I,0.0712,benign,0.8861813471530829,0.9288,False,150,False,False
urn:mavedb:00000657-a-1#2969,,,p.Leu150Lys,0.898901072793001,0.0189038003963986,L150K,L150K,0.1099,benign,0.8709657436307433,0.8901,False,150,False,False
urn:mavedb:00000657-a-1#2970,,,p.Leu150Met,0.971097751850902,0.0498378636019022,L150M,L150M,0.0893,benign,0.8794343187681707,0.9107,False,150,False,False
urn:mavedb:00000657-a-1#2971,,,p.Leu150Asn,0.860810753540213,0.03423489549765,L150N,L150N,0.1435,benign,0.8551727469920531,0.8565,False,150,False,False
urn:mavedb:00000657-a-1#2972,,,p.Leu150Pro,0.0218851645607514,0.039943266479944,L150P,L150P,0.2,benign,0.822334041589561,0.8,False,150,False,False
urn:mavedb:00000657-a-1#2973,,,p.Leu150Gln,1.01987475230136,0.0285514210477512,L150Q,L150Q,0.0775,benign,0.8839033840773514,0.9225,False,150,False,False
urn:mavedb:00000657-a-1#2974,,,p.Leu150Arg,0.858036458593601,0.028141906037359,L150R,L150R,0.0985,benign,0.8757599260312444,0.9015,False,150,False,False
urn:mavedb:00000657-a-1#2975,,,p.Leu150Ser,0.804835371445158,0.0210111126129021,L150S,L150S,0.0929,benign,0.8780167545969599,0.9071,False,150,False,False
urn:mavedb:00000657-a-1#2976,,,p.Leu150Thr,1.05048411461906,0.0336557318428532,L150T,L150T,0.1,benign,0.8751445731554699,0.9,False,150,False,False
urn:mavedb:00000657-a-1#2977,,,p.Leu150Val,0.993315233683597,0.0508222060527515,L150V,L150V,0.0674,benign,0.8875200791621487,0.9326,False,150,False,False
urn:mavedb:00000657-a-1#2978,,,p.Leu150Trp,0.7475649090796,0.0614658526430219,L150W,L150W,0.1389,benign,0.857488844259799,0.8611,False,150,False,False
urn:mavedb:00000657-a-1#2979,,,p.Leu150Tyr,0.671496544500139,0.0338935626463605,L150Y,L150Y,0.1524,benign,0.8505461088845869,0.8476,False,150,False,False
urn:mavedb:00000657-a-1#2981,,,p.Pro151Ala,0.468015264915459,0.0322501715468459,P151A,P151A,0.0892,benign,0.8794733286310406,0.9108,False,151,False,False
urn:mavedb:00000657-a-1#2982,,,p.Pro151Cys,0.0331311620648882,0.0257838314539911,P151C,P151C,0.3003,benign,0.7413839768711975,0.6997,False,151,False,False
urn:mavedb:00000657-a-1#2983,,,p.Pro151Asp,0.711221240178086,0.0300823131254791,P151D,P151D,0.2019,benign,0.8210799919830885,0.7981,False,151,False,False
urn:mavedb:00000657-a-1#2984,,,p.Pro151Glu,0.834055058703954,0.0282604437489279,P151E,P151E,0.1764,benign,0.8370750334843798,0.8236,False,151,False,False
urn:mavedb:00000657-a-1#2985,,,p.Pro151Phe,-0.0062476788944719,0.0272784600563179,P151F,P151F,0.402,ambiguous,0.628615509225106,0.598,False,151,False,False
urn:mavedb:00000657-a-1#2986,,,p.Pro151Gly,-0.0064292091488902,0.0264153506416828,P151G,P151G,0.2305,benign,0.8009428797394623,0.7695,False,151,False,False
urn:mavedb:00000657-a-1#2987,,,p.Pro151His,0.329211017216924,0.0227787254660499,P151H,P151H,0.1298,benign,0.861923470689945,0.8702,False,151,False,False
urn:mavedb:00000657-a-1#2988,,,p.Pro151Ile,-0.007146329978139,0.015227101401733,P151I,P151I,0.317,benign,0.7248966604720795,0.683,False,151,False,False
urn:mavedb:00000657-a-1#2989,,,p.Pro151Lys,0.688764519400318,0.0478062782856519,P151K,P151K,0.1863,benign,0.8310772568171755,0.8137,False,151,False,False
urn:mavedb:00000657-a-1#2990,,,p.Pro151Leu,-0.0144979771919658,0.0201997548682981,P151L,P151L,0.1387,benign,0.8575883990965009,0.8613,False,151,False,False
urn:mavedb:00000657-a-1#2991,,,p.Pro151Met,0.0897550845287597,0.0378796326353476,P151M,P151M,0.3399,benign,0.700917727133132,0.6601,False,151,False,False
urn:mavedb:00000657-a-1#2992,,,p.Pro151Asn,0.56812208789361,0.0214541101578515,P151N,P151N,0.1889,benign,0.8294579408659443,0.8110999999999999,False,151,False,False
urn:mavedb:00000657-a-1#2993,,,p.Pro151Gln,0.70232928058469,0.0354184812518563,P151Q,P151Q,0.122,benign,0.8655727186039792,0.878,False,151,False,False
urn:mavedb:00000657-a-1#2994,,,p.Pro151Arg,0.386347020827192,0.0435376928209508,P151R,P151R,0.1219,benign,0.8656186118093416,0.8781,False,151,False,False
urn:mavedb:00000657-a-1#2995,,,p.Pro151Ser,0.464336632469979,0.0300907491356541,P151S,P151S,0.0959,benign,0.8768156395296189,0.9041,False,151,False,False
urn:mavedb:00000657-a-1#2996,,,p.Pro151Thr,0.375795521611945,0.0349977779637719,P151T,P151T,0.1058,benign,0.8727213610085206,0.8942,False,151,False,False
urn:mavedb:00000657-a-1#2997,,,p.Pro151Val,0.0094903688502435,0.0189078812381414,P151V,P151V,0.2213,benign,0.8076820261035594,0.7787,False,151,False,False
urn:mavedb:00000657-a-1#2998,,,p.Pro151Trp,0.0470203950735986,0.0809229635867025,P151W,P151W,0.4978,ambiguous,0.5029699568763513,0.5022,False,151,False,False
urn:mavedb:00000657-a-1#2999,,,p.Pro151Tyr,-0.0003117353135582,0.0186256745917894,P151Y,P151Y,0.3171,benign,0.724795364292931,0.6829000000000001,False,151,False,False
urn:mavedb:00000657-a-1#3001,,,p.Cys152Ala,0.265215349979072,0.0397267508356954,C152A,C152A,0.5464,ambiguous,0.43776147285209666,0.4536,False,152,False,False
urn:mavedb:00000657-a-1#3002,,,p.Cys152Asp,0.0234520668031105,0.0526076241122096,C152D,C152D,0.9607,pathogenic,0.10336071144618,0.0393,False,152,False,False
urn:mavedb:00000657-a-1#3003,,,p.Cys152Glu,-0.0104851389897335,0.0595699609376179,C152E,C152E,0.9839,pathogenic,0.09678717017521207,0.016100000000000003,False,152,False,False
urn:mavedb:00000657-a-1#3004,,,p.Cys152Phe,0.0258405858486142,0.0643043073969683,C152F,C152F,0.6744,pathogenic,0.2839252987516649,0.3256,False,152,False,False
urn:mavedb:00000657-a-1#3005,,,p.Cys152Gly,0.0208497072334291,0.0545121857580953,C152G,C152G,0.4137,ambiguous,0.6139698701003702,0.5863,False,152,False,False
urn:mavedb:00000657-a-1#3006,,,p.Cys152His,9.86170250514519e-05,0.062764589805016,C152H,C152H,0.9416,pathogenic,0.10941230080011688,0.05840000000000001,False,152,False,False
urn:mavedb:00000657-a-1#3007,,,p.Cys152Ile,1.13364070482631,0.0209984996528394,C152I,C152I,0.5934,pathogenic,0.3771094212403601,0.40659999999999996,False,152,False,True
urn:mavedb:00000657-a-1#3008,,,p.Cys152Lys,0.0161927853519108,0.0674360113397045,C152K,C152K,0.9874,pathogenic,0.09586443248779317,0.012599999999999945,False,152,False,False
urn:mavedb:00000657-a-1#3009,,,p.Cys152Leu,0.658645014761683,0.041751965614694,C152L,C152L,0.6754,pathogenic,0.2828880511932448,0.3246,False,152,False,False
urn:mavedb:00000657-a-1#3010,,,p.Cys152Met,0.274401394212796,0.0388577671473177,C152M,C152M,0.8374,pathogenic,0.1549983086689019,0.16259999999999997,False,152,False,False
urn:mavedb:00000657-a-1#3011,,,p.Cys152Asn,-0.0038435691826023,0.0465657737163354,C152N,C152N,0.8407,pathogenic,0.15317577696851356,0.1593,False,152,False,False
urn:mavedb:00000657-a-1#3012,,,p.Cys152Pro,0.0093253963828298,0.0501339142338986,C152P,C152P,0.9228,pathogenic,0.1159864641442827,0.07720000000000005,False,152,False,False
urn:mavedb:00000657-a-1#3013,,,p.Cys152Gln,0.0471905859523461,0.0832148593683838,C152Q,C152Q,0.9552,pathogenic,0.1050415034914103,0.04479999999999995,False,152,False,False
urn:mavedb:00000657-a-1#3014,,,p.Cys152Arg,-0.0093022532243915,0.0467092074993818,C152R,C152R,0.9223,pathogenic,0.11617014447322967,0.07769999999999999,False,152,False,False
urn:mavedb:00000657-a-1#3015,,,p.Cys152Ser,0.0265875915706358,0.0231526335758608,C152S,C152S,0.4566,ambiguous,0.5582611563075064,0.5434,False,152,False,False
urn:mavedb:00000657-a-1#3016,,,p.Cys152Thr,0.569727606137274,0.0619390967157809,C152T,C152T,0.585,pathogenic,0.3876741729784136,0.41500000000000004,False,152,False,False
urn:mavedb:00000657-a-1#3017,,,p.Cys152Val,1.1001330189569,0.024374548692894,C152V,C152V,0.4082,ambiguous,0.6208890594804604,0.5918,False,152,False,False
urn:mavedb:00000657-a-1#3018,,,p.Cys152Trp,0.0566387067909452,0.0574635658291745,C152W,C152W,0.9383,pathogenic,0.11052049471081733,0.06169999999999998,False,152,False,False
urn:mavedb:00000657-a-1#3019,,,p.Cys152Tyr,0.0445972930854861,0.0591265067017214,C152Y,C152Y,0.8428,pathogenic,0.15203037226307553,0.1572,False,152,False,False
urn:mavedb:00000657-a-1#3021,,,p.Tyr153Ala,0.581673347444562,0.0308702160103857,Y153A,Y153A,0.1784,benign,0.8358846253872333,0.8216,False,153,False,False
urn:mavedb:00000657-a-1#3022,,,p.Tyr153Cys,0.490527589491375,0.0346096306327503,Y153C,Y153C,0.0715,benign,0.88607453675133,0.9285,False,153,False,False
urn:mavedb:00000657-a-1#3023,,,p.Tyr153Asp,-0.0001936859164487,0.028951545194535,Y153D,Y153D,0.1399,benign,0.8569896445269617,0.8601,False,153,False,False
urn:mavedb:00000657-a-1#3024,,,p.Tyr153Glu,0.643405074395742,0.0378958459394725,Y153E,Y153E,0.3497,ambiguous,0.6901873364094139,0.6503,False,153,False,False
urn:mavedb:00000657-a-1#3025,,,p.Tyr153Phe,0.868043604419659,0.0257192190635586,Y153F,Y153F,0.0899,benign,0.8791998447604973,0.9101,False,153,False,False
urn:mavedb:00000657-a-1#3026,,,p.Tyr153Gly,0.303629964569984,0.0952081850908472,Y153G,Y153G,0.2171,benign,0.8106753693387507,0.7829,False,153,False,False
urn:mavedb:00000657-a-1#3027,,,p.Tyr153His,1.16537752427277,0.0357221545439479,Y153H,Y153H,0.073,benign,0.8855380044375507,0.927,False,153,False,False
urn:mavedb:00000657-a-1#3028,,,p.Tyr153Ile,-0.0144386671747195,0.0183511065930923,Y153I,Y153I,0.2966,benign,0.7449205409025866,0.7034,False,153,False,False
urn:mavedb:00000657-a-1#3029,,,p.Tyr153Lys,0.993902777678651,0.0357572669471963,Y153K,Y153K,0.2755,benign,0.7642748589084815,0.7244999999999999,False,153,False,False
urn:mavedb:00000657-a-1#3030,,,p.Tyr153Leu,0.11119095573067,0.0391422556591521,Y153L,Y153L,0.2827,benign,0.7578264399452993,0.7173,False,153,False,False
urn:mavedb:00000657-a-1#3031,,,p.Tyr153Met,0.874201866057066,0.0310916885621884,Y153M,Y153M,0.3837,ambiguous,0.6509298411466944,0.6163000000000001,False,153,False,False
urn:mavedb:00000657-a-1#3032,,,p.Tyr153Asn,1.12881340381046,0.0318624531498641,Y153N,Y153N,0.077,benign,0.8840868764342561,0.923,False,153,False,False
urn:mavedb:00000657-a-1#3033,,,p.Tyr153Pro,0.122066905834615,0.0537270574587636,Y153P,Y153P,0.2099,benign,0.8156869345253779,0.7901,False,153,False,False
urn:mavedb:00000657-a-1#3034,,,p.Tyr153Gln,0.88756733599045,0.0367892447116294,Y153Q,Y153Q,0.1999,benign,0.8223997613088759,0.8001,False,153,False,False
urn:mavedb:00000657-a-1#3035,,,p.Tyr153Arg,1.15163217418138,0.0282542424582648,Y153R,Y153R,0.1584,benign,0.8473164752352971,0.8416,False,153,False,False
urn:mavedb:00000657-a-1#3036,,,p.Tyr153Ser,0.736703396393614,0.0363005841351133,Y153S,Y153S,0.0753,benign,0.8847072463370033,0.9247,False,153,False,False
urn:mavedb:00000657-a-1#3037,,,p.Tyr153Thr,0.421561008118268,0.0400470198430834,Y153T,Y153T,0.1818,benign,0.8338363208065178,0.8182,False,153,False,False
urn:mavedb:00000657-a-1#3038,,,p.Tyr153Val,-0.0171228868145099,0.0154774336505758,Y153V,Y153V,0.2235,benign,0.8060933473500203,0.7765,False,153,False,False
urn:mavedb:00000657-a-1#3039,,,p.Tyr153Trp,0.676511173116539,0.0297729185827901,Y153W,Y153W,0.2643,benign,0.7739847939477006,0.7357,False,153,False,False
urn:mavedb:00000657-a-1#3041,,,p.Val154Ala,0.0308321416420462,0.0206511566517307,V154A,V154A,0.419,ambiguous,0.6072473146094247,0.581,False,154,False,False
urn:mavedb:00000657-a-1#3042,,,p.Val154Cys,0.504769245292984,0.0346332532067851,V154C,V154C,0.7337,pathogenic,0.2277205130670174,0.2663,False,154,False,False
urn:mavedb:00000657-a-1#3043,,,p.Val154Asp,0.0057529928527919,0.0418827430249078,V154D,V154D,0.9223,pathogenic,0.11617014447322967,0.07769999999999999,False,154,False,False
urn:mavedb:00000657-a-1#3044,,,p.Val154Glu,0.0404329694050107,0.074655145830589,V154E,V154E,0.9078,pathogenic,0.12170558673432741,0.09219999999999995,False,154,False,False
urn:mavedb:00000657-a-1#3045,,,p.Val154Phe,-1.87666245011714e-05,0.0197615620518162,V154F,V154F,0.5086,ambiguous,0.488392575341102,0.49139999999999995,False,154,False,False
urn:mavedb:00000657-a-1#3046,,,p.Val154Gly,0.0390020537305623,0.0595636963341652,V154G,V154G,0.5433,ambiguous,0.44187158593609954,0.4567,False,154,False,False
urn:mavedb:00000657-a-1#3047,,,p.Val154His,0.0958928039953539,0.201481148241633,V154H,V154H,0.9521,pathogenic,0.10601054625336703,0.047900000000000054,False,154,False,False
urn:mavedb:00000657-a-1#3048,,,p.Val154Ile,0.868155351255152,0.0375320712797119,V154I,V154I,0.0728,benign,0.8856097814614226,0.9272,False,154,False,False
urn:mavedb:00000657-a-1#3049,,,p.Val154Lys,0.0616067955704156,0.066775841268522,V154K,V154K,0.9351,pathogenic,0.11161339720279986,0.06489999999999996,False,154,False,False
urn:mavedb:00000657-a-1#3050,,,p.Val154Leu,-0.0140190705067279,0.0155816537075844,V154L,V154L,0.3168,benign,0.7250991617147863,0.6832,False,154,False,False
urn:mavedb:00000657-a-1#3051,,,p.Val154Met,0.0058305255864737,0.0363495779391292,V154M,V154M,0.3468,ambiguous,0.6933911649333814,0.6532,False,154,False,False
urn:mavedb:00000657-a-1#3052,,,p.Val154Asn,0.0215244244013367,0.0355064575499233,V154N,V154N,0.732,pathogenic,0.22917979416585538,0.268,False,154,False,False
urn:mavedb:00000657-a-1#3053,,,p.Val154Pro,0.0218970825559622,0.0363310498173911,V154P,V154P,0.755,pathogenic,0.21019431720762183,0.245,False,154,False,False
urn:mavedb:00000657-a-1#3054,,,p.Val154Gln,0.0202433744550878,0.0509302544300327,V154Q,V154Q,0.9001,pathogenic,0.12481425944209558,0.09989999999999999,False,154,False,False
urn:mavedb:00000657-a-1#3055,,,p.Val154Arg,0.0357567729240611,0.0601828427378591,V154R,V154R,0.9042,pathogenic,0.1231440306203325,0.0958,False,154,False,False
urn:mavedb:00000657-a-1#3056,,,p.Val154Ser,-0.0042580137114195,0.0368864624986993,V154S,V154S,0.5812,pathogenic,0.39249805781395025,0.41879999999999995,False,154,False,False
urn:mavedb:00000657-a-1#3057,,,p.Val154Thr,0.152571686307019,0.0318133606625146,V154T,V154T,0.42,ambiguous,0.605973087292324,0.5800000000000001,False,154,False,False
urn:mavedb:00000657-a-1#3058,,,p.Val154Trp,0.046842744030743,0.0792471186784812,V154W,V154W,0.9692,pathogenic,0.10085747180991556,0.03080000000000005,False,154,False,False
urn:mavedb:00000657-a-1#3059,,,p.Val154Tyr,-0.008474069123675,0.0216665087242084,V154Y,V154Y,0.8804,pathogenic,0.13333200139559193,0.11960000000000004,False,154,False,False
urn:mavedb:00000657-a-1#3061,,,p.Tyr155Ala,1.17236464730839,0.0327783198061605,Y155A,Y155A,0.8292,pathogenic,0.1596483062972623,0.17079999999999995,True,155,False,True
urn:mavedb:00000657-a-1#3062,,,p.Tyr155Cys,1.22825073699921,0.0380178622480287,Y155C,Y155C,0.2379,benign,0.7953385487003523,0.7621,False,155,False,False
urn:mavedb:00000657-a-1#3063,,,p.Tyr155Asp,0.112968433261631,0.0939835747324181,Y155D,Y155D,0.9093,pathogenic,0.12111389569346816,0.0907,False,155,False,False
urn:mavedb:00000657-a-1#3064,,,p.Tyr155Glu,0.053381541430736,0.0312196126650201,Y155E,Y155E,0.9671,pathogenic,0.101465454561803,0.03290000000000004,False,155,False,False
urn:mavedb:00000657-a-1#3065,,,p.Tyr155Phe,1.01836383897671,0.0250067233614145,Y155F,Y155F,0.0999,benign,0.8751857405579043,0.9001,False,155,False,False
urn:mavedb:00000657-a-1#3066,,,p.Tyr155Gly,0.241499181093595,0.0363601273205954,Y155G,Y155G,0.8186,pathogenic,0.16592108644422135,0.1814,False,155,False,False
urn:mavedb:00000657-a-1#3067,,,p.Tyr155His,0.982451908960608,0.0423048770367262,Y155H,Y155H,0.7028,pathogenic,0.25565007321620076,0.2972,True,155,False,True
urn:mavedb:00000657-a-1#3068,,,p.Tyr155Ile,1.24167099546584,0.0211121185092509,Y155I,Y155I,0.5796,pathogenic,0.3945371091877572,0.4204,False,155,False,True
urn:mavedb:00000657-a-1#3069,,,p.Tyr155Lys,0.875885033965001,0.0256625188145473,Y155K,Y155K,0.9615,pathogenic,0.10312027506376509,0.03849999999999998,True,155,False,True
urn:mavedb:00000657-a-1#3070,,,p.Tyr155Leu,1.20471264395718,0.0602943686935476,Y155L,Y155L,0.2466,benign,0.7885376375663233,0.7534,False,155,False,False
urn:mavedb:00000657-a-1#3071,,,p.Tyr155Met,1.25070740360839,0.0324539988755474,Y155M,Y155M,0.5954,pathogenic,0.37461489980828405,0.40459999999999996,False,155,False,True
urn:mavedb:00000657-a-1#3072,,,p.Tyr155Asn,0.210508966536926,0.0521828860734855,Y155N,Y155N,0.6816,pathogenic,0.27652424763589434,0.3184,False,155,False,False
urn:mavedb:00000657-a-1#3073,,,p.Tyr155Pro,0.0139834853918077,0.098234827144878,Y155P,Y155P,0.9743,pathogenic,0.09940894434537662,0.025699999999999945,False,155,False,False
urn:mavedb:00000657-a-1#3074,,,p.Tyr155Gln,0.997511786517979,0.0520751332224728,Y155Q,Y155Q,0.93,pathogenic,0.11339305780353537,0.06999999999999995,True,155,False,True
urn:mavedb:00000657-a-1#3075,,,p.Tyr155Arg,1.10320397496524,0.0706663709837105,Y155R,Y155R,0.9285,pathogenic,0.11392546324867,0.07150000000000001,True,155,False,True
urn:mavedb:00000657-a-1#3076,,,p.Tyr155Ser,0.38278204738795,0.0380161460464308,Y155S,Y155S,0.7006,pathogenic,0.25775187412476364,0.2994,False,155,False,False
urn:mavedb:00000657-a-1#3077,,,p.Tyr155Thr,1.10113352668913,0.0279430093500077,Y155T,Y155T,0.8366,pathogenic,0.15544432225746863,0.1634,True,155,False,True
urn:mavedb:00000657-a-1#3078,,,p.Tyr155Val,1.24026834508972,0.0194679346625571,Y155V,Y155V,0.5197,ambiguous,0.47343592056150974,0.48029999999999995,False,155,False,False
urn:mavedb:00000657-a-1#3079,,,p.Tyr155Trp,0.821723062307058,0.0490196049675745,Y155W,Y155W,0.6085,pathogenic,0.35848780250635187,0.39149999999999996,True,155,False,True
urn:mavedb:00000657-a-1#3081,,,p.Leu156Ala,0.201016290780514,0.041840293354539,L156A,L156A,0.6616,pathogenic,0.2974642140864387,0.33840000000000003,False,156,False,False
urn:mavedb:00000657-a-1#3082,,,p.Leu156Cys,1.01093832028985,0.0297209417884003,L156C,L156C,0.6852,pathogenic,0.27288251524408963,0.31479999999999997,True,156,False,True
urn:mavedb:00000657-a-1#3083,,,p.Leu156Asp,-0.0152272545578114,0.0243053233068382,L156D,L156D,0.9836,pathogenic,0.09686707341739234,0.01639999999999997,False,156,False,False
urn:mavedb:00000657-a-1#3084,,,p.Leu156Glu,-0.0067211233918396,0.0184292399391112,L156E,L156E,0.9006,pathogenic,0.12460873110031213,0.09940000000000004,False,156,False,False
urn:mavedb:00000657-a-1#3085,,,p.Leu156Phe,0.538710766100645,0.0318837153839739,L156F,L156F,0.4635,ambiguous,0.5490790001251059,0.5365,False,156,False,False
urn:mavedb:00000657-a-1#3086,,,p.Leu156Gly,-0.0014636072856397,0.0237805304441829,L156G,L156G,0.907,pathogenic,0.12202299097367139,0.09299999999999997,False,156,False,False
urn:mavedb:00000657-a-1#3087,,,p.Leu156His,0.0497418488362355,0.020175728909709,L156H,L156H,0.7543,pathogenic,0.21074812448620822,0.24570000000000003,False,156,False,False
urn:mavedb:00000657-a-1#3088,,,p.Leu156Ile,0.0414356621105247,0.0257657339591827,L156I,L156I,0.1561,benign,0.8485651649101698,0.8439,False,156,False,False
urn:mavedb:00000657-a-1#3089,,,p.Leu156Lys,-0.0052684871700331,0.0191996532726343,L156K,L156K,0.8628,pathogenic,0.141667959729324,0.1372,False,156,False,False
urn:mavedb:00000657-a-1#3090,,,p.Leu156Met,0.758815849982266,0.0363500636175682,L156M,L156M,0.191,benign,0.8281364586168133,0.8089999999999999,False,156,False,False
urn:mavedb:00000657-a-1#3091,,,p.Leu156Asn,0.0974813122073514,0.0304894022260166,L156N,L156N,0.8835,pathogenic,0.1319361577735465,0.11650000000000005,False,156,False,False
urn:mavedb:00000657-a-1#3092,,,p.Leu156Pro,0.0628638999958998,0.094087382127524,L156P,L156P,0.9839,pathogenic,0.09678717017521207,0.016100000000000003,False,156,False,False
urn:mavedb:00000657-a-1#3093,,,p.Leu156Gln,0.0572277011300425,0.0248613890642488,L156Q,L156Q,0.6143,pathogenic,0.3514712310604849,0.38570000000000004,False,156,False,False
urn:mavedb:00000657-a-1#3094,,,p.Leu156Arg,0.0088731807734476,0.0295527199202189,L156R,L156R,0.7436,pathogenic,0.21940045822067034,0.25639999999999996,False,156,False,False
urn:mavedb:00000657-a-1#3095,,,p.Leu156Ser,0.022588981935318,0.0144444617804158,L156S,L156S,0.7822,pathogenic,0.18981992515636992,0.2178,False,156,False,False
urn:mavedb:00000657-a-1#3096,,,p.Leu156Thr,0.0464372392337963,0.0322043175713675,L156T,L156T,0.6833,pathogenic,0.27479963323076817,0.3167,False,156,False,False
urn:mavedb:00000657-a-1#3097,,,p.Leu156Val,0.40896908661334,0.0472853058898609,L156V,L156V,0.1313,benign,0.8612057639717575,0.8687,False,156,False,False
urn:mavedb:00000657-a-1#3098,,,p.Leu156Trp,0.595591833619678,0.0367276098117015,L156W,L156W,0.8006,pathogenic,0.17727206363609344,0.19940000000000002,False,156,False,False
urn:mavedb:00000657-a-1#3099,,,p.Leu156Tyr,0.778954314372687,0.0350751557438625,L156Y,L156Y,0.796,pathogenic,0.18031798051825143,0.20399999999999996,False,156,False,False
urn:mavedb:00000657-a-1#3101,,,p.Ile157Ala,1.16338814778115,0.0229696648603121,I157A,I157A,0.2376,benign,0.7955689628210995,0.7624,False,157,False,False
urn:mavedb:00000657-a-1#3102,,,p.Ile157Cys,1.12352359458457,0.0371613450247833,I157C,I157C,0.6747,pathogenic,0.28361380999848457,0.32530000000000003,True,157,False,True
urn:mavedb:00000657-a-1#3103,,,p.Ile157Asp,1.20581385800837,0.0414374793008092,I157D,I157D,0.7478,pathogenic,0.21596226420630088,0.2522,True,157,False,True
urn:mavedb:00000657-a-1#3104,,,p.Ile157Glu,1.18015077732174,0.0401836117417897,I157E,I157E,0.6701,pathogenic,0.288419489856767,0.32989999999999997,True,157,False,True
urn:mavedb:00000657-a-1#3105,,,p.Ile157Phe,0.753602992481518,0.0395945037832765,I157F,I157F,0.3157,benign,0.7262107454524773,0.6843,False,157,False,False
urn:mavedb:00000657-a-1#3106,,,p.Ile157Gly,1.09564353565612,0.0405378202090796,I157G,I157G,0.5595,ambiguous,0.4205173773552142,0.4405,False,157,False,False
urn:mavedb:00000657-a-1#3107,,,p.Ile157His,1.12455528776869,0.0231396930022142,I157H,I157H,0.6547,pathogenic,0.30496103431706695,0.34530000000000005,True,157,False,True
urn:mavedb:00000657-a-1#3108,,,p.Ile157Lys,1.20307596999607,0.0328751441962498,I157K,I157K,0.6036,pathogenic,0.3644758795320841,0.3964,True,157,False,True
urn:mavedb:00000657-a-1#3109,,,p.Ile157Leu,0.983227577277017,0.0352494747120923,I157L,I157L,0.0984,benign,0.8758007854464573,0.9016,False,157,False,False
urn:mavedb:00000657-a-1#3110,,,p.Ile157Met,1.0860237864455,0.0492112109922892,I157M,I157M,0.1159,benign,0.8683315638149502,0.8841,False,157,False,False
urn:mavedb:00000657-a-1#3111,,,p.Ile157Asn,1.20946278524017,0.0254633752464027,I157N,I157N,0.2249,benign,0.8050749130842325,0.7751,False,157,False,False
urn:mavedb:00000657-a-1#3112,,,p.Ile157Pro,1.09492699262143,0.042248515943502,I157P,I157P,0.6558,pathogenic,0.3037567226515144,0.34419999999999995,True,157,False,True
urn:mavedb:00000657-a-1#3113,,,p.Ile157Gln,1.19280030938007,0.0354631694219184,I157Q,I157Q,0.575,pathogenic,0.40042468944570014,0.42500000000000004,False,157,False,False
urn:mavedb:00000657-a-1#3114,,,p.Ile157Arg,1.20001801089203,0.0306861332585362,I157R,I157R,0.5021,ambiguous,0.4971650375064546,0.4979,False,157,False,False
urn:mavedb:00000657-a-1#3115,,,p.Ile157Ser,1.17868811397259,0.0278511222038235,I157S,I157S,0.2421,benign,0.7920841043974753,0.7579,False,157,False,False
urn:mavedb:00000657-a-1#3116,,,p.Ile157Thr,1.16983988456622,0.0230445836119818,I157T,I157T,0.0941,benign,0.8775384836416622,0.9059,False,157,False,False
urn:mavedb:00000657-a-1#3117,,,p.Ile157Val,1.07718537150317,0.0400577581229622,I157V,I157V,0.1162,benign,0.8681978015951756,0.8838,False,157,False,False
urn:mavedb:00000657-a-1#3118,,,p.Ile157Trp,0.741795420115707,0.0591651897211296,I157W,I157W,0.7944,pathogenic,0.18139153603673103,0.2056,False,157,False,False
urn:mavedb:00000657-a-1#3119,,,p.Ile157Tyr,0.938465385205117,0.0380634091978516,I157Y,I157Y,0.6382,pathogenic,0.323432827282582,0.3618,True,157,False,True
urn:mavedb:00000657-a-1#3121,,,p.Glu158Ala,0.0576440307374419,0.0245560248274577,E158A,E158A,0.5126,ambiguous,0.48299809689516443,0.48740000000000006,False,158,False,False
urn:mavedb:00000657-a-1#3122,,,p.Glu158Cys,-0.0155083047828851,0.0175545908510932,E158C,E158C,0.9486,pathogenic,0.10712375978673169,0.0514,False,158,False,False
urn:mavedb:00000657-a-1#3123,,,p.Glu158Asp,0.94084784846436,0.0330297082228301,E158D,E158D,0.2386,benign,0.7947998563803518,0.7614,False,158,False,False
urn:mavedb:00000657-a-1#3124,,,p.Glu158Phe,0.0238978642359407,0.0631331109878123,E158F,E158F,0.9786,pathogenic,0.09821791923658879,0.021399999999999975,False,158,False,False
urn:mavedb:00000657-a-1#3125,,,p.Glu158Gly,0.269482366322383,0.0446804089960776,E158G,E158G,0.4743,ambiguous,0.5346264159703716,0.5257000000000001,False,158,False,False
urn:mavedb:00000657-a-1#3126,,,p.Glu158His,-0.0005309277069925,0.0286900500654516,E158H,E158H,0.8347,pathogenic,0.15651019344825018,0.1653,False,158,False,False
urn:mavedb:00000657-a-1#3127,,,p.Glu158Ile,0.0138198660991394,0.0614930781258436,E158I,E158I,0.9214,pathogenic,0.11650195567323642,0.0786,False,158,False,False
urn:mavedb:00000657-a-1#3128,,,p.Glu158Lys,-0.0054085047868249,0.0172071317963665,E158K,E158K,0.6076,pathogenic,0.35958357602329666,0.39239999999999997,False,158,False,False
urn:mavedb:00000657-a-1#3129,,,p.Glu158Leu,0.0456169038091386,0.0846090665579275,E158L,E158L,0.8998,pathogenic,0.12493782344780326,0.10019999999999996,False,158,False,False
urn:mavedb:00000657-a-1#3130,,,p.Glu158Met,-0.0011016877222065,0.0252665708032723,E158M,E158M,0.9018,pathogenic,0.12411755711970149,0.09819999999999995,False,158,False,False
urn:mavedb:00000657-a-1#3131,,,p.Glu158Asn,0.342911236257996,0.0259853796229211,E158N,E158N,0.5361,ambiguous,0.45145464613226766,0.4639,False,158,False,False
urn:mavedb:00000657-a-1#3132,,,p.Glu158Pro,0.164912684105257,0.0461908494379955,E158P,E158P,0.9486,pathogenic,0.10712375978673169,0.0514,False,158,False,False
urn:mavedb:00000657-a-1#3133,,,p.Glu158Gln,0.373808872391277,0.0303875839269948,E158Q,E158Q,0.3342,benign,0.7070314721108072,0.6658,False,158,False,False
urn:mavedb:00000657-a-1#3134,,,p.Glu158Arg,-0.0115599148291447,0.0205476498824227,E158R,E158R,0.7078,pathogenic,0.2509291090818606,0.2922,False,158,False,False
urn:mavedb:00000657-a-1#3135,,,p.Glu158Ser,0.20207346803236,0.0328656775831213,E158S,E158S,0.4532,ambiguous,0.5627681093079034,0.5468,False,158,False,False
urn:mavedb:00000657-a-1#3136,,,p.Glu158Thr,0.0974967734821259,0.0442965828235358,E158T,E158T,0.6893,pathogenic,0.2687830883359813,0.3107,False,158,False,False
urn:mavedb:00000657-a-1#3137,,,p.Glu158Val,-0.0075296104057323,0.0248298632536158,E158V,E158V,0.8178,pathogenic,0.16640670425417015,0.18220000000000003,False,158,False,False
urn:mavedb:00000657-a-1#3138,,,p.Glu158Trp,0.010500180580074,0.0459851224957284,E158W,E158W,0.9883,pathogenic,0.09562995496338815,0.011700000000000044,False,158,False,False
urn:mavedb:00000657-a-1#3139,,,p.Glu158Tyr,0.004705826657055,0.030961631523501,E158Y,E158Y,0.942,pathogenic,0.10927926276740278,0.05800000000000005,False,158,False,False
urn:mavedb:00000657-a-1#3141,,,p.His159Ala,0.925448887638726,0.0369463118310249,H159A,H159A,0.7347,pathogenic,0.2268663069749739,0.2653,True,159,False,True
urn:mavedb:00000657-a-1#3142,,,p.His159Cys,0.784169920750922,0.0438364600250882,H159C,H159C,0.4682,ambiguous,0.5428002347855264,0.5318,False,159,False,False
urn:mavedb:00000657-a-1#3143,,,p.His159Asp,1.11033355274334,0.0373673719802319,H159D,H159D,0.4475,ambiguous,0.5702947095958782,0.5525,False,159,False,False
urn:mavedb:00000657-a-1#3144,,,p.His159Glu,1.1105402262843,0.0252676607808449,H159E,H159E,0.6963,pathogenic,0.2619031933717391,0.30369999999999997,True,159,False,True
urn:mavedb:00000657-a-1#3145,,,p.His159Phe,0.269848168311713,0.0489171605832917,H159F,H159F,0.6845,pathogenic,0.27358754381238654,0.3155,False,159,False,False
urn:mavedb:00000657-a-1#3146,,,p.His159Gly,0.974184282520126,0.0298683417039337,H159G,H159G,0.799,pathogenic,0.17832471045980414,0.20099999999999996,True,159,False,True
urn:mavedb:00000657-a-1#3147,,,p.His159Ile,0.327481514322704,0.0490629131962753,H159I,H159I,0.6729,pathogenic,0.2854867794111591,0.32709999999999995,False,159,False,False
urn:mavedb:00000657-a-1#3148,,,p.His159Lys,1.03562858093696,0.035309124123558,H159K,H159K,0.6496,pathogenic,0.3105895529292822,0.35040000000000004,True,159,False,True
urn:mavedb:00000657-a-1#3149,,,p.His159Leu,0.437814783820941,0.0521545421606585,H159L,H159L,0.4447,ambiguous,0.5739775520058481,0.5553,False,159,False,False
urn:mavedb:00000657-a-1#3150,,,p.His159Met,0.5993697031579,0.0384960000497416,H159M,H159M,0.8048,pathogenic,0.174543160445857,0.19520000000000004,False,159,False,False
urn:mavedb:00000657-a-1#3151,,,p.His159Asn,1.02410095872538,0.0505989641110779,H159N,H159N,0.217,benign,0.8107460085826403,0.783,False,159,False,False
urn:mavedb:00000657-a-1#3152,,,p.His159Pro,1.03693448468484,0.0191911685011528,H159P,H159P,0.467,ambiguous,0.5444050234893972,0.5329999999999999,False,159,False,False
urn:mavedb:00000657-a-1#3153,,,p.His159Gln,1.03662337676733,0.0357190440463805,H159Q,H159Q,0.6387,pathogenic,0.3228620835142895,0.36129999999999995,True,159,False,True
urn:mavedb:00000657-a-1#3154,,,p.His159Arg,0.986560238502363,0.0282836316580431,H159R,H159R,0.5585,ambiguous,0.4218259502395131,0.4415,False,159,False,False
urn:mavedb:00000657-a-1#3155,,,p.His159Ser,1.00412713315301,0.0370728520496946,H159S,H159S,0.5134,ambiguous,0.481919738426174,0.48660000000000003,False,159,False,False
urn:mavedb:00000657-a-1#3156,,,p.His159Thr,0.996662463366766,0.0251533213262382,H159T,H159T,0.6947,pathogenic,0.26346244714621225,0.3053,True,159,False,True
urn:mavedb:00000657-a-1#3157,,,p.His159Val,0.524980394884889,0.0267282452986356,H159V,H159V,0.7071,pathogenic,0.25158536813333815,0.29290000000000005,False,159,False,False
urn:mavedb:00000657-a-1#3158,,,p.His159Trp,0.0846914353394704,0.0289291970896551,H159W,H159W,0.75,pathogenic,0.21418297142572068,0.25,False,159,False,False
urn:mavedb:00000657-a-1#3159,,,p.His159Tyr,0.561917592501404,0.0305203458217227,H159Y,H159Y,0.2392,benign,0.7943369388294801,0.7608,False,159,False,False
urn:mavedb:00000657-a-1#3161,,,p.Pro160Ala,0.871557530647607,0.0209343544068231,P160A,P160A,0.1536,benign,0.8499073810109561,0.8464,False,160,False,False
urn:mavedb:00000657-a-1#3162,,,p.Pro160Cys,0.671725829854694,0.0468052109136843,P160C,P160C,0.5932,pathogenic,0.37735932603250055,0.40680000000000005,False,160,False,False
urn:mavedb:00000657-a-1#3163,,,p.Pro160Asp,1.01325388479462,0.0335297171202399,P160D,P160D,0.4421,ambiguous,0.5773882496206577,0.5579000000000001,False,160,False,False
urn:mavedb:00000657-a-1#3164,,,p.Pro160Glu,1.01975835828493,0.0389385905015786,P160E,P160E,0.2842,benign,0.7564626777424936,0.7158,False,160,False,False
urn:mavedb:00000657-a-1#3165,,,p.Pro160Phe,0.400844186456649,0.0387375089645049,P160F,P160F,0.684,pathogenic,0.27409204885370325,0.31599999999999995,False,160,False,False
urn:mavedb:00000657-a-1#3166,,,p.Pro160Gly,0.822335491418718,0.0691897831274749,P160G,P160G,0.4591,ambiguous,0.5549395659644272,0.5408999999999999,False,160,False,False
urn:mavedb:00000657-a-1#3167,,,p.Pro160His,0.882922662017846,0.0423145960752282,P160H,P160H,0.2376,benign,0.7955689628210995,0.7624,False,160,False,False
urn:mavedb:00000657-a-1#3168,,,p.Pro160Ile,0.237146890969138,0.0540287724900041,P160I,P160I,0.5266,ambiguous,0.46416603177531657,0.47340000000000004,False,160,False,False
urn:mavedb:00000657-a-1#3169,,,p.Pro160Lys,0.867678273218504,0.0240309286095673,P160K,P160K,0.2792,benign,0.760981273643575,0.7208,False,160,False,False
urn:mavedb:00000657-a-1#3170,,,p.Pro160Leu,0.368626690348468,0.036864678299007,P160L,P160L,0.2535,benign,0.7829793401889777,0.7464999999999999,False,160,False,False
urn:mavedb:00000657-a-1#3171,,,p.Pro160Met,0.57903185267663,0.0611623628709066,P160M,P160M,0.5551,ambiguous,0.4262851769730856,0.44489999999999996,False,160,False,False
urn:mavedb:00000657-a-1#3172,,,p.Pro160Asn,0.935394319780456,0.0454938707091323,P160N,P160N,0.419,ambiguous,0.6072473146094247,0.581,False,160,False,False
urn:mavedb:00000657-a-1#3173,,,p.Pro160Gln,0.930454930016398,0.0321542864575366,P160Q,P160Q,0.2228,benign,0.8066003876894933,0.7772,False,160,False,False
urn:mavedb:00000657-a-1#3174,,,p.Pro160Arg,0.861210011989863,0.0330817466042367,P160R,P160R,0.1895,benign,0.8290816154780246,0.8105,False,160,False,False
urn:mavedb:00000657-a-1#3175,,,p.Pro160Ser,0.943217007640914,0.032516639844301,P160S,P160S,0.1798,benign,0.8350449705657103,0.8202,False,160,False,False
urn:mavedb:00000657-a-1#3176,,,p.Pro160Thr,0.902136787755529,0.0416326527490147,P160T,P160T,0.1677,benign,0.842130121394441,0.8323,False,160,False,False
urn:mavedb:00000657-a-1#3177,,,p.Pro160Val,0.495606236304956,0.0416799231030286,P160V,P160V,0.3832,ambiguous,0.6515286067358075,0.6168,False,160,False,False
urn:mavedb:00000657-a-1#3178,,,p.Pro160Trp,0.447317594743695,0.0302186911302019,P160W,P160W,0.7615,pathogenic,0.20512309673444795,0.23850000000000005,False,160,False,False
urn:mavedb:00000657-a-1#3179,,,p.Pro160Tyr,0.603366490638607,0.0363793143068097,P160Y,P160Y,0.5913,pathogenic,0.3797374786393092,0.40869999999999995,False,160,False,False
urn:mavedb:00000657-a-1#3181,,,p.Ser161Ala,0.910953959076557,0.0310657896749833,S161A,S161A,0.0719,benign,0.8859318660635668,0.9281,False,161,False,False
urn:mavedb:00000657-a-1#3182,,,p.Ser161Cys,0.824215963859547,0.0446027599972344,S161C,S161C,0.0901,benign,0.8791215285362504,0.9099,False,161,False,False
urn:mavedb:00000657-a-1#3183,,,p.Ser161Asp,1.08015598594342,0.0246072620886566,S161D,S161D,0.1423,benign,0.8557818322752146,0.8577,False,161,False,False
urn:mavedb:00000657-a-1#3184,,,p.Ser161Glu,1.07827109678867,0.0325461345833997,S161E,S161E,0.2013,benign,0.8214771120799214,0.7987,False,161,False,False
urn:mavedb:00000657-a-1#3185,,,p.Ser161Phe,0.740827679323605,0.0406159631231181,S161F,S161F,0.1043,benign,0.8733547837017197,0.8956999999999999,False,161,False,False
urn:mavedb:00000657-a-1#3186,,,p.Ser161Gly,0.992313197191118,0.015757402458791,S161G,S161G,0.0817,benign,0.8823433884107822,0.9183,False,161,False,False
urn:mavedb:00000657-a-1#3187,,,p.Ser161His,0.980460947987404,0.0367188938615915,S161H,S161H,0.1306,benign,0.8615413396713789,0.8694,False,161,False,False
urn:mavedb:00000657-a-1#3188,,,p.Ser161Ile,0.640921628596992,0.0372917960369638,S161I,S161I,0.1041,benign,0.8734388834335609,0.8959,False,161,False,False
urn:mavedb:00000657-a-1#3189,,,p.Ser161Lys,0.957080347020797,0.0338984867964363,S161K,S161K,0.1929,benign,0.8269303232868696,0.8071,False,161,False,False
urn:mavedb:00000657-a-1#3190,,,p.Ser161Leu,0.665633516370231,0.0273794985885829,S161L,S161L,0.0751,benign,0.8847798761861364,0.9249,False,161,False,False
urn:mavedb:00000657-a-1#3191,,,p.Ser161Met,0.788592635018931,0.0217269779213397,S161M,S161M,0.1377,benign,0.8580847512544988,0.8623000000000001,False,161,False,False
urn:mavedb:00000657-a-1#3192,,,p.Ser161Asn,0.998223288869594,0.0276966067907299,S161N,S161N,0.0733,benign,0.8854302004473187,0.9267,False,161,False,False
urn:mavedb:00000657-a-1#3193,,,p.Ser161Pro,0.98305976888945,0.0342246473046322,S161P,S161P,0.2591,benign,0.7783605318244924,0.7409,False,161,False,False
urn:mavedb:00000657-a-1#3194,,,p.Ser161Gln,0.98110353466141,0.0256217967824617,S161Q,S161Q,0.1978,benign,0.8237733607769459,0.8022,False,161,False,False
urn:mavedb:00000657-a-1#3195,,,p.Ser161Arg,0.903845536525098,0.0348008394345088,S161R,S161R,0.1639,benign,0.8442760855521855,0.8361000000000001,False,161,False,False
urn:mavedb:00000657-a-1#3196,,,p.Ser161Thr,0.97499949959041,0.0248704245612469,S161T,S161T,0.0657,benign,0.8881105336294723,0.9343,False,161,False,False
urn:mavedb:00000657-a-1#3197,,,p.Ser161Val,0.740974097091653,0.090614885248674,S161V,S161V,0.1145,benign,0.8689531871853112,0.8855,False,161,False,False
urn:mavedb:00000657-a-1#3198,,,p.Ser161Trp,0.409032776754315,0.0282469807451118,S161W,S161W,0.2035,benign,0.8200160080188906,0.7965,False,161,False,False
urn:mavedb:00000657-a-1#3199,,,p.Ser161Tyr,0.798151051142228,0.031009524432182,S161Y,S161Y,0.0947,benign,0.8772982623565039,0.9053,False,161,False,False
urn:mavedb:00000657-a-1#3201,,,p.Leu162Ala,1.07691231606724,0.040414394495842,L162A,L162A,0.3715,ambiguous,0.6653634566970986,0.6285000000000001,False,162,False,False
urn:mavedb:00000657-a-1#3202,,,p.Leu162Cys,1.01873457384233,0.0279575052894565,L162C,L162C,0.4356,ambiguous,0.5858741957274738,0.5644,False,162,False,False
urn:mavedb:00000657-a-1#3203,,,p.Leu162Asp,1.12282596900823,0.0246246273931347,L162D,L162D,0.8101,pathogenic,0.1711698191556062,0.18989999999999996,True,162,False,True
urn:mavedb:00000657-a-1#3204,,,p.Leu162Glu,1.1209752783592,0.0282901865128207,L162E,L162E,0.4374,ambiguous,0.5835302956736562,0.5626,False,162,False,False
urn:mavedb:00000657-a-1#3205,,,p.Leu162Phe,0.981269317445484,0.0368455168876343,L162F,L162F,0.1323,benign,0.8607244036411741,0.8677,False,162,False,False
urn:mavedb:00000657-a-1#3206,,,p.Leu162Gly,1.08013632878142,0.0384415866479256,L162G,L162G,0.6257,pathogenic,0.33791614824159366,0.37429999999999997,True,162,False,True
urn:mavedb:00000657-a-1#3207,,,p.Leu162His,1.0729064619954,0.0273588703341658,L162H,L162H,0.2566,benign,0.7804344615076702,0.7434000000000001,False,162,False,False
urn:mavedb:00000657-a-1#3208,,,p.Leu162Ile,0.989153070993847,0.0314147967614615,L162I,L162I,0.1145,benign,0.8689531871853112,0.8855,False,162,False,False
urn:mavedb:00000657-a-1#3209,,,p.Leu162Lys,1.08417999529807,0.0327750916300963,L162K,L162K,0.2372,benign,0.7958757581645988,0.7628,False,162,False,False
urn:mavedb:00000657-a-1#3210,,,p.Leu162Met,1.04940792137526,0.0479437836907199,L162M,L162M,0.1377,benign,0.8580847512544988,0.8623000000000001,False,162,False,False
urn:mavedb:00000657-a-1#3211,,,p.Leu162Asn,1.0855963239317,0.01703325848536,L162N,L162N,0.4968,ambiguous,0.504319867294492,0.5032,False,162,False,False
urn:mavedb:00000657-a-1#3212,,,p.Leu162Pro,1.06625719046963,0.0333247795653236,L162P,L162P,0.7172,pathogenic,0.24226425932633666,0.28280000000000005,True,162,False,True
urn:mavedb:00000657-a-1#3213,,,p.Leu162Gln,1.08641117792958,0.020320176261936,L162Q,L162Q,0.1753,benign,0.8377252137142714,0.8247,False,162,False,False
urn:mavedb:00000657-a-1#3214,,,p.Leu162Arg,1.10336371616999,0.0282262566416712,L162R,L162R,0.1807,benign,0.8345024119888007,0.8193,False,162,False,False
urn:mavedb:00000657-a-1#3215,,,p.Leu162Ser,1.08166366243559,0.0443020443255507,L162S,L162S,0.4014,ambiguous,0.6293589581490807,0.5986,False,162,False,False
urn:mavedb:00000657-a-1#3216,,,p.Leu162Thr,1.06845843356055,0.0272118939862643,L162T,L162T,0.3588,ambiguous,0.6799815040248286,0.6412,False,162,False,False
urn:mavedb:00000657-a-1#3217,,,p.Leu162Val,1.00192373547618,0.0252294636124491,L162V,L162V,0.1151,benign,0.868687300891423,0.8849,False,162,False,False
urn:mavedb:00000657-a-1#3218,,,p.Leu162Trp,0.91764143363453,0.0273769375648205,L162W,L162W,0.2519,benign,0.7842812425270402,0.7481,False,162,False,False
urn:mavedb:00000657-a-1#3219,,,p.Leu162Tyr,1.05465493944791,0.0209822385536207,L162Y,L162Y,0.3099,benign,0.7320108044241631,0.6900999999999999,False,162,False,False
urn:mavedb:00000657-a-1#3221,,,p.Lys163Ala,0.946314258226296,0.0267903736045225,K163A,K163A,0.3413,ambiguous,0.6994016604460254,0.6587000000000001,False,163,False,False
urn:mavedb:00000657-a-1#3222,,,p.Lys163Cys,0.791096789691181,0.0450539721537623,K163C,K163C,0.516,ambiguous,0.4784165735260059,0.484,False,163,False,False
urn:mavedb:00000657-a-1#3223,,,p.Lys163Asp,0.976886076464135,0.0238622391798253,K163D,K163D,0.5556,ambiguous,0.4256284517506877,0.4444,False,163,False,False
urn:mavedb:00000657-a-1#3224,,,p.Lys163Glu,1.03041056470202,0.0300420767395144,K163E,K163E,0.179,benign,0.8355254170912886,0.821,False,163,False,False
urn:mavedb:00000657-a-1#3225,,,p.Lys163Phe,0.391683831368949,0.0168029084477012,K163F,K163F,0.7384,pathogenic,0.2237327305260446,0.26160000000000005,False,163,False,False
urn:mavedb:00000657-a-1#3226,,,p.Lys163Gly,0.938856257855178,0.0329397316633543,K163G,K163G,0.4387,ambiguous,0.5818345466914007,0.5613,False,163,False,False
urn:mavedb:00000657-a-1#3227,,,p.Lys163His,0.900789418898269,0.0490801971346692,K163H,K163H,0.2336,benign,0.7986151798311447,0.7664,False,163,False,False
urn:mavedb:00000657-a-1#3228,,,p.Lys163Ile,0.419838333382803,0.039904686873537,K163I,K163I,0.3635,ambiguous,0.6746216239782962,0.6365000000000001,False,163,False,False
urn:mavedb:00000657-a-1#3229,,,p.Lys163Leu,0.509412194512909,0.0229682382163041,K163L,K163L,0.3593,ambiguous,0.6794141418740095,0.6407,False,163,False,False
urn:mavedb:00000657-a-1#3230,,,p.Lys163Met,0.643269571513763,0.0429866627963506,K163M,K163M,0.2966,benign,0.7449205409025866,0.7034,False,163,False,False
urn:mavedb:00000657-a-1#3231,,,p.Lys163Asn,0.965386533815178,0.0226877362019748,K163N,K163N,0.3616,ambiguous,0.6767955509692344,0.6384000000000001,False,163,False,False
urn:mavedb:00000657-a-1#3232,,,p.Lys163Pro,0.964866555233616,0.0307794426377199,K163P,K163P,0.4913,ambiguous,0.5117423337893473,0.5086999999999999,False,163,False,False
urn:mavedb:00000657-a-1#3233,,,p.Lys163Gln,0.978931403053845,0.0281810429349477,K163Q,K163Q,0.1176,benign,0.8675709676215673,0.8824,False,163,False,False
urn:mavedb:00000657-a-1#3234,,,p.Lys163Arg,0.990496763208938,0.0222113967497124,K163R,K163R,0.0814,benign,0.8824559293884758,0.9186,False,163,False,False
urn:mavedb:00000657-a-1#3235,,,p.Lys163Ser,0.943385698423926,0.038398981725496,K163S,K163S,0.3577,ambiguous,0.6812273040423971,0.6423,False,163,False,False
urn:mavedb:00000657-a-1#3236,,,p.Lys163Thr,0.880287719794469,0.0258073414996857,K163T,K163T,0.169,benign,0.8413873823503634,0.831,False,163,False,False
urn:mavedb:00000657-a-1#3237,,,p.Lys163Val,0.590745854223154,0.0364936846770123,K163V,K163V,0.324,benign,0.7177328585152468,0.6759999999999999,False,163,False,False
urn:mavedb:00000657-a-1#3238,,,p.Lys163Trp,0.45245296454345,0.0365839082398443,K163W,K163W,0.6828,pathogenic,0.27530596225198245,0.31720000000000004,False,163,False,False
urn:mavedb:00000657-a-1#3239,,,p.Lys163Tyr,0.525254635414523,0.0256724458595721,K163Y,K163Y,0.5478,ambiguous,0.4359087139206266,0.45220000000000005,False,163,False,False
urn:mavedb:00000657-a-1#3241,,,p.Tyr164Ala,1.10498880354766,0.0260699754552628,Y164A,Y164A,0.8836,pathogenic,0.1318914827317014,0.11639999999999995,True,164,True,True
urn:mavedb:00000657-a-1#3242,,,p.Tyr164Cys,1.05273443173696,0.0229343457514097,Y164C,Y164C,0.6125,pathogenic,0.35364034654692567,0.38749999999999996,True,164,True,True
urn:mavedb:00000657-a-1#3243,,,p.Tyr164Asp,1.07587085490358,0.0527123341229577,Y164D,Y164D,0.7252,pathogenic,0.23510683015750306,0.27480000000000004,True,164,True,True
urn:mavedb:00000657-a-1#3244,,,p.Tyr164Glu,1.10664755873406,0.0395031676644603,Y164E,Y164E,0.9288,pathogenic,0.11381865284691706,0.07120000000000004,True,164,True,True
urn:mavedb:00000657-a-1#3245,,,p.Tyr164Phe,0.963688716624303,0.0265910628932292,Y164F,Y164F,0.2256,benign,0.8045635157137163,0.7744,False,164,True,False
urn:mavedb:00000657-a-1#3246,,,p.Tyr164Gly,1.11152847214352,0.0933694399938956,Y164G,Y164G,0.7646,pathogenic,0.20274964528524475,0.23540000000000005,True,164,True,True
urn:mavedb:00000657-a-1#3247,,,p.Tyr164His,1.09494049363856,0.0323148620874841,Y164H,Y164H,0.7093,pathogenic,0.2495279714525307,0.29069999999999996,True,164,True,True
urn:mavedb:00000657-a-1#3248,,,p.Tyr164Ile,0.93157737506903,0.0271200996607762,Y164I,Y164I,0.8953,pathogenic,0.12681366714386672,0.10470000000000002,True,164,True,True
urn:mavedb:00000657-a-1#3249,,,p.Tyr164Lys,1.12008600049053,0.0363208159564569,Y164K,Y164K,0.9342,pathogenic,0.11192405546154104,0.06579999999999997,True,164,True,True
urn:mavedb:00000657-a-1#3250,,,p.Tyr164Leu,1.00831815636941,0.0284738258927614,Y164L,Y164L,0.7815,pathogenic,0.1903166556124566,0.21850000000000003,True,164,True,True
urn:mavedb:00000657-a-1#3251,,,p.Tyr164Met,1.05030565968005,0.0438713548518108,Y164M,Y164M,0.8809,pathogenic,0.13310542989125584,0.11909999999999998,True,164,True,True
urn:mavedb:00000657-a-1#3252,,,p.Tyr164Asn,1.09575470135595,0.0142147646451836,Y164N,Y164N,0.5523,ambiguous,0.4299687266018078,0.4477,False,164,True,False
urn:mavedb:00000657-a-1#3253,,,p.Tyr164Pro,1.11816454883699,0.0349033536997419,Y164P,Y164P,0.9264,pathogenic,0.11467776987474128,0.0736,True,164,True,True
urn:mavedb:00000657-a-1#3254,,,p.Tyr164Gln,1.10697725774127,0.0214544393755496,Y164Q,Y164Q,0.9294,pathogenic,0.11360552643043592,0.0706,True,164,True,True
urn:mavedb:00000657-a-1#3255,,,p.Tyr164Arg,1.12063822808852,0.0290126918881946,Y164R,Y164R,0.8867,pathogenic,0.1305173893961306,0.11329999999999996,True,164,True,True
urn:mavedb:00000657-a-1#3256,,,p.Tyr164Ser,1.10586001284141,0.0243334457693672,Y164S,Y164S,0.7228,pathogenic,0.23723311094877098,0.2772,True,164,True,True
urn:mavedb:00000657-a-1#3257,,,p.Tyr164Thr,1.11069960742116,0.0199432930939652,Y164T,Y164T,0.8833,pathogenic,0.13202557365454753,0.11670000000000003,True,164,True,True
urn:mavedb:00000657-a-1#3258,,,p.Tyr164Val,1.00597876551328,0.0338583714052778,Y164V,Y164V,0.8003,pathogenic,0.17746888397997934,0.1997,True,164,True,True
urn:mavedb:00000657-a-1#3259,,,p.Tyr164Trp,0.932194279124747,0.0254437920317757,Y164W,Y164W,0.7091,pathogenic,0.2497143853693441,0.29090000000000005,True,164,True,True
urn:mavedb:00000657-a-1#3261,,,p.Ala165Cys,0.940216175601343,0.0333022999799811,A165C,A165C,0.4577,ambiguous,0.5568004295070877,0.5423,False,165,False,False
urn:mavedb:00000657-a-1#3262,,,p.Ala165Asp,0.980176343074123,0.0190303334088067,A165D,A165D,0.5622,ambiguous,0.41699121408020196,0.43779999999999997,False,165,False,False
urn:mavedb:00000657-a-1#3263,,,p.Ala165Glu,0.994817056772524,0.0420518563799932,A165E,A165E,0.498,ambiguous,0.5026999676004665,0.502,False,165,False,False
urn:mavedb:00000657-a-1#3264,,,p.Ala165Phe,0.740701412369917,0.0524720782741693,A165F,A165F,0.5159,ambiguous,0.47855126489716715,0.4841,False,165,False,False
urn:mavedb:00000657-a-1#3265,,,p.Ala165Gly,1.02734632769191,0.0221598771848728,A165G,A165G,0.1471,benign,0.8533246093773033,0.8529,False,165,False,False
urn:mavedb:00000657-a-1#3266,,,p.Ala165His,1.05330861661222,0.0277617294372969,A165H,A165H,0.5715,pathogenic,0.4049286328391,0.4285,False,165,False,False
urn:mavedb:00000657-a-1#3267,,,p.Ala165Ile,0.601916143867198,0.0341581162801885,A165I,A165I,0.684,pathogenic,0.27409204885370325,0.31599999999999995,False,165,False,False
urn:mavedb:00000657-a-1#3268,,,p.Ala165Lys,1.07090643766934,0.0230826872986468,A165K,A165K,0.5689,pathogenic,0.408287431241785,0.43110000000000004,False,165,False,False
urn:mavedb:00000657-a-1#3269,,,p.Ala165Leu,0.633838561653179,0.0422666420870368,A165L,A165L,0.4567,ambiguous,0.5581284140639003,0.5433,False,165,False,False
urn:mavedb:00000657-a-1#3270,,,p.Ala165Met,0.791004813533927,0.0611000364499173,A165M,A165M,0.5115,ambiguous,0.4844811566126033,0.48850000000000005,False,165,False,False
urn:mavedb:00000657-a-1#3271,,,p.Ala165Asn,1.07911830555982,0.0240911344265894,A165N,A165N,0.4385,ambiguous,0.5820955889863288,0.5615,False,165,False,False
urn:mavedb:00000657-a-1#3272,,,p.Ala165Pro,1.02316806004726,0.0241241202671131,A165P,A165P,0.5428,ambiguous,0.44253545102787867,0.45720000000000005,False,165,False,False
urn:mavedb:00000657-a-1#3273,,,p.Ala165Gln,0.997850481144679,0.0262375079518017,A165Q,A165Q,0.4593,ambiguous,0.5546735709860261,0.5407,False,165,False,False
urn:mavedb:00000657-a-1#3274,,,p.Ala165Arg,1.03580428757738,0.044993997605504,A165R,A165R,0.4692,ambiguous,0.5414620693753801,0.5307999999999999,False,165,False,False
urn:mavedb:00000657-a-1#3275,,,p.Ala165Ser,1.00562837742399,0.0342974718173357,A165S,A165S,0.1068,benign,0.8722964478749297,0.8932,False,165,False,False
urn:mavedb:00000657-a-1#3276,,,p.Ala165Thr,0.98223154036233,0.0286526327749483,A165T,A165T,0.1932,benign,0.8267389650895105,0.8068,False,165,False,False
urn:mavedb:00000657-a-1#3277,,,p.Ala165Val,0.718710323463396,0.0231335106143853,A165V,A165V,0.3896,ambiguous,0.643819378021408,0.6104,False,165,False,False
urn:mavedb:00000657-a-1#3278,,,p.Ala165Trp,0.668142668755009,0.0345062793516072,A165W,A165W,0.8597,pathogenic,0.14321070181759427,0.14029999999999998,False,165,False,False
urn:mavedb:00000657-a-1#3279,,,p.Ala165Tyr,0.809342298746404,0.0453867265559967,A165Y,A165Y,0.5585,ambiguous,0.4218259502395131,0.4415,False,165,False,False
urn:mavedb:00000657-a-1#3281,,,p.Thr166Ala,0.987743942194191,0.0246743844381802,T166A,T166A,0.204,benign,0.8196820194817485,0.796,False,166,False,False
urn:mavedb:00000657-a-1#3282,,,p.Thr166Cys,0.801755039435498,0.030283118994686,T166C,T166C,0.6418,pathogenic,0.3193385595805664,0.35819999999999996,True,166,False,True
urn:mavedb:00000657-a-1#3283,,,p.Thr166Asp,0.49938984199498,0.0347672043323688,T166D,T166D,0.8386,pathogenic,0.15433235891231184,0.1614,False,166,False,False
urn:mavedb:00000657-a-1#3284,,,p.Thr166Glu,0.815921304864902,0.040403156894078,T166E,T166E,0.8823,pathogenic,0.13247397111170806,0.11770000000000003,True,166,False,True
urn:mavedb:00000657-a-1#3285,,,p.Thr166Phe,0.525385337308834,0.0319953139275624,T166F,T166F,0.809,pathogenic,0.17186354138318655,0.19099999999999995,False,166,False,False
urn:mavedb:00000657-a-1#3286,,,p.Thr166Gly,0.973750392665935,0.026161162924293,T166G,T166G,0.5114,ambiguous,0.4846159974472739,0.48860000000000003,False,166,False,False
urn:mavedb:00000657-a-1#3287,,,p.Thr166His,0.892807102908243,0.033352680739575,T166H,T166H,0.752,pathogenic,0.2125783241393397,0.248,True,166,False,True
urn:mavedb:00000657-a-1#3288,,,p.Thr166Ile,0.324082836612134,0.0266544308694559,T166I,T166I,0.8527,pathogenic,0.14677898837565695,0.1473,False,166,False,False
urn:mavedb:00000657-a-1#3289,,,p.Thr166Lys,0.833723589791561,0.0311520027948845,T166K,T166K,0.8006,pathogenic,0.17727206363609344,0.19940000000000002,True,166,False,True
urn:mavedb:00000657-a-1#3290,,,p.Thr166Leu,0.458189967217487,0.0223548454520822,T166L,T166L,0.5358,ambiguous,0.45185497158929744,0.46419999999999995,False,166,False,False
urn:mavedb:00000657-a-1#3291,,,p.Thr166Met,0.630130566183902,0.028495499586803,T166M,T166M,0.3332,benign,0.7080942551891958,0.6668000000000001,False,166,False,False
urn:mavedb:00000657-a-1#3292,,,p.Thr166Asn,0.998702490682055,0.0498591317455491,T166N,T166N,0.461,ambiguous,0.5524110662702993,0.5389999999999999,False,166,False,False
urn:mavedb:00000657-a-1#3293,,,p.Thr166Pro,0.929469127057177,0.0279452285072892,T166P,T166P,0.4917,ambiguous,0.511202684836818,0.5083,False,166,False,False
urn:mavedb:00000657-a-1#3294,,,p.Thr166Gln,0.878274895713623,0.0205264230045365,T166Q,T166Q,0.776,pathogenic,0.19426971235391194,0.22399999999999998,True,166,False,True
urn:mavedb:00000657-a-1#3295,,,p.Thr166Arg,0.885269764651429,0.0333938189448953,T166R,T166R,0.7333,pathogenic,0.22806306530510745,0.26670000000000005,True,166,False,True
urn:mavedb:00000657-a-1#3296,,,p.Thr166Ser,1.0240157327133,0.036499780780124,T166S,T166S,0.2883,benign,0.7526992844225118,0.7117,False,166,False,False
urn:mavedb:00000657-a-1#3297,,,p.Thr166Val,0.580431302444179,0.0314445695026528,T166V,T166V,0.5962,pathogenic,0.37361941501193974,0.40380000000000005,False,166,False,False
urn:mavedb:00000657-a-1#3298,,,p.Thr166Trp,0.77423103626849,0.031940857952988,T166W,T166W,0.9489,pathogenic,0.10702753889876099,0.051100000000000034,False,166,False,False
urn:mavedb:00000657-a-1#3299,,,p.Thr166Tyr,0.718331128092533,0.0260565304224272,T166Y,T166Y,0.8076,pathogenic,0.17275130202732278,0.19240000000000002,False,166,False,False
urn:mavedb:00000657-a-1#3301,,,p.Thr167Ala,1.03894229578847,0.0355395807443857,T167A,T167A,0.1682,benign,0.8418449731488403,0.8318,False,167,False,False
urn:mavedb:00000657-a-1#3302,,,p.Thr167Cys,1.01923142338346,0.0292942311528709,T167C,T167C,0.5925,pathogenic,0.3782346356094736,0.4075,False,167,False,True
urn:mavedb:00000657-a-1#3303,,,p.Thr167Asp,0.116222528053333,0.0413552377471285,T167D,T167D,0.9697,pathogenic,0.10071371237877766,0.030299999999999994,False,167,False,False
urn:mavedb:00000657-a-1#3304,,,p.Thr167Glu,0.186183205325022,0.0575877097421326,T167E,T167E,0.9446,pathogenic,0.10842124446211543,0.055400000000000005,False,167,False,False
urn:mavedb:00000657-a-1#3305,,,p.Thr167Phe,0.618117102104402,0.0675725430480262,T167F,T167F,0.8869,pathogenic,0.13042945592591837,0.11309999999999998,False,167,False,False
urn:mavedb:00000657-a-1#3306,,,p.Thr167Gly,0.830730082134895,0.0316127211521009,T167G,T167G,0.607,pathogenic,0.3603151190273513,0.393,True,167,False,True
urn:mavedb:00000657-a-1#3307,,,p.Thr167His,0.689958992960138,0.0562903390114759,T167H,T167H,0.9263,pathogenic,0.11471379698100459,0.07369999999999999,False,167,False,False
urn:mavedb:00000657-a-1#3308,,,p.Thr167Ile,0.61526417370664,0.0567479800826398,T167I,T167I,0.4105,ambiguous,0.6180028391523292,0.5895,False,167,False,False
urn:mavedb:00000657-a-1#3309,,,p.Thr167Lys,0.579997480058279,0.0366769247592708,T167K,T167K,0.9436,pathogenic,0.10874987522981339,0.056400000000000006,False,167,False,False
urn:mavedb:00000657-a-1#3310,,,p.Thr167Leu,0.797052288907721,0.0434950859103462,T167L,T167L,0.2925,benign,0.7487898236000584,0.7075,False,167,False,False
urn:mavedb:00000657-a-1#3311,,,p.Thr167Met,0.829588434206061,0.0415641928043003,T167M,T167M,0.2518,benign,0.7843623499364951,0.7482,False,167,False,False
urn:mavedb:00000657-a-1#3312,,,p.Thr167Asn,0.525577647040119,0.0430635328661877,T167N,T167N,0.671,pathogenic,0.2874742899425168,0.32899999999999996,False,167,False,False
urn:mavedb:00000657-a-1#3313,,,p.Thr167Pro,1.05810192013876,0.0334443730279356,T167P,T167P,0.4905,ambiguous,0.5128215287590517,0.5095000000000001,False,167,False,False
urn:mavedb:00000657-a-1#3314,,,p.Thr167Gln,0.627287454709776,0.0385966926499752,T167Q,T167Q,0.8849,pathogenic,0.13131269910857696,0.11509999999999998,False,167,False,False
urn:mavedb:00000657-a-1#3315,,,p.Thr167Arg,0.64894515223014,0.0451032816640313,T167R,T167R,0.9324,pathogenic,0.11254972781594344,0.0676,False,167,False,False
urn:mavedb:00000657-a-1#3316,,,p.Thr167Ser,0.979614264368028,0.035803401151283,T167S,T167S,0.2557,benign,0.7811763504742771,0.7443,False,167,False,False
urn:mavedb:00000657-a-1#3317,,,p.Thr167Val,0.828312785433915,0.0342179139424841,T167V,T167V,0.2737,benign,0.7658617166723012,0.7263,False,167,False,False
urn:mavedb:00000657-a-1#3318,,,p.Thr167Trp,0.655271249628786,0.0257377036860243,T167W,T167W,0.9854,pathogenic,0.09638958184743027,0.014599999999999946,False,167,False,False
urn:mavedb:00000657-a-1#3319,,,p.Thr167Tyr,0.710862607821859,0.0558740171593256,T167Y,T167Y,0.9469,pathogenic,0.10767187585333408,0.053100000000000036,False,167,False,False
urn:mavedb:00000657-a-1#3321,,,p.Arg168Ala,0.865945705727749,0.0344627102140339,R168A,R168A,0.9596,pathogenic,0.1036929767111059,0.04039999999999999,True,168,True,True
urn:mavedb:00000657-a-1#3322,,,p.Arg168Cys,0.753305915335826,0.0483568981452275,R168C,R168C,0.6183,pathogenic,0.3466787309474717,0.38170000000000004,False,168,True,False
urn:mavedb:00000657-a-1#3323,,,p.Arg168Asp,0.510332607958241,0.0320223131235653,R168D,R168D,0.9764,pathogenic,0.09882385812452965,0.023599999999999954,False,168,True,False
urn:mavedb:00000657-a-1#3324,,,p.Arg168Glu,0.351577497392429,0.0372213471529505,R168E,R168E,0.9142,pathogenic,0.11921202491648814,0.08579999999999999,False,168,True,False
urn:mavedb:00000657-a-1#3325,,,p.Arg168Phe,0.291070884366961,0.0322915169517732,R168F,R168F,0.9875,pathogenic,0.09583832322764917,0.012499999999999956,False,168,True,False
urn:mavedb:00000657-a-1#3326,,,p.Arg168Gly,0.794555381643675,0.0404455251350253,R168G,R168G,0.8907,pathogenic,0.12877510352823712,0.10929999999999995,False,168,True,False
urn:mavedb:00000657-a-1#3327,,,p.Arg168His,0.647004397996347,0.0355563711019064,R168H,R168H,0.599,pathogenic,0.37014583622018554,0.401,False,168,True,False
urn:mavedb:00000657-a-1#3328,,,p.Arg168Ile,0.124521503971968,0.0526774941096498,R168I,R168I,0.9655,pathogenic,0.10193325524456412,0.034499999999999975,False,168,True,False
urn:mavedb:00000657-a-1#3329,,,p.Arg168Lys,0.922425828390904,0.0322344450899639,R168K,R168K,0.6792,pathogenic,0.2789739017283642,0.3208,True,168,True,True
urn:mavedb:00000657-a-1#3330,,,p.Arg168Leu,0.251685405759493,0.032439516124072,R168L,R168L,0.9404,pathogenic,0.10981308138234014,0.059599999999999986,False,168,True,False
urn:mavedb:00000657-a-1#3331,,,p.Arg168Met,0.594126115837845,0.0397002250070313,R168M,R168M,0.9758,pathogenic,0.09899035593727232,0.0242,False,168,True,False
urn:mavedb:00000657-a-1#3332,,,p.Arg168Asn,0.870295461102183,0.0347440081621944,R168N,R168N,0.9685,pathogenic,0.10105937872830931,0.03149999999999997,True,168,True,True
urn:mavedb:00000657-a-1#3333,,,p.Arg168Pro,0.710124652865715,0.0404548832248994,R168P,R168P,0.9717,pathogenic,0.10014248752325011,0.028299999999999992,False,168,True,False
urn:mavedb:00000657-a-1#3334,,,p.Arg168Gln,0.753365949210826,0.0365240401053883,R168Q,R168Q,0.6505,pathogenic,0.3095909481377279,0.34950000000000003,False,168,True,False
urn:mavedb:00000657-a-1#3335,,,p.Arg168Ser,0.887861082589847,0.0325943762512338,R168S,R168S,0.9625,pathogenic,0.10282115749288204,0.03749999999999998,True,168,True,True
urn:mavedb:00000657-a-1#3336,,,p.Arg168Thr,0.814349768106803,0.0320003951985337,R168T,R168T,0.9601,pathogenic,0.10354170751040695,0.03990000000000005,True,168,True,True
urn:mavedb:00000657-a-1#3337,,,p.Arg168Val,0.432293295536927,0.0404660270854336,R168V,R168V,0.9662,pathogenic,0.10172810326761668,0.03380000000000005,False,168,True,False
urn:mavedb:00000657-a-1#3338,,,p.Arg168Trp,0.340701197689981,0.0388152814288879,R168W,R168W,0.7767,pathogenic,0.19376163603526564,0.22330000000000005,False,168,True,False
urn:mavedb:00000657-a-1#3339,,,p.Arg168Tyr,0.455555186086887,0.0246244199648354,R168Y,R168Y,0.9273,pathogenic,0.11435435769422059,0.07269999999999999,False,168,True,False
urn:mavedb:00000657-a-1#3341,,,p.Ser169Ala,0.794853767415182,0.0475713696920153,S169A,S169A,0.2224,benign,0.8068894743991888,0.7776000000000001,False,169,False,False
urn:mavedb:00000657-a-1#3342,,,p.Ser169Cys,0.716248822904073,0.0344460792786881,S169C,S169C,0.2753,benign,0.7644516749818051,0.7247,False,169,False,False
urn:mavedb:00000657-a-1#3343,,,p.Ser169Asp,0.319680748047961,0.0372525476237033,S169D,S169D,0.833,pathogenic,0.1574717622527435,0.16700000000000004,False,169,False,False
urn:mavedb:00000657-a-1#3344,,,p.Ser169Glu,0.135063361135752,0.056062996781476,S169E,S169E,0.899,pathogenic,0.12526823501929646,0.10099999999999998,False,169,False,False
urn:mavedb:00000657-a-1#3345,,,p.Ser169Phe,0.0019781479461873,0.0134820595251959,S169F,S169F,0.726,pathogenic,0.23440205860719288,0.274,False,169,False,False
urn:mavedb:00000657-a-1#3346,,,p.Ser169Gly,0.905282841979083,0.0368922721592622,S169G,S169G,0.2416,benign,0.7924743470790406,0.7584,False,169,False,False
urn:mavedb:00000657-a-1#3347,,,p.Ser169His,0.67173598369763,0.0260159621897868,S169H,S169H,0.7772,pathogenic,0.19339961231050662,0.2228,False,169,False,False
urn:mavedb:00000657-a-1#3348,,,p.Ser169Ile,0.0700236644496271,0.0334896528822486,S169I,S169I,0.7532,pathogenic,0.21162141831501108,0.24680000000000002,False,169,False,False
urn:mavedb:00000657-a-1#3349,,,p.Ser169Lys,0.766079893387913,0.0497099652294065,S169K,S169K,0.9582,pathogenic,0.10411866236613972,0.04179999999999995,False,169,False,False
urn:mavedb:00000657-a-1#3350,,,p.Ser169Leu,-0.0135171505244489,0.0193294971435818,S169L,S169L,0.4017,ambiguous,0.6289873295825589,0.5983,False,169,False,False
urn:mavedb:00000657-a-1#3351,,,p.Ser169Met,0.287513890753147,0.0480804589591114,S169M,S169M,0.541,ambiguous,0.444927451147516,0.45899999999999996,False,169,False,False
urn:mavedb:00000657-a-1#3352,,,p.Ser169Asn,0.69307252657666,0.0283604879758109,S169N,S169N,0.533,ambiguous,0.4555949765106026,0.46699999999999997,False,169,False,False
urn:mavedb:00000657-a-1#3353,,,p.Ser169Pro,0.470101468907118,0.0377799215385983,S169P,S169P,0.9509,pathogenic,0.10638991884757953,0.04910000000000003,False,169,False,False
urn:mavedb:00000657-a-1#3354,,,p.Ser169Gln,0.731067349924618,0.0422960417930983,S169Q,S169Q,0.8491,pathogenic,0.148660503405061,0.15090000000000003,False,169,False,False
urn:mavedb:00000657-a-1#3355,,,p.Ser169Arg,0.844355851124978,0.0342213461827667,S169R,S169R,0.9401,pathogenic,0.1099136681875722,0.05989999999999995,True,169,False,True
urn:mavedb:00000657-a-1#3356,,,p.Ser169Thr,0.759320552724615,0.0445812969120143,S169T,S169T,0.1735,benign,0.8387822198688979,0.8265,False,169,False,False
urn:mavedb:00000657-a-1#3357,,,p.Ser169Val,0.0100118977848892,0.0204963929041144,S169V,S169V,0.6563,pathogenic,0.3032104518141639,0.3437,False,169,False,False
urn:mavedb:00000657-a-1#3358,,,p.Ser169Trp,0.220699253248881,0.0516372607527063,S169W,S169W,0.7813,pathogenic,0.19045884260759827,0.2187,False,169,False,False
urn:mavedb:00000657-a-1#3359,,,p.Ser169Tyr,0.160585591492881,0.0444517319156314,S169Y,S169Y,0.6098,pathogenic,0.35690830375768146,0.3902,False,169,False,False
urn:mavedb:00000657-a-1#3361,,,p.Ile170Ala,0.466821188365222,0.030751301478752,I170A,I170A,0.3612,ambiguous,0.6772519844508093,0.6388,False,170,False,False
urn:mavedb:00000657-a-1#3362,,,p.Ile170Cys,0.838096318581219,0.0262674495863318,I170C,I170C,0.7092,pathogenic,0.2496211628529046,0.29079999999999995,True,170,False,True
urn:mavedb:00000657-a-1#3363,,,p.Ile170Asp,-0.0056841835008925,0.0225534344208943,I170D,I170D,0.9573,pathogenic,0.10439398346309398,0.04269999999999996,False,170,False,False
urn:mavedb:00000657-a-1#3364,,,p.Ile170Glu,0.017967055018707,0.0421589623211089,I170E,I170E,0.9163,pathogenic,0.11841129696370599,0.0837,False,170,False,False
urn:mavedb:00000657-a-1#3365,,,p.Ile170Phe,0.664323077145695,0.0410240452413503,I170F,I170F,0.5277,ambiguous,0.46269084132176885,0.47230000000000005,False,170,False,False
urn:mavedb:00000657-a-1#3366,,,p.Ile170Gly,0.0667313304363758,0.025239652863625,I170G,I170G,0.8139,pathogenic,0.16879894737895565,0.18610000000000004,False,170,False,False
urn:mavedb:00000657-a-1#3367,,,p.Ile170His,0.184461499082433,0.0385284144127014,I170H,I170H,0.9167,pathogenic,0.11825974442051342,0.08330000000000004,False,170,False,False
urn:mavedb:00000657-a-1#3368,,,p.Ile170Lys,0.587652081241974,0.0516542868535598,I170K,I170K,0.8544,pathogenic,0.1459015129425706,0.14559999999999995,False,170,False,False
urn:mavedb:00000657-a-1#3369,,,p.Ile170Leu,0.979977288383773,0.0331225427760207,I170L,I170L,0.1447,benign,0.8545601905731739,0.8553,False,170,False,False
urn:mavedb:00000657-a-1#3370,,,p.Ile170Met,0.932035340359708,0.0205583428856194,I170M,I170M,0.1405,benign,0.8566889819431597,0.8594999999999999,False,170,False,False
urn:mavedb:00000657-a-1#3371,,,p.Ile170Asn,0.21688996593822,0.053669081585129,I170N,I170N,0.6717,pathogenic,0.28674079864898466,0.32830000000000004,False,170,False,False
urn:mavedb:00000657-a-1#3372,,,p.Ile170Pro,0.61150923827017,0.0338637909529721,I170P,I170P,0.8531,pathogenic,0.1465718904334575,0.14690000000000003,False,170,False,False
urn:mavedb:00000657-a-1#3373,,,p.Ile170Gln,0.0417506383722403,0.0331152350023926,I170Q,I170Q,0.8562,pathogenic,0.1449800661564069,0.14380000000000004,False,170,False,False
urn:mavedb:00000657-a-1#3374,,,p.Ile170Arg,0.452679020197632,0.0327275917474605,I170R,I170R,0.7941,pathogenic,0.18159364206092415,0.20589999999999997,False,170,False,False
urn:mavedb:00000657-a-1#3375,,,p.Ile170Ser,0.220060944455438,0.037761846963468,I170S,I170S,0.5133,ambiguous,0.48205452211617433,0.4867,False,170,False,False
urn:mavedb:00000657-a-1#3376,,,p.Ile170Thr,0.42117438369167,0.0351135494617194,I170T,I170T,0.2027,benign,0.8205489094896418,0.7973,False,170,False,False
urn:mavedb:00000657-a-1#3377,,,p.Ile170Val,0.994479042784269,0.0474975185748064,I170V,I170V,0.0529,benign,0.892392861798367,0.9471,False,170,False,False
urn:mavedb:00000657-a-1#3378,,,p.Ile170Trp,0.469683584765406,0.0494636725714566,I170W,I170W,0.9668,pathogenic,0.10155286464226038,0.03320000000000001,False,170,False,False
urn:mavedb:00000657-a-1#3379,,,p.Ile170Tyr,0.405597703396938,0.0376478257161938,I170Y,I170Y,0.9087,pathogenic,0.12135003459728927,0.09130000000000005,False,170,False,False
urn:mavedb:00000657-a-1#3381,,,p.Ala171Cys,1.02253539492059,0.0336465693114702,A171C,A171C,0.6615,pathogenic,0.29757188145782204,0.3385,True,171,False,True
urn:mavedb:00000657-a-1#3382,,,p.Ala171Asp,0.0300382061109463,0.0321646497252583,A171D,A171D,0.9809,pathogenic,0.09759202729582503,0.019100000000000006,False,171,False,False
urn:mavedb:00000657-a-1#3383,,,p.Ala171Glu,-0.016828196327469,0.0209846375774169,A171E,A171E,0.9795,pathogenic,0.09797208550602662,0.020499999999999963,False,171,False,False
urn:mavedb:00000657-a-1#3384,,,p.Ala171Phe,-0.005645524074356,0.0132656671353742,A171F,A171F,0.9701,pathogenic,0.10059898003527279,0.029900000000000038,False,171,False,False
urn:mavedb:00000657-a-1#3385,,,p.Ala171Gly,0.595416196187758,0.0637249146946811,A171G,A171G,0.1541,benign,0.8496401868182376,0.8459,False,171,False,False
urn:mavedb:00000657-a-1#3386,,,p.Ala171His,-0.0055379538593622,0.0265281993210866,A171H,A171H,0.9809,pathogenic,0.09759202729582503,0.019100000000000006,False,171,False,False
urn:mavedb:00000657-a-1#3387,,,p.Ala171Ile,0.0229955427888042,0.0530846015665051,A171I,A171I,0.9479,pathogenic,0.10734886404645369,0.052100000000000035,False,171,False,False
urn:mavedb:00000657-a-1#3388,,,p.Ala171Lys,0.0250117091149416,0.0486585139600481,A171K,A171K,0.9896,pathogenic,0.09529326775975977,0.010399999999999965,False,171,False,False
urn:mavedb:00000657-a-1#3389,,,p.Ala171Leu,0.0336862242242821,0.0542699872838358,A171L,A171L,0.9012,pathogenic,0.1243627751039433,0.0988,False,171,False,False
urn:mavedb:00000657-a-1#3390,,,p.Ala171Met,0.0036200248526723,0.0374389993693634,A171M,A171M,0.9105,pathogenic,0.12064376018722806,0.08950000000000002,False,171,False,False
urn:mavedb:00000657-a-1#3391,,,p.Ala171Asn,0.0359582472022528,0.0677030536758435,A171N,A171N,0.9556,pathogenic,0.1049176132721018,0.044399999999999995,False,171,False,False
urn:mavedb:00000657-a-1#3392,,,p.Ala171Pro,0.006684503936405,0.0215458655055914,A171P,A171P,0.9585,pathogenic,0.1040271788910148,0.04149999999999998,False,171,False,False
urn:mavedb:00000657-a-1#3393,,,p.Ala171Gln,0.023821337202369,0.053251870305723,A171Q,A171Q,0.9574,pathogenic,0.1043633276293153,0.04259999999999997,False,171,False,False
urn:mavedb:00000657-a-1#3394,,,p.Ala171Arg,0.0288556074670182,0.0247090097709779,A171R,A171R,0.9696,pathogenic,0.1007424336636046,0.030399999999999983,False,171,False,False
urn:mavedb:00000657-a-1#3395,,,p.Ala171Ser,0.729084965357158,0.0476013936572887,A171S,A171S,0.1351,benign,0.8593642226037375,0.8649,False,171,False,False
urn:mavedb:00000657-a-1#3396,,,p.Ala171Thr,0.234345254476794,0.0465437766992606,A171T,A171T,0.3781,ambiguous,0.6576011759558006,0.6219,False,171,False,False
urn:mavedb:00000657-a-1#3397,,,p.Ala171Val,0.408575075274729,0.0357820612344438,A171V,A171V,0.7337,pathogenic,0.2277205130670174,0.2663,False,171,False,False
urn:mavedb:00000657-a-1#3398,,,p.Ala171Trp,0.0067224920827791,0.037336201935468,A171W,A171W,0.9955,pathogenic,0.09379459077227872,0.0044999999999999485,False,171,False,False
urn:mavedb:00000657-a-1#3399,,,p.Ala171Tyr,0.0126965304053814,0.0401444494060085,A171Y,A171Y,0.9867,pathogenic,0.09604759171829455,0.013299999999999979,False,171,False,False
urn:mavedb:00000657-a-1#3401,,,p.Lys172Ala,0.242194967894695,0.0346682980431755,K172A,K172A,0.4914,ambiguous,0.5116074246588979,0.5085999999999999,False,172,False,False
urn:mavedb:00000657-a-1#3402,,,p.Lys172Cys,-0.0081589078613038,0.0155190636199648,K172C,K172C,0.7042,pathogenic,0.25432037781327405,0.29579999999999995,False,172,False,False
urn:mavedb:00000657-a-1#3403,,,p.Lys172Asp,-0.0059194910997098,0.020861589864971,K172D,K172D,0.7228,pathogenic,0.23723311094877098,0.2772,False,172,False,False
urn:mavedb:00000657-a-1#3404,,,p.Lys172Glu,-0.0004496276593847,0.0235528653817612,K172E,K172E,0.297,benign,0.7445402555695676,0.7030000000000001,False,172,False,False
urn:mavedb:00000657-a-1#3405,,,p.Lys172Phe,0.0043396715709336,0.0298066013961644,K172F,K172F,0.8788,pathogenic,0.13406076157831803,0.12119999999999997,False,172,False,False
urn:mavedb:00000657-a-1#3406,,,p.Lys172Gly,0.0560621394758366,0.0643831728434923,K172G,K172G,0.5881,pathogenic,0.38375912745945623,0.41190000000000004,False,172,False,False
urn:mavedb:00000657-a-1#3407,,,p.Lys172His,0.363375626867003,0.0537366750242153,K172H,K172H,0.4227,ambiguous,0.6025237283377024,0.5772999999999999,False,172,False,False
urn:mavedb:00000657-a-1#3408,,,p.Lys172Ile,0.0013454546526902,0.0183710505167623,K172I,K172I,0.5297,ambiguous,0.4600107663447762,0.47030000000000005,False,172,False,False
urn:mavedb:00000657-a-1#3409,,,p.Lys172Leu,-0.0011351647014093,0.0274173761582349,K172L,K172L,0.5262,ambiguous,0.46470265860090876,0.4738,False,172,False,False
urn:mavedb:00000657-a-1#3410,,,p.Lys172Met,0.0003052397972341,0.019459978559323,K172M,K172M,0.4445,ambiguous,0.5742402291604418,0.5555,False,172,False,False
urn:mavedb:00000657-a-1#3411,,,p.Lys172Asn,0.160889963008294,0.0551668562021097,K172N,K172N,0.5444,ambiguous,0.44041199211465565,0.4556,False,172,False,False
urn:mavedb:00000657-a-1#3412,,,p.Lys172Pro,0.565663659931786,0.0412774526086676,K172P,K172P,0.7002,pathogenic,0.25813563076679313,0.29979999999999996,False,172,False,False
urn:mavedb:00000657-a-1#3413,,,p.Lys172Gln,0.389255507475294,0.0450657603630541,K172Q,K172Q,0.2168,benign,0.8108871992906321,0.7832,False,172,False,False
urn:mavedb:00000657-a-1#3414,,,p.Lys172Arg,0.929225461302984,0.0258242329587246,K172R,K172R,0.0792,benign,0.8832759869322891,0.9208,False,172,False,False
urn:mavedb:00000657-a-1#3415,,,p.Lys172Ser,0.172268351236423,0.0480372853692997,K172S,K172S,0.5712,pathogenic,0.4053156291894475,0.42879999999999996,False,172,False,False
urn:mavedb:00000657-a-1#3416,,,p.Lys172Thr,0.367810777226236,0.0303588356248628,K172T,K172T,0.3238,benign,0.7179395883443674,0.6762,False,172,False,False
urn:mavedb:00000657-a-1#3417,,,p.Lys172Val,-0.0119220071349065,0.0177120233912517,K172V,K172V,0.4877,ambiguous,0.5165974675911046,0.5123,False,172,False,False
urn:mavedb:00000657-a-1#3418,,,p.Lys172Trp,0.0117889921378447,0.0397117129234845,K172W,K172W,0.8401,pathogenic,0.15350508529455237,0.15990000000000004,False,172,False,False
urn:mavedb:00000657-a-1#3419,,,p.Lys172Tyr,-0.0120771587044778,0.018492832244171,K172Y,K172Y,0.7503,pathogenic,0.21394149227627207,0.24970000000000003,False,172,False,False
urn:mavedb:00000657-a-1#3421,,,p.Tyr173Ala,0.350317646633828,0.0285411859504042,Y173A,Y173A,0.4736,ambiguous,0.5355656675355466,0.5264,False,173,False,False
urn:mavedb:00000657-a-1#3422,,,p.Tyr173Cys,0.752997015910718,0.0441647615099788,Y173C,Y173C,0.1255,benign,0.8639523022472525,0.8745,False,173,False,False
urn:mavedb:00000657-a-1#3423,,,p.Tyr173Asp,-0.002594133126412,0.0296947212922533,Y173D,Y173D,0.3485,ambiguous,0.6915159394186698,0.6515,False,173,False,False
urn:mavedb:00000657-a-1#3424,,,p.Tyr173Glu,0.0063749528855969,0.0362048806806698,Y173E,Y173E,0.6201,pathogenic,0.34453478527476544,0.3799,False,173,False,False
urn:mavedb:00000657-a-1#3425,,,p.Tyr173Phe,1.00130263944331,0.0398653840144555,Y173F,Y173F,0.1184,benign,0.8672108405475775,0.8815999999999999,False,173,False,False
urn:mavedb:00000657-a-1#3426,,,p.Tyr173Gly,0.0001371610765712,0.0194347542955205,Y173G,Y173G,0.4908,ambiguous,0.5124168472742446,0.5092,False,173,False,False
urn:mavedb:00000657-a-1#3427,,,p.Tyr173His,1.04385364926818,0.038931867495552,Y173H,Y173H,0.1068,benign,0.8722964478749297,0.8932,False,173,False,False
urn:mavedb:00000657-a-1#3428,,,p.Tyr173Ile,0.958317282868725,0.0273582750704905,Y173I,Y173I,0.3727,ambiguous,0.6639603671830698,0.6273,False,173,False,False
urn:mavedb:00000657-a-1#3429,,,p.Tyr173Lys,0.458606789183874,0.0390422288050213,Y173K,Y173K,0.451,ambiguous,0.5656776043294598,0.5489999999999999,False,173,False,False
urn:mavedb:00000657-a-1#3430,,,p.Tyr173Leu,0.985863419304276,0.0591857990610738,Y173L,Y173L,0.3691,ambiguous,0.6681584920866632,0.6309,False,173,False,False
urn:mavedb:00000657-a-1#3431,,,p.Tyr173Met,1.03131844564946,0.0380222926649606,Y173M,Y173M,0.5217,ambiguous,0.4707463141331792,0.47829999999999995,False,173,False,False
urn:mavedb:00000657-a-1#3432,,,p.Tyr173Asn,0.840071381526152,0.0443773112213498,Y173N,Y173N,0.1463,benign,0.8537380253854584,0.8537,False,173,False,False
urn:mavedb:00000657-a-1#3433,,,p.Tyr173Pro,0.125621657451492,0.185607083568686,Y173P,Y173P,0.8955,pathogenic,0.1267293998025797,0.10450000000000004,False,173,False,False
urn:mavedb:00000657-a-1#3434,,,p.Tyr173Gln,0.525275302482141,0.0452072846493761,Y173Q,Y173Q,0.3632,ambiguous,0.6749655183595324,0.6368,False,173,False,False
urn:mavedb:00000657-a-1#3435,,,p.Tyr173Arg,0.544188082875422,0.0383728207738832,Y173R,Y173R,0.326,benign,0.7156589639711198,0.6739999999999999,False,173,False,False
urn:mavedb:00000657-a-1#3436,,,p.Tyr173Ser,0.323615740787227,0.0376879126248236,Y173S,Y173S,0.2405,benign,0.7933302058623956,0.7595000000000001,False,173,False,False
urn:mavedb:00000657-a-1#3437,,,p.Tyr173Thr,0.536462694383377,0.0387102588399849,Y173T,Y173T,0.4486,ambiguous,0.5688452041842372,0.5514,False,173,False,False
urn:mavedb:00000657-a-1#3438,,,p.Tyr173Val,0.705047400231597,0.0517864661311337,Y173V,Y173V,0.3491,ambiguous,0.6908521450469627,0.6509,False,173,False,False
urn:mavedb:00000657-a-1#3439,,,p.Tyr173Trp,0.765136953671516,0.0424274793885894,Y173W,Y173W,0.3443,ambiguous,0.6961339373295397,0.6557,False,173,False,False
urn:mavedb:00000657-a-1#3441,,,p.Pro174Ala,0.971209438563188,0.0214006462792741,P174A,P174A,0.1095,benign,0.8711385976654453,0.8905,False,174,False,False
urn:mavedb:00000657-a-1#3442,,,p.Pro174Cys,1.09642809900604,0.0238854318315072,P174C,P174C,0.6183,pathogenic,0.3466787309474717,0.38170000000000004,True,174,False,True
urn:mavedb:00000657-a-1#3443,,,p.Pro174Asp,0.161406298313282,0.0507396235107868,P174D,P174D,0.8725,pathogenic,0.13698608984743188,0.12749999999999995,False,174,False,False
urn:mavedb:00000657-a-1#3444,,,p.Pro174Glu,0.732971124832659,0.0275071128123266,P174E,P174E,0.8134,pathogenic,0.16910864192636071,0.1866,False,174,False,False
urn:mavedb:00000657-a-1#3445,,,p.Pro174Phe,1.01117241008106,0.0262887768804707,P174F,P174F,0.9063,pathogenic,0.12230177141233575,0.0937,True,174,False,True
urn:mavedb:00000657-a-1#3446,,,p.Pro174Gly,0.898335320086598,0.0518012199370549,P174G,P174G,0.3398,benign,0.7010258006985756,0.6602,False,174,False,False
urn:mavedb:00000657-a-1#3447,,,p.Pro174His,1.22188566627077,0.0245762998109268,P174H,P174H,0.5464,ambiguous,0.43776147285209666,0.4536,False,174,False,False
urn:mavedb:00000657-a-1#3448,,,p.Pro174Ile,0.872343343204667,0.0432920302505816,P174I,P174I,0.9112,pathogenic,0.1203708291640372,0.08879999999999999,True,174,False,True
urn:mavedb:00000657-a-1#3449,,,p.Pro174Lys,1.22382247828051,0.0133333043636782,P174K,P174K,0.8113,pathogenic,0.17041683753581494,0.18869999999999998,True,174,False,True
urn:mavedb:00000657-a-1#3450,,,p.Pro174Leu,0.776344742690542,0.0460951327078304,P174L,P174L,0.6448,pathogenic,0.315953652537294,0.35519999999999996,False,174,False,False
urn:mavedb:00000657-a-1#3451,,,p.Pro174Met,1.00220771764937,0.0221358118230648,P174M,P174M,0.8404,pathogenic,0.1533403169736438,0.15959999999999996,True,174,False,True
urn:mavedb:00000657-a-1#3452,,,p.Pro174Asn,1.23685402118707,0.028770553244726,P174N,P174N,0.7276,pathogenic,0.23299849658286725,0.2724,True,174,False,True
urn:mavedb:00000657-a-1#3453,,,p.Pro174Gln,1.13190916181986,0.0200739830223503,P174Q,P174Q,0.5545,ambiguous,0.4270736731163891,0.4455,False,174,False,False
urn:mavedb:00000657-a-1#3454,,,p.Pro174Arg,1.22423595027305,0.0273398114534721,P174R,P174R,0.6136,pathogenic,0.35231386350161226,0.38639999999999997,True,174,False,True
urn:mavedb:00000657-a-1#3455,,,p.Pro174Ser,1.11399924854959,0.025914340351726,P174S,P174S,0.1891,benign,0.8293326092053692,0.8109,False,174,False,False
urn:mavedb:00000657-a-1#3456,,,p.Pro174Thr,1.11714154416753,0.0335548722752801,P174T,P174T,0.3576,ambiguous,0.6813403948184265,0.6424000000000001,False,174,False,False
urn:mavedb:00000657-a-1#3457,,,p.Pro174Val,1.02482128004989,0.0635914189317751,P174V,P174V,0.7626,pathogenic,0.2042775790229836,0.23740000000000006,True,174,False,True
urn:mavedb:00000657-a-1#3458,,,p.Pro174Trp,1.16941821587702,0.0195807251509008,P174W,P174W,0.9438,pathogenic,0.10868401180998888,0.05620000000000003,True,174,False,True
urn:mavedb:00000657-a-1#3459,,,p.Pro174Tyr,1.08964913627311,0.0406512097722316,P174Y,P174Y,0.8689,pathogenic,0.13869824174324907,0.1311,True,174,False,True
urn:mavedb:00000657-a-1#3461,,,p.Val175Ala,-0.0047415891476543,0.0364113369662077,V175A,V175A,0.3715,ambiguous,0.6653634566970986,0.6285000000000001,False,175,False,False
urn:mavedb:00000657-a-1#3462,,,p.Val175Cys,-0.0101438896205207,0.0175596322640003,V175C,V175C,0.83,pathogenic,0.1591869541025632,0.17000000000000004,False,175,False,False
urn:mavedb:00000657-a-1#3463,,,p.Val175Asp,-0.0164525928678092,0.0269813549478917,V175D,V175D,0.982,pathogenic,0.09729540632624373,0.018000000000000016,False,175,False,False
urn:mavedb:00000657-a-1#3464,,,p.Val175Glu,0.0068987628433857,0.0779632431877571,V175E,V175E,0.9633,pathogenic,0.10258300127572027,0.036699999999999955,False,175,False,False
urn:mavedb:00000657-a-1#3465,,,p.Val175Phe,-0.0171527565821669,0.0338181916762392,V175F,V175F,0.4709,ambiguous,0.5391855025161172,0.5291,False,175,False,False
urn:mavedb:00000657-a-1#3466,,,p.Val175Gly,-0.0303708861741315,0.0282310495244789,V175G,V175G,0.7402,pathogenic,0.2222236314209201,0.25980000000000003,False,175,False,False
urn:mavedb:00000657-a-1#3467,,,p.Val175His,0.0539995481804654,0.0966879376197177,V175H,V175H,0.9835,pathogenic,0.09689373647810087,0.01649999999999996,False,175,False,False
urn:mavedb:00000657-a-1#3468,,,p.Val175Ile,0.951712096850851,0.0500329256508429,V175I,V175I,0.0877,benign,0.8800561131141506,0.9123,False,175,False,False
urn:mavedb:00000657-a-1#3469,,,p.Val175Lys,0.0176884925393878,0.0235164310055596,V175K,V175K,0.976,pathogenic,0.09893479729618229,0.02400000000000002,False,175,False,False
urn:mavedb:00000657-a-1#3470,,,p.Val175Leu,0.0573979450856093,0.0732895728229229,V175L,V175L,0.3243,benign,0.7174225386607297,0.6757,False,175,False,False
urn:mavedb:00000657-a-1#3471,,,p.Val175Met,-0.0229582845821307,0.0355005525393823,V175M,V175M,0.2971,benign,0.7444451066849964,0.7029000000000001,False,175,False,False
urn:mavedb:00000657-a-1#3472,,,p.Val175Asn,-0.0238520781097037,0.025408369395517,V175N,V175N,0.9464,pathogenic,0.10783401658296811,0.05359999999999998,False,175,False,False
urn:mavedb:00000657-a-1#3473,,,p.Val175Pro,0.0205095952338363,0.0389047433420784,V175P,V175P,0.9656,pathogenic,0.10190390112423095,0.034399999999999986,False,175,False,False
urn:mavedb:00000657-a-1#3474,,,p.Val175Gln,0.0233025112916643,0.0562095181309163,V175Q,V175Q,0.9581,pathogenic,0.10414918906619999,0.04190000000000005,False,175,False,False
urn:mavedb:00000657-a-1#3475,,,p.Val175Arg,-0.0100433241857294,0.0386278372230529,V175R,V175R,0.9607,pathogenic,0.10336071144618,0.0393,False,175,False,False
urn:mavedb:00000657-a-1#3476,,,p.Val175Ser,0.0428389089157311,0.0606976987276086,V175S,V175S,0.7685,pathogenic,0.19980484071257892,0.23150000000000004,False,175,False,False
urn:mavedb:00000657-a-1#3477,,,p.Val175Thr,0.0072765651354538,0.0402116667151201,V175T,V175T,0.4884,ambiguous,0.5156536814319977,0.5116,False,175,False,False
urn:mavedb:00000657-a-1#3478,,,p.Val175Trp,0.0160798790468241,0.0598172638677074,V175W,V175W,0.9775,pathogenic,0.09851999668519246,0.022499999999999964,False,175,False,False
urn:mavedb:00000657-a-1#3479,,,p.Val175Tyr,0.0285248182148276,0.0919158137513732,V175Y,V175Y,0.9441,pathogenic,0.1085853454612945,0.05589999999999995,False,175,False,False
urn:mavedb:00000657-a-1#3481,,,p.Gly176Ala,1.03046826165598,0.0418223863434691,G176A,G176A,0.4841,ambiguous,0.5214487351028328,0.5159,False,176,False,False
urn:mavedb:00000657-a-1#3482,,,p.Gly176Cys,1.11229792577132,0.0249194962951238,G176C,G176C,0.7699,pathogenic,0.1987588707315321,0.23009999999999997,True,176,False,True
urn:mavedb:00000657-a-1#3483,,,p.Gly176Asp,-0.0030472510625523,0.026219661535381,G176D,G176D,0.9777,pathogenic,0.09846494108751006,0.022299999999999986,False,176,False,False
urn:mavedb:00000657-a-1#3484,,,p.Gly176Glu,0.160006693870247,0.0324127563603672,G176E,G176E,0.9756,pathogenic,0.09904597402227434,0.024399999999999977,False,176,False,False
urn:mavedb:00000657-a-1#3485,,,p.Gly176Phe,0.469698578654591,0.0321307678375136,G176F,G176F,0.9861,pathogenic,0.09620513591695434,0.013900000000000023,False,176,False,False
urn:mavedb:00000657-a-1#3486,,,p.Gly176His,1.10715649604989,0.02459780065388,G176H,G176H,0.9953,pathogenic,0.09384461407994565,0.0047000000000000375,True,176,False,True
urn:mavedb:00000657-a-1#3487,,,p.Gly176Ile,1.0078768980307,0.0521105384834079,G176I,G176I,0.9441,pathogenic,0.1085853454612945,0.05589999999999995,True,176,False,True
urn:mavedb:00000657-a-1#3488,,,p.Gly176Lys,1.19249809215247,0.029778604135125,G176K,G176K,0.9952,pathogenic,0.09386964605876882,0.0048000000000000265,True,176,False,True
urn:mavedb:00000657-a-1#3489,,,p.Gly176Leu,0.931312397762458,0.0308682627207425,G176L,G176L,0.9632,pathogenic,0.10261271563357281,0.036800000000000055,True,176,False,True
urn:mavedb:00000657-a-1#3490,,,p.Gly176Met,1.02767886267865,0.0245628237295379,G176M,G176M,0.9698,pathogenic,0.10068500638056804,0.030200000000000005,True,176,False,True
urn:mavedb:00000657-a-1#3491,,,p.Gly176Asn,0.548294687156989,0.0411248768796684,G176N,G176N,0.9784,pathogenic,0.09827271012811498,0.021599999999999953,False,176,False,False
urn:mavedb:00000657-a-1#3492,,,p.Gly176Pro,0.928175037001284,0.0299012340669816,G176P,G176P,0.9919,pathogenic,0.09470334681130735,0.008099999999999996,True,176,False,True
urn:mavedb:00000657-a-1#3493,,,p.Gly176Gln,0.966557425602877,0.0301851110548979,G176Q,G176Q,0.9868,pathogenic,0.09602138380901723,0.01319999999999999,True,176,False,True
urn:mavedb:00000657-a-1#3494,,,p.Gly176Arg,1.15204563031495,0.0220938239239846,G176R,G176R,0.9867,pathogenic,0.09604759171829455,0.013299999999999979,True,176,False,True
urn:mavedb:00000657-a-1#3495,,,p.Gly176Ser,0.88951750494724,0.036252187909796,G176S,G176S,0.6331,pathogenic,0.32929256486213354,0.3669,True,176,False,True
urn:mavedb:00000657-a-1#3496,,,p.Gly176Thr,1.02915016414205,0.0375898724885694,G176T,G176T,0.8174,pathogenic,0.16665016208112987,0.18259999999999998,True,176,False,True
urn:mavedb:00000657-a-1#3497,,,p.Gly176Val,0.982840494474076,0.0308977318221789,G176V,G176V,0.8766,pathogenic,0.13507213934987977,0.12339999999999995,True,176,False,True
urn:mavedb:00000657-a-1#3498,,,p.Gly176Trp,0.719134537680379,0.0300134353012972,G176W,G176W,0.9869,pathogenic,0.09599519001251852,0.0131,False,176,False,False
urn:mavedb:00000657-a-1#3499,,,p.Gly176Tyr,0.777417441575793,0.0336819165830367,G176Y,G176Y,0.9883,pathogenic,0.09562995496338815,0.011700000000000044,False,176,False,False
urn:mavedb:00000657-a-1#3501,,,p.Ile177Ala,0.0374927851870983,0.089164120961971,I177A,I177A,0.7491,pathogenic,0.21490906660056414,0.2509,False,177,False,False
urn:mavedb:00000657-a-1#3502,,,p.Ile177Cys,-0.0079966195654509,0.0113287465254491,I177C,I177C,0.8468,pathogenic,0.14987931192610238,0.1532,False,177,False,False
urn:mavedb:00000657-a-1#3503,,,p.Ile177Asp,0.0159698176918366,0.0577492176694443,I177D,I177D,0.995,pathogenic,0.09391975069892,0.0050000000000000044,False,177,False,False
urn:mavedb:00000657-a-1#3504,,,p.Ile177Glu,0.0184991109143125,0.0693809850277754,I177E,I177E,0.9847,pathogenic,0.09657472390150088,0.01529999999999998,False,177,False,False
urn:mavedb:00000657-a-1#3505,,,p.Ile177Phe,0.818479131940528,0.0556110702915542,I177F,I177F,0.2923,benign,0.7489772329084283,0.7077,False,177,False,False
urn:mavedb:00000657-a-1#3506,,,p.Ile177Gly,0.0002072228333675,0.0366397758901123,I177G,I177G,0.9554,pathogenic,0.10497952575564451,0.04459999999999997,False,177,False,False
urn:mavedb:00000657-a-1#3507,,,p.Ile177His,0.053764501655918,0.0948361142808235,I177H,I177H,0.9807,pathogenic,0.09764614675814032,0.019299999999999984,False,177,False,False
urn:mavedb:00000657-a-1#3508,,,p.Ile177Lys,0.219694321478616,0.23105651261223,I177K,I177K,0.9783,pathogenic,0.09830012759323657,0.021700000000000053,False,177,False,False
urn:mavedb:00000657-a-1#3509,,,p.Ile177Leu,0.649777507073571,0.0412122833190416,I177L,I177L,0.1422,benign,0.8558324331303353,0.8578,False,177,False,False
urn:mavedb:00000657-a-1#3510,,,p.Ile177Met,0.953798687798183,0.0262933079455768,I177M,I177M,0.1256,benign,0.8639055984355545,0.8744000000000001,False,177,False,False
urn:mavedb:00000657-a-1#3511,,,p.Ile177Asn,0.04972604460311,0.0879613623704184,I177N,I177N,0.9415,pathogenic,0.10944560363705927,0.058499999999999996,False,177,False,False
urn:mavedb:00000657-a-1#3512,,,p.Ile177Pro,0.0182771614924369,0.0495544054851795,I177P,I177P,0.9836,pathogenic,0.09686707341739234,0.01639999999999997,False,177,False,False
urn:mavedb:00000657-a-1#3513,,,p.Ile177Gln,0.0672934701760307,0.073763760253042,I177Q,I177Q,0.9722,pathogenic,0.10000063013972516,0.027800000000000047,False,177,False,False
urn:mavedb:00000657-a-1#3514,,,p.Ile177Arg,0.0062215957912048,0.0482562110101583,I177R,I177R,0.9671,pathogenic,0.101465454561803,0.03290000000000004,False,177,False,False
urn:mavedb:00000657-a-1#3515,,,p.Ile177Ser,0.0268047858205869,0.0538300395022297,I177S,I177S,0.8974,pathogenic,0.12593303231342462,0.10260000000000002,False,177,False,False
urn:mavedb:00000657-a-1#3516,,,p.Ile177Thr,0.0007042749740172,0.0500037437947868,I177T,I177T,0.7443,pathogenic,0.21882364952572286,0.25570000000000004,False,177,False,False
urn:mavedb:00000657-a-1#3517,,,p.Ile177Val,0.608497705156327,0.044236095347615,I177V,I177V,0.0936,benign,0.8777381145753042,0.9064,False,177,False,False
urn:mavedb:00000657-a-1#3518,,,p.Ile177Trp,0.0608397006685531,0.0731836872647736,I177W,I177W,0.941,pathogenic,0.10961237817200975,0.05900000000000005,False,177,False,False
urn:mavedb:00000657-a-1#3519,,,p.Ile177Tyr,0.0884005725759661,0.197204094911211,I177Y,I177Y,0.8856,pathogenic,0.13100257466677573,0.11439999999999995,False,177,False,False
urn:mavedb:00000657-a-1#3521,,,p.Glu178Ala,1.2399412822433,0.0272677819703475,E178A,E178A,0.9655,pathogenic,0.10193325524456412,0.034499999999999975,True,178,True,True
urn:mavedb:00000657-a-1#3522,,,p.Glu178Cys,1.25154939961895,0.0212709196777654,E178C,E178C,0.9927,pathogenic,0.09449986904701288,0.007299999999999973,True,178,True,True
urn:mavedb:00000657-a-1#3523,,,p.Glu178Asp,0.680306960578334,0.0442778524340723,E178D,E178D,0.9918,pathogenic,0.09472884344828622,0.008199999999999985,False,178,True,False
urn:mavedb:00000657-a-1#3524,,,p.Glu178Phe,1.22360400075625,0.051337117170869,E178F,E178F,0.9996,pathogenic,0.09278097350409956,0.00039999999999995595,True,178,True,True
urn:mavedb:00000657-a-1#3525,,,p.Glu178Gly,1.15904194835499,0.0374255709939513,E178G,E178G,0.9753,pathogenic,0.09912951272818432,0.024700000000000055,True,178,True,True
urn:mavedb:00000657-a-1#3526,,,p.Glu178His,1.24153661799313,0.0276646434967344,E178H,E178H,0.9937,pathogenic,0.09424675642903445,0.006299999999999972,True,178,True,True
urn:mavedb:00000657-a-1#3527,,,p.Glu178Ile,1.22926191078796,0.0205281179845649,E178I,E178I,0.9939,pathogenic,0.09419629799287946,0.006099999999999994,True,178,True,True
urn:mavedb:00000657-a-1#3528,,,p.Glu178Lys,1.20831111582251,0.0438382634440313,E178K,E178K,0.9491,pathogenic,0.106963475613503,0.050899999999999945,True,178,True,True
urn:mavedb:00000657-a-1#3529,,,p.Glu178Leu,1.21510259946356,0.0259422532569959,E178L,E178L,0.9957,pathogenic,0.09374462162124209,0.0042999999999999705,True,178,True,True
urn:mavedb:00000657-a-1#3530,,,p.Glu178Met,1.23157710974815,0.0510925580673262,E178M,E178M,0.9949,pathogenic,0.09394482337326475,0.005099999999999993,True,178,True,True
urn:mavedb:00000657-a-1#3531,,,p.Glu178Asn,1.17466422101158,0.0328897600530267,E178N,E178N,0.9971,pathogenic,0.09339634958766477,0.0029000000000000137,True,178,True,True
urn:mavedb:00000657-a-1#3532,,,p.Glu178Pro,0.005111020985354,0.0601061203460712,E178P,E178P,0.9983,pathogenic,0.09309992730748648,0.0017000000000000348,False,178,True,False
urn:mavedb:00000657-a-1#3533,,,p.Glu178Gln,1.25046364739225,0.0603885634829883,E178Q,E178Q,0.9564,pathogenic,0.10467061469082753,0.04359999999999997,True,178,True,True
urn:mavedb:00000657-a-1#3534,,,p.Glu178Arg,1.17244711935143,0.0274241674437338,E178R,E178R,0.9826,pathogenic,0.09713434989191222,0.01739999999999997,True,178,True,True
urn:mavedb:00000657-a-1#3535,,,p.Glu178Ser,1.25127474445438,0.0449005811066777,E178S,E178S,0.9838,pathogenic,0.0968137902726998,0.016199999999999992,True,178,True,True
urn:mavedb:00000657-a-1#3536,,,p.Glu178Thr,1.26214896062689,0.0215499542933506,E178T,E178T,0.991,pathogenic,0.09493331321766257,0.009000000000000008,True,178,True,True
urn:mavedb:00000657-a-1#3537,,,p.Glu178Val,1.2194084162643,0.0336588095483811,E178V,E178V,0.986,pathogenic,0.0962314428030489,0.014000000000000012,True,178,True,True
urn:mavedb:00000657-a-1#3538,,,p.Glu178Trp,1.23306430736736,0.0311528280227497,E178W,E178W,0.9996,pathogenic,0.09278097350409956,0.00039999999999995595,True,178,True,True
urn:mavedb:00000657-a-1#3539,,,p.Glu178Tyr,1.24841576917761,0.0269847180490806,E178Y,E178Y,0.9991,pathogenic,0.09290338178376073,0.0009000000000000119,True,178,True,True
urn:mavedb:00000657-a-1#3541,,,p.Val179Ala,0.312918036907647,0.0422185392170733,V179A,V179A,0.3813,ambiguous,0.6537983873197194,0.6187,False,179,False,False
urn:mavedb:00000657-a-1#3542,,,p.Val179Cys,0.959123747729654,0.0243374997810691,V179C,V179C,0.8811,pathogenic,0.13301495632855825,0.1189,True,179,False,True
urn:mavedb:00000657-a-1#3543,,,p.Val179Asp,0.0134681218739808,0.0511487005413606,V179D,V179D,0.9622,pathogenic,0.10291072655269883,0.037799999999999945,False,179,False,False
urn:mavedb:00000657-a-1#3544,,,p.Val179Glu,0.0126257219503871,0.0270316634746114,V179E,V179E,0.9398,pathogenic,0.11001441206545717,0.06020000000000003,False,179,False,False
urn:mavedb:00000657-a-1#3545,,,p.Val179Phe,0.0262304407960907,0.0597262299443227,V179F,V179F,0.624,pathogenic,0.33991706649775044,0.376,False,179,False,False
urn:mavedb:00000657-a-1#3546,,,p.Val179Gly,-0.0123251064623261,0.0158950167410623,V179G,V179G,0.6407,pathogenic,0.32058585812599033,0.35929999999999995,False,179,False,False
urn:mavedb:00000657-a-1#3547,,,p.Val179His,0.0187367968091116,0.0369073618194107,V179H,V179H,0.9815,pathogenic,0.09743001695379284,0.01849999999999996,False,179,False,False
urn:mavedb:00000657-a-1#3548,,,p.Val179Ile,0.766094447535603,0.0360087892123327,V179I,V179I,0.1014,benign,0.874566063198812,0.8986,False,179,False,False
urn:mavedb:00000657-a-1#3549,,,p.Val179Lys,0.0562959879103376,0.0654970019562911,V179K,V179K,0.9666,pathogenic,0.1016112154753216,0.033399999999999985,False,179,False,False
urn:mavedb:00000657-a-1#3550,,,p.Val179Leu,0.316588839159611,0.0378285814365061,V179L,V179L,0.5332,ambiguous,0.4553276214467106,0.4668,False,179,False,False
urn:mavedb:00000657-a-1#3551,,,p.Val179Met,0.0135428288226001,0.0183030172558369,V179M,V179M,0.415,ambiguous,0.6123258270215863,0.585,False,179,False,False
urn:mavedb:00000657-a-1#3552,,,p.Val179Asn,0.0194206919084712,0.0512764967579144,V179N,V179N,0.9009,pathogenic,0.12448566074214917,0.09909999999999997,False,179,False,False
urn:mavedb:00000657-a-1#3553,,,p.Val179Pro,0.0224369242164716,0.0431121905142315,V179P,V179P,0.9752,pathogenic,0.09915738874541945,0.024800000000000044,False,179,False,False
urn:mavedb:00000657-a-1#3554,,,p.Val179Gln,0.0402462678361402,0.0566281241601929,V179Q,V179Q,0.9508,pathogenic,0.10642164124014036,0.04920000000000002,False,179,False,False
urn:mavedb:00000657-a-1#3555,,,p.Val179Arg,0.0307712398652829,0.0575366006870433,V179R,V179R,0.9492,pathogenic,0.1069314691406063,0.050799999999999956,False,179,False,False
urn:mavedb:00000657-a-1#3556,,,p.Val179Ser,0.0104320316019737,0.033351467520121,V179S,V179S,0.7058,pathogenic,0.25280817602878886,0.2942,False,179,False,False
urn:mavedb:00000657-a-1#3557,,,p.Val179Thr,-0.0054803134228204,0.0192210526794609,V179T,V179T,0.4782,ambiguous,0.529388112722376,0.5218,False,179,False,False
urn:mavedb:00000657-a-1#3558,,,p.Val179Trp,0.0641512873220076,0.0702712770804046,V179W,V179W,0.978,pathogenic,0.0983824681484024,0.02200000000000002,False,179,False,False
urn:mavedb:00000657-a-1#3559,,,p.Val179Tyr,0.0131863702522054,0.0409335638308981,V179Y,V179Y,0.9326,pathogenic,0.11247992083785116,0.06740000000000002,False,179,False,False
urn:mavedb:00000657-a-1#3561,,,p.Gly180Ala,-0.0232766767666794,0.0292684779105888,G180A,G180A,0.9119,pathogenic,0.12009886347995813,0.08809999999999996,False,180,False,False
urn:mavedb:00000657-a-1#3562,,,p.Gly180Cys,-0.0234794687194383,0.0381787161501384,G180C,G180C,0.9653,pathogenic,0.10199201024435527,0.03469999999999995,False,180,False,False
urn:mavedb:00000657-a-1#3563,,,p.Gly180Asp,0.0352594644268737,0.11490398390331,G180D,G180D,0.9855,pathogenic,0.09636318986270288,0.014499999999999957,False,180,False,False
urn:mavedb:00000657-a-1#3564,,,p.Gly180Glu,-0.0207820780320043,0.0402700474694673,G180E,G180E,0.9888,pathogenic,0.09550018042824412,0.011199999999999988,False,180,False,False
urn:mavedb:00000657-a-1#3565,,,p.Gly180Phe,0.0075316688869912,0.0455108450080779,G180F,G180F,0.992,pathogenic,0.09467786394887504,0.008000000000000007,False,180,False,False
urn:mavedb:00000657-a-1#3566,,,p.Gly180His,0.0033514821669502,0.0922943734863439,G180H,G180H,0.9973,pathogenic,0.09334681182129634,0.0027000000000000357,False,180,False,False
urn:mavedb:00000657-a-1#3567,,,p.Gly180Ile,0.0459493262424076,0.0587980156353462,G180I,G180I,0.9888,pathogenic,0.09550018042824412,0.011199999999999988,False,180,False,False
urn:mavedb:00000657-a-1#3568,,,p.Gly180Lys,0.0851602459999371,0.123295962662396,G180K,G180K,0.9962,pathogenic,0.09361993533787313,0.0038000000000000256,False,180,False,False
urn:mavedb:00000657-a-1#3569,,,p.Gly180Leu,0.0837826419619433,0.23337923051499,G180L,G180L,0.9907,pathogenic,0.0950102174581085,0.009299999999999975,False,180,False,False
urn:mavedb:00000657-a-1#3570,,,p.Gly180Met,0.0477842686579339,0.097967190852862,G180M,G180M,0.9967,pathogenic,0.093495586397419,0.0032999999999999696,False,180,False,False
urn:mavedb:00000657-a-1#3571,,,p.Gly180Asn,0.0146719106166469,0.0785666390198665,G180N,G180N,0.9958,pathogenic,0.09371965733821497,0.0041999999999999815,False,180,False,False
urn:mavedb:00000657-a-1#3572,,,p.Gly180Pro,0.0183167760423189,0.0991443204176482,G180P,G180P,0.9965,pathogenic,0.09354528554431402,0.0034999999999999476,False,180,False,False
urn:mavedb:00000657-a-1#3573,,,p.Gly180Gln,0.0261192555688637,0.0727637160618641,G180Q,G180Q,0.9951,pathogenic,0.09389469159625782,0.0049000000000000155,False,180,False,False
urn:mavedb:00000657-a-1#3574,,,p.Gly180Arg,-0.0049438394144617,0.0529436156159668,G180R,G180R,0.9868,pathogenic,0.09602138380901723,0.01319999999999999,False,180,False,False
urn:mavedb:00000657-a-1#3575,,,p.Gly180Ser,-0.0041316948659517,0.106067263218278,G180S,G180S,0.9022,pathogenic,0.12395448761352153,0.0978,False,180,False,False
urn:mavedb:00000657-a-1#3576,,,p.Gly180Thr,0.104089989989073,0.138809838682742,G180T,G180T,0.984,pathogenic,0.09676056438529768,0.016000000000000014,False,180,False,False
urn:mavedb:00000657-a-1#3577,,,p.Gly180Val,0.0840292833310107,0.270949051506612,G180V,G180V,0.9768,pathogenic,0.09871315606522701,0.0232,False,180,False,False
urn:mavedb:00000657-a-1#3578,,,p.Gly180Trp,0.0368342403227798,0.0967071082813338,G180W,G180W,0.9873,pathogenic,0.09589055582063583,0.012700000000000045,False,180,False,False
urn:mavedb:00000657-a-1#3579,,,p.Gly180Tyr,0.0673943326998789,0.167777950462136,G180Y,G180Y,0.9924,pathogenic,0.09457607011311739,0.007600000000000051,False,180,False,False
urn:mavedb:00000657-a-1#3581,,,p.Pro181Ala,-0.0127462092329865,0.0158115694983594,P181A,P181A,0.1948,benign,0.8257141570302436,0.8052,False,181,False,False
urn:mavedb:00000657-a-1#3582,,,p.Pro181Cys,0.0022536600670019,0.0463031746822465,P181C,P181C,0.7665,pathogenic,0.20130928255932307,0.23350000000000004,False,181,False,False
urn:mavedb:00000657-a-1#3583,,,p.Pro181Asp,0.0217007660384256,0.0534135353487041,P181D,P181D,0.9799,pathogenic,0.09786320613583141,0.020100000000000007,False,181,False,False
urn:mavedb:00000657-a-1#3584,,,p.Pro181Glu,0.0017829505221425,0.0428983707198601,P181E,P181E,0.9275,pathogenic,0.11428269130183571,0.07250000000000001,False,181,False,False
urn:mavedb:00000657-a-1#3585,,,p.Pro181Phe,0.116194689846116,0.232800445633263,P181F,P181F,0.9698,pathogenic,0.10068500638056804,0.030200000000000005,False,181,False,False
urn:mavedb:00000657-a-1#3586,,,p.Pro181Gly,0.0037290918952402,0.0249248496607031,P181G,P181G,0.7489,pathogenic,0.2150707589234393,0.2511,False,181,False,False
urn:mavedb:00000657-a-1#3587,,,p.Pro181His,0.0323783999630508,0.0431531674731438,P181H,P181H,0.826,pathogenic,0.16151053253423694,0.17400000000000004,False,181,False,False
urn:mavedb:00000657-a-1#3588,,,p.Pro181Ile,-0.0110242343451932,0.0310742389662738,P181I,P181I,0.9518,pathogenic,0.10610516540638953,0.04820000000000002,False,181,False,False
urn:mavedb:00000657-a-1#3589,,,p.Pro181Lys,0.0350577205304681,0.12581838470585,P181K,P181K,0.907,pathogenic,0.12202299097367139,0.09299999999999997,False,181,False,False
urn:mavedb:00000657-a-1#3590,,,p.Pro181Leu,-0.00335309132783,0.0357441867368382,P181L,P181L,0.7286,pathogenic,0.23212531881974907,0.2714,False,181,False,False
urn:mavedb:00000657-a-1#3591,,,p.Pro181Met,-0.0197918007399063,0.0337435721824333,P181M,P181M,0.9155,pathogenic,0.11871532878969973,0.08450000000000002,False,181,False,False
urn:mavedb:00000657-a-1#3592,,,p.Pro181Asn,0.0682348536121977,0.113414696007065,P181N,P181N,0.9369,pathogenic,0.11099640859999457,0.06310000000000004,False,181,False,False
urn:mavedb:00000657-a-1#3593,,,p.Pro181Gln,-0.0082697638199567,0.0225643119252908,P181Q,P181Q,0.763,pathogenic,0.203971025583446,0.237,False,181,False,False
urn:mavedb:00000657-a-1#3594,,,p.Pro181Arg,0.0064425341916203,0.0674716434547934,P181R,P181R,0.711,pathogenic,0.2479484795105707,0.28900000000000003,False,181,False,False
urn:mavedb:00000657-a-1#3595,,,p.Pro181Ser,-0.0031825054125703,0.0198803033981624,P181S,P181S,0.4843,ambiguous,0.5211793408285882,0.5157,False,181,False,False
urn:mavedb:00000657-a-1#3596,,,p.Pro181Thr,0.0235425002242278,0.0883209768321601,P181T,P181T,0.71,pathogenic,0.24887650299816905,0.29000000000000004,False,181,False,False
urn:mavedb:00000657-a-1#3597,,,p.Pro181Val,0.006725509225181,0.0379552525832853,P181V,P181V,0.8669,pathogenic,0.13966235517871525,0.1331,False,181,False,False
urn:mavedb:00000657-a-1#3598,,,p.Pro181Trp,0.0556132077996159,0.116762804755758,P181W,P181W,0.9793,pathogenic,0.0980266128027674,0.02070000000000005,False,181,False,False
urn:mavedb:00000657-a-1#3599,,,p.Pro181Tyr,0.0524162711160756,0.0764760701936326,P181Y,P181Y,0.9613,pathogenic,0.10318028879278585,0.03869999999999996,False,181,False,False
urn:mavedb:00000657-a-1#3601,,,p.Gln182Ala,1.07237287119145,0.0275722936526526,Q182A,Q182A,0.5376,ambiguous,0.4494541972740779,0.46240000000000003,False,182,False,False
urn:mavedb:00000657-a-1#3602,,,p.Gln182Cys,1.19582511372983,0.030574685233155,Q182C,Q182C,0.9095,pathogenic,0.12103534162700237,0.09050000000000002,True,182,False,True
urn:mavedb:00000657-a-1#3603,,,p.Gln182Asp,-0.0241917467814027,0.0309134030133822,Q182D,Q182D,0.9928,pathogenic,0.09447449614438622,0.007199999999999984,False,182,False,False
urn:mavedb:00000657-a-1#3604,,,p.Gln182Glu,0.0610727026921637,0.0247354434868552,Q182E,Q182E,0.4101,ambiguous,0.6185055482679597,0.5899,False,182,False,False
urn:mavedb:00000657-a-1#3605,,,p.Gln182Phe,0.0168836997618973,0.0909513671239811,Q182F,Q182F,0.9743,pathogenic,0.09940894434537662,0.025699999999999945,False,182,False,False
urn:mavedb:00000657-a-1#3606,,,p.Gln182Gly,-0.0144413890233846,0.0246748016144987,Q182G,Q182G,0.8554,pathogenic,0.14538863014494496,0.14459999999999995,False,182,False,False
urn:mavedb:00000657-a-1#3607,,,p.Gln182His,0.0455070500009655,0.0716649169248231,Q182H,Q182H,0.9454,pathogenic,0.10815957236198662,0.05459999999999998,False,182,False,False
urn:mavedb:00000657-a-1#3608,,,p.Gln182Ile,0.679458269038299,0.0259295055607778,Q182I,Q182I,0.3858,ambiguous,0.6484084642274522,0.6142000000000001,False,182,False,False
urn:mavedb:00000657-a-1#3609,,,p.Gln182Lys,0.0677727246577944,0.0919747839785012,Q182K,Q182K,0.8403,pathogenic,0.15339521436858197,0.15969999999999995,False,182,False,False
urn:mavedb:00000657-a-1#3610,,,p.Gln182Leu,0.436866228912563,0.0344860126630647,Q182L,Q182L,0.3612,ambiguous,0.6772519844508093,0.6388,False,182,False,False
urn:mavedb:00000657-a-1#3611,,,p.Gln182Met,0.0596557293517902,0.0317332331847127,Q182M,Q182M,0.4284,ambiguous,0.5952003332731386,0.5716,False,182,False,False
urn:mavedb:00000657-a-1#3612,,,p.Gln182Asn,0.943119512935979,0.0195153116056021,Q182N,Q182N,0.8646,pathogenic,0.14078259759149653,0.13539999999999996,True,182,False,True
urn:mavedb:00000657-a-1#3613,,,p.Gln182Pro,0.0080209578676051,0.0365498281653745,Q182P,Q182P,0.9049,pathogenic,0.12286228849117463,0.09509999999999996,False,182,False,False
urn:mavedb:00000657-a-1#3614,,,p.Gln182Arg,0.0548590176913162,0.11340878561219,Q182R,Q182R,0.8661,pathogenic,0.14005060340488468,0.13390000000000002,False,182,False,False
urn:mavedb:00000657-a-1#3615,,,p.Gln182Ser,1.07828088269597,0.0379788467899664,Q182S,Q182S,0.681,pathogenic,0.2771350273064592,0.31899999999999995,True,182,False,True
urn:mavedb:00000657-a-1#3616,,,p.Gln182Thr,0.99138932340344,0.0307818776375879,Q182T,Q182T,0.5304,ambiguous,0.45907340529743507,0.4696,False,182,False,False
urn:mavedb:00000657-a-1#3617,,,p.Gln182Val,0.964856055192503,0.0383255574287222,Q182V,Q182V,0.259,benign,0.7784438599680299,0.741,False,182,False,False
urn:mavedb:00000657-a-1#3618,,,p.Gln182Trp,0.0627681265678809,0.0729486985426141,Q182W,Q182W,0.9929,pathogenic,0.09444913695719667,0.007099999999999995,False,182,False,False
urn:mavedb:00000657-a-1#3619,,,p.Gln182Tyr,0.0496039958085363,0.0768828108960475,Q182Y,Q182Y,0.984,pathogenic,0.09676056438529768,0.016000000000000014,False,182,False,False
urn:mavedb:00000657-a-1#3621,,,p.Pro183Ala,0.929222752914067,0.0422695592798603,P183A,P183A,0.1606,benign,0.8461095662268427,0.8394,False,183,False,False
urn:mavedb:00000657-a-1#3622,,,p.Pro183Cys,0.722682074019384,0.0353244766187887,P183C,P183C,0.7193,pathogenic,0.24036612145849234,0.28069999999999995,False,183,False,False
urn:mavedb:00000657-a-1#3623,,,p.Pro183Asp,0.0114877662868698,0.0701526885340406,P183D,P183D,0.9684,pathogenic,0.10108828400223366,0.03159999999999996,False,183,False,False
urn:mavedb:00000657-a-1#3624,,,p.Pro183Glu,0.0814787681513335,0.0333217614770436,P183E,P183E,0.909,pathogenic,0.12123187570351314,0.09099999999999997,False,183,False,False
urn:mavedb:00000657-a-1#3625,,,p.Pro183Phe,0.0462988845980741,0.14482494483564,P183F,P183F,0.947,pathogenic,0.10763949856065141,0.05300000000000005,False,183,False,False
urn:mavedb:00000657-a-1#3626,,,p.Pro183Gly,0.647343610914217,0.054191636797695,P183G,P183G,0.6699,pathogenic,0.28862986076233726,0.33009999999999995,False,183,False,False
urn:mavedb:00000657-a-1#3627,,,p.Pro183His,0.0841218932240965,0.024620598147588,P183H,P183H,0.7806,pathogenic,0.19095742202075439,0.21940000000000004,False,183,False,False
urn:mavedb:00000657-a-1#3628,,,p.Pro183Ile,-0.00799438498625,0.0255730715990712,P183I,P183I,0.9184,pathogenic,0.11761907880172677,0.0816,False,183,False,False
urn:mavedb:00000657-a-1#3629,,,p.Pro183Lys,0.0261254205719893,0.0664397440278168,P183K,P183K,0.9364,pathogenic,0.11116721730881825,0.06359999999999999,False,183,False,False
urn:mavedb:00000657-a-1#3630,,,p.Pro183Leu,0.0747301851232267,0.169861811665155,P183L,P183L,0.5455,ambiguous,0.4389536733543015,0.4545,False,183,False,False
urn:mavedb:00000657-a-1#3631,,,p.Pro183Met,0.0122832060973363,0.0368122578527611,P183M,P183M,0.8153,pathogenic,0.16793543370609385,0.18469999999999998,False,183,False,False
urn:mavedb:00000657-a-1#3632,,,p.Pro183Asn,0.305596504233612,0.0459101703151056,P183N,P183N,0.9103,pathogenic,0.12072191816855979,0.0897,False,183,False,False
urn:mavedb:00000657-a-1#3633,,,p.Pro183Gln,0.106938338485694,0.0438615840469921,P183Q,P183Q,0.7394,pathogenic,0.2228931034826126,0.26060000000000005,False,183,False,False
urn:mavedb:00000657-a-1#3634,,,p.Pro183Arg,-0.0041880261907919,0.042287932342186,P183R,P183R,0.8201,pathogenic,0.16501520611888038,0.17989999999999995,False,183,False,False
urn:mavedb:00000657-a-1#3635,,,p.Pro183Ser,0.852443319240447,0.0363530807172844,P183S,P183S,0.3827,ambiguous,0.6521267677632988,0.6173,False,183,False,False
urn:mavedb:00000657-a-1#3636,,,p.Pro183Thr,0.0935396934019575,0.0319269739465351,P183T,P183T,0.57,pathogenic,0.40686507512174636,0.43000000000000005,False,183,False,False
urn:mavedb:00000657-a-1#3637,,,p.Pro183Val,-0.000267249598235,0.0306258197949084,P183V,P183V,0.7798,pathogenic,0.1915289906515515,0.22019999999999995,False,183,False,False
urn:mavedb:00000657-a-1#3638,,,p.Pro183Trp,0.0332914232232111,0.0747929136767182,P183W,P183W,0.9704,pathogenic,0.10051309101628411,0.02959999999999996,False,183,False,False
urn:mavedb:00000657-a-1#3639,,,p.Pro183Tyr,0.004861101478243,0.0372728677663961,P183Y,P183Y,0.9402,pathogenic,0.10988012181007872,0.059799999999999964,False,183,False,False
urn:mavedb:00000657-a-1#3641,,,p.Gln184Ala,1.03376253120943,0.0334755419956739,Q184A,Q184A,0.4111,ambiguous,0.6172481824410122,0.5889,False,184,False,False
urn:mavedb:00000657-a-1#3642,,,p.Gln184Cys,0.866175747586102,0.0442142911433959,Q184C,Q184C,0.7432,pathogenic,0.21973074226134393,0.25680000000000003,True,184,False,True
urn:mavedb:00000657-a-1#3643,,,p.Gln184Asp,1.04719821285397,0.0285341265307196,Q184D,Q184D,0.866,pathogenic,0.14009923936234187,0.134,True,184,False,True
urn:mavedb:00000657-a-1#3644,,,p.Gln184Glu,1.06325161560124,0.0695735402526863,Q184E,Q184E,0.2971,benign,0.7444451066849964,0.7029000000000001,False,184,False,False
urn:mavedb:00000657-a-1#3645,,,p.Gln184Phe,0.821394886957199,0.0332945467810494,Q184F,Q184F,0.8374,pathogenic,0.1549983086689019,0.16259999999999997,True,184,False,True
urn:mavedb:00000657-a-1#3646,,,p.Gln184Gly,0.928777405121074,0.0286522026442243,Q184G,Q184G,0.5582,ambiguous,0.4222187891889578,0.44179999999999997,False,184,False,False
urn:mavedb:00000657-a-1#3647,,,p.Gln184His,1.07840345092908,0.0338853800199309,Q184H,Q184H,0.2029,benign,0.8204158547760506,0.7971,False,184,False,False
urn:mavedb:00000657-a-1#3648,,,p.Gln184Ile,0.651061576152477,0.0280818674568156,Q184I,Q184I,0.7542,pathogenic,0.21082736199857166,0.24580000000000002,False,184,False,False
urn:mavedb:00000657-a-1#3649,,,p.Gln184Lys,0.621039905013585,0.0533813360137519,Q184K,Q184K,0.7384,pathogenic,0.2237327305260446,0.26160000000000005,False,184,False,False
urn:mavedb:00000657-a-1#3650,,,p.Gln184Leu,0.960893735698854,0.0393142344993907,Q184L,Q184L,0.5007,ambiguous,0.4990550013891474,0.49929999999999997,False,184,False,False
urn:mavedb:00000657-a-1#3651,,,p.Gln184Met,0.909081876575345,0.0192988111564815,Q184M,Q184M,0.5265,ambiguous,0.4643001789271228,0.47350000000000003,False,184,False,False
urn:mavedb:00000657-a-1#3652,,,p.Gln184Asn,1.10490714713819,0.0337157884633372,Q184N,Q184N,0.2427,benign,0.7916148091057009,0.7573,False,184,False,False
urn:mavedb:00000657-a-1#3653,,,p.Gln184Pro,0.925401285327452,0.0655147282251566,Q184P,Q184P,0.3582,ambiguous,0.6806614404194335,0.6417999999999999,False,184,False,False
urn:mavedb:00000657-a-1#3654,,,p.Gln184Arg,0.786159463829718,0.0552764130824565,Q184R,Q184R,0.7071,pathogenic,0.25158536813333815,0.29290000000000005,False,184,False,False
urn:mavedb:00000657-a-1#3655,,,p.Gln184Ser,0.975831407703854,0.0204879266241048,Q184S,Q184S,0.3618,ambiguous,0.676567172717418,0.6382,False,184,False,False
urn:mavedb:00000657-a-1#3656,,,p.Gln184Thr,0.943304822440037,0.0330881348531551,Q184T,Q184T,0.4776,ambiguous,0.530194562406596,0.5224,False,184,False,False
urn:mavedb:00000657-a-1#3657,,,p.Gln184Val,0.849480757658308,0.0513050043178049,Q184V,Q184V,0.6045,pathogenic,0.36337198056754644,0.39549999999999996,True,184,False,True
urn:mavedb:00000657-a-1#3658,,,p.Gln184Trp,0.792662910916102,0.0193796032806955,Q184W,Q184W,0.8261,pathogenic,0.16145192917346549,0.17390000000000005,False,184,False,False
urn:mavedb:00000657-a-1#3659,,,p.Gln184Tyr,0.992626017341651,0.0328545707646005,Q184Y,Q184Y,0.7728,pathogenic,0.1966108617997756,0.22719999999999996,True,184,False,True
urn:mavedb:00000657-a-1#3661,,,p.Gly185Ala,0.0380465114270204,0.0190796409645519,G185A,G185A,0.4142,ambiguous,0.6133379276039485,0.5858,False,185,False,False
urn:mavedb:00000657-a-1#3662,,,p.Gly185Cys,0.156827303421258,0.0370108058242715,G185C,G185C,0.6424,pathogenic,0.3186596051815735,0.35760000000000003,False,185,False,False
urn:mavedb:00000657-a-1#3663,,,p.Gly185Asp,0.0066761874839468,0.0369511573489685,G185D,G185D,0.9281,pathogenic,0.1140681339364332,0.07189999999999996,False,185,False,False
urn:mavedb:00000657-a-1#3664,,,p.Gly185Glu,0.0432507777387584,0.139875625525084,G185E,G185E,0.9146,pathogenic,0.11905884581861864,0.08540000000000003,False,185,False,False
urn:mavedb:00000657-a-1#3665,,,p.Gly185Phe,-0.0018760541035487,0.0346722281522136,G185F,G185F,0.9693,pathogenic,0.10082868930819933,0.03069999999999995,False,185,False,False
urn:mavedb:00000657-a-1#3666,,,p.Gly185His,-0.0046420620109814,0.0237861336261965,G185H,G185H,0.9451,pathogenic,0.10825757129395062,0.05489999999999995,False,185,False,False
urn:mavedb:00000657-a-1#3667,,,p.Gly185Ile,0.0004820227404449,0.0627766425489463,G185I,G185I,0.9659,pathogenic,0.10181593219603705,0.03410000000000002,False,185,False,False
urn:mavedb:00000657-a-1#3668,,,p.Gly185Lys,0.0298319506479872,0.0366424893351471,G185K,G185K,0.961,pathogenic,0.10327042854050028,0.039000000000000035,False,185,False,False
urn:mavedb:00000657-a-1#3669,,,p.Gly185Leu,-0.0124985151478588,0.0356302314129964,G185L,G185L,0.9391,pathogenic,0.11025009310158981,0.060899999999999954,False,185,False,False
urn:mavedb:00000657-a-1#3670,,,p.Gly185Met,0.0399277777117283,0.029195245452234,G185M,G185M,0.9323,pathogenic,0.11258465836185155,0.06769999999999998,False,185,False,False
urn:mavedb:00000657-a-1#3671,,,p.Gly185Asn,0.73081292191437,0.0603194593059077,G185N,G185N,0.7917,pathogenic,0.18321977656604538,0.20830000000000004,False,185,False,False
urn:mavedb:00000657-a-1#3672,,,p.Gly185Pro,0.0305618148837626,0.0668718762745983,G185P,G185P,0.9979,pathogenic,0.09319852045590064,0.0020999999999999908,False,185,False,False
urn:mavedb:00000657-a-1#3673,,,p.Gly185Gln,0.0441929419425767,0.0326527757867159,G185Q,G185Q,0.9072,pathogenic,0.12194351986001636,0.0928,False,185,False,False
urn:mavedb:00000657-a-1#3674,,,p.Gly185Arg,0.0031061721232722,0.0184322930125194,G185R,G185R,0.9019,pathogenic,0.12407675908501246,0.09809999999999997,False,185,False,False
urn:mavedb:00000657-a-1#3675,,,p.Gly185Ser,0.389146064730195,0.0263750909177386,G185S,G185S,0.3429,ambiguous,0.6976620913977024,0.6571,False,185,False,False
urn:mavedb:00000657-a-1#3676,,,p.Gly185Thr,-0.0111586652890695,0.0176311388090917,G185T,G185T,0.8381,pathogenic,0.1546093908474726,0.16190000000000004,False,185,False,False
urn:mavedb:00000657-a-1#3677,,,p.Gly185Val,0.0224427393411559,0.109864758380971,G185V,G185V,0.9039,pathogenic,0.12326508098143708,0.09609999999999996,False,185,False,False
urn:mavedb:00000657-a-1#3678,,,p.Gly185Trp,0.0895048646696373,0.130694513676824,G185W,G185W,0.9484,pathogenic,0.10718799110547045,0.05159999999999998,False,185,False,False
urn:mavedb:00000657-a-1#3679,,,p.Gly185Tyr,0.0590321396892413,0.0901018706239814,G185Y,G185Y,0.9284,pathogenic,0.11396110338881599,0.0716,False,185,False,False
urn:mavedb:00000657-a-1#3681,,,p.Val186Ala,0.877076674517657,0.0263070035899638,V186A,V186A,0.6037,pathogenic,0.3643531351504684,0.3963,True,186,False,True
urn:mavedb:00000657-a-1#3682,,,p.Val186Cys,0.981519575214425,0.0356215018490391,V186C,V186C,0.7807,pathogenic,0.19088610825888908,0.21930000000000005,True,186,False,True
urn:mavedb:00000657-a-1#3683,,,p.Val186Asp,0.012679510046128,0.0385675340251267,V186D,V186D,0.9519,pathogenic,0.10607360912105446,0.04810000000000003,False,186,False,False
urn:mavedb:00000657-a-1#3684,,,p.Val186Glu,0.0716234295163638,0.126504601239153,V186E,V186E,0.9012,pathogenic,0.1243627751039433,0.0988,False,186,False,False
urn:mavedb:00000657-a-1#3685,,,p.Val186Phe,0.0540241517613558,0.0627408606325979,V186F,V186F,0.7331,pathogenic,0.22823452785859855,0.2669,False,186,False,False
urn:mavedb:00000657-a-1#3686,,,p.Val186Gly,0.0150984715561902,0.0679549543287533,V186G,V186G,0.5896,pathogenic,0.3818714538539954,0.4104,False,186,False,False
urn:mavedb:00000657-a-1#3687,,,p.Val186His,0.0486758201101743,0.0645154376416968,V186H,V186H,0.9625,pathogenic,0.10282115749288204,0.03749999999999998,False,186,False,False
urn:mavedb:00000657-a-1#3688,,,p.Val186Ile,0.846961618916864,0.0316464542680684,V186I,V186I,0.0946,benign,0.8773383496195467,0.9054,False,186,False,False
urn:mavedb:00000657-a-1#3689,,,p.Val186Lys,0.0292960409037444,0.122016952295977,V186K,V186K,0.9371,pathogenic,0.11092820904017288,0.06289999999999996,False,186,False,False
urn:mavedb:00000657-a-1#3690,,,p.Val186Leu,0.777963538067973,0.0565074855085103,V186L,V186L,0.4804,ambiguous,0.5264295474935922,0.5196000000000001,False,186,False,False
urn:mavedb:00000657-a-1#3691,,,p.Val186Met,0.876287310581029,0.0759036463872937,V186M,V186M,0.4523,ambiguous,0.5639590188938596,0.5477000000000001,False,186,False,False
urn:mavedb:00000657-a-1#3692,,,p.Val186Asn,0.177643903604563,0.0344407557863783,V186N,V186N,0.7377,pathogenic,0.22432231295737248,0.2623,False,186,False,False
urn:mavedb:00000657-a-1#3693,,,p.Val186Pro,0.0281476903608349,0.0298434575809505,V186P,V186P,0.9797,pathogenic,0.09791761663528141,0.020299999999999985,False,186,False,False
urn:mavedb:00000657-a-1#3694,,,p.Val186Gln,0.914209029252443,0.0613241317898194,V186Q,V186Q,0.8884,pathogenic,0.12977271136386148,0.11160000000000003,True,186,False,True
urn:mavedb:00000657-a-1#3695,,,p.Val186Arg,0.0118665914918855,0.0256097075234981,V186R,V186R,0.9011,pathogenic,0.12440371647229798,0.09889999999999999,False,186,False,False
urn:mavedb:00000657-a-1#3696,,,p.Val186Ser,0.877194388976748,0.0451492120274587,V186S,V186S,0.5962,pathogenic,0.37361941501193974,0.40380000000000005,False,186,False,True
urn:mavedb:00000657-a-1#3697,,,p.Val186Thr,1.02239441855436,0.0133296274199465,V186T,V186T,0.426,ambiguous,0.5982905631642171,0.5740000000000001,False,186,False,False
urn:mavedb:00000657-a-1#3698,,,p.Val186Tyr,0.0093741249643526,0.04035966193668,V186Y,V186Y,0.9501,pathogenic,0.10664416464061403,0.049900000000000055,False,186,False,False
urn:mavedb:00000657-a-1#3700,,,p.Leu187Ala,0.717629342234454,0.0958013239468748,L187A,L187A,0.3009,benign,0.7408064848027209,0.6991,False,187,False,False
urn:mavedb:00000657-a-1#3701,,,p.Leu187Cys,0.84714161951783,0.0970854147863156,L187C,L187C,0.5422,ambiguous,0.4433324246605143,0.4578,False,187,False,False
urn:mavedb:00000657-a-1#3702,,,p.Leu187Asp,-0.0069067461170395,0.0826643710923678,L187D,L187D,0.9827,pathogenic,0.097107557576543,0.017299999999999982,False,187,False,False
urn:mavedb:00000657-a-1#3703,,,p.Leu187Glu,0.0130189172414332,0.0759173168722513,L187E,L187E,0.9034,pathogenic,0.12346723736368774,0.09660000000000002,False,187,False,False
urn:mavedb:00000657-a-1#3704,,,p.Leu187Phe,0.0145545537638088,0.0540311634485706,L187F,L187F,0.4317,ambiguous,0.5909359294677209,0.5683,False,187,False,False
urn:mavedb:00000657-a-1#3705,,,p.Leu187Gly,-0.0200753067976901,0.0174047429418064,L187G,L187G,0.7591,pathogenic,0.2069805901382451,0.2409,False,187,False,False
urn:mavedb:00000657-a-1#3706,,,p.Leu187His,0.0155326265479365,0.044517600849721,L187H,L187H,0.8404,pathogenic,0.1533403169736438,0.15959999999999996,False,187,False,False
urn:mavedb:00000657-a-1#3707,,,p.Leu187Ile,0.985675727760111,0.0285159484594268,L187I,L187I,0.0915,benign,0.8785710933206932,0.9085,False,187,False,False
urn:mavedb:00000657-a-1#3708,,,p.Leu187Lys,0.0172889165587134,,L187K,L187K,0.8968,pathogenic,0.12618370272753046,0.10319999999999996,False,187,False,False
urn:mavedb:00000657-a-1#3709,,,p.Leu187Met,0.963454280871518,0.0558885208952813,L187M,L187M,0.2088,benign,0.8164393627964333,0.7912,False,187,False,False
urn:mavedb:00000657-a-1#3710,,,p.Leu187Asn,0.553488001484636,0.0477521822255787,L187N,L187N,0.8788,pathogenic,0.13406076157831803,0.12119999999999997,False,187,False,False
urn:mavedb:00000657-a-1#3711,,,p.Leu187Pro,0.929029466189927,0.0726650507902047,L187P,L187P,0.7536,pathogenic,0.21130342888821801,0.24639999999999995,True,187,False,True
urn:mavedb:00000657-a-1#3712,,,p.Leu187Gln,0.0095826742367919,0.0310404244641914,L187Q,L187Q,0.7178,pathogenic,0.2417205313142129,0.2822,False,187,False,False
urn:mavedb:00000657-a-1#3713,,,p.Leu187Arg,0.02597389922666,0.0679161168135148,L187R,L187R,0.8002,pathogenic,0.1775345472164333,0.19979999999999998,False,187,False,False
urn:mavedb:00000657-a-1#3714,,,p.Leu187Ser,0.572185954689508,0.0565368947377633,L187S,L187S,0.5974,pathogenic,0.3721287050442786,0.40259999999999996,False,187,False,False
urn:mavedb:00000657-a-1#3715,,,p.Leu187Thr,0.409987039498007,0.0525785283243648,L187T,L187T,0.4774,ambiguous,0.5304633359382125,0.5226,False,187,False,False
urn:mavedb:00000657-a-1#3716,,,p.Leu187Val,1.01380715353061,0.0736402415274821,L187V,L187V,0.0874,benign,0.8801721395914486,0.9126,False,187,False,False
urn:mavedb:00000657-a-1#3717,,,p.Leu187Trp,-0.0117015261228139,0.0340026489663408,L187W,L187W,0.7668,pathogenic,0.20108285017633204,0.23319999999999996,False,187,False,False
urn:mavedb:00000657-a-1#3718,,,p.Leu187Tyr,-0.0216824171143175,0.0442689727167483,L187Y,L187Y,0.8035,pathogenic,0.1753825317377815,0.1965,False,187,False,False
urn:mavedb:00000657-a-1#3719,,,p.Ala189Ser,0.900564572850041,0.0876666792034944,A189S,A189S,0.1043,benign,0.8733547837017197,0.8956999999999999,False,189,False,False
urn:mavedb:00000657-a-1#3721,,,p.Asp190Ala,0.035651235025154,0.0305556763414474,D190A,D190A,0.3111,benign,0.7308192300136163,0.6889000000000001,False,190,False,False
urn:mavedb:00000657-a-1#3722,,,p.Asp190Cys,0.143976141982682,0.0376302507614605,D190C,D190C,0.6949,pathogenic,0.26326710879467385,0.30510000000000004,False,190,False,False
urn:mavedb:00000657-a-1#3723,,,p.Asp190Glu,0.88184582628755,0.0477612236112922,D190E,D190E,0.3475,ambiguous,0.6926200040995715,0.6525000000000001,False,190,False,False
urn:mavedb:00000657-a-1#3724,,,p.Asp190Phe,0.0284270448488694,0.0859362461626205,D190F,D190F,0.8059,pathogenic,0.17383661178434434,0.19410000000000005,False,190,False,False
urn:mavedb:00000657-a-1#3725,,,p.Asp190Gly,0.0888043022744547,0.0269180862688955,D190G,D190G,0.2407,benign,0.793174868607119,0.7593,False,190,False,False
urn:mavedb:00000657-a-1#3726,,,p.Asp190His,0.17944026691312,0.05048138013505,D190H,D190H,0.4049,ambiguous,0.6250114494388276,0.5951,False,190,False,False
urn:mavedb:00000657-a-1#3727,,,p.Asp190Ile,-0.0003776488502708,0.0239539458826169,D190I,D190I,0.554,ambiguous,0.4277311049397663,0.44599999999999995,False,190,False,False
urn:mavedb:00000657-a-1#3728,,,p.Asp190Lys,0.0016777406927015,0.0272577507869617,D190K,D190K,0.5989,pathogenic,0.37026960552854526,0.4011,False,190,False,False
urn:mavedb:00000657-a-1#3729,,,p.Asp190Leu,-0.0034839319189788,0.0239285523649325,D190L,D190L,0.6888,pathogenic,0.269280266949311,0.31120000000000003,False,190,False,False
urn:mavedb:00000657-a-1#3730,,,p.Asp190Met,-0.0178045857333326,0.01963971762765,D190M,D190M,0.8109,pathogenic,0.17066739079463078,0.18910000000000005,False,190,False,False
urn:mavedb:00000657-a-1#3731,,,p.Asp190Asn,0.679860072183093,0.0546740434597424,D190N,D190N,0.0964,benign,0.8766136861043674,0.9036,False,190,False,False
urn:mavedb:00000657-a-1#3732,,,p.Asp190Pro,0.0198090040821138,0.0419028233148688,D190P,D190P,0.8095,pathogenic,0.171547798760459,0.1905,False,190,False,False
urn:mavedb:00000657-a-1#3733,,,p.Asp190Gln,0.245347866254656,0.0467896160999282,D190Q,D190Q,0.5629,ambiguous,0.41607872436984183,0.43710000000000004,False,190,False,False
urn:mavedb:00000657-a-1#3734,,,p.Asp190Arg,0.0355438440796248,0.0637479749797283,D190R,D190R,0.6115,pathogenic,0.35484871430934484,0.38849999999999996,False,190,False,False
urn:mavedb:00000657-a-1#3735,,,p.Asp190Ser,0.281480425184839,0.0281663161508777,D190S,D190S,0.1714,benign,0.8400045786144142,0.8286,False,190,False,False
urn:mavedb:00000657-a-1#3736,,,p.Asp190Thr,0.454111087092945,0.0393496359182504,D190T,D190T,0.3512,ambiguous,0.6885208905181602,0.6488,False,190,False,False
urn:mavedb:00000657-a-1#3737,,,p.Asp190Val,0.317607877844818,0.0348910193324191,D190V,D190V,0.3559,ambiguous,0.6832587464341141,0.6441,False,190,False,False
urn:mavedb:00000657-a-1#3738,,,p.Asp190Trp,0.121738242133502,0.0982658165290876,D190W,D190W,0.9484,pathogenic,0.10718799110547045,0.05159999999999998,False,190,False,False
urn:mavedb:00000657-a-1#3739,,,p.Asp190Tyr,0.0207496465003405,0.0586564451740648,D190Y,D190Y,0.3853,ambiguous,0.6490097494162691,0.6147,False,190,False,False
urn:mavedb:00000657-a-1#3741,,,p.Ile191Ala,0.272185191866669,0.175822048220619,I191A,I191A,0.3945,ambiguous,0.6378524523755437,0.6054999999999999,False,191,False,False
urn:mavedb:00000657-a-1#3742,,,p.Ile191Cys,0.0604051719981857,0.0367121309699748,I191C,I191C,0.5783,pathogenic,0.39619722381694594,0.42169999999999996,False,191,False,False
urn:mavedb:00000657-a-1#3743,,,p.Ile191Asp,0.0601579808793207,0.0776446358425537,I191D,I191D,0.7772,pathogenic,0.19339961231050662,0.2228,False,191,False,False
urn:mavedb:00000657-a-1#3744,,,p.Ile191Glu,0.0564404383119933,0.0717996123901489,I191E,I191E,0.7045,pathogenic,0.2540362344599718,0.2955,False,191,False,False
urn:mavedb:00000657-a-1#3745,,,p.Ile191Phe,0.140155184303254,0.0927881560888592,I191F,I191F,0.3505,ambiguous,0.6892993505904678,0.6495,False,191,False,False
urn:mavedb:00000657-a-1#3746,,,p.Ile191Gly,0.0156090988566424,0.0457855066840781,I191G,I191G,0.6624,pathogenic,0.29660392232190097,0.3376,False,191,False,False
urn:mavedb:00000657-a-1#3747,,,p.Ile191His,-0.0043506603418093,0.0478686984685419,I191H,I191H,0.5438,ambiguous,0.4412079780571226,0.45620000000000005,False,191,False,False
urn:mavedb:00000657-a-1#3748,,,p.Ile191Lys,0.0108444098824107,0.0160310629727378,I191K,I191K,0.4129,ambiguous,0.6149799788103001,0.5871,False,191,False,False
urn:mavedb:00000657-a-1#3749,,,p.Ile191Leu,0.919621917251089,0.0349956247494025,I191L,I191L,0.1431,benign,0.8553761604221144,0.8569,False,191,False,False
urn:mavedb:00000657-a-1#3750,,,p.Ile191Met,0.596336728000872,0.0360344354802784,I191M,I191M,0.163,benign,0.844778889571476,0.837,False,191,False,False
urn:mavedb:00000657-a-1#3751,,,p.Ile191Asn,0.0019079993007997,0.0433739546863561,I191N,I191N,0.2187,benign,0.8095411573924016,0.7813,False,191,False,False
urn:mavedb:00000657-a-1#3752,,,p.Ile191Pro,-0.0371279063220727,0.0166915116265606,I191P,I191P,0.8805,pathogenic,0.1332866427654585,0.11950000000000005,False,191,False,False
urn:mavedb:00000657-a-1#3753,,,p.Ile191Gln,0.0409331878170132,0.0354629768438089,I191Q,I191Q,0.4986,ambiguous,0.5018899888868783,0.5014000000000001,False,191,False,False
urn:mavedb:00000657-a-1#3754,,,p.Ile191Arg,-0.0182057214585435,0.0129805315713285,I191R,I191R,0.3342,benign,0.7070314721108072,0.6658,False,191,False,False
urn:mavedb:00000657-a-1#3755,,,p.Ile191Ser,-0.0081146501764646,0.0224669910568366,I191S,I191S,0.2841,benign,0.7565538134211095,0.7159,False,191,False,False
urn:mavedb:00000657-a-1#3756,,,p.Ile191Thr,-0.0110090962767936,0.0274019138513126,I191T,I191T,0.1771,benign,0.8366596053178241,0.8229,False,191,False,False
urn:mavedb:00000657-a-1#3757,,,p.Ile191Val,0.93685748939469,0.0417170382887753,I191V,I191V,0.0711,benign,0.8862169139732616,0.9289000000000001,False,191,False,False
urn:mavedb:00000657-a-1#3758,,,p.Ile191Trp,0.057178632579909,0.0788649181552792,I191W,I191W,0.914,pathogenic,0.11928873120977122,0.08599999999999997,False,191,False,False
urn:mavedb:00000657-a-1#3759,,,p.Ile191Tyr,0.0183969771952667,0.0664027535531598,I191Y,I191Y,0.6765,pathogenic,0.281750542133305,0.3235,False,191,False,False
urn:mavedb:00000657-a-1#3761,,,p.Leu192Ala,0.882857000099193,0.0410239192039928,L192A,L192A,0.3218,benign,0.720000273362709,0.6782,False,192,False,False
urn:mavedb:00000657-a-1#3762,,,p.Leu192Cys,0.915483538677732,0.0289965972747741,L192C,L192C,0.4934,ambiguous,0.5089088358237611,0.5065999999999999,False,192,False,False
urn:mavedb:00000657-a-1#3763,,,p.Leu192Asp,0.0052867104581072,0.0677299770999187,L192D,L192D,0.9353,pathogenic,0.111544558396797,0.06469999999999998,False,192,False,False
urn:mavedb:00000657-a-1#3764,,,p.Leu192Glu,0.0444631807902098,0.123618017391912,L192E,L192E,0.7025,pathogenic,0.2559357989997649,0.2975,False,192,False,False
urn:mavedb:00000657-a-1#3765,,,p.Leu192Phe,0.648989922013652,0.0656845709799147,L192F,L192F,0.1289,benign,0.8623516083393693,0.8711,False,192,False,False
urn:mavedb:00000657-a-1#3766,,,p.Leu192Gly,0.0012005472170234,0.0416343226902915,L192G,L192G,0.6863,pathogenic,0.2717776300527546,0.3137,False,192,False,False
urn:mavedb:00000657-a-1#3767,,,p.Leu192His,-0.0104976907106964,0.0239921011234845,L192H,L192H,0.3852,ambiguous,0.6491299348698467,0.6148,False,192,False,False
urn:mavedb:00000657-a-1#3768,,,p.Leu192Ile,1.00597065773608,0.0454740117548259,L192I,L192I,0.1352,benign,0.8593153059822742,0.8648,False,192,False,False
urn:mavedb:00000657-a-1#3769,,,p.Leu192Lys,0.0539476335241756,0.0813934457304801,L192K,L192K,0.6192,pathogenic,0.3456057650749761,0.3808,False,192,False,False
urn:mavedb:00000657-a-1#3770,,,p.Leu192Met,0.959140609136386,0.0406530147014211,L192M,L192M,0.1409,benign,0.8564880630109881,0.8591,False,192,False,False
urn:mavedb:00000657-a-1#3771,,,p.Leu192Asn,0.0060611223442486,0.0774096349306199,L192N,L192N,0.7322,pathogenic,0.22900764779265204,0.26780000000000004,False,192,False,False
urn:mavedb:00000657-a-1#3772,,,p.Leu192Pro,0.0121581798487502,0.115523151505297,L192P,L192P,0.8797,pathogenic,0.13365013332338938,0.12029999999999996,False,192,False,False
urn:mavedb:00000657-a-1#3773,,,p.Leu192Gln,0.103339419878614,0.0419247278906832,L192Q,L192Q,0.3601,ambiguous,0.6785049506198466,0.6399,False,192,False,False
urn:mavedb:00000657-a-1#3774,,,p.Leu192Arg,0.0037216031631374,0.0764793122432956,L192R,L192R,0.4267,ambiguous,0.5973902363465241,0.5732999999999999,False,192,False,False
urn:mavedb:00000657-a-1#3775,,,p.Leu192Ser,0.275341776948305,0.0378326657692615,L192S,L192S,0.4166,ambiguous,0.6102979952730474,0.5833999999999999,False,192,False,False
urn:mavedb:00000657-a-1#3776,,,p.Leu192Thr,0.896960790501049,0.0326747125501937,L192T,L192T,0.2736,benign,0.765949579461836,0.7263999999999999,False,192,False,False
urn:mavedb:00000657-a-1#3777,,,p.Leu192Val,0.990708005849893,0.043144908758159,L192V,L192V,0.1152,benign,0.8686429101991242,0.8848,False,192,False,False
urn:mavedb:00000657-a-1#3778,,,p.Leu192Trp,0.0746753426825388,0.04255914432347,L192W,L192W,0.311,benign,0.7309186963601726,0.6890000000000001,False,192,False,False
urn:mavedb:00000657-a-1#3779,,,p.Leu192Tyr,0.581399197631725,0.0853306954178741,L192Y,L192Y,0.3825,ambiguous,0.6523658624997014,0.6174999999999999,False,192,False,False
urn:mavedb:00000657-a-1#3781,,,p.Asp193Cys,0.820945696778412,0.0389864781681054,D193C,D193C,0.1956,benign,0.8251990750463781,0.8044,False,193,False,False
urn:mavedb:00000657-a-1#3782,,,p.Asp193Glu,0.978810132860806,0.0296155276000689,D193E,D193E,0.0952,benign,0.8770975233080016,0.9048,False,193,False,False
urn:mavedb:00000657-a-1#3783,,,p.Asp193Phe,1.02566700663048,0.126229425817333,D193F,D193F,0.1942,benign,0.8260992959850939,0.8058,False,193,False,False
urn:mavedb:00000657-a-1#3784,,,p.Asp193Gly,0.721807823148426,0.0619758352168052,D193G,D193G,0.0938,benign,0.8776583225084765,0.9062,False,193,False,False
urn:mavedb:00000657-a-1#3785,,,p.Asp193His,0.801776216605041,0.0495154379524041,D193H,D193H,0.0979,benign,0.8760047756600491,0.9021,False,193,False,False
urn:mavedb:00000657-a-1#3786,,,p.Asp193Ile,0.810503564813631,0.04889085951014,D193I,D193I,0.1208,benign,0.8661219626215179,0.8792,False,193,False,False
urn:mavedb:00000657-a-1#3787,,,p.Asp193Lys,0.799261469593687,0.0827631744596691,D193K,D193K,0.1757,benign,0.8374891567544887,0.8243,False,193,False,False
urn:mavedb:00000657-a-1#3788,,,p.Asp193Leu,0.906639089547126,0.126274838821847,D193L,D193L,0.1268,benign,0.8633433823923825,0.8732,False,193,False,False
urn:mavedb:00000657-a-1#3789,,,p.Asp193Met,0.900580748094426,0.130399555158102,D193M,D193M,0.2767,benign,0.7632113446305819,0.7233,False,193,False,False
urn:mavedb:00000657-a-1#3790,,,p.Asp193Asn,0.925596975365067,0.0286033437167235,D193N,D193N,0.0662,benign,0.887937409075486,0.9338,False,193,False,False
urn:mavedb:00000657-a-1#3791,,,p.Asp193Pro,0.112173003794324,0.166459187842329,D193P,D193P,0.5695,pathogenic,0.40751136156238826,0.4305,False,193,False,False
urn:mavedb:00000657-a-1#3792,,,p.Asp193Gln,0.847352742508506,0.0835811409958754,D193Q,D193Q,0.1404,benign,0.8567391519916925,0.8596,False,193,False,False
urn:mavedb:00000657-a-1#3793,,,p.Asp193Arg,0.672393178156262,0.0706396111540679,D193R,D193R,0.1851,benign,0.8318183934278076,0.8149,False,193,False,False
urn:mavedb:00000657-a-1#3794,,,p.Asp193Ser,0.840424401938214,0.111894595541522,D193S,D193S,0.0821,benign,0.8821930657944116,0.9178999999999999,False,193,False,False
urn:mavedb:00000657-a-1#3795,,,p.Asp193Thr,0.76544721837259,0.0587432260037069,D193T,D193T,0.1167,benign,0.8679744263454524,0.8833,False,193,False,False
urn:mavedb:00000657-a-1#3796,,,p.Asp193Val,0.851102805752882,0.0746322193306864,D193V,D193V,0.0889,benign,0.8795902398558065,0.9111,False,193,False,False
urn:mavedb:00000657-a-1#3797,,,p.Asp193Trp,0.96001065063269,0.0354281046069981,D193W,D193W,0.5549,ambiguous,0.426547957602477,0.44510000000000005,False,193,False,False
urn:mavedb:00000657-a-1#3798,,,p.Asp193Tyr,1.12342111295772,0.0536621307810166,D193Y,D193Y,0.0751,benign,0.8847798761861364,0.9249,False,193,False,False
urn:mavedb:00000657-a-1#3800,,,p.Gln194Ala,0.923743516453263,0.0232901070530352,Q194A,Q194A,0.1806,benign,0.834562803943735,0.8194,False,194,False,False
urn:mavedb:00000657-a-1#3801,,,p.Gln194Cys,0.844557534908827,0.0367874480588532,Q194C,Q194C,0.4301,ambiguous,0.593005699601361,0.5699000000000001,False,194,False,False
urn:mavedb:00000657-a-1#3802,,,p.Gln194Asp,0.199032060014949,0.0397866803930945,Q194D,Q194D,0.2691,benign,0.7698711774431567,0.7309,False,194,False,False
urn:mavedb:00000657-a-1#3803,,,p.Gln194Glu,0.132323513467795,0.0377721796298067,Q194E,Q194E,0.0734,benign,0.8853942288316443,0.9266,False,194,False,False
urn:mavedb:00000657-a-1#3804,,,p.Gln194Phe,0.619756104239144,0.0466837463295657,Q194F,Q194F,0.6231,pathogenic,0.3409793249395566,0.3769,False,194,False,False
urn:mavedb:00000657-a-1#3805,,,p.Gln194Gly,0.761493509834046,0.0328561037091689,Q194G,Q194G,0.1912,benign,0.8280099680043814,0.8088,False,194,False,False
urn:mavedb:00000657-a-1#3806,,,p.Gln194His,0.667972114036601,0.0264368722457427,Q194H,Q194H,0.1783,benign,0.8359443996795485,0.8217,False,194,False,False
urn:mavedb:00000657-a-1#3807,,,p.Gln194Ile,0.593968644708387,0.0271535340118623,Q194I,Q194I,0.3104,benign,0.7315148512857377,0.6896,False,194,False,False
urn:mavedb:00000657-a-1#3808,,,p.Gln194Lys,1.18431983837958,0.0344298305482115,Q194K,Q194K,0.0604,benign,0.8899183379856604,0.9396,False,194,False,False
urn:mavedb:00000657-a-1#3809,,,p.Gln194Leu,0.899002307105398,0.039037654509106,Q194L,Q194L,0.1218,benign,0.8656644826476098,0.8782,False,194,False,False
urn:mavedb:00000657-a-1#3810,,,p.Gln194Met,0.986909106037862,0.0230482599695179,Q194M,Q194M,0.3139,benign,0.728021756192116,0.6860999999999999,False,194,False,False
urn:mavedb:00000657-a-1#3811,,,p.Gln194Asn,0.550368608630746,0.0265952453362535,Q194N,Q194N,0.2158,benign,0.8115913986630126,0.7842,False,194,False,False
urn:mavedb:00000657-a-1#3812,,,p.Gln194Pro,0.183940233884785,0.034528764957486,Q194P,Q194P,0.3512,ambiguous,0.6885208905181602,0.6488,False,194,False,False
urn:mavedb:00000657-a-1#3813,,,p.Gln194Arg,1.04887897959888,0.0238457244253117,Q194R,Q194R,0.0754,benign,0.8846709034607713,0.9246,False,194,False,False
urn:mavedb:00000657-a-1#3814,,,p.Gln194Ser,0.786331875425319,0.060187438643945,Q194S,Q194S,0.2056,benign,0.8186084639632689,0.7944,False,194,False,False
urn:mavedb:00000657-a-1#3815,,,p.Gln194Thr,0.499806382682625,0.0477389152545387,Q194T,Q194T,0.1371,benign,0.858381427237183,0.8629,False,194,False,False
urn:mavedb:00000657-a-1#3816,,,p.Gln194Val,0.549581614474912,0.0360871775339338,Q194V,Q194V,0.2173,benign,0.8105340030438319,0.7827,False,194,False,False
urn:mavedb:00000657-a-1#3817,,,p.Gln194Trp,0.909083300680957,0.0181774344511186,Q194W,Q194W,0.4876,ambiguous,0.5167322824447166,0.5124,False,194,False,False
urn:mavedb:00000657-a-1#3818,,,p.Gln194Tyr,0.895124719312337,0.0264601855528871,Q194Y,Q194Y,0.3355,benign,0.7056454631903345,0.6645,False,194,False,False
urn:mavedb:00000657-a-1#3820,,,p.Met195Ala,0.867648669507936,0.0347650887925896,M195A,M195A,0.7222,pathogenic,0.23776748628429717,0.27780000000000005,True,195,False,True
urn:mavedb:00000657-a-1#3821,,,p.Met195Cys,0.768757582531743,0.0385091452597494,M195C,M195C,0.8539,pathogenic,0.14615886404655798,0.1461,False,195,False,False
urn:mavedb:00000657-a-1#3822,,,p.Met195Asp,0.011630082877429,0.043532828742863,M195D,M195D,0.9835,pathogenic,0.09689373647810087,0.01649999999999996,False,195,False,False
urn:mavedb:00000657-a-1#3823,,,p.Met195Glu,-0.0109282363726525,0.0147162346788017,M195E,M195E,0.7986,pathogenic,0.17858900373218112,0.20140000000000002,False,195,False,False
urn:mavedb:00000657-a-1#3824,,,p.Met195Phe,0.0610963149957903,0.0592959155940748,M195F,M195F,0.8527,pathogenic,0.14677898837565695,0.1473,False,195,False,False
urn:mavedb:00000657-a-1#3825,,,p.Met195Gly,0.244677560366464,0.0380218607143447,M195G,M195G,0.8747,pathogenic,0.13595435809660658,0.12529999999999997,False,195,False,False
urn:mavedb:00000657-a-1#3826,,,p.Met195His,-0.0079181959935083,0.0239257799155058,M195H,M195H,0.8805,pathogenic,0.1332866427654585,0.11950000000000005,False,195,False,False
urn:mavedb:00000657-a-1#3827,,,p.Met195Ile,0.0022811630358183,0.0246015933090693,M195I,M195I,0.8714,pathogenic,0.13750609220006052,0.12860000000000005,False,195,False,False
urn:mavedb:00000657-a-1#3828,,,p.Met195Lys,0.0194833822154733,0.0834544944211321,M195K,M195K,0.7666,pathogenic,0.20123377502697776,0.23340000000000005,False,195,False,False
urn:mavedb:00000657-a-1#3829,,,p.Met195Leu,-0.0038446701684054,0.0267447474802801,M195L,M195L,0.6216,pathogenic,0.3427542597210676,0.37839999999999996,False,195,False,False
urn:mavedb:00000657-a-1#3830,,,p.Met195Asn,-0.0025478581077123,0.0274449423555935,M195N,M195N,0.7298,pathogenic,0.2310816147422622,0.2702,False,195,False,False
urn:mavedb:00000657-a-1#3831,,,p.Met195Pro,0.0238433450638619,0.0697473328846597,M195P,M195P,0.9959,pathogenic,0.09369470657485554,0.0040999999999999925,False,195,False,False
urn:mavedb:00000657-a-1#3832,,,p.Met195Gln,0.870802428862771,0.0422226790430839,M195Q,M195Q,0.3796,ambiguous,0.6558217649006877,0.6204000000000001,False,195,False,False
urn:mavedb:00000657-a-1#3833,,,p.Met195Arg,0.0264433712468673,0.0521845377223391,M195R,M195R,0.8687,pathogenic,0.13879423602824245,0.13129999999999997,False,195,False,False
urn:mavedb:00000657-a-1#3834,,,p.Met195Ser,0.514243028844413,0.0405461938152704,M195S,M195S,0.5195,ambiguous,0.47370498919221365,0.48050000000000004,False,195,False,False
urn:mavedb:00000657-a-1#3835,,,p.Met195Thr,0.973446826899871,0.0240338850001841,M195T,M195T,0.2851,benign,0.7556410540746515,0.7149,False,195,False,False
urn:mavedb:00000657-a-1#3836,,,p.Met195Val,0.82370145597472,0.0388951965699902,M195V,M195V,0.3662,ambiguous,0.6715157985133401,0.6337999999999999,False,195,False,False
urn:mavedb:00000657-a-1#3837,,,p.Met195Trp,0.0375777995765463,0.052789732947491,M195W,M195W,0.9827,pathogenic,0.097107557576543,0.017299999999999982,False,195,False,False
urn:mavedb:00000657-a-1#3838,,,p.Met195Tyr,0.0269153282066028,0.0491693816890932,M195Y,M195Y,0.9567,pathogenic,0.10457825838386575,0.043300000000000005,False,195,False,False
urn:mavedb:00000657-a-1#3840,,,p.Arg196Ala,0.0048927729310629,0.0162618591658518,R196A,R196A,0.6901,pathogenic,0.26798919557583684,0.30989999999999995,False,196,False,False
urn:mavedb:00000657-a-1#3841,,,p.Arg196Cys,0.0192060142359865,0.0383690751993122,R196C,R196C,0.2418,benign,0.7923183412524241,0.7582,False,196,False,False
urn:mavedb:00000657-a-1#3842,,,p.Arg196Asp,0.0286029901617573,0.0408636969400485,R196D,R196D,0.8593,pathogenic,0.14341142975933543,0.14070000000000005,False,196,False,False
urn:mavedb:00000657-a-1#3843,,,p.Arg196Glu,0.00938686552692,0.0495405650695327,R196E,R196E,0.3975,ambiguous,0.6341724718201159,0.6025,False,196,False,False
urn:mavedb:00000657-a-1#3844,,,p.Arg196Phe,0.0321877382929623,0.0612746199378197,R196F,R196F,0.8531,pathogenic,0.1465718904334575,0.14690000000000003,False,196,False,False
urn:mavedb:00000657-a-1#3845,,,p.Arg196Gly,-0.0064220330206114,0.0263085132750376,R196G,R196G,0.3998,ambiguous,0.6313377193730842,0.6002000000000001,False,196,False,False
urn:mavedb:00000657-a-1#3846,,,p.Arg196His,0.0358191886181564,0.0443570372808267,R196H,R196H,0.1942,benign,0.8260992959850939,0.8058,False,196,False,False
urn:mavedb:00000657-a-1#3847,,,p.Arg196Ile,0.0238816139155621,0.0519218706912778,R196I,R196I,0.6293,pathogenic,0.33370320862695163,0.37070000000000003,False,196,False,False
urn:mavedb:00000657-a-1#3848,,,p.Arg196Lys,0.785481060472393,0.0513549559350214,R196K,R196K,0.1479,benign,0.8529096323500351,0.8521,False,196,False,False
urn:mavedb:00000657-a-1#3849,,,p.Arg196Leu,0.0013568002900317,0.0220979031378602,R196L,R196L,0.5851,pathogenic,0.38754759385522486,0.41490000000000005,False,196,False,False
urn:mavedb:00000657-a-1#3850,,,p.Arg196Met,0.0430231590834094,0.0395432406593536,R196M,R196M,0.5963,pathogenic,0.3734950735267441,0.40369999999999995,False,196,False,False
urn:mavedb:00000657-a-1#3851,,,p.Arg196Asn,-0.0028949180727549,0.0168137369709993,R196N,R196N,0.7983,pathogenic,0.17878752123295305,0.2017,False,196,False,False
urn:mavedb:00000657-a-1#3852,,,p.Arg196Pro,0.0854217410540694,0.113318596156136,R196P,R196P,0.9688,pathogenic,0.10097275510566263,0.031200000000000006,False,196,False,False
urn:mavedb:00000657-a-1#3853,,,p.Arg196Gln,0.173640653207828,0.0317986596920157,R196Q,R196Q,0.1189,benign,0.8669850436714417,0.8811,False,196,False,False
urn:mavedb:00000657-a-1#3854,,,p.Arg196Ser,0.13922750744445,0.0335958793009635,R196S,R196S,0.741,pathogenic,0.22155614003197005,0.259,False,196,False,False
urn:mavedb:00000657-a-1#3855,,,p.Arg196Thr,0.0027327950615011,0.0256033727587451,R196T,R196T,0.5695,pathogenic,0.40751136156238826,0.4305,False,196,False,False
urn:mavedb:00000657-a-1#3856,,,p.Arg196Val,0.0449098150473368,0.0754670557532369,R196V,R196V,0.6789,pathogenic,0.27928133247355985,0.32110000000000005,False,196,False,False
urn:mavedb:00000657-a-1#3857,,,p.Arg196Trp,0.0281788852162947,0.0697583104043523,R196W,R196W,0.3294,benign,0.7121059181546184,0.6706,False,196,False,False
urn:mavedb:00000657-a-1#3858,,,p.Arg196Tyr,0.0107203331089038,0.0620526478724599,R196Y,R196Y,0.6048,pathogenic,0.3630044155375412,0.3952,False,196,False,False
urn:mavedb:00000657-a-1#3860,,,p.Lys197Ala,0.98655128846458,0.0401249381357049,K197A,K197A,0.2029,benign,0.8204158547760506,0.7971,False,197,False,False
urn:mavedb:00000657-a-1#3861,,,p.Lys197Cys,0.871046746319977,0.0318215798381569,K197C,K197C,0.4031,ambiguous,0.6272505343900125,0.5969,False,197,False,False
urn:mavedb:00000657-a-1#3862,,,p.Lys197Asp,0.612989413457485,0.0283238109096506,K197D,K197D,0.3442,ambiguous,0.6962432773484856,0.6557999999999999,False,197,False,False
urn:mavedb:00000657-a-1#3863,,,p.Lys197Glu,0.7931358640404,0.0337738997320937,K197E,K197E,0.1065,benign,0.8724241434690192,0.8935,False,197,False,False
urn:mavedb:00000657-a-1#3864,,,p.Lys197Phe,0.52091744304824,0.0435222707868263,K197F,K197F,0.4932,ambiguous,0.5091787267623478,0.5067999999999999,False,197,False,False
urn:mavedb:00000657-a-1#3865,,,p.Lys197Gly,0.768981942751558,0.0420884380076669,K197G,K197G,0.278,benign,0.7620541392246524,0.722,False,197,False,False
urn:mavedb:00000657-a-1#3866,,,p.Lys197His,0.718723787297423,0.0381804972218032,K197H,K197H,0.2421,benign,0.7920841043974753,0.7579,False,197,False,False
urn:mavedb:00000657-a-1#3867,,,p.Lys197Ile,0.753779265301192,0.0178840125774189,K197I,K197I,0.1372,benign,0.8583320402706759,0.8628,False,197,False,False
urn:mavedb:00000657-a-1#3868,,,p.Lys197Leu,0.94843263314356,0.0356493094002706,K197L,K197L,0.1458,benign,0.8539956194874874,0.8542,False,197,False,False
urn:mavedb:00000657-a-1#3869,,,p.Lys197Met,0.978619114250749,0.0300233597661717,K197M,K197M,0.1117,benign,0.8701836566984588,0.8883,False,197,False,False
urn:mavedb:00000657-a-1#3870,,,p.Lys197Asn,0.903714185242127,0.044683750706994,K197N,K197N,0.2116,benign,0.8145172197389423,0.7884,False,197,False,False
urn:mavedb:00000657-a-1#3871,,,p.Lys197Pro,0.0104231886960103,0.0543597004546856,K197P,K197P,0.8494,pathogenic,0.148502493361797,0.15059999999999996,False,197,False,False
urn:mavedb:00000657-a-1#3872,,,p.Lys197Gln,0.989898457057632,0.0456212647162321,K197Q,K197Q,0.1034,benign,0.8737325737183529,0.8966,False,197,False,False
urn:mavedb:00000657-a-1#3873,,,p.Lys197Arg,0.945203159176939,0.0359491750195986,K197R,K197R,0.0851,benign,0.8810558344516506,0.9149,False,197,False,False
urn:mavedb:00000657-a-1#3874,,,p.Lys197Ser,0.962008827941713,0.0403644473456377,K197S,K197S,0.2363,benign,0.7965642794054113,0.7637,False,197,False,False
urn:mavedb:00000657-a-1#3875,,,p.Lys197Thr,0.943398744802652,0.0411844517020761,K197T,K197T,0.0959,benign,0.8768156395296189,0.9041,False,197,False,False
urn:mavedb:00000657-a-1#3876,,,p.Lys197Val,0.784867982761704,0.0428173266694994,K197V,K197V,0.1411,benign,0.8563874601902133,0.8589,False,197,False,False
urn:mavedb:00000657-a-1#3877,,,p.Lys197Trp,0.694302359122399,0.042150559340928,K197W,K197W,0.5417,ambiguous,0.443996845618965,0.45830000000000004,False,197,False,False
urn:mavedb:00000657-a-1#3878,,,p.Lys197Tyr,0.385642813049445,0.0385530566182237,K197Y,K197Y,0.3781,ambiguous,0.6576011759558006,0.6219,False,197,False,False
urn:mavedb:00000657-a-1#3880,,,p.Met198Ala,1.03225827541223,0.0341629504770688,M198A,M198A,0.4854,ambiguous,0.5196974055138182,0.5146,False,198,False,False
urn:mavedb:00000657-a-1#3881,,,p.Met198Cys,1.10221546135254,0.0623104742531607,M198C,M198C,0.7568,pathogenic,0.20877710757308732,0.24319999999999997,True,198,False,True
urn:mavedb:00000657-a-1#3882,,,p.Met198Asp,0.0240943014769709,0.0388695159378223,M198D,M198D,0.9711,pathogenic,0.10031321628644095,0.028900000000000037,False,198,False,False
urn:mavedb:00000657-a-1#3883,,,p.Met198Glu,0.0342404938845064,0.0592745132295291,M198E,M198E,0.8515,pathogenic,0.14740262727602205,0.14849999999999997,False,198,False,False
urn:mavedb:00000657-a-1#3884,,,p.Met198Phe,0.0317466054490051,0.0532795454397851,M198F,M198F,0.5823,pathogenic,0.39109891479938075,0.41769999999999996,False,198,False,False
urn:mavedb:00000657-a-1#3885,,,p.Met198Gly,-0.0108799317877196,0.0224054058699094,M198G,M198G,0.7493,pathogenic,0.21474749715633945,0.25070000000000003,False,198,False,False
urn:mavedb:00000657-a-1#3886,,,p.Met198His,0.0217321447994687,0.0695206818725863,M198H,M198H,0.9127,pathogenic,0.11978922410582214,0.08730000000000004,False,198,False,False
urn:mavedb:00000657-a-1#3887,,,p.Met198Ile,1.07722989490147,0.0390961205034502,M198I,M198I,0.1505,benign,0.8515501273078198,0.8495,False,198,False,False
urn:mavedb:00000657-a-1#3888,,,p.Met198Lys,0.0978241971585614,0.0602678646758902,M198K,M198K,0.7503,pathogenic,0.21394149227627207,0.24970000000000003,False,198,False,False
urn:mavedb:00000657-a-1#3889,,,p.Met198Leu,0.793991098001346,0.0287906251612378,M198L,M198L,0.1203,benign,0.8663498666766105,0.8797,False,198,False,False
urn:mavedb:00000657-a-1#3890,,,p.Met198Asn,0.0183143065647698,0.0464058741283042,M198N,M198N,0.7546,pathogenic,0.21051059525686772,0.24539999999999995,False,198,False,False
urn:mavedb:00000657-a-1#3891,,,p.Met198Pro,0.0246845594573844,0.0387332147969885,M198P,M198P,0.9588,pathogenic,0.10393584020106776,0.041200000000000014,False,198,False,False
urn:mavedb:00000657-a-1#3892,,,p.Met198Gln,0.0179661682503637,0.0594732154532967,M198Q,M198Q,0.7012,pathogenic,0.2571771682490913,0.29879999999999995,False,198,False,False
urn:mavedb:00000657-a-1#3893,,,p.Met198Arg,0.0487282970324205,0.0971565160926882,M198R,M198R,0.7994,pathogenic,0.1780608702205438,0.2006,False,198,False,False
urn:mavedb:00000657-a-1#3894,,,p.Met198Ser,0.466297370982713,0.0358443969572751,M198S,M198S,0.6433,pathogenic,0.3176430197726288,0.3567,False,198,False,False
urn:mavedb:00000657-a-1#3895,,,p.Met198Thr,0.877381580565061,0.0325225947056074,M198T,M198T,0.3946,ambiguous,0.6377301100015003,0.6053999999999999,False,198,False,False
urn:mavedb:00000657-a-1#3896,,,p.Met198Val,1.00493625742136,0.0591765543465271,M198V,M198V,0.1006,benign,0.8748971359268398,0.8994,False,198,False,False
urn:mavedb:00000657-a-1#3897,,,p.Met198Trp,0.0665179965441195,0.131867862243961,M198W,M198W,0.9265,pathogenic,0.11464176127311711,0.07350000000000001,False,198,False,False
urn:mavedb:00000657-a-1#3898,,,p.Met198Tyr,0.0046388069404807,0.0498069123778462,M198Y,M198Y,0.8493,pathogenic,0.14855513869857206,0.15069999999999995,False,198,False,False
urn:mavedb:00000657-a-1#3900,,,p.Ile199Ala,0.0149793786962241,0.0453756153004152,I199A,I199A,0.5534,ambiguous,0.42852044109231685,0.4466,False,199,False,False
urn:mavedb:00000657-a-1#3901,,,p.Ile199Cys,0.355457586438927,0.0521329483342782,I199C,I199C,0.7127,pathogenic,0.24637798568921032,0.2873,False,199,False,False
urn:mavedb:00000657-a-1#3902,,,p.Ile199Asp,0.0982723412466287,0.137236975617131,I199D,I199D,0.9648,pathogenic,0.10213917083792713,0.03520000000000001,False,199,False,False
urn:mavedb:00000657-a-1#3903,,,p.Ile199Glu,0.0142995332567168,0.0455151079200702,I199E,I199E,0.8919,pathogenic,0.12825910156963674,0.10809999999999997,False,199,False,False
urn:mavedb:00000657-a-1#3904,,,p.Ile199Phe,0.0083909771809916,0.0524683913878297,I199F,I199F,0.3786,ambiguous,0.6570086588977802,0.6214,False,199,False,False
urn:mavedb:00000657-a-1#3905,,,p.Ile199Gly,-0.0072240135454826,0.0437789959383403,I199G,I199G,0.8219,pathogenic,0.1639361320339581,0.17810000000000004,False,199,False,False
urn:mavedb:00000657-a-1#3906,,,p.Ile199His,0.0110871405501227,0.0855390697525703,I199H,I199H,0.9044,pathogenic,0.12306343169113061,0.09560000000000002,False,199,False,False
urn:mavedb:00000657-a-1#3907,,,p.Ile199Lys,0.0536266205938242,0.0874636526433182,I199K,I199K,0.8572,pathogenic,0.14447153230255066,0.14280000000000004,False,199,False,False
urn:mavedb:00000657-a-1#3908,,,p.Ile199Leu,0.715102733589739,0.0511200183662014,I199L,I199L,0.0875,benign,0.8801334836991603,0.9125,False,199,False,False
urn:mavedb:00000657-a-1#3909,,,p.Ile199Met,0.924279484839902,0.0531793199510993,I199M,I199M,0.0968,benign,0.8764517578732212,0.9032,False,199,False,False
urn:mavedb:00000657-a-1#3910,,,p.Ile199Asn,0.0344775977751695,0.103742461794323,I199N,I199N,0.6227,pathogenic,0.3414520916581914,0.37729999999999997,False,199,False,False
urn:mavedb:00000657-a-1#3911,,,p.Ile199Pro,-0.0124904280191381,0.0511039932938079,I199P,I199P,0.9606,pathogenic,0.10339083759460259,0.03939999999999999,False,199,False,False
urn:mavedb:00000657-a-1#3912,,,p.Ile199Gln,-0.0058666017633911,0.0263300208348938,I199Q,I199Q,0.8252,pathogenic,0.16198031241068628,0.17479999999999996,False,199,False,False
urn:mavedb:00000657-a-1#3913,,,p.Ile199Arg,0.0386612838864215,0.0650445550996454,I199R,I199R,0.8444,pathogenic,0.15116514089273786,0.15559999999999996,False,199,False,False
urn:mavedb:00000657-a-1#3914,,,p.Ile199Ser,0.0199335198163583,0.0474813256606306,I199S,I199S,0.5864,pathogenic,0.38590379892289683,0.41359999999999997,False,199,False,False
urn:mavedb:00000657-a-1#3915,,,p.Ile199Thr,0.0360642739429527,0.035152711468724,I199T,I199T,0.2905,benign,0.7506583179952737,0.7095,False,199,False,False
urn:mavedb:00000657-a-1#3916,,,p.Ile199Val,1.03096181098147,0.0269492014220124,I199V,I199V,0.0709,benign,0.8862879926894768,0.9291,False,199,False,False
urn:mavedb:00000657-a-1#3917,,,p.Ile199Trp,0.0180441011810844,0.0581012314890234,I199W,I199W,0.943,pathogenic,0.10894787825026526,0.05700000000000005,False,199,False,False
urn:mavedb:00000657-a-1#3918,,,p.Ile199Tyr,0.032308984083484,0.0867096621785552,I199Y,I199Y,0.8595,pathogenic,0.14331101805684043,0.14049999999999996,False,199,False,False
urn:mavedb:00000657-a-1#3920,,,p.Lys200Ala,0.758847966985642,0.039024430044298,K200A,K200A,0.2164,benign,0.8111692297410185,0.7836,False,200,False,False
urn:mavedb:00000657-a-1#3921,,,p.Lys200Cys,0.847957969749876,0.039698764009822,K200C,K200C,0.3461,ambiguous,0.6941609350911843,0.6538999999999999,False,200,False,False
urn:mavedb:00000657-a-1#3922,,,p.Lys200Asp,0.20652211764008,0.0432970860313365,K200D,K200D,0.4904,ambiguous,0.5129564180076144,0.5096,False,200,False,False
urn:mavedb:00000657-a-1#3923,,,p.Lys200Glu,0.624384484581553,0.0310464705114077,K200E,K200E,0.1404,benign,0.8567391519916925,0.8596,False,200,False,False
urn:mavedb:00000657-a-1#3924,,,p.Lys200Phe,0.706080914568837,0.0404622564979777,K200F,K200F,0.4506,ambiguous,0.5662060087370363,0.5494,False,200,False,False
urn:mavedb:00000657-a-1#3925,,,p.Lys200Gly,0.980903482065185,0.0345442671667976,K200G,K200G,0.2093,benign,0.8160977823220164,0.7907,False,200,False,False
urn:mavedb:00000657-a-1#3926,,,p.Lys200His,0.849055606721906,0.0442966758787543,K200H,K200H,0.1975,benign,0.8239685759350045,0.8025,False,200,False,False
urn:mavedb:00000657-a-1#3927,,,p.Lys200Ile,0.824929127533174,0.0328661481744712,K200I,K200I,0.178,benign,0.8361235619746832,0.8220000000000001,False,200,False,False
urn:mavedb:00000657-a-1#3928,,,p.Lys200Leu,0.852973109751722,0.0326188841300742,K200L,K200L,0.1727,benign,0.8392492503635223,0.8273,False,200,False,False
urn:mavedb:00000657-a-1#3929,,,p.Lys200Met,0.987537786054254,0.0321088502002018,K200M,K200M,0.1335,benign,0.8601437071416511,0.8665,False,200,False,False
urn:mavedb:00000657-a-1#3930,,,p.Lys200Asn,0.916766195943475,0.0232201550130341,K200N,K200N,0.2603,benign,0.7773581807201745,0.7397,False,200,False,False
urn:mavedb:00000657-a-1#3931,,,p.Lys200Pro,0.0607169257671818,0.0553621137848728,K200P,K200P,0.7619,pathogenic,0.20481521201868863,0.23809999999999998,False,200,False,False
urn:mavedb:00000657-a-1#3932,,,p.Lys200Gln,0.863384849001825,0.0364958995448312,K200Q,K200Q,0.0961,benign,0.8767349190185628,0.9039,False,200,False,False
urn:mavedb:00000657-a-1#3933,,,p.Lys200Arg,0.851601188064953,0.0241120818318398,K200R,K200R,0.0795,benign,0.8831647026214455,0.9205,False,200,False,False
urn:mavedb:00000657-a-1#3934,,,p.Lys200Ser,0.838408029332667,0.0531479618927174,K200S,K200S,0.2253,benign,0.8047828641732085,0.7746999999999999,False,200,False,False
urn:mavedb:00000657-a-1#3935,,,p.Lys200Thr,0.879325278754285,0.0461367207779981,K200T,K200T,0.0958,benign,0.8768559693796675,0.9042,False,200,False,False
urn:mavedb:00000657-a-1#3936,,,p.Lys200Val,0.732158979993505,0.0178935434012925,K200V,K200V,0.1835,benign,0.8328004731565422,0.8165,False,200,False,False
urn:mavedb:00000657-a-1#3937,,,p.Lys200Trp,0.412717123621142,0.0336072116384218,K200W,K200W,0.5111,ambiguous,0.4850205364498373,0.4889,False,200,False,False
urn:mavedb:00000657-a-1#3938,,,p.Lys200Tyr,0.603212384636474,0.0296024151424427,K200Y,K200Y,0.3441,ambiguous,0.6963525887615165,0.6558999999999999,False,200,False,False
urn:mavedb:00000657-a-1#3940,,,p.His201Ala,0.91425635234176,0.0197292276887317,H201A,H201A,0.2507,benign,0.7852525028436605,0.7493000000000001,False,201,False,False
urn:mavedb:00000657-a-1#3941,,,p.His201Cys,0.718674689402182,0.0428346931966567,H201C,H201C,0.1184,benign,0.8672108405475775,0.8815999999999999,False,201,False,False
urn:mavedb:00000657-a-1#3942,,,p.His201Asp,0.017505742143252,0.0345760979636047,H201D,H201D,0.2685,benign,0.7703892957731158,0.7315,False,201,False,False
urn:mavedb:00000657-a-1#3943,,,p.His201Glu,0.111984383722727,0.0342013844537756,H201E,H201E,0.3839,ambiguous,0.6506901660325509,0.6161,False,201,False,False
urn:mavedb:00000657-a-1#3944,,,p.His201Phe,0.820025376780919,0.0250030253018334,H201F,H201F,0.2494,benign,0.7862997107225811,0.7505999999999999,False,201,False,False
urn:mavedb:00000657-a-1#3945,,,p.His201Gly,0.52217420507958,0.0239978703680681,H201G,H201G,0.2943,benign,0.7470975443024895,0.7057,False,201,False,False
urn:mavedb:00000657-a-1#3946,,,p.His201Ile,0.0564988457510419,0.0357924493747113,H201I,H201I,0.2786,benign,0.761518267581404,0.7214,False,201,False,False
urn:mavedb:00000657-a-1#3947,,,p.His201Lys,-0.0064072520042972,0.0224236964373596,H201K,H201K,0.3027,benign,0.7390673292655794,0.6973,False,201,False,False
urn:mavedb:00000657-a-1#3948,,,p.His201Leu,0.587927436738244,0.0386567844360451,H201L,H201L,0.101,benign,0.8747317649807036,0.899,False,201,False,False
urn:mavedb:00000657-a-1#3949,,,p.His201Met,0.0809184542012633,0.0300638099319912,H201M,H201M,0.4153,ambiguous,0.611945975972812,0.5847,False,201,False,False
urn:mavedb:00000657-a-1#3950,,,p.His201Asn,0.303226103619323,0.0431435933034585,H201N,H201N,0.1183,benign,0.8672559336394995,0.8817,False,201,False,False
urn:mavedb:00000657-a-1#3951,,,p.His201Pro,0.0251259262459821,0.0454606064545421,H201P,H201P,0.4805,ambiguous,0.5262950108077863,0.5195000000000001,False,201,False,False
urn:mavedb:00000657-a-1#3952,,,p.His201Gln,-0.003400619298207,0.0220162020705058,H201Q,H201Q,0.2652,benign,0.77321894282323,0.7348,False,201,False,False
urn:mavedb:00000657-a-1#3953,,,p.His201Arg,-0.0125767416329871,0.0168422009463184,H201R,H201R,0.1625,benign,0.8450573277549744,0.8375,False,201,False,False
urn:mavedb:00000657-a-1#3954,,,p.His201Ser,0.771026753214163,0.0314907097001051,H201S,H201S,0.2388,benign,0.7946456717344679,0.7612,False,201,False,False
urn:mavedb:00000657-a-1#3955,,,p.His201Thr,0.301181903918916,0.0353046745943804,H201T,H201T,0.2397,benign,0.7939503405974933,0.7603,False,201,False,False
urn:mavedb:00000657-a-1#3956,,,p.His201Val,0.272225970270198,0.0332811271542882,H201V,H201V,0.2241,benign,0.8056575868362321,0.7759,False,201,False,False
urn:mavedb:00000657-a-1#3957,,,p.His201Trp,-0.0018978189204338,0.0266366823692086,H201W,H201W,0.4002,ambiguous,0.6308435454579014,0.5998,False,201,False,False
urn:mavedb:00000657-a-1#3958,,,p.His201Tyr,0.986715307827233,0.0364048662671894,H201Y,H201Y,0.0766,benign,0.8842333324160383,0.9234,False,201,False,False
urn:mavedb:00000657-a-1#3960,,,p.Ala202Cys,-0.0151220681235323,0.0175237385641192,A202C,A202C,0.4807,ambiguous,0.526025923309323,0.5193,False,202,False,False
urn:mavedb:00000657-a-1#3961,,,p.Ala202Asp,0.093046388148508,0.123007869123447,A202D,A202D,0.9649,pathogenic,0.10210970747994277,0.03510000000000002,False,202,False,False
urn:mavedb:00000657-a-1#3962,,,p.Ala202Glu,0.0780904593161145,0.12438491485813,A202E,A202E,0.9624,pathogenic,0.10285099803805212,0.03759999999999997,False,202,False,False
urn:mavedb:00000657-a-1#3963,,,p.Ala202Phe,0.0201240391021561,0.0854053185209994,A202F,A202F,0.8408,pathogenic,0.15312098100099095,0.1592,False,202,False,False
urn:mavedb:00000657-a-1#3964,,,p.Ala202Gly,1.08480927873288,0.022600384404973,A202G,A202G,0.1167,benign,0.8679744263454524,0.8833,False,202,False,False
urn:mavedb:00000657-a-1#3965,,,p.Ala202His,0.0166628391674302,0.0558211493229818,A202H,A202H,0.9632,pathogenic,0.10261271563357281,0.036800000000000055,False,202,False,False
urn:mavedb:00000657-a-1#3966,,,p.Ala202Ile,-0.005556653124647,0.0411743507223397,A202I,A202I,0.5757,pathogenic,0.3995263793287929,0.4243,False,202,False,False
urn:mavedb:00000657-a-1#3967,,,p.Ala202Lys,0.0042083927188931,0.0628954321786214,A202K,A202K,0.9866,pathogenic,0.09607381374703794,0.013399999999999967,False,202,False,False
urn:mavedb:00000657-a-1#3968,,,p.Ala202Leu,0.0054683852489014,0.0844643480849671,A202L,A202L,0.613,pathogenic,0.3530370451565394,0.387,False,202,False,False
urn:mavedb:00000657-a-1#3969,,,p.Ala202Met,0.0720519270866965,0.0994776055237007,A202M,A202M,0.6077,pathogenic,0.3594617319476398,0.3923,False,202,False,False
urn:mavedb:00000657-a-1#3970,,,p.Ala202Asn,0.0164158805044882,0.0453670373825552,A202N,A202N,0.8974,pathogenic,0.12593303231342462,0.10260000000000002,False,202,False,False
urn:mavedb:00000657-a-1#3971,,,p.Ala202Pro,0.0605173286903381,0.211113804390494,A202P,A202P,0.9734,pathogenic,0.09966171210695504,0.026599999999999957,False,202,False,False
urn:mavedb:00000657-a-1#3972,,,p.Ala202Gln,-0.0108406934017074,0.0355386553470107,A202Q,A202Q,0.9385,pathogenic,0.11045278892568339,0.0615,False,202,False,False
urn:mavedb:00000657-a-1#3973,,,p.Ala202Arg,0.0278738191199928,0.0787813331614614,A202R,A202R,0.9751,pathogenic,0.09918527966516383,0.024900000000000033,False,202,False,False
urn:mavedb:00000657-a-1#3974,,,p.Ala202Ser,0.476311439128234,0.0371486123817098,A202S,A202S,0.1232,benign,0.8650202525592193,0.8768,False,202,False,False
urn:mavedb:00000657-a-1#3975,,,p.Ala202Thr,-0.0216871636616214,0.0493695622847989,A202T,A202T,0.1571,benign,0.8480238932389139,0.8429,False,202,False,False
urn:mavedb:00000657-a-1#3976,,,p.Ala202Val,0.0347005652413551,0.0884304520456198,A202V,A202V,0.3289,benign,0.7126305837438102,0.6711,False,202,False,False
urn:mavedb:00000657-a-1#3977,,,p.Ala202Trp,0.0576590648260187,0.0981287333594258,A202W,A202W,0.9864,pathogenic,0.09612630018968323,0.013599999999999945,False,202,False,False
urn:mavedb:00000657-a-1#3978,,,p.Ala202Tyr,0.10078680353712,0.190325104079837,A202Y,A202Y,0.9454,pathogenic,0.10815957236198662,0.05459999999999998,False,202,False,False
urn:mavedb:00000657-a-1#3980,,,p.Leu203Ala,0.0142088092541937,0.0460737193119284,L203A,L203A,0.6745,pathogenic,0.2838214392334033,0.3255,False,203,False,False
urn:mavedb:00000657-a-1#3981,,,p.Leu203Cys,-0.0085977646474226,0.020128285286091,L203C,L203C,0.7143,pathogenic,0.24490809748088127,0.28569999999999995,False,203,False,False
urn:mavedb:00000657-a-1#3982,,,p.Leu203Asp,0.0435962447231418,0.0574335628216218,L203D,L203D,0.9915,pathogenic,0.09480541607229787,0.008499999999999952,False,203,False,False
urn:mavedb:00000657-a-1#3983,,,p.Leu203Glu,0.0115118359167384,0.0319306235575038,L203E,L203E,0.9634,pathogenic,0.10255330265901798,0.036599999999999966,False,203,False,False
urn:mavedb:00000657-a-1#3984,,,p.Leu203Phe,0.170538846399219,0.0470330538480758,L203F,L203F,0.3413,ambiguous,0.6994016604460254,0.6587000000000001,False,203,False,False
urn:mavedb:00000657-a-1#3985,,,p.Leu203Gly,0.114167679669927,0.0753182990964346,L203G,L203G,0.9063,pathogenic,0.12230177141233575,0.0937,False,203,False,False
urn:mavedb:00000657-a-1#3986,,,p.Leu203His,0.0624519817548575,0.0769138833789205,L203H,L203H,0.9059,pathogenic,0.12246151635833782,0.09409999999999996,False,203,False,False
urn:mavedb:00000657-a-1#3987,,,p.Leu203Ile,0.34759852964183,0.0305073969631372,L203I,L203I,0.182,benign,0.8337148623435504,0.8180000000000001,False,203,False,False
urn:mavedb:00000657-a-1#3988,,,p.Leu203Lys,0.0321235013644367,0.0397632027074545,L203K,L203K,0.953,pathogenic,0.10572758198856796,0.04700000000000004,False,203,False,False
urn:mavedb:00000657-a-1#3989,,,p.Leu203Met,0.602462331819205,0.0412182606007715,L203M,L203M,0.1808,benign,0.8344419930928533,0.8192,False,203,False,False
urn:mavedb:00000657-a-1#3990,,,p.Leu203Asn,0.0010785540772923,0.0381480046275595,L203N,L203N,0.9512,pathogenic,0.10629485150414686,0.048799999999999955,False,203,False,False
urn:mavedb:00000657-a-1#3991,,,p.Leu203Pro,0.0359097588143761,0.0764535660083141,L203P,L203P,0.9733,pathogenic,0.09968987245871948,0.026699999999999946,False,203,False,False
urn:mavedb:00000657-a-1#3992,,,p.Leu203Gln,0.0058932278236631,0.0307686586900787,L203Q,L203Q,0.8679,pathogenic,0.1391791388903276,0.1321,False,203,False,False
urn:mavedb:00000657-a-1#3993,,,p.Leu203Arg,0.0940322679191658,0.181876750399493,L203R,L203R,0.9069,pathogenic,0.12206275657990003,0.09309999999999996,False,203,False,False
urn:mavedb:00000657-a-1#3994,,,p.Leu203Ser,-0.0043500429772014,0.0272824088267016,L203S,L203S,0.8465,pathogenic,0.15003925488916364,0.15349999999999997,False,203,False,False
urn:mavedb:00000657-a-1#3995,,,p.Leu203Thr,0.0041157235558721,0.0318901418417395,L203T,L203T,0.6079,pathogenic,0.35921811230043477,0.3921,False,203,False,False
urn:mavedb:00000657-a-1#3996,,,p.Leu203Val,-0.0023193188177625,0.0208358129368413,L203V,L203V,0.1636,benign,0.8444439178993773,0.8364,False,203,False,False
urn:mavedb:00000657-a-1#3997,,,p.Leu203Trp,0.066971986818507,0.0806075766052887,L203W,L203W,0.741,pathogenic,0.22155614003197005,0.259,False,203,False,False
urn:mavedb:00000657-a-1#3998,,,p.Leu203Tyr,0.0250667204978519,0.0329560396123424,L203Y,L203Y,0.8735,pathogenic,0.13651575683436606,0.12649999999999995,False,203,False,False
urn:mavedb:00000657-a-1#4000,,,p.Asp204Ala,0.0248519202211545,0.0555547132434129,D204A,D204A,0.4767,ambiguous,0.5314038701112845,0.5233,False,204,False,False
urn:mavedb:00000657-a-1#4001,,,p.Asp204Cys,0.0022188864660642,0.0832953411389211,D204C,D204C,0.861,pathogenic,0.1425609687612593,0.139,False,204,False,False
urn:mavedb:00000657-a-1#4002,,,p.Asp204Glu,-0.0083246470699988,0.0233127043503314,D204E,D204E,0.5291,ambiguous,0.46081449748388265,0.4709,False,204,False,False
urn:mavedb:00000657-a-1#4003,,,p.Asp204Phe,0.0107996221055556,0.0554745895258255,D204F,D204F,0.91,pathogenic,0.1208393034534817,0.08999999999999997,False,204,False,False
urn:mavedb:00000657-a-1#4004,,,p.Asp204Gly,-0.0032679519141735,0.0375441789284795,D204G,D204G,0.5195,ambiguous,0.47370498919221365,0.48050000000000004,False,204,False,False
urn:mavedb:00000657-a-1#4005,,,p.Asp204His,0.0147639169420635,0.0458923692815166,D204H,D204H,0.6391,pathogenic,0.3224059734288147,0.3609,False,204,False,False
urn:mavedb:00000657-a-1#4006,,,p.Asp204Ile,-0.0011994331066178,0.0869426135323111,D204I,D204I,0.7436,pathogenic,0.21940045822067034,0.25639999999999996,False,204,False,False
urn:mavedb:00000657-a-1#4007,,,p.Asp204Lys,0.0254154832989149,0.123179413390113,D204K,D204K,0.8377,pathogenic,0.1548314761629827,0.1623,False,204,False,False
urn:mavedb:00000657-a-1#4008,,,p.Asp204Leu,0.0274304083096844,0.0860863272947174,D204L,D204L,0.7477,pathogenic,0.21604349462863093,0.25229999999999997,False,204,False,False
urn:mavedb:00000657-a-1#4009,,,p.Asp204Met,-0.0257676476580119,0.0327854585305998,D204M,D204M,0.9172,pathogenic,0.1180707371436557,0.08279999999999998,False,204,False,False
urn:mavedb:00000657-a-1#4010,,,p.Asp204Asn,0.292059864061369,0.0294626219341126,D204N,D204N,0.1903,benign,0.828578304867724,0.8097,False,204,False,False
urn:mavedb:00000657-a-1#4011,,,p.Asp204Pro,0.0595684700611898,0.107679838465823,D204P,D204P,0.9746,pathogenic,0.09932495804411609,0.025399999999999978,False,204,False,False
urn:mavedb:00000657-a-1#4012,,,p.Asp204Gln,-0.0058907256495582,0.021457542465205,D204Q,D204Q,0.7719,pathogenic,0.1972747989592777,0.22809999999999997,False,204,False,False
urn:mavedb:00000657-a-1#4013,,,p.Asp204Arg,0.0450361371298859,0.12615114948684,D204R,D204R,0.8267,pathogenic,0.16110086414720656,0.1733,False,204,False,False
urn:mavedb:00000657-a-1#4014,,,p.Asp204Ser,0.0387707652649614,0.054546810370056,D204S,D204S,0.3303,benign,0.711159649722339,0.6697,False,204,False,False
urn:mavedb:00000657-a-1#4015,,,p.Asp204Thr,-0.0172535316432282,0.047568386199797,D204T,D204T,0.5368,ambiguous,0.4505208567566874,0.46319999999999995,False,204,False,False
urn:mavedb:00000657-a-1#4016,,,p.Asp204Val,0.000350012626791,0.0440105852311537,D204V,D204V,0.5456,ambiguous,0.43882116318711406,0.4544,False,204,False,False
urn:mavedb:00000657-a-1#4017,,,p.Asp204Trp,-0.0061378365950877,0.0414088630893887,D204W,D204W,0.978,pathogenic,0.0983824681484024,0.02200000000000002,False,204,False,False
urn:mavedb:00000657-a-1#4018,,,p.Asp204Tyr,-0.0033700553891534,0.0394336514052532,D204Y,D204Y,0.5443,ambiguous,0.44054463022598117,0.4557,False,204,False,False
urn:mavedb:00000657-a-1#4020,,,p.Phe205Ala,0.087581624997717,0.175021216194636,F205A,F205A,0.9495,pathogenic,0.1068355503117546,0.05049999999999999,False,205,False,False
urn:mavedb:00000657-a-1#4021,,,p.Phe205Cys,0.060304813170451,0.0987046096878429,F205C,F205C,0.7526,pathogenic,0.2120993202400958,0.24739999999999995,False,205,False,False
urn:mavedb:00000657-a-1#4022,,,p.Phe205Asp,0.0206527487799624,0.0692304439800974,F205D,F205D,0.9935,pathogenic,0.09429726949120015,0.00649999999999995,False,205,False,False
urn:mavedb:00000657-a-1#4023,,,p.Phe205Glu,0.0522997921708071,0.0663241082228776,F205E,F205E,0.996,pathogenic,0.09366976932467169,0.0040000000000000036,False,205,False,False
urn:mavedb:00000657-a-1#4024,,,p.Phe205Gly,-0.0062525161497623,0.0556195303061466,F205G,F205G,0.9677,pathogenic,0.10129105190771823,0.032299999999999995,False,205,False,False
urn:mavedb:00000657-a-1#4025,,,p.Phe205His,0.114001505075712,0.217296218929624,F205H,F205H,0.9471,pathogenic,0.10760713820163312,0.05289999999999995,False,205,False,False
urn:mavedb:00000657-a-1#4026,,,p.Phe205Ile,-0.0180107288106487,0.052574328029834,F205I,F205I,0.7913,pathogenic,0.1834924075128715,0.2087,False,205,False,False
urn:mavedb:00000657-a-1#4027,,,p.Phe205Lys,0.0227820242014029,0.0516117746353174,F205K,F205K,0.9959,pathogenic,0.09369470657485554,0.0040999999999999925,False,205,False,False
urn:mavedb:00000657-a-1#4028,,,p.Phe205Leu,-0.0144005031283709,0.0637777810968165,F205L,F205L,0.9713,pathogenic,0.10025624602039429,0.028699999999999948,False,205,False,False
urn:mavedb:00000657-a-1#4029,,,p.Phe205Met,-0.0065531470855561,0.0421715437647923,F205M,F205M,0.8982,pathogenic,0.12559996993396316,0.1018,False,205,False,False
urn:mavedb:00000657-a-1#4030,,,p.Phe205Asn,-0.0055878173172098,0.0509153881189453,F205N,F205N,0.9806,pathogenic,0.09767322827274999,0.019399999999999973,False,205,False,False
urn:mavedb:00000657-a-1#4031,,,p.Phe205Gln,0.0269192368281802,0.115998786593402,F205Q,F205Q,0.9923,pathogenic,0.09460149794310513,0.00770000000000004,False,205,False,False
urn:mavedb:00000657-a-1#4032,,,p.Phe205Arg,0.0380359803006079,0.135867126198653,F205R,F205R,0.9862,pathogenic,0.09617884319049497,0.013800000000000034,False,205,False,False
urn:mavedb:00000657-a-1#4033,,,p.Phe205Ser,0.143991711837834,0.221085763980678,F205S,F205S,0.9383,pathogenic,0.11052049471081733,0.06169999999999998,False,205,False,False
urn:mavedb:00000657-a-1#4034,,,p.Phe205Thr,0.0087566347011499,0.071397821691314,F205T,F205T,0.9531,pathogenic,0.1056962240582898,0.04690000000000005,False,205,False,False
urn:mavedb:00000657-a-1#4035,,,p.Phe205Val,0.0613163482905754,0.0910884713390446,F205V,F205V,0.7029,pathogenic,0.2555548933150036,0.29710000000000003,False,205,False,False
urn:mavedb:00000657-a-1#4036,,,p.Phe205Trp,-0.0053817055142913,0.0203834087536023,F205W,F205W,0.7465,pathogenic,0.2170206598110221,0.25349999999999995,False,205,False,False
urn:mavedb:00000657-a-1#4037,,,p.Phe205Tyr,-0.0069750471740189,0.0245677796197515,F205Y,F205Y,0.3191,benign,0.7227630700869524,0.6809000000000001,False,205,False,False
urn:mavedb:00000657-a-1#4039,,,p.Ile206Ala,0.0882663036387677,0.0431401789091017,I206A,I206A,0.4621,ambiguous,0.5509456524401667,0.5379,False,206,False,False
urn:mavedb:00000657-a-1#4040,,,p.Ile206Cys,0.725942630294341,0.0473616864228155,I206C,I206C,0.5733,pathogenic,0.4026097636534757,0.42669999999999997,False,206,False,False
urn:mavedb:00000657-a-1#4041,,,p.Ile206Asp,0.0070686006451819,0.0521654276679458,I206D,I206D,0.9635,pathogenic,0.10252361977630245,0.03649999999999998,False,206,False,False
urn:mavedb:00000657-a-1#4042,,,p.Ile206Glu,-0.0030997636888753,0.0516460689773963,I206E,I206E,0.9388,pathogenic,0.11035136203350618,0.06120000000000003,False,206,False,False
urn:mavedb:00000657-a-1#4043,,,p.Ile206Phe,0.157832682831652,0.274169442753204,I206F,I206F,0.2422,benign,0.7920059646002523,0.7578,False,206,False,False
urn:mavedb:00000657-a-1#4044,,,p.Ile206Gly,0.12649234107023,0.207397648917398,I206G,I206G,0.8337,pathogenic,0.15707491661706202,0.1663,False,206,False,False
urn:mavedb:00000657-a-1#4045,,,p.Ile206His,-0.0415388500267891,0.01020978777836,I206H,I206H,0.8392,pathogenic,0.1540007622317861,0.16080000000000005,False,206,False,False
urn:mavedb:00000657-a-1#4046,,,p.Ile206Lys,0.100813029057487,0.142786242817472,I206K,I206K,0.8751,pathogenic,0.135767950426852,0.12490000000000001,False,206,False,False
urn:mavedb:00000657-a-1#4047,,,p.Ile206Leu,0.81607784611706,0.0886823559724003,I206L,I206L,0.0989,benign,0.8755962835277019,0.9011,False,206,False,False
urn:mavedb:00000657-a-1#4048,,,p.Ile206Met,-0.0080737517371504,0.0110196368739313,I206M,I206M,0.1345,benign,0.8596572305230861,0.8654999999999999,False,206,False,False
urn:mavedb:00000657-a-1#4049,,,p.Ile206Asn,0.0878851704908473,0.152837153463184,I206N,I206N,0.6862,pathogenic,0.27187792167551084,0.31379999999999997,False,206,False,False
urn:mavedb:00000657-a-1#4050,,,p.Ile206Pro,-0.0293012760111734,0.0294819697064819,I206P,I206P,0.9435,pathogenic,0.10878283271848391,0.056499999999999995,False,206,False,False
urn:mavedb:00000657-a-1#4051,,,p.Ile206Gln,-0.0242133569873009,0.0443008617372613,I206Q,I206Q,0.8449,pathogenic,0.15089607315831735,0.15510000000000002,False,206,False,False
urn:mavedb:00000657-a-1#4052,,,p.Ile206Arg,0.143253561516163,0.226161200905511,I206R,I206R,0.8065,pathogenic,0.1734526433680379,0.1935,False,206,False,False
urn:mavedb:00000657-a-1#4053,,,p.Ile206Ser,-0.0082085709450347,0.0433188932769389,I206S,I206S,0.519,ambiguous,0.47437774289589013,0.481,False,206,False,False
urn:mavedb:00000657-a-1#4054,,,p.Ile206Thr,0.318373975047354,0.0263252355791778,I206T,I206T,0.3197,benign,0.7221510189199578,0.6803,False,206,False,False
urn:mavedb:00000657-a-1#4055,,,p.Ile206Val,0.88799271424582,0.039850132004153,I206V,I206V,0.0833,benign,0.8817402555794865,0.9167,False,206,False,False
urn:mavedb:00000657-a-1#4056,,,p.Ile206Trp,0.0927035484821093,0.164102864558284,I206W,I206W,0.8987,pathogenic,0.12539248031169453,0.10129999999999995,False,206,False,False
urn:mavedb:00000657-a-1#4057,,,p.Ile206Tyr,-0.0124057789693542,0.043763308223449,I206Y,I206Y,0.7432,pathogenic,0.21973074226134393,0.25680000000000003,False,206,False,False
urn:mavedb:00000657-a-1#4059,,,p.His207Ala,1.04589459182791,0.0421824579023656,H207A,H207A,0.1222,benign,0.8654808650595853,0.8778,False,207,False,False
urn:mavedb:00000657-a-1#4060,,,p.His207Cys,1.04205972754514,0.0580963577399469,H207C,H207C,0.0872,benign,0.8802493926152862,0.9128000000000001,False,207,False,False
urn:mavedb:00000657-a-1#4061,,,p.His207Asp,0.765818859432074,0.0416251825325908,H207D,H207D,0.0958,benign,0.8768559693796675,0.9042,False,207,False,False
urn:mavedb:00000657-a-1#4062,,,p.His207Glu,1.04992851644741,0.0522743471778544,H207E,H207E,0.1346,benign,0.859608454378399,0.8654,False,207,False,False
urn:mavedb:00000657-a-1#4063,,,p.His207Phe,0.778727300247153,0.0660319875824144,H207F,H207F,0.195,benign,0.8255855541447553,0.8049999999999999,False,207,False,False
urn:mavedb:00000657-a-1#4064,,,p.His207Gly,0.851307576138238,0.054487411990891,H207G,H207G,0.1363,benign,0.858775674276468,0.8637,False,207,False,False
urn:mavedb:00000657-a-1#4065,,,p.His207Ile,0.885450782421951,0.044189110469442,H207I,H207I,0.1357,benign,0.8590703711001789,0.8643000000000001,False,207,False,False
urn:mavedb:00000657-a-1#4066,,,p.His207Lys,1.06565549837436,0.0487251006597012,H207K,H207K,0.1639,benign,0.8442760855521855,0.8361000000000001,False,207,False,False
urn:mavedb:00000657-a-1#4067,,,p.His207Leu,0.871371886041135,0.0526537064530518,H207L,H207L,0.0906,benign,0.8789253912618078,0.9094,False,207,False,False
urn:mavedb:00000657-a-1#4068,,,p.His207Met,1.03890858226053,0.0620190196769142,H207M,H207M,0.2871,benign,0.7538061865070004,0.7129,False,207,False,False
urn:mavedb:00000657-a-1#4069,,,p.His207Asn,0.862752704638971,0.040749172603555,H207N,H207N,0.0739,benign,0.885214093261438,0.9261,False,207,False,False
urn:mavedb:00000657-a-1#4070,,,p.His207Pro,0.0133106278355391,0.0824421974916419,H207P,H207P,0.3791,ambiguous,0.6564155213134073,0.6209,False,207,False,False
urn:mavedb:00000657-a-1#4071,,,p.His207Gln,1.14592537850804,0.0583550948935831,H207Q,H207Q,0.0926,benign,0.8781358711751618,0.9074,False,207,False,False
urn:mavedb:00000657-a-1#4072,,,p.His207Arg,0.879851327089609,0.0395494012801702,H207R,H207R,0.0845,benign,0.8812846712103002,0.9155,False,207,False,False
urn:mavedb:00000657-a-1#4073,,,p.His207Ser,0.941392914711465,0.057687582632109,H207S,H207S,0.0941,benign,0.8775384836416622,0.9059,False,207,False,False
urn:mavedb:00000657-a-1#4074,,,p.His207Thr,1.05611824112992,0.0221247904945616,H207T,H207T,0.1124,benign,0.8698776295309952,0.8876,False,207,False,False
urn:mavedb:00000657-a-1#4075,,,p.His207Val,1.10458938025096,0.0498763551421138,H207V,H207V,0.1225,benign,0.865342916787373,0.8775,False,207,False,False
urn:mavedb:00000657-a-1#4076,,,p.His207Trp,0.81759966606253,0.0323414004476896,H207W,H207W,0.2648,benign,0.7735596315308303,0.7352000000000001,False,207,False,False
urn:mavedb:00000657-a-1#4077,,,p.His207Tyr,0.895573609405705,0.0458712703694385,H207Y,H207Y,0.0719,benign,0.8859318660635668,0.9281,False,207,False,False
urn:mavedb:00000657-a-1#4079,,,p.His208Ala,1.01430411601485,0.0363899216393847,H208A,H208A,0.1017,benign,0.8744415694415527,0.8983,False,208,False,False
urn:mavedb:00000657-a-1#4080,,,p.His208Cys,0.903984396679859,0.0354448635576226,H208C,H208C,0.0791,benign,0.8833130438077312,0.9209,False,208,False,False
urn:mavedb:00000657-a-1#4081,,,p.His208Asp,1.07513674680232,0.0162730145077692,H208D,H208D,0.0688,benign,0.8870299127603466,0.9312,False,208,False,False
urn:mavedb:00000657-a-1#4082,,,p.His208Glu,1.07535179247088,0.0258096749604331,H208E,H208E,0.122,benign,0.8655727186039792,0.878,False,208,False,False
urn:mavedb:00000657-a-1#4083,,,p.His208Phe,0.976225874764209,0.0330885854245234,H208F,H208F,0.1432,benign,0.8553253431944157,0.8568,False,208,False,False
urn:mavedb:00000657-a-1#4084,,,p.His208Gly,0.623953698232819,0.0589972138566401,H208G,H208G,0.1334,benign,0.8601922264977059,0.8666,False,208,False,False
urn:mavedb:00000657-a-1#4085,,,p.His208Ile,1.05371385107274,0.0258000252467479,H208I,H208I,0.0987,benign,0.8756781457640764,0.9013,False,208,False,False
urn:mavedb:00000657-a-1#4086,,,p.His208Lys,1.01894130663224,0.0229141574439223,H208K,H208K,0.1193,benign,0.8668040079847098,0.8807,False,208,False,False
urn:mavedb:00000657-a-1#4087,,,p.His208Leu,1.09085478148337,0.0235819369370833,H208L,H208L,0.0645,benign,0.8885242091373055,0.9355,False,208,False,False
urn:mavedb:00000657-a-1#4088,,,p.His208Met,1.0623587996517,0.0205893348034735,H208M,H208M,0.2047,benign,0.8192132382565621,0.7953,False,208,False,False
urn:mavedb:00000657-a-1#4089,,,p.His208Asn,0.894515115935458,0.039250272070361,H208N,H208N,0.0605,benign,0.8898846867793867,0.9395,False,208,False,False
urn:mavedb:00000657-a-1#4090,,,p.His208Pro,0.0658716139981673,0.0757881983203414,H208P,H208P,0.497,ambiguous,0.5040498906535429,0.503,False,208,False,False
urn:mavedb:00000657-a-1#4091,,,p.His208Gln,1.08442183654045,0.0168898718650366,H208Q,H208Q,0.1,benign,0.8751445731554699,0.9,False,208,False,False
urn:mavedb:00000657-a-1#4092,,,p.His208Arg,0.867662464540399,0.0239764862480411,H208R,H208R,0.0736,benign,0.8853222301252588,0.9264,False,208,False,False
urn:mavedb:00000657-a-1#4093,,,p.His208Ser,1.01152894595818,0.0186971077306518,H208S,H208S,0.0835,benign,0.8816645178693711,0.9165,False,208,False,False
urn:mavedb:00000657-a-1#4094,,,p.His208Thr,0.929958414478705,0.0341126971230489,H208T,H208T,0.0933,benign,0.8778576520688884,0.9067000000000001,False,208,False,False
urn:mavedb:00000657-a-1#4095,,,p.His208Val,0.963775794148881,0.0179944500276096,H208V,H208V,0.0972,benign,0.8762895042053093,0.9028,False,208,False,False
urn:mavedb:00000657-a-1#4096,,,p.His208Trp,0.650056982163112,0.0304794392703572,H208W,H208W,0.2452,benign,0.7896476048405342,0.7548,False,208,False,False
urn:mavedb:00000657-a-1#4097,,,p.His208Tyr,0.964008767045539,0.0185031005377544,H208Y,H208Y,0.0618,benign,0.8894456260167042,0.9382,False,208,False,False
urn:mavedb:00000657-a-1#4099,,,p.Phe209Ala,0.0064917401247191,0.0528109771073196,F209A,F209A,0.7544,pathogenic,0.21066891752741757,0.24560000000000004,False,209,False,False
urn:mavedb:00000657-a-1#4100,,,p.Phe209Cys,0.0010127511991156,0.0278774977638431,F209C,F209C,0.2944,benign,0.7470032335669516,0.7056,False,209,False,False
urn:mavedb:00000657-a-1#4101,,,p.Phe209Asp,0.0481475977124939,0.111284165991925,F209D,F209D,0.9519,pathogenic,0.10607360912105446,0.04810000000000003,False,209,False,False
urn:mavedb:00000657-a-1#4102,,,p.Phe209Glu,0.0450232559486991,0.110538114203544,F209E,F209E,0.9426,pathogenic,0.10908022483337133,0.05740000000000001,False,209,False,False
urn:mavedb:00000657-a-1#4103,,,p.Phe209Gly,0.124741229461525,0.297758444590986,F209G,F209G,0.8834,pathogenic,0.13198085474512866,0.11660000000000004,False,209,False,False
urn:mavedb:00000657-a-1#4104,,,p.Phe209His,-0.0090637093934306,0.027729467868105,F209H,F209H,0.5681,pathogenic,0.40932307611405855,0.43189999999999995,False,209,False,False
urn:mavedb:00000657-a-1#4105,,,p.Phe209Ile,-0.0036679966322258,0.0428766977432172,F209I,F209I,0.3045,benign,0.7373181665104547,0.6955,False,209,False,False
urn:mavedb:00000657-a-1#4106,,,p.Phe209Lys,0.0332657024864319,0.0680178241030018,F209K,F209K,0.8988,pathogenic,0.12535104452358084,0.10119999999999996,False,209,False,False
urn:mavedb:00000657-a-1#4107,,,p.Phe209Met,-0.0178969228556382,0.0258944099766614,F209M,F209M,0.629,pathogenic,0.33405301563042633,0.371,False,209,False,False
urn:mavedb:00000657-a-1#4108,,,p.Phe209Asn,0.120747508465944,0.123252761364525,F209N,F209N,0.8351,pathogenic,0.15628502712843828,0.16490000000000005,False,209,False,False
urn:mavedb:00000657-a-1#4109,,,p.Phe209Pro,-0.0147989413874377,0.0461521982674169,F209P,F209P,0.9961,pathogenic,0.09364484558117347,0.0039000000000000146,False,209,False,False
urn:mavedb:00000657-a-1#4110,,,p.Phe209Gln,-0.0010143267160972,0.0337206988425914,F209Q,F209Q,0.8493,pathogenic,0.14855513869857206,0.15069999999999995,False,209,False,False
urn:mavedb:00000657-a-1#4111,,,p.Phe209Arg,-0.0042334800837829,0.0471522278307727,F209R,F209R,0.7657,pathogenic,0.20191442596295295,0.23429999999999995,False,209,False,False
urn:mavedb:00000657-a-1#4112,,,p.Phe209Ser,0.0269283855354492,0.0719259995218048,F209S,F209S,0.6875,pathogenic,0.2705765118191345,0.3125,False,209,False,False
urn:mavedb:00000657-a-1#4113,,,p.Phe209Thr,0.0113519188881471,0.0629455147678953,F209T,F209T,0.7638,pathogenic,0.20335936927347498,0.23619999999999997,False,209,False,False
urn:mavedb:00000657-a-1#4114,,,p.Phe209Val,0.331371625408581,0.0578809746596652,F209V,F209V,0.2913,benign,0.7499124134284558,0.7087,False,209,False,False
urn:mavedb:00000657-a-1#4115,,,p.Phe209Trp,0.793499247272721,0.0595214577715344,F209W,F209W,0.4022,ambiguous,0.6283675226605911,0.5978,False,209,False,False
urn:mavedb:00000657-a-1#4116,,,p.Phe209Tyr,1.03084267527776,0.0778966500094245,F209Y,F209Y,0.1367,benign,0.8585787392482102,0.8633,False,209,False,False
urn:mavedb:00000657-a-1#4118,,,p.Asn210Ala,0.0629020554060678,0.0292629877006188,N210A,N210A,0.4733,ambiguous,0.5359681089672766,0.5267,False,210,False,False
urn:mavedb:00000657-a-1#4119,,,p.Asn210Cys,0.046582068808153,0.0302420053771003,N210C,N210C,0.3269,benign,0.7147218063421983,0.6731,False,210,False,False
urn:mavedb:00000657-a-1#4120,,,p.Asn210Asp,-0.0129788444992652,0.0165913097268329,N210D,N210D,0.4441,ambiguous,0.574765427301797,0.5559000000000001,False,210,False,False
urn:mavedb:00000657-a-1#4121,,,p.Asn210Glu,-0.0083620201747031,0.0183216726298637,N210E,N210E,0.6493,pathogenic,0.3109229264932239,0.3507,False,210,False,False
urn:mavedb:00000657-a-1#4122,,,p.Asn210Phe,-0.0126669492729099,0.019349702156807,N210F,N210F,0.8632,pathogenic,0.14147055339234582,0.13680000000000003,False,210,False,False
urn:mavedb:00000657-a-1#4123,,,p.Asn210Gly,0.0341461234382666,0.040579070799076,N210G,N210G,0.4544,ambiguous,0.5611788368128859,0.5456,False,210,False,False
urn:mavedb:00000657-a-1#4124,,,p.Asn210His,0.182565446894755,0.0362209270231349,N210H,N210H,0.218,benign,0.8100382984641392,0.782,False,210,False,False
urn:mavedb:00000657-a-1#4125,,,p.Asn210Ile,0.216413419661573,0.0415694825957634,N210I,N210I,0.4154,ambiguous,0.6118193211253022,0.5846,False,210,False,False
urn:mavedb:00000657-a-1#4126,,,p.Asn210Lys,0.772393243337677,0.0400540982144488,N210K,N210K,0.509,ambiguous,0.48785295158931946,0.491,False,210,False,False
urn:mavedb:00000657-a-1#4127,,,p.Asn210Leu,-0.015901851885746,0.0170641893833755,N210L,N210L,0.3522,ambiguous,0.687406427372061,0.6477999999999999,False,210,False,False
urn:mavedb:00000657-a-1#4128,,,p.Asn210Met,0.089931725958537,0.0408635482063664,N210M,N210M,0.5658,pathogenic,0.4123061009741602,0.43420000000000003,False,210,False,False
urn:mavedb:00000657-a-1#4129,,,p.Asn210Pro,0.0464157815706349,0.0669557131262304,N210P,N210P,0.8837,pathogenic,0.1318468296114939,0.11629999999999996,False,210,False,False
urn:mavedb:00000657-a-1#4130,,,p.Asn210Gln,0.236535147761237,0.0434406588278658,N210Q,N210Q,0.5016,ambiguous,0.497840016588647,0.49839999999999995,False,210,False,False
urn:mavedb:00000657-a-1#4131,,,p.Asn210Arg,0.656278757458672,0.0351996815781625,N210R,N210R,0.3994,ambiguous,0.631831547256692,0.6006,False,210,False,False
urn:mavedb:00000657-a-1#4132,,,p.Asn210Ser,0.10122781116806,0.0520788984241825,N210S,N210S,0.1159,benign,0.8683315638149502,0.8841,False,210,False,False
urn:mavedb:00000657-a-1#4133,,,p.Asn210Thr,0.0839087132541133,0.0272868843227053,N210T,N210T,0.2987,benign,0.7429185076414314,0.7013,False,210,False,False
urn:mavedb:00000657-a-1#4134,,,p.Asn210Val,0.25333857550012,0.0400398390580088,N210V,N210V,0.4204,ambiguous,0.6054628908122428,0.5796,False,210,False,False
urn:mavedb:00000657-a-1#4135,,,p.Asn210Trp,0.0116171442206918,0.0328332205585994,N210W,N210W,0.8787,pathogenic,0.13410649838406274,0.12129999999999996,False,210,False,False
urn:mavedb:00000657-a-1#4136,,,p.Asn210Tyr,-0.0061958521161033,0.0207500629126358,N210Y,N210Y,0.4203,ambiguous,0.6055904668911618,0.5797,False,210,False,False
urn:mavedb:00000657-a-1#4138,,,p.Glu211Ala,1.01684730815851,0.0509994888496571,E211A,E211A,0.092,benign,0.8783735644487631,0.908,False,211,False,False
urn:mavedb:00000657-a-1#4139,,,p.Glu211Cys,1.00545570734692,0.0286734094818367,E211C,E211C,0.4613,ambiguous,0.552011518336446,0.5387,False,211,False,False
urn:mavedb:00000657-a-1#4140,,,p.Glu211Asp,0.901291693316826,0.0284176199450701,E211D,E211D,0.122,benign,0.8655727186039792,0.878,False,211,False,False
urn:mavedb:00000657-a-1#4141,,,p.Glu211Phe,0.30531384071401,0.0480875268434751,E211F,E211F,0.5091,ambiguous,0.4877180510529855,0.4909,False,211,False,False
urn:mavedb:00000657-a-1#4142,,,p.Glu211Gly,0.904471494798078,0.0582087091944689,E211G,E211G,0.0956,benign,0.8769365683088692,0.9044,False,211,False,False
urn:mavedb:00000657-a-1#4143,,,p.Glu211His,0.790751563123877,0.0321895178643864,E211H,E211H,0.2124,benign,0.8139638717028445,0.7876,False,211,False,False
urn:mavedb:00000657-a-1#4144,,,p.Glu211Ile,0.636393423252829,0.0282062097983428,E211I,E211I,0.2132,benign,0.8134086674283084,0.7867999999999999,False,211,False,False
urn:mavedb:00000657-a-1#4145,,,p.Glu211Lys,0.92939277571312,0.0288101454094991,E211K,E211K,0.0753,benign,0.8847072463370033,0.9247,False,211,False,False
urn:mavedb:00000657-a-1#4146,,,p.Glu211Leu,0.901559056173434,0.058861419187421,E211L,E211L,0.1832,benign,0.8329838387488552,0.8168,False,211,False,False
urn:mavedb:00000657-a-1#4147,,,p.Glu211Met,1.04105381192465,0.0234507491653678,E211M,E211M,0.2169,benign,0.8108166185647752,0.7831,False,211,False,False
urn:mavedb:00000657-a-1#4148,,,p.Glu211Asn,1.04473869015456,0.0269622632144956,E211N,E211N,0.1418,benign,0.8560345966151842,0.8582,False,211,False,False
urn:mavedb:00000657-a-1#4149,,,p.Glu211Pro,0.050035621932866,0.144752894515926,E211P,E211P,0.7661,pathogenic,0.20161161350423518,0.2339,False,211,False,False
urn:mavedb:00000657-a-1#4150,,,p.Glu211Gln,1.04516208467781,0.0317851751169695,E211Q,E211Q,0.0812,benign,0.8825308611181389,0.9188000000000001,False,211,False,False
urn:mavedb:00000657-a-1#4151,,,p.Glu211Arg,0.909648422551022,0.0254561166244569,E211R,E211R,0.1107,benign,0.8706190080614311,0.8893,False,211,False,False
urn:mavedb:00000657-a-1#4152,,,p.Glu211Ser,1.04665087941655,0.0363731571952244,E211S,E211S,0.1181,benign,0.867346053604838,0.8819,False,211,False,False
urn:mavedb:00000657-a-1#4153,,,p.Glu211Thr,0.971205089343068,0.0360551462798592,E211T,E211T,0.12,benign,0.8664863421945587,0.88,False,211,False,False
urn:mavedb:00000657-a-1#4154,,,p.Glu211Val,0.650898772732467,0.0384614359869547,E211V,E211V,0.1425,benign,0.855680558528458,0.8575,False,211,False,False
urn:mavedb:00000657-a-1#4155,,,p.Glu211Trp,0.176762552659257,0.0352391644323361,E211W,E211W,0.61,pathogenic,0.3566656503937531,0.39,False,211,False,False
urn:mavedb:00000657-a-1#4156,,,p.Glu211Tyr,0.399958231774308,0.036951370543387,E211Y,E211Y,0.3391,benign,0.7017815042415622,0.6609,False,211,False,False
urn:mavedb:00000657-a-1#4158,,,p.Gly212Ala,0.0153809515884504,0.042565793953822,G212A,G212A,0.3979,ambiguous,0.6336803019671537,0.6021000000000001,False,212,False,False
urn:mavedb:00000657-a-1#4159,,,p.Gly212Cys,0.0077259767061765,0.0217834652171289,G212C,G212C,0.4772,ambiguous,0.5307320876367492,0.5227999999999999,False,212,False,False
urn:mavedb:00000657-a-1#4160,,,p.Gly212Asp,-0.0160133645750321,0.0152265025714885,G212D,G212D,0.2655,benign,0.7729631002716795,0.7344999999999999,False,212,False,False
urn:mavedb:00000657-a-1#4161,,,p.Gly212Glu,-0.0076015453930224,0.0153810471164399,G212E,G212E,0.3135,benign,0.7284228616474059,0.6865,False,212,False,False
urn:mavedb:00000657-a-1#4162,,,p.Gly212Phe,-0.0202007457945574,0.0183706291441725,G212F,G212F,0.8989,pathogenic,0.12530962942879767,0.10109999999999997,False,212,False,False
urn:mavedb:00000657-a-1#4163,,,p.Gly212His,0.128627192523131,0.0315726672422116,G212H,G212H,0.6454,pathogenic,0.31527964169421835,0.3546,False,212,False,False
urn:mavedb:00000657-a-1#4164,,,p.Gly212Ile,-0.00819851409136,0.042184882749843,G212I,G212I,0.8244,pathogenic,0.16245178915464448,0.17559999999999998,False,212,False,False
urn:mavedb:00000657-a-1#4165,,,p.Gly212Lys,-0.0124411415515009,0.0135226201425095,G212K,G212K,0.5142,ambiguous,0.4808415879047662,0.4858,False,212,False,False
urn:mavedb:00000657-a-1#4166,,,p.Gly212Leu,-0.0052908233276691,0.0209143161945934,G212L,G212L,0.8366,pathogenic,0.15544432225746863,0.1634,False,212,False,False
urn:mavedb:00000657-a-1#4167,,,p.Gly212Met,-0.0061795099705421,0.0243579640154386,G212M,G212M,0.8085,pathogenic,0.172179975472821,0.1915,False,212,False,False
urn:mavedb:00000657-a-1#4168,,,p.Gly212Asn,-0.0135949099981806,0.0244746158861545,G212N,G212N,0.379,ambiguous,0.6565341983910172,0.621,False,212,False,False
urn:mavedb:00000657-a-1#4169,,,p.Gly212Pro,0.0041877220269129,0.0698730741346888,G212P,G212P,0.9695,pathogenic,0.10077117024208884,0.03049999999999997,False,212,False,False
urn:mavedb:00000657-a-1#4170,,,p.Gly212Gln,0.0064111364093678,0.0222848491499668,G212Q,G212Q,0.4606,ambiguous,0.5529436664572879,0.5394,False,212,False,False
urn:mavedb:00000657-a-1#4171,,,p.Gly212Arg,0.0061468046226132,0.0255746931353931,G212R,G212R,0.4413,ambiguous,0.5784358741958247,0.5587,False,212,False,False
urn:mavedb:00000657-a-1#4172,,,p.Gly212Ser,-0.0040173145692691,0.0299100282812699,G212S,G212S,0.2414,benign,0.7926302312792293,0.7585999999999999,False,212,False,False
urn:mavedb:00000657-a-1#4173,,,p.Gly212Thr,0.0007131887221536,0.0460624673476842,G212T,G212T,0.5701,pathogenic,0.4067358658910386,0.42989999999999995,False,212,False,False
urn:mavedb:00000657-a-1#4174,,,p.Gly212Val,-0.0043981073490636,0.0366201917785704,G212V,G212V,0.7007,pathogenic,0.2576560123788518,0.2993,False,212,False,False
urn:mavedb:00000657-a-1#4175,,,p.Gly212Trp,-0.0179702866972306,0.0267024863044724,G212W,G212W,0.7468,pathogenic,0.21677595298499286,0.2532,False,212,False,False
urn:mavedb:00000657-a-1#4176,,,p.Gly212Tyr,-0.009170078303448,0.0318155683831588,G212Y,G212Y,0.7114,pathogenic,0.2475781418567321,0.28859999999999997,False,212,False,False
urn:mavedb:00000657-a-1#4178,,,p.Lys213Ala,0.880837004187852,0.0366657260447446,K213A,K213A,0.1925,benign,0.8271850785685575,0.8075,False,213,False,False
urn:mavedb:00000657-a-1#4179,,,p.Lys213Cys,0.950616972119817,0.0152868196439858,K213C,K213C,0.385,ambiguous,0.6493702340766382,0.615,False,213,False,False
urn:mavedb:00000657-a-1#4180,,,p.Lys213Asp,0.551084816491411,0.032404554735646,K213D,K213D,0.2845,benign,0.7561890836931887,0.7155,False,213,False,False
urn:mavedb:00000657-a-1#4181,,,p.Lys213Glu,0.891185467154089,0.0218457258122321,K213E,K213E,0.0782,benign,0.8836457045827616,0.9218,False,213,False,False
urn:mavedb:00000657-a-1#4182,,,p.Lys213Phe,0.966286554969507,0.019183631947512,K213F,K213F,0.4799,ambiguous,0.5271021593297761,0.5201,False,213,False,False
urn:mavedb:00000657-a-1#4183,,,p.Lys213Gly,0.340251967730743,0.0291224829660226,K213G,K213G,0.2489,benign,0.7867011022793826,0.7511,False,213,False,False
urn:mavedb:00000657-a-1#4184,,,p.Lys213His,0.987651564218482,0.0185196849677072,K213H,K213H,0.2096,benign,0.8158924882073949,0.7904,False,213,False,False
urn:mavedb:00000657-a-1#4185,,,p.Lys213Ile,1.00508047748845,0.0208754821086487,K213I,K213I,0.1547,benign,0.849318730630357,0.8452999999999999,False,213,False,False
urn:mavedb:00000657-a-1#4186,,,p.Lys213Leu,0.807687750912006,0.0263782488623944,K213L,K213L,0.1742,benign,0.8383721813724746,0.8258,False,213,False,False
urn:mavedb:00000657-a-1#4187,,,p.Lys213Met,1.05967333022449,0.036302514020114,K213M,K213M,0.1156,benign,0.8684651291044589,0.8844,False,213,False,False
urn:mavedb:00000657-a-1#4188,,,p.Lys213Asn,0.771127728876342,0.0282179625430658,K213N,K213N,0.1918,benign,0.8276298318175356,0.8082,False,213,False,False
urn:mavedb:00000657-a-1#4189,,,p.Lys213Pro,-0.0081971056458666,0.0224474706888907,K213P,K213P,0.7149,pathogenic,0.24435894592534846,0.2851,False,213,False,False
urn:mavedb:00000657-a-1#4190,,,p.Lys213Gln,0.990238766619938,0.0255339674363784,K213Q,K213Q,0.093,benign,0.8779770090263286,0.907,False,213,False,False
urn:mavedb:00000657-a-1#4191,,,p.Lys213Arg,1.02922281570946,0.0166636939077599,K213R,K213R,0.0701,benign,0.8865715763675787,0.9299,False,213,False,False
urn:mavedb:00000657-a-1#4192,,,p.Lys213Ser,0.468863630955486,0.0353475407252822,K213S,K213S,0.2105,benign,0.8152750478237346,0.7895,False,213,False,False
urn:mavedb:00000657-a-1#4193,,,p.Lys213Thr,0.941561508966974,0.0234833774758318,K213T,K213T,0.1022,benign,0.8742336650670995,0.8978,False,213,False,False
urn:mavedb:00000657-a-1#4194,,,p.Lys213Val,1.05343487823191,0.0244708328118697,K213V,K213V,0.1453,benign,0.854252606391898,0.8547,False,213,False,False
urn:mavedb:00000657-a-1#4195,,,p.Lys213Trp,0.908508277507122,0.0213963681986815,K213W,K213W,0.4945,ambiguous,0.5074243262546208,0.5055000000000001,False,213,False,False
urn:mavedb:00000657-a-1#4196,,,p.Lys213Tyr,0.964080642629066,0.0234865226087684,K213Y,K213Y,0.3515,ambiguous,0.6881868449115256,0.6485000000000001,False,213,False,False
urn:mavedb:00000657-a-1#4198,,,p.Glu214Ala,0.616507702219425,0.0242101268146843,E214A,E214A,0.1072,benign,0.8721258910164975,0.8928,False,214,False,False
urn:mavedb:00000657-a-1#4199,,,p.Glu214Cys,0.714817269526164,0.0265305193272902,E214C,E214C,0.5995,pathogenic,0.36952731142364964,0.40049999999999997,False,214,False,False
urn:mavedb:00000657-a-1#4200,,,p.Glu214Asp,0.579880100797068,0.0321946871985569,E214D,E214D,0.1246,benign,0.8643716178930816,0.8754,False,214,False,False
urn:mavedb:00000657-a-1#4201,,,p.Glu214Phe,0.656857176587807,0.032512541765463,E214F,E214F,0.5451,ambiguous,0.4394838216587893,0.45489999999999997,False,214,False,False
urn:mavedb:00000657-a-1#4202,,,p.Glu214Gly,0.0892494986869108,0.0438825445327516,E214G,E214G,0.1594,benign,0.8467694017186791,0.8406,False,214,False,False
urn:mavedb:00000657-a-1#4203,,,p.Glu214His,0.67504139241613,0.0454952242899331,E214H,E214H,0.3379,benign,0.7030736865477916,0.6621,False,214,False,False
urn:mavedb:00000657-a-1#4204,,,p.Glu214Ile,0.95912031339992,0.024054852005692,E214I,E214I,0.1697,benign,0.8409856211545357,0.8303,False,214,False,False
urn:mavedb:00000657-a-1#4205,,,p.Glu214Lys,0.489243739708683,0.0268483052069576,E214K,E214K,0.1447,benign,0.8545601905731739,0.8553,False,214,False,False
urn:mavedb:00000657-a-1#4206,,,p.Glu214Leu,0.941234879807228,0.0259609754762345,E214L,E214L,0.227,benign,0.8035363520062285,0.773,False,214,False,False
urn:mavedb:00000657-a-1#4207,,,p.Glu214Met,0.743293154074725,0.0452764916073068,E214M,E214M,0.3021,benign,0.7396481604555478,0.6979,False,214,False,False
urn:mavedb:00000657-a-1#4208,,,p.Glu214Asn,0.512123172710319,0.0412767592377935,E214N,E214N,0.2149,benign,0.8122226817164534,0.7851,False,214,False,False
urn:mavedb:00000657-a-1#4209,,,p.Glu214Pro,0.504014622442566,0.0292147196232075,E214P,E214P,0.3323,benign,0.7090482424411515,0.6677,False,214,False,False
urn:mavedb:00000657-a-1#4210,,,p.Glu214Gln,0.709975596936379,0.0300043848804977,E214Q,E214Q,0.1239,benign,0.8646964871865022,0.8761,False,214,False,False
urn:mavedb:00000657-a-1#4211,,,p.Glu214Arg,0.484572580878317,0.0379422797317961,E214R,E214R,0.217,benign,0.8107460085826403,0.783,False,214,False,False
urn:mavedb:00000657-a-1#4212,,,p.Glu214Ser,0.582077911559682,0.0208468401169513,E214S,E214S,0.1728,benign,0.8391909638854229,0.8271999999999999,False,214,False,False
urn:mavedb:00000657-a-1#4213,,,p.Glu214Thr,0.805868287131064,0.0212123926202118,E214T,E214T,0.1414,benign,0.8562363765859635,0.8586,False,214,False,False
urn:mavedb:00000657-a-1#4214,,,p.Glu214Val,0.969234612753466,0.0420509000022076,E214V,E214V,0.1037,benign,0.8736068318379464,0.8963,False,214,False,False
urn:mavedb:00000657-a-1#4215,,,p.Glu214Trp,0.658681532554111,0.0278234456723287,E214W,E214W,0.7752,pathogenic,0.194852148887393,0.2248,False,214,False,False
urn:mavedb:00000657-a-1#4216,,,p.Glu214Tyr,0.41023215172015,0.0288586208986124,E214Y,E214Y,0.3603,ambiguous,0.678277381840811,0.6396999999999999,False,214,False,False
urn:mavedb:00000657-a-1#4218,,,p.Phe215Ala,0.0474310584871418,0.130598829690957,F215A,F215A,0.9397,pathogenic,0.11004802829848186,0.06030000000000002,False,215,False,False
urn:mavedb:00000657-a-1#4219,,,p.Phe215Cys,-0.0096610388844595,0.02661118230328,F215C,F215C,0.79,pathogenic,0.18438164107775934,0.20999999999999996,False,215,False,False
urn:mavedb:00000657-a-1#4220,,,p.Phe215Asp,-0.017361090505948,0.0412024746484863,F215D,F215D,0.9734,pathogenic,0.09966171210695504,0.026599999999999957,False,215,False,False
urn:mavedb:00000657-a-1#4221,,,p.Phe215Glu,0.0171570917058696,0.049095431142257,F215E,F215E,0.9772,pathogenic,0.09860269067670975,0.022800000000000042,False,215,False,False
urn:mavedb:00000657-a-1#4222,,,p.Phe215Gly,-0.014457043567555,0.0345776585413966,F215G,F215G,0.968,pathogenic,0.10120405895152414,0.03200000000000003,False,215,False,False
urn:mavedb:00000657-a-1#4223,,,p.Phe215His,-0.02250303808057,0.0362207868071528,F215H,F215H,0.8689,pathogenic,0.13869824174324907,0.1311,False,215,False,False
urn:mavedb:00000657-a-1#4224,,,p.Phe215Ile,0.0347022189799928,0.0273963993057744,F215I,F215I,0.3937,ambiguous,0.638830380586306,0.6063000000000001,False,215,False,False
urn:mavedb:00000657-a-1#4225,,,p.Phe215Lys,0.0007661894936756,0.0486059719942167,F215K,F215K,0.9733,pathogenic,0.09968987245871948,0.026699999999999946,False,215,False,False
urn:mavedb:00000657-a-1#4226,,,p.Phe215Leu,0.0735593240577298,0.0499581684732449,F215L,F215L,0.9313,pathogenic,0.11293495774039944,0.06869999999999998,False,215,False,False
urn:mavedb:00000657-a-1#4227,,,p.Phe215Met,0.031159518023448,0.0370872296908062,F215M,F215M,0.7756,pathogenic,0.19456069342208515,0.22440000000000004,False,215,False,False
urn:mavedb:00000657-a-1#4228,,,p.Phe215Asn,0.0813533622371382,0.109232236428021,F215N,F215N,0.9099,pathogenic,0.12087847146374957,0.09009999999999996,False,215,False,False
urn:mavedb:00000657-a-1#4229,,,p.Phe215Pro,0.0686585870557657,0.114830399181739,F215P,F215P,0.9918,pathogenic,0.09472884344828622,0.008199999999999985,False,215,False,False
urn:mavedb:00000657-a-1#4230,,,p.Phe215Gln,-0.0120340923415672,0.0511382141752681,F215Q,F215Q,0.9642,pathogenic,0.10231627954759598,0.035800000000000054,False,215,False,False
urn:mavedb:00000657-a-1#4231,,,p.Phe215Arg,-0.003806227900866,0.0369815940109364,F215R,F215R,0.9583,pathogenic,0.10408815177509526,0.04169999999999996,False,215,False,False
urn:mavedb:00000657-a-1#4232,,,p.Phe215Ser,0.014999009062205,0.0571237204192288,F215S,F215S,0.893,pathogenic,0.1277887882321747,0.10699999999999998,False,215,False,False
urn:mavedb:00000657-a-1#4233,,,p.Phe215Thr,0.0259935191003024,0.0524699089021691,F215T,F215T,0.9335,pathogenic,0.11216668079039505,0.0665,False,215,False,False
urn:mavedb:00000657-a-1#4234,,,p.Phe215Val,-0.0189027732342529,0.0222361880377105,F215V,F215V,0.5585,ambiguous,0.4218259502395131,0.4415,False,215,False,False
urn:mavedb:00000657-a-1#4235,,,p.Phe215Trp,0.114791339920811,0.0315790726084584,F215W,F215W,0.6266,pathogenic,0.3368598051554482,0.37339999999999995,False,215,False,False
urn:mavedb:00000657-a-1#4236,,,p.Phe215Tyr,0.756013322784715,0.0751628988145436,F215Y,F215Y,0.2261,benign,0.8041973406935221,0.7739,False,215,False,False
urn:mavedb:00000657-a-1#4238,,,p.Pro216Ala,0.665215707381482,0.0940714316570047,P216A,P216A,0.0823,benign,0.8821177894960609,0.9177,False,216,False,False
urn:mavedb:00000657-a-1#4239,,,p.Pro216Cys,0.0141918308793502,0.036199381070989,P216C,P216C,0.2634,benign,0.774748131232053,0.7365999999999999,False,216,False,False
urn:mavedb:00000657-a-1#4240,,,p.Pro216Asp,0.465913832750311,0.105961155325166,P216D,P216D,0.2652,benign,0.77321894282323,0.7348,False,216,False,False
urn:mavedb:00000657-a-1#4241,,,p.Pro216Glu,0.700508716675109,0.0807955306827856,P216E,P216E,0.1733,benign,0.8388991358527934,0.8267,False,216,False,False
urn:mavedb:00000657-a-1#4242,,,p.Pro216Phe,0.087514711057346,,P216F,P216F,0.2396,benign,0.7940277208960368,0.7604,False,216,False,False
urn:mavedb:00000657-a-1#4243,,,p.Pro216His,0.0430757450689872,0.0327666623725734,P216H,P216H,0.1209,benign,0.8660763150088341,0.8791,False,216,False,False
urn:mavedb:00000657-a-1#4244,,,p.Pro216Ile,-0.014090807790161,0.0274363748976033,P216I,P216I,0.1866,benign,0.8308913580736392,0.8134,False,216,False,False
urn:mavedb:00000657-a-1#4245,,,p.Pro216Lys,0.435501921068845,0.183201553677717,P216K,P216K,0.1706,benign,0.8404671889096841,0.8294,False,216,False,False
urn:mavedb:00000657-a-1#4246,,,p.Pro216Leu,0.0762387978610966,0.0544313021034317,P216L,P216L,0.0767,benign,0.8841967465479553,0.9233,False,216,False,False
urn:mavedb:00000657-a-1#4247,,,p.Pro216Met,0.102929201917114,0.0596170769501264,P216M,P216M,0.2152,benign,0.812012516542486,0.7847999999999999,False,216,False,False
urn:mavedb:00000657-a-1#4248,,,p.Pro216Asn,0.151548440146889,0.0824318749422744,P216N,P216N,0.229,benign,0.8020588476121775,0.771,False,216,False,False
urn:mavedb:00000657-a-1#4249,,,p.Pro216Gln,0.467395004562343,0.110613874242377,P216Q,P216Q,0.1129,benign,0.8696583909266649,0.8871,False,216,False,False
urn:mavedb:00000657-a-1#4250,,,p.Pro216Arg,0.0628111761762422,0.0462035924969008,P216R,P216R,0.1204,benign,0.8663043303730402,0.8796,False,216,False,False
urn:mavedb:00000657-a-1#4251,,,p.Pro216Ser,0.377054896569776,0.142913209737367,P216S,P216S,0.09,benign,0.8791606965465184,0.91,False,216,False,False
urn:mavedb:00000657-a-1#4252,,,p.Pro216Thr,0.0438166885680834,0.0466407337517009,P216T,P216T,0.0952,benign,0.8770975233080016,0.9048,False,216,False,False
urn:mavedb:00000657-a-1#4253,,,p.Pro216Val,0.0010373801475626,0.0437873180746751,P216V,P216V,0.152,benign,0.8507582236348933,0.848,False,216,False,False
urn:mavedb:00000657-a-1#4254,,,p.Pro216Trp,0.0022201242790566,0.0716850777814066,P216W,P216W,0.3989,ambiguous,0.6324483438937376,0.6011,False,216,False,False
urn:mavedb:00000657-a-1#4255,,,p.Pro216Tyr,-0.0102672553601563,0.0520479361631931,P216Y,P216Y,0.2344,benign,0.7980097956533243,0.7656000000000001,False,216,False,False
urn:mavedb:00000657-a-1#4257,,,p.Pro217Ala,0.869129117253164,0.0451623956389565,P217A,P217A,0.057,benign,0.8910521217497347,0.943,False,217,False,False
urn:mavedb:00000657-a-1#4258,,,p.Pro217Cys,0.220250989450109,0.0328767201657078,P217C,P217C,0.1947,benign,0.8257784166000882,0.8053,False,217,False,False
urn:mavedb:00000657-a-1#4259,,,p.Pro217Asp,0.604149585632765,0.029290202202846,P217D,P217D,0.1759,benign,0.8373709688270482,0.8241,False,217,False,False
urn:mavedb:00000657-a-1#4260,,,p.Pro217Glu,0.914770945240566,0.0392050911256549,P217E,P217E,0.1479,benign,0.8529096323500351,0.8521,False,217,False,False
urn:mavedb:00000657-a-1#4261,,,p.Pro217Phe,0.0053627908252485,0.0301795581892045,P217F,P217F,0.3125,benign,0.7294234881808654,0.6875,False,217,False,False
urn:mavedb:00000657-a-1#4262,,,p.Pro217Gly,0.259094029778513,0.0348733164518149,P217G,P217G,0.16,benign,0.8464399411590051,0.84,False,217,False,False
urn:mavedb:00000657-a-1#4263,,,p.Pro217His,0.0268752471947708,0.0226037511307986,P217H,P217H,0.1208,benign,0.8661219626215179,0.8792,False,217,False,False
urn:mavedb:00000657-a-1#4264,,,p.Pro217Ile,-0.005657087835745,0.0198766343176988,P217I,P217I,0.2325,benign,0.7994444400153651,0.7675,False,217,False,False
urn:mavedb:00000657-a-1#4265,,,p.Pro217Lys,0.214910476593059,0.0310874687133802,P217K,P217K,0.1617,benign,0.84550149850851,0.8383,False,217,False,False
urn:mavedb:00000657-a-1#4266,,,p.Pro217Leu,-0.0062534392593313,0.0189550703339306,P217L,P217L,0.1146,benign,0.8689089272696373,0.8854,False,217,False,False
urn:mavedb:00000657-a-1#4267,,,p.Pro217Met,0.0391875986692576,0.0151700424278438,P217M,P217M,0.2514,benign,0.7846864721430132,0.7485999999999999,False,217,False,False
urn:mavedb:00000657-a-1#4268,,,p.Pro217Asn,0.0928395650345069,0.0302760058519018,P217N,P217N,0.1647,benign,0.8438274013568305,0.8352999999999999,False,217,False,False
urn:mavedb:00000657-a-1#4269,,,p.Pro217Gln,0.424428671757593,0.0411807879079929,P217Q,P217Q,0.115,benign,0.8687316697673721,0.885,False,217,False,False
urn:mavedb:00000657-a-1#4270,,,p.Pro217Arg,0.0547747819159116,0.021410753388738,P217R,P217R,0.1119,benign,0.8700963281917391,0.8881,False,217,False,False
urn:mavedb:00000657-a-1#4271,,,p.Pro217Ser,0.620102744520174,0.0281799756662595,P217S,P217S,0.0741,benign,0.8851419093919712,0.9259,False,217,False,False
urn:mavedb:00000657-a-1#4272,,,p.Pro217Thr,0.151118122631674,0.0335218506824275,P217T,P217T,0.0848,benign,0.881170340056737,0.9152,False,217,False,False
urn:mavedb:00000657-a-1#4273,,,p.Pro217Val,-4.96896431297389e-05,0.0246182403361084,P217V,P217V,0.1609,benign,0.8459440353515647,0.8391,False,217,False,False
urn:mavedb:00000657-a-1#4274,,,p.Pro217Trp,-0.0117654133295504,0.019429748128217,P217W,P217W,0.4189,ambiguous,0.6073746375112514,0.5811,False,217,False,False
urn:mavedb:00000657-a-1#4275,,,p.Pro217Tyr,0.0130298233408345,0.0167190140636253,P217Y,P217Y,0.2342,benign,0.7981613223088305,0.7658,False,217,False,False
urn:mavedb:00000657-a-1#4277,,,p.Cys218Ala,0.292541577737831,0.0406910989550987,C218A,C218A,0.4474,ambiguous,0.5704264091892726,0.5526,False,218,False,False
urn:mavedb:00000657-a-1#4278,,,p.Cys218Asp,0.0432831307983086,0.0485345835932237,C218D,C218D,0.8147,pathogenic,0.16830485649123322,0.18530000000000002,False,218,False,False
urn:mavedb:00000657-a-1#4279,,,p.Cys218Glu,0.0371999650367617,0.0338936565191125,C218E,C218E,0.8778,pathogenic,0.1345191349404148,0.12219999999999998,False,218,False,False
urn:mavedb:00000657-a-1#4280,,,p.Cys218Phe,0.0494890089864469,0.0537174508403599,C218F,C218F,0.2255,benign,0.8046366615697466,0.7745,False,218,False,False
urn:mavedb:00000657-a-1#4281,,,p.Cys218Gly,0.0369178452450516,0.0542934060415326,C218G,C218G,0.2461,benign,0.7889347421088321,0.7539,False,218,False,False
urn:mavedb:00000657-a-1#4282,,,p.Cys218His,-0.0043465202529637,0.0274890285688574,C218H,C218H,0.6578,pathogenic,0.30157594065697235,0.34219999999999995,False,218,False,False
urn:mavedb:00000657-a-1#4283,,,p.Cys218Ile,0.343213692002045,0.0323903606688229,C218I,C218I,0.5963,pathogenic,0.3734950735267441,0.40369999999999995,False,218,False,False
urn:mavedb:00000657-a-1#4284,,,p.Cys218Lys,0.0091854430688452,0.0237512619584389,C218K,C218K,0.8689,pathogenic,0.13869824174324907,0.1311,False,218,False,False
urn:mavedb:00000657-a-1#4285,,,p.Cys218Leu,0.0038154132662709,0.0261139138909665,C218L,C218L,0.6038,pathogenic,0.3642304129666987,0.3962,False,218,False,False
urn:mavedb:00000657-a-1#4286,,,p.Cys218Met,-0.0048792332881185,0.0126977025285215,C218M,C218M,0.7309,pathogenic,0.2301288225568432,0.2691,False,218,False,False
urn:mavedb:00000657-a-1#4287,,,p.Cys218Asn,0.0061334787562295,0.0296771248742343,C218N,C218N,0.7227,pathogenic,0.23732209557558942,0.2773,False,218,False,False
urn:mavedb:00000657-a-1#4288,,,p.Cys218Pro,0.015498666455933,0.0776841756614036,C218P,C218P,0.9633,pathogenic,0.10258300127572027,0.036699999999999955,False,218,False,False
urn:mavedb:00000657-a-1#4289,,,p.Cys218Gln,-0.0088497578634968,0.0114687360435932,C218Q,C218Q,0.7532,pathogenic,0.21162141831501108,0.24680000000000002,False,218,False,False
urn:mavedb:00000657-a-1#4290,,,p.Cys218Arg,0.0114550967964141,0.0291398934658517,C218R,C218R,0.5196,ambiguous,0.4735704525064078,0.48040000000000005,False,218,False,False
urn:mavedb:00000657-a-1#4291,,,p.Cys218Ser,-0.0088940790800186,0.0238733011271508,C218S,C218S,0.3901,ambiguous,0.6432130345079905,0.6099,False,218,False,False
urn:mavedb:00000657-a-1#4292,,,p.Cys218Thr,0.324115146442228,0.0239812217883223,C218T,C218T,0.5032,ambiguous,0.4956801327055079,0.4968,False,218,False,False
urn:mavedb:00000657-a-1#4293,,,p.Cys218Val,0.742114330289346,0.0550835403535203,C218V,C218V,0.4616,ambiguous,0.5516118872695885,0.5384,False,218,False,False
urn:mavedb:00000657-a-1#4294,,,p.Cys218Trp,-0.0041745528159948,0.0435492447992308,C218W,C218W,0.6924,pathogenic,0.26571769070581075,0.3076,False,218,False,False
urn:mavedb:00000657-a-1#4295,,,p.Cys218Tyr,0.110197918161085,0.175958416091546,C218Y,C218Y,0.4216,ambiguous,0.603930583990454,0.5784,False,218,False,False
urn:mavedb:00000657-a-1#4297,,,p.Ala219Cys,0.896314661972419,0.0621333468922532,A219C,A219C,0.228,benign,0.8027990910946877,0.772,False,219,False,False
urn:mavedb:00000657-a-1#4298,,,p.Ala219Asp,1.03167613505204,0.0432508089043562,A219D,A219D,0.1068,benign,0.8722964478749297,0.8932,False,219,False,False
urn:mavedb:00000657-a-1#4299,,,p.Ala219Glu,1.110589215199,0.0226827176493883,A219E,A219E,0.1101,benign,0.8708791882729632,0.8899,False,219,False,False
urn:mavedb:00000657-a-1#4300,,,p.Ala219Phe,0.46436877395759,0.0396765169439217,A219F,A219F,0.1898,benign,0.828893080861668,0.8102,False,219,False,False
urn:mavedb:00000657-a-1#4301,,,p.Ala219His,0.665258302839519,0.108736233926438,A219H,A219H,0.1981,benign,0.8235778926332641,0.8019000000000001,False,219,False,False
urn:mavedb:00000657-a-1#4302,,,p.Ala219Ile,0.31125439652405,0.0752955668211847,A219I,A219I,0.1329,benign,0.8604344739970351,0.8671,False,219,False,False
urn:mavedb:00000657-a-1#4303,,,p.Ala219Lys,0.818099987860222,0.105222009072702,A219K,A219K,0.1695,benign,0.8411005406344462,0.8305,False,219,False,False
urn:mavedb:00000657-a-1#4304,,,p.Ala219Leu,0.160002140633363,0.049362656161609,A219L,A219L,0.1155,benign,0.8685096071431432,0.8845,False,219,False,False
urn:mavedb:00000657-a-1#4305,,,p.Ala219Met,0.795127857363693,0.0459729638677201,A219M,A219M,0.1404,benign,0.8567391519916925,0.8596,False,219,False,False
urn:mavedb:00000657-a-1#4306,,,p.Ala219Asn,0.89766503649099,0.0654283405298828,A219N,A219N,0.1102,benign,0.870835878480658,0.8898,False,219,False,False
urn:mavedb:00000657-a-1#4307,,,p.Ala219Pro,-0.0291575729433077,0.0252349230526002,A219P,A219P,0.149,benign,0.8523364826466322,0.851,False,219,False,False
urn:mavedb:00000657-a-1#4308,,,p.Ala219Gln,1.0039822579197,0.0840119183513554,A219Q,A219Q,0.1639,benign,0.8442760855521855,0.8361000000000001,False,219,False,False
urn:mavedb:00000657-a-1#4309,,,p.Ala219Arg,0.46596536030542,0.058346507627607,A219R,A219R,0.1594,benign,0.8467694017186791,0.8406,False,219,False,False
urn:mavedb:00000657-a-1#4310,,,p.Ala219Ser,1.06115666383828,0.117331470917502,A219S,A219S,0.0726,benign,0.8856814847154384,0.9274,False,219,False,False
urn:mavedb:00000657-a-1#4311,,,p.Ala219Thr,0.999993262872689,0.0439194330505598,A219T,A219T,0.0638,benign,0.8887643351237117,0.9362,False,219,False,False
urn:mavedb:00000657-a-1#4312,,,p.Ala219Val,0.653635407417559,0.0831967591934011,A219V,A219V,0.0923,benign,0.8782548077205617,0.9077,False,219,False,False
urn:mavedb:00000657-a-1#4313,,,p.Ala219Trp,0.390617791595135,0.0509404873165982,A219W,A219W,0.4805,ambiguous,0.5262950108077863,0.5195000000000001,False,219,False,False
urn:mavedb:00000657-a-1#4314,,,p.Ala219Tyr,0.28640592136105,0.0700543718427431,A219Y,A219Y,0.2262,benign,0.8041240165070969,0.7738,False,219,False,False
urn:mavedb:00000657-a-1#4316,,,p.Ile220Ala,0.0144932658185819,0.0451701568389739,I220A,I220A,0.2833,benign,0.7572817767117451,0.7167,False,220,False,False
urn:mavedb:00000657-a-1#4317,,,p.Ile220Cys,0.146447578688095,0.0372039979507002,I220C,I220C,0.7023,pathogenic,0.2561264379021168,0.29769999999999996,False,220,False,False
urn:mavedb:00000657-a-1#4318,,,p.Ile220Asp,0.0588140404528193,0.080278025815307,I220D,I220D,0.8739,pathogenic,0.13632826078273783,0.1261,False,220,False,False
urn:mavedb:00000657-a-1#4319,,,p.Ile220Glu,0.0001005761766968,0.0277919097280674,I220E,I220E,0.7596,pathogenic,0.2065921710591762,0.24039999999999995,False,220,False,False
urn:mavedb:00000657-a-1#4320,,,p.Ile220Phe,-0.014533186918125,0.0223363080196668,I220F,I220F,0.1917,benign,0.8276932570911605,0.8083,False,220,False,False
urn:mavedb:00000657-a-1#4321,,,p.Ile220Gly,0.0395803684555559,0.0941519150506076,I220G,I220G,0.7325,pathogenic,0.22874966139689845,0.26749999999999996,False,220,False,False
urn:mavedb:00000657-a-1#4322,,,p.Ile220His,0.0177402380473278,0.0300736648119003,I220H,I220H,0.8119,pathogenic,0.17004183256603533,0.18810000000000004,False,220,False,False
urn:mavedb:00000657-a-1#4323,,,p.Ile220Lys,-0.0008326876494108,0.0320308200843685,I220K,I220K,0.7309,pathogenic,0.2301288225568432,0.2691,False,220,False,False
urn:mavedb:00000657-a-1#4324,,,p.Ile220Leu,1.04152437111791,0.0283143437368869,I220L,I220L,0.0774,benign,0.8839401201353139,0.9226,False,220,False,False
urn:mavedb:00000657-a-1#4325,,,p.Ile220Met,0.843927122038276,0.0400482939909452,I220M,I220M,0.0748,benign,0.8848886813184728,0.9252,False,220,False,False
urn:mavedb:00000657-a-1#4326,,,p.Ile220Asn,0.0071008171633041,0.0472841546610716,I220N,I220N,0.6045,pathogenic,0.36337198056754644,0.39549999999999996,False,220,False,False
urn:mavedb:00000657-a-1#4327,,,p.Ile220Pro,0.0229202669292479,0.0487205762560243,I220P,I220P,0.8467,pathogenic,0.1499326013655156,0.1533,False,220,False,False
urn:mavedb:00000657-a-1#4328,,,p.Ile220Gln,0.0257207223109749,0.0547572203639183,I220Q,I220Q,0.7222,pathogenic,0.23776748628429717,0.27780000000000005,False,220,False,False
urn:mavedb:00000657-a-1#4329,,,p.Ile220Arg,0.090954130425121,0.126284103996916,I220R,I220R,0.6647,pathogenic,0.2941409821327337,0.33530000000000004,False,220,False,False
urn:mavedb:00000657-a-1#4330,,,p.Ile220Ser,0.0062201934354903,0.0472364322544399,I220S,I220S,0.4493,ambiguous,0.567922027368573,0.5507,False,220,False,False
urn:mavedb:00000657-a-1#4331,,,p.Ile220Thr,0.027880555654549,0.0217862205295456,I220T,I220T,0.1437,benign,0.8550708956781352,0.8563000000000001,False,220,False,False
urn:mavedb:00000657-a-1#4332,,,p.Ile220Val,0.854828752992525,0.0248696711201165,I220V,I220V,0.0644,benign,0.8885585661965182,0.9356,False,220,False,False
urn:mavedb:00000657-a-1#4333,,,p.Ile220Trp,-0.0014130686037544,0.0390094421018742,I220W,I220W,0.8094,pathogenic,0.17161089200831087,0.1906,False,220,False,False
urn:mavedb:00000657-a-1#4334,,,p.Ile220Tyr,-0.0045840238686752,0.0156815933482709,I220Y,I220Y,0.7064,pathogenic,0.25224315050912427,0.29359999999999997,False,220,False,False
urn:mavedb:00000657-a-1#4336,,,p.Glu221Ala,-0.0052147170551562,0.0392406983731973,E221A,E221A,0.1894,benign,0.8291444052277422,0.8106,False,221,False,False
urn:mavedb:00000657-a-1#4337,,,p.Glu221Cys,-0.0011285116189901,0.0264487013734709,E221C,E221C,0.7944,pathogenic,0.18139153603673103,0.2056,False,221,False,False
urn:mavedb:00000657-a-1#4338,,,p.Glu221Asp,0.996486651103203,0.0319531229081572,E221D,E221D,0.0795,benign,0.8831647026214455,0.9205,False,221,False,False
urn:mavedb:00000657-a-1#4339,,,p.Glu221Phe,0.0780951289485355,0.1617905850717,E221F,E221F,0.8139,pathogenic,0.16879894737895565,0.18610000000000004,False,221,False,False
urn:mavedb:00000657-a-1#4340,,,p.Glu221Gly,-0.0039883075003701,0.0274088768737504,E221G,E221G,0.2385,benign,0.794876903265552,0.7615000000000001,False,221,False,False
urn:mavedb:00000657-a-1#4341,,,p.Glu221His,-0.0067928733212709,0.0140145561905127,E221H,E221H,0.3936,ambiguous,0.6389525200284825,0.6064,False,221,False,False
urn:mavedb:00000657-a-1#4342,,,p.Glu221Ile,0.007435799712794,0.0293375928150733,E221I,E221I,0.4324,ambiguous,0.5900291362555677,0.5676,False,221,False,False
urn:mavedb:00000657-a-1#4343,,,p.Glu221Lys,0.0144104345077361,0.0411933709857549,E221K,E221K,0.1698,benign,0.8409281222146089,0.8302,False,221,False,False
urn:mavedb:00000657-a-1#4344,,,p.Glu221Leu,0.0607181273259442,0.107028859252805,E221L,E221L,0.4651,ambiguous,0.5469435919335957,0.5348999999999999,False,221,False,False
urn:mavedb:00000657-a-1#4345,,,p.Glu221Met,-0.0217811689581104,0.029962780071589,E221M,E221M,0.5231,ambiguous,0.46886482616986536,0.4769,False,221,False,False
urn:mavedb:00000657-a-1#4346,,,p.Glu221Asn,0.0581575666797658,0.0400284872762552,E221N,E221N,0.1908,benign,0.8282628385945119,0.8092,False,221,False,False
urn:mavedb:00000657-a-1#4347,,,p.Glu221Pro,0.0206954697421534,0.0312684415233254,E221P,E221P,0.4252,ambiguous,0.5993184968120026,0.5748,False,221,False,False
urn:mavedb:00000657-a-1#4348,,,p.Glu221Gln,0.232762343616391,0.0598978816608789,E221Q,E221Q,0.166,benign,0.8430947717307141,0.834,False,221,False,False
urn:mavedb:00000657-a-1#4349,,,p.Glu221Arg,-0.0135340219670215,0.0274012348502633,E221R,E221R,0.2999,benign,0.7417683526695,0.7001,False,221,False,False
urn:mavedb:00000657-a-1#4350,,,p.Glu221Ser,0.0334160540406447,0.0189778155967244,E221S,E221S,0.1893,benign,0.8292071674276463,0.8107,False,221,False,False
urn:mavedb:00000657-a-1#4351,,,p.Glu221Thr,0.337877701427793,0.0347763644532335,E221T,E221T,0.1937,benign,0.8264194785378004,0.8063,False,221,False,False
urn:mavedb:00000657-a-1#4352,,,p.Glu221Val,-0.0154969272848804,0.0530788383206243,E221V,E221V,0.2571,benign,0.7800212204848588,0.7429,False,221,False,False
urn:mavedb:00000657-a-1#4353,,,p.Glu221Trp,0.00755236655471,0.0509949561186639,E221W,E221W,0.8953,pathogenic,0.12681366714386672,0.10470000000000002,False,221,False,False
urn:mavedb:00000657-a-1#4354,,,p.Glu221Tyr,0.0251105804076016,0.0556816592696816,E221Y,E221Y,0.6293,pathogenic,0.33370320862695163,0.37070000000000003,False,221,False,False
urn:mavedb:00000657-a-1#4356,,,p.Val222Ala,1.03717508058786,0.0246277379263414,V222A,V222A,0.1176,benign,0.8675709676215673,0.8824,False,222,False,False
urn:mavedb:00000657-a-1#4357,,,p.Val222Cys,0.962973062452409,0.0398140395297945,V222C,V222C,0.7375,pathogenic,0.2244910440414738,0.26249999999999996,True,222,False,True
urn:mavedb:00000657-a-1#4358,,,p.Val222Asp,0.0593085055110907,0.0644060658119953,V222D,V222D,0.917,pathogenic,0.11814628232270834,0.08299999999999996,False,222,False,False
urn:mavedb:00000657-a-1#4359,,,p.Val222Glu,0.0133502996423666,0.0378797071444458,V222E,V222E,0.9037,pathogenic,0.12334588262719898,0.09630000000000005,False,222,False,False
urn:mavedb:00000657-a-1#4360,,,p.Val222Phe,0.0134338746720039,0.0376566376228173,V222F,V222F,0.5589,ambiguous,0.42130235612691336,0.44110000000000005,False,222,False,False
urn:mavedb:00000657-a-1#4361,,,p.Val222Gly,0.0355721880361475,0.0245846547537203,V222G,V222G,0.219,benign,0.8093276567318034,0.781,False,222,False,False
urn:mavedb:00000657-a-1#4362,,,p.Val222His,0.074976638032073,0.0687800601571973,V222H,V222H,0.9686,pathogenic,0.10103048882561358,0.031399999999999983,False,222,False,False
urn:mavedb:00000657-a-1#4363,,,p.Val222Ile,0.0074435188107625,0.015634683731543,V222I,V222I,0.1178,benign,0.8674810681280813,0.8822,False,222,False,False
urn:mavedb:00000657-a-1#4364,,,p.Val222Lys,-0.0011023835903288,0.0203585218961481,V222K,V222K,0.9561,pathogenic,0.104763117157961,0.04390000000000005,False,222,False,False
urn:mavedb:00000657-a-1#4365,,,p.Val222Leu,-0.0024380395579824,0.0233781778058253,V222L,V222L,0.516,ambiguous,0.4784165735260059,0.484,False,222,False,False
urn:mavedb:00000657-a-1#4366,,,p.Val222Met,0.0002449095364354,0.0302526557117684,V222M,V222M,0.4314,ambiguous,0.5913243200390038,0.5686,False,222,False,False
urn:mavedb:00000657-a-1#4367,,,p.Val222Asn,0.083527553998932,0.0932334980041591,V222N,V222N,0.791,pathogenic,0.18369718297135285,0.20899999999999996,False,222,False,False
urn:mavedb:00000657-a-1#4368,,,p.Val222Pro,0.0330112923967034,0.099054536242339,V222P,V222P,0.91,pathogenic,0.1208393034534817,0.08999999999999997,False,222,False,False
urn:mavedb:00000657-a-1#4369,,,p.Val222Gln,0.107268035156808,0.16190706426586,V222Q,V222Q,0.9222,pathogenic,0.11620693698150554,0.07779999999999998,False,222,False,False
urn:mavedb:00000657-a-1#4370,,,p.Val222Arg,-0.0020869059641322,0.0398264218401128,V222R,V222R,0.9252,pathogenic,0.1151113186815272,0.07479999999999998,False,222,False,False
urn:mavedb:00000657-a-1#4371,,,p.Val222Ser,-0.0094266356300267,0.0127875631683441,V222S,V222S,0.3488,ambiguous,0.6911841691397573,0.6512,False,222,False,False
urn:mavedb:00000657-a-1#4372,,,p.Val222Thr,0.244348861037961,0.0349273498389157,V222T,V222T,0.2609,benign,0.7768553336298822,0.7391,False,222,False,False
urn:mavedb:00000657-a-1#4373,,,p.Val222Trp,0.0180918206964867,0.0386913206860281,V222W,V222W,0.9819,pathogenic,0.09732229955227675,0.018100000000000005,False,222,False,False
urn:mavedb:00000657-a-1#4374,,,p.Val222Tyr,0.0288795753660429,0.0463499549990616,V222Y,V222Y,0.8926,pathogenic,0.12795951444367784,0.10740000000000005,False,222,False,False
urn:mavedb:00000657-a-1#4376,,,p.Tyr223Ala,-0.0168413215508655,0.0267060256664012,Y223A,Y223A,0.9246,pathogenic,0.11532909653922876,0.07540000000000002,False,223,False,False
urn:mavedb:00000657-a-1#4377,,,p.Tyr223Cys,-0.0188190717497644,0.0285623270794662,Y223C,Y223C,0.2469,benign,0.7882990078600347,0.7531,False,223,False,False
urn:mavedb:00000657-a-1#4378,,,p.Tyr223Asp,-0.0306013055777684,0.0297938207545412,Y223D,Y223D,0.866,pathogenic,0.14009923936234187,0.134,False,223,False,False
urn:mavedb:00000657-a-1#4379,,,p.Tyr223Glu,0.161099677114047,0.295271546017866,Y223E,Y223E,0.954,pathogenic,0.1054147434817437,0.04600000000000004,False,223,False,False
urn:mavedb:00000657-a-1#4380,,,p.Tyr223Phe,0.936445113154221,0.0647153596743754,Y223F,Y223F,0.0883,benign,0.8798235303838478,0.9117,False,223,False,False
urn:mavedb:00000657-a-1#4381,,,p.Tyr223Gly,0.0017606072507616,0.0446615590132254,Y223G,Y223G,0.8769,pathogenic,0.13493358519878662,0.12309999999999999,False,223,False,False
urn:mavedb:00000657-a-1#4382,,,p.Tyr223His,0.860679210221926,0.0384734636714562,Y223H,Y223H,0.2507,benign,0.7852525028436605,0.7493000000000001,False,223,False,False
urn:mavedb:00000657-a-1#4383,,,p.Tyr223Ile,0.0253950039739393,0.101345327090008,Y223I,Y223I,0.8783,pathogenic,0.13428966887311922,0.12170000000000003,False,223,False,False
urn:mavedb:00000657-a-1#4384,,,p.Tyr223Lys,0.0787852111311021,0.21149191402453,Y223K,Y223K,0.9475,pathogenic,0.10747786595301154,0.05249999999999999,False,223,False,False
urn:mavedb:00000657-a-1#4385,,,p.Tyr223Leu,-0.0097120337544769,0.0334483531544882,Y223L,Y223L,0.845,pathogenic,0.15084233470129127,0.15500000000000003,False,223,False,False
urn:mavedb:00000657-a-1#4386,,,p.Tyr223Met,-0.0056675452157081,0.0145461604415403,Y223M,Y223M,0.8882,pathogenic,0.12985999678031016,0.11180000000000001,False,223,False,False
urn:mavedb:00000657-a-1#4387,,,p.Tyr223Asn,0.0769246939916434,0.0303549949609714,Y223N,Y223N,0.5507,ambiguous,0.43207797263142694,0.44930000000000003,False,223,False,False
urn:mavedb:00000657-a-1#4388,,,p.Tyr223Pro,0.0253468046635895,0.064508601112932,Y223P,Y223P,0.9853,pathogenic,0.0964159880387532,0.014700000000000046,False,223,False,False
urn:mavedb:00000657-a-1#4389,,,p.Tyr223Gln,0.0351815910063507,0.0610926843816098,Y223Q,Y223Q,0.8708,pathogenic,0.13779089752047674,0.12919999999999998,False,223,False,False
urn:mavedb:00000657-a-1#4390,,,p.Tyr223Arg,0.0393801648204081,0.122773025063805,Y223R,Y223R,0.855,pathogenic,0.14559349250765802,0.14500000000000002,False,223,False,False
urn:mavedb:00000657-a-1#4391,,,p.Tyr223Ser,0.0499910097283668,0.0993621370985325,Y223S,Y223S,0.7111,pathogenic,0.24785584839121338,0.28890000000000005,False,223,False,False
urn:mavedb:00000657-a-1#4392,,,p.Tyr223Thr,0.113740063050124,0.137282767246276,Y223T,Y223T,0.918,pathogenic,0.11776932481577618,0.08199999999999996,False,223,False,False
urn:mavedb:00000657-a-1#4393,,,p.Tyr223Val,0.0465243603525912,0.108633867741703,Y223V,Y223V,0.8317,pathogenic,0.1582121345403192,0.1683,False,223,False,False
urn:mavedb:00000657-a-1#4394,,,p.Tyr223Trp,-0.0027315783184107,0.0358259217230988,Y223W,Y223W,0.3547,ambiguous,0.6846080922244442,0.6453,False,223,False,False
urn:mavedb:00000657-a-1#4396,,,p.Lys224Ala,0.0589649922722046,0.029746382474564,K224A,K224A,0.5214,ambiguous,0.4711496260647326,0.4786,False,224,False,False
urn:mavedb:00000657-a-1#4397,,,p.Lys224Cys,-0.0125624531416445,0.0186020085252881,K224C,K224C,0.704,pathogenic,0.25450996192411723,0.29600000000000004,False,224,False,False
urn:mavedb:00000657-a-1#4398,,,p.Lys224Asp,-0.0103631776136737,0.0208177570201535,K224D,K224D,0.7644,pathogenic,0.2029018952442765,0.23560000000000003,False,224,False,False
urn:mavedb:00000657-a-1#4399,,,p.Lys224Glu,0.296575942767647,0.0473810033910209,K224E,K224E,0.176,benign,0.837311834975864,0.8240000000000001,False,224,False,False
urn:mavedb:00000657-a-1#4400,,,p.Lys224Phe,0.0417191393735118,0.0726174130242514,K224F,K224F,0.9177,pathogenic,0.1178822105039391,0.08230000000000004,False,224,False,False
urn:mavedb:00000657-a-1#4401,,,p.Lys224Gly,-0.0036395108280688,0.0228750291313643,K224G,K224G,0.6146,pathogenic,0.3511104599180857,0.38539999999999996,False,224,False,False
urn:mavedb:00000657-a-1#4402,,,p.Lys224His,0.235176147208655,0.0411737461057626,K224H,K224H,0.3686,ambiguous,0.6687389087165304,0.6314,False,224,False,False
urn:mavedb:00000657-a-1#4403,,,p.Lys224Ile,0.0156888173536105,0.0473927805272927,K224I,K224I,0.6264,pathogenic,0.3370943698523092,0.37360000000000004,False,224,False,False
urn:mavedb:00000657-a-1#4404,,,p.Lys224Leu,-0.0080279776430208,0.0360212541750191,K224L,K224L,0.5902,pathogenic,0.38111762827506396,0.40980000000000005,False,224,False,False
urn:mavedb:00000657-a-1#4405,,,p.Lys224Met,-0.0154871989894586,0.0149897222555621,K224M,K224M,0.4043,ambiguous,0.6257585635906892,0.5957,False,224,False,False
urn:mavedb:00000657-a-1#4406,,,p.Lys224Asn,0.348639377460104,0.0389454554885131,K224N,K224N,0.5975,pathogenic,0.37200461633830595,0.40249999999999997,False,224,False,False
urn:mavedb:00000657-a-1#4407,,,p.Lys224Pro,-0.008595582254464,0.0206312952370778,K224P,K224P,0.9468,pathogenic,0.10770427008714398,0.053200000000000025,False,224,False,False
urn:mavedb:00000657-a-1#4408,,,p.Lys224Gln,0.761832770186217,0.0375678753721174,K224Q,K224Q,0.1277,benign,0.8629195699667749,0.8723,False,224,False,False
urn:mavedb:00000657-a-1#4409,,,p.Lys224Arg,0.742243110188408,0.0356036286305279,K224R,K224R,0.0856,benign,0.8808646035261062,0.9144,False,224,False,False
urn:mavedb:00000657-a-1#4410,,,p.Lys224Ser,0.384082107596226,0.0480651850916264,K224S,K224S,0.5202,ambiguous,0.4727633327892553,0.4798,False,224,False,False
urn:mavedb:00000657-a-1#4411,,,p.Lys224Thr,0.0744692933679121,0.0221356496880043,K224T,K224T,0.2575,benign,0.779690071724455,0.7424999999999999,False,224,False,False
urn:mavedb:00000657-a-1#4412,,,p.Lys224Val,0.0050114915242618,0.0319867905979833,K224V,K224V,0.5417,ambiguous,0.443996845618965,0.45830000000000004,False,224,False,False
urn:mavedb:00000657-a-1#4413,,,p.Lys224Trp,0.0186196652949087,0.0170812685121629,K224W,K224W,0.8492,pathogenic,0.14860780871037194,0.15080000000000005,False,224,False,False
urn:mavedb:00000657-a-1#4414,,,p.Lys224Tyr,0.0075481120138693,0.0263607951201413,K224Y,K224Y,0.7398,pathogenic,0.22255811979910178,0.2602,False,224,False,False
urn:mavedb:00000657-a-1#4416,,,p.Ile225Ala,1.14810421661956,0.0242835568261881,I225A,I225A,0.4163,ambiguous,0.6106785799193202,0.5837,False,225,False,False
urn:mavedb:00000657-a-1#4417,,,p.Ile225Cys,1.21656087322028,0.0247096176733734,I225C,I225C,0.5881,pathogenic,0.38375912745945623,0.41190000000000004,False,225,False,True
urn:mavedb:00000657-a-1#4418,,,p.Ile225Asp,1.11501859876974,0.0304511078440459,I225D,I225D,0.7687,pathogenic,0.19965505686128188,0.23129999999999995,True,225,False,True
urn:mavedb:00000657-a-1#4419,,,p.Ile225Glu,1.22451606900948,0.0184518903814019,I225E,I225E,0.7101,pathogenic,0.24878356056814033,0.28990000000000005,True,225,False,True
urn:mavedb:00000657-a-1#4420,,,p.Ile225Phe,1.23855062321319,0.0173433683005202,I225F,I225F,0.2388,benign,0.7946456717344679,0.7612,False,225,False,False
urn:mavedb:00000657-a-1#4421,,,p.Ile225Gly,0.894945534971491,0.0295558136096984,I225G,I225G,0.6064,pathogenic,0.3610474799715174,0.39359999999999995,True,225,False,True
urn:mavedb:00000657-a-1#4422,,,p.Ile225His,1.24852018768506,0.0255416390552975,I225H,I225H,0.6252,pathogenic,0.338503894764849,0.3748,True,225,False,True
urn:mavedb:00000657-a-1#4423,,,p.Ile225Lys,1.10708025474271,0.0324073058319817,I225K,I225K,0.5441,ambiguous,0.44080993797144447,0.45589999999999997,False,225,False,False
urn:mavedb:00000657-a-1#4424,,,p.Ile225Leu,1.19839368696939,0.0294709744415208,I225L,I225L,0.1047,benign,0.8731863328561332,0.8953,False,225,False,False
urn:mavedb:00000657-a-1#4425,,,p.Ile225Met,1.18075173627201,0.0310830746300559,I225M,I225M,0.1154,benign,0.8685540633330828,0.8846,False,225,False,False
urn:mavedb:00000657-a-1#4426,,,p.Ile225Asn,1.0418881523219,0.0235559936713883,I225N,I225N,0.286,benign,0.7548169060520855,0.714,False,225,False,False
urn:mavedb:00000657-a-1#4427,,,p.Ile225Pro,0.966970635391391,0.0382160415455169,I225P,I225P,0.6378,pathogenic,0.3238899063663309,0.36219999999999997,True,225,False,True
urn:mavedb:00000657-a-1#4428,,,p.Ile225Gln,1.19672291994135,0.0230851712602582,I225Q,I225Q,0.5876,pathogenic,0.3843893313701482,0.4124,False,225,False,True
urn:mavedb:00000657-a-1#4429,,,p.Ile225Arg,1.0898228347371,0.0188419460537408,I225R,I225R,0.4525,ambiguous,0.5636944507050425,0.5475,False,225,False,False
urn:mavedb:00000657-a-1#4430,,,p.Ile225Ser,1.04244428419189,0.0276290223056099,I225S,I225S,0.3912,ambiguous,0.6418770427309584,0.6088,False,225,False,False
urn:mavedb:00000657-a-1#4431,,,p.Ile225Thr,0.99121385206489,0.0191154361964879,I225T,I225T,0.3815,ambiguous,0.6535598770302662,0.6185,False,225,False,False
urn:mavedb:00000657-a-1#4432,,,p.Ile225Val,1.06282576557567,0.0189345604066456,I225V,I225V,0.0924,benign,0.8782151821957628,0.9076,False,225,False,False
urn:mavedb:00000657-a-1#4433,,,p.Ile225Trp,1.17062829832092,0.0273313928410226,I225W,I225W,0.7432,pathogenic,0.21973074226134393,0.25680000000000003,True,225,False,True
urn:mavedb:00000657-a-1#4434,,,p.Ile225Tyr,1.2192641610979,0.0310606416091634,I225Y,I225Y,0.5031,ambiguous,0.495815120649376,0.4969,False,225,False,False
urn:mavedb:00000657-a-1#4436,,,p.Ile226Ala,0.471337798383532,0.0256620545791127,I226A,I226A,0.1039,benign,0.8735228994574652,0.8961,False,226,False,False
urn:mavedb:00000657-a-1#4437,,,p.Ile226Cys,0.546367857336029,0.025292849509234,I226C,I226C,0.382,ambiguous,0.6529631741651765,0.618,False,226,False,False
urn:mavedb:00000657-a-1#4438,,,p.Ile226Asp,0.468953151583102,0.027952443723029,I226D,I226D,0.3007,benign,0.7409991059162248,0.6993,False,226,False,False
urn:mavedb:00000657-a-1#4439,,,p.Ile226Glu,0.607100796150076,0.0510512472919388,I226E,I226E,0.1594,benign,0.8467694017186791,0.8406,False,226,False,False
urn:mavedb:00000657-a-1#4440,,,p.Ile226Phe,0.81855423570199,0.0231470219231248,I226F,I226F,0.0909,benign,0.8788074708318421,0.9091,False,226,False,False
urn:mavedb:00000657-a-1#4441,,,p.Ile226Gly,0.415964235688847,0.0340969508290484,I226G,I226G,0.2719,benign,0.767438481500625,0.7281,False,226,False,False
urn:mavedb:00000657-a-1#4442,,,p.Ile226His,0.466779670126502,0.0263375682582471,I226H,I226H,0.2114,benign,0.8146552670560157,0.7886,False,226,False,False
urn:mavedb:00000657-a-1#4443,,,p.Ile226Lys,0.563174906513654,0.0188274079519527,I226K,I226K,0.0962,benign,0.8766945283415276,0.9038,False,226,False,False
urn:mavedb:00000657-a-1#4444,,,p.Ile226Leu,0.933623460169972,0.0299335700266567,I226L,I226L,0.0515,benign,0.8928441329648641,0.9485,False,226,False,False
urn:mavedb:00000657-a-1#4445,,,p.Ile226Met,0.889602713571693,0.0129297340910837,I226M,I226M,0.0393,benign,0.8966392885538199,0.9607,False,226,False,False
urn:mavedb:00000657-a-1#4446,,,p.Ile226Asn,0.417227418877797,0.0199502856343581,I226N,I226N,0.1461,benign,0.853841135953442,0.8539,False,226,False,False
urn:mavedb:00000657-a-1#4447,,,p.Ile226Pro,0.0102638541158232,0.0396119767923753,I226P,I226P,0.5573,ambiguous,0.4233980371628667,0.4427,False,226,False,False
urn:mavedb:00000657-a-1#4448,,,p.Ile226Gln,0.749171907010644,0.0272752337017983,I226Q,I226Q,0.1196,benign,0.866667998604408,0.8804,False,226,False,False
urn:mavedb:00000657-a-1#4449,,,p.Ile226Arg,0.331877533131645,0.025821978122266,I226R,I226R,0.0766,benign,0.8842333324160383,0.9234,False,226,False,False
urn:mavedb:00000657-a-1#4450,,,p.Ile226Ser,0.457714197968279,0.0305643014603115,I226S,I226S,0.1163,benign,0.868153170388506,0.8837,False,226,False,False
urn:mavedb:00000657-a-1#4451,,,p.Ile226Thr,0.842730200174802,0.0326428719128294,I226T,I226T,0.0587,benign,0.890487738641676,0.9413,False,226,False,False
urn:mavedb:00000657-a-1#4452,,,p.Ile226Val,0.882628245460181,0.0258878573238094,I226V,I226V,0.0595,benign,0.8902204126830506,0.9405,False,226,False,False
urn:mavedb:00000657-a-1#4453,,,p.Ile226Trp,0.49060469783424,0.0376386373821938,I226W,I226W,0.313,benign,0.7289235566921577,0.687,False,226,False,False
urn:mavedb:00000657-a-1#4454,,,p.Ile226Tyr,0.565786775152848,0.0333991554856958,I226Y,I226Y,0.2576,benign,0.779607207300184,0.7424,False,226,False,False
urn:mavedb:00000657-a-1#4456,,,p.Glu227Ala,0.345465080921458,0.04851031681196,E227A,E227A,0.1974,benign,0.8240335914655993,0.8026,False,227,False,False
urn:mavedb:00000657-a-1#4457,,,p.Glu227Cys,0.0602169443508674,0.0318756248359174,E227C,E227C,0.7547,pathogenic,0.21043147993824451,0.24529999999999996,False,227,False,False
urn:mavedb:00000657-a-1#4458,,,p.Glu227Asp,0.77274568383329,0.0222288486146672,E227D,E227D,0.1339,benign,0.8599493965951153,0.8661,False,227,False,False
urn:mavedb:00000657-a-1#4459,,,p.Glu227Phe,0.06833036229288,0.110607673407661,E227F,E227F,0.8545,pathogenic,0.14585011556962477,0.14549999999999996,False,227,False,False
urn:mavedb:00000657-a-1#4460,,,p.Glu227Gly,0.863196468189611,0.0561215883035297,E227G,E227G,0.1173,benign,0.8677056517407821,0.8827,False,227,False,False
urn:mavedb:00000657-a-1#4461,,,p.Glu227His,0.0121722972473998,0.0311221575802657,E227H,E227H,0.4362,ambiguous,0.5850934258887446,0.5638000000000001,False,227,False,False
urn:mavedb:00000657-a-1#4462,,,p.Glu227Ile,0.0502505036039223,0.0948578198189521,E227I,E227I,0.6775,pathogenic,0.28071959741936403,0.3225,False,227,False,False
urn:mavedb:00000657-a-1#4463,,,p.Glu227Lys,0.0187334931161449,0.0201403805766491,E227K,E227K,0.1662,benign,0.8429816720355858,0.8338,False,227,False,False
urn:mavedb:00000657-a-1#4464,,,p.Glu227Leu,0.0358033704621506,0.0683550062291844,E227L,E227L,0.6083,pathogenic,0.35873114745613605,0.39170000000000005,False,227,False,False
urn:mavedb:00000657-a-1#4465,,,p.Glu227Met,-0.0111262561361654,0.0187598896429017,E227M,E227M,0.6386,pathogenic,0.32297617842358517,0.36140000000000005,False,227,False,False
urn:mavedb:00000657-a-1#4466,,,p.Glu227Asn,0.221562050936389,0.0453894540612145,E227N,E227N,0.3031,benign,0.7386794907007881,0.6969000000000001,False,227,False,False
urn:mavedb:00000657-a-1#4467,,,p.Glu227Pro,0.130383490709351,0.252251127635663,E227P,E227P,0.8718,pathogenic,0.1373166802746078,0.12819999999999998,False,227,False,False
urn:mavedb:00000657-a-1#4468,,,p.Glu227Gln,0.336832120528554,0.0301685099595504,E227Q,E227Q,0.1346,benign,0.859608454378399,0.8654,False,227,False,False
urn:mavedb:00000657-a-1#4469,,,p.Glu227Arg,-0.0063936881387026,0.0283010654687886,E227R,E227R,0.2475,benign,0.7878209223217538,0.7525,False,227,False,False
urn:mavedb:00000657-a-1#4470,,,p.Glu227Ser,0.40758297905682,0.0455059067406607,E227S,E227S,0.1862,benign,0.831139168383656,0.8138,False,227,False,False
urn:mavedb:00000657-a-1#4471,,,p.Glu227Thr,0.0404699056921258,0.0248434324496605,E227T,E227T,0.2943,benign,0.7470975443024895,0.7057,False,227,False,False
urn:mavedb:00000657-a-1#4472,,,p.Glu227Val,0.0004237216202438,0.0366587981894204,E227V,E227V,0.4524,ambiguous,0.5638267404282925,0.5476,False,227,False,False
urn:mavedb:00000657-a-1#4473,,,p.Glu227Trp,0.075382895015976,0.100982448933594,E227W,E227W,0.8754,pathogenic,0.1356283821069184,0.12460000000000004,False,227,False,False
urn:mavedb:00000657-a-1#4474,,,p.Glu227Tyr,0.0287977045105035,0.0557491297358962,E227Y,E227Y,0.6721,pathogenic,0.28632231546945525,0.32789999999999997,False,227,False,False
urn:mavedb:00000657-a-1#4476,,,p.Lys228Ala,0.688440141855929,0.0294793668223042,K228A,K228A,0.706,pathogenic,0.25261970989823784,0.29400000000000004,False,228,False,False
urn:mavedb:00000657-a-1#4477,,,p.Lys228Cys,0.582233907217146,0.0284780084025299,K228C,K228C,0.8582,pathogenic,0.1439654033848157,0.14180000000000004,False,228,False,False
urn:mavedb:00000657-a-1#4478,,,p.Lys228Asp,0.149761003344327,0.038091649749616,K228D,K228D,0.7874,pathogenic,0.18617475522867155,0.2126,False,228,False,False
urn:mavedb:00000657-a-1#4479,,,p.Lys228Glu,0.53991600990559,0.0174033028429761,K228E,K228E,0.4751,ambiguous,0.5335526143349012,0.5248999999999999,False,228,False,False
urn:mavedb:00000657-a-1#4480,,,p.Lys228Phe,0.728814201950717,0.0498789890388439,K228F,K228F,0.9299,pathogenic,0.1134284236324214,0.07010000000000005,False,228,False,False
urn:mavedb:00000657-a-1#4481,,,p.Lys228Gly,0.508168521336556,0.0242790140199002,K228G,K228G,0.7731,pathogenic,0.19639008575984584,0.2269,False,228,False,False
urn:mavedb:00000657-a-1#4482,,,p.Lys228His,0.93797550851143,0.0622583080921681,K228H,K228H,0.5434,ambiguous,0.4417388436924936,0.4566,False,228,False,False
urn:mavedb:00000657-a-1#4483,,,p.Lys228Ile,0.75220396779885,0.0564041894109578,K228I,K228I,0.6941,pathogenic,0.2640492016147417,0.30589999999999995,False,228,False,False
urn:mavedb:00000657-a-1#4484,,,p.Lys228Leu,0.712487901745002,0.0483210247195392,K228L,K228L,0.6985,pathogenic,0.25977212084786394,0.3015,False,228,False,False
urn:mavedb:00000657-a-1#4485,,,p.Lys228Met,0.867613294007404,0.0357401972029515,K228M,K228M,0.5106,ambiguous,0.4856948216644652,0.48939999999999995,False,228,False,False
urn:mavedb:00000657-a-1#4486,,,p.Lys228Asn,0.769423369017164,0.0490818781657854,K228N,K228N,0.6863,pathogenic,0.2717776300527546,0.3137,False,228,False,False
urn:mavedb:00000657-a-1#4487,,,p.Lys228Pro,0.532811600137063,0.035959904055015,K228P,K228P,0.9113,pathogenic,0.12033191788467543,0.0887,False,228,False,False
urn:mavedb:00000657-a-1#4488,,,p.Lys228Gln,0.700398920650707,0.0356875132432245,K228Q,K228Q,0.4383,ambiguous,0.5823565741397294,0.5617,False,228,False,False
urn:mavedb:00000657-a-1#4489,,,p.Lys228Arg,0.971044363544745,0.0150478345247883,K228R,K228R,0.1283,benign,0.8626360010792938,0.8717,False,228,False,False
urn:mavedb:00000657-a-1#4490,,,p.Lys228Ser,0.785988542434311,0.0386464960114342,K228S,K228S,0.7715,pathogenic,0.19757065752793102,0.22850000000000004,False,228,False,False
urn:mavedb:00000657-a-1#4491,,,p.Lys228Thr,0.917308920055343,0.0407735281752148,K228T,K228T,0.4385,ambiguous,0.5820955889863288,0.5615,False,228,False,False
urn:mavedb:00000657-a-1#4492,,,p.Lys228Val,0.799119778725398,0.038841082513269,K228V,K228V,0.6577,pathogenic,0.30168470697006095,0.34230000000000005,False,228,False,False
urn:mavedb:00000657-a-1#4493,,,p.Lys228Trp,0.844457238059261,0.0480823239794627,K228W,K228W,0.8937,pathogenic,0.12749083175174264,0.10629999999999995,True,228,False,True
urn:mavedb:00000657-a-1#4494,,,p.Lys228Tyr,0.882454385158884,0.0330694973199809,K228Y,K228Y,0.8155,pathogenic,0.16781251064695163,0.1845,True,228,False,True
urn:mavedb:00000657-a-1#4496,,,p.Val229Ala,0.169672585791113,0.0402168979073888,V229A,V229A,0.1835,benign,0.8328004731565422,0.8165,False,229,False,False
urn:mavedb:00000657-a-1#4497,,,p.Val229Cys,0.371297125045284,0.0256676285384521,V229C,V229C,0.6804,pathogenic,0.27774689691864307,0.3196,False,229,False,False
urn:mavedb:00000657-a-1#4498,,,p.Val229Asp,0.0461647924526161,0.0975344305397649,V229D,V229D,0.4096,ambiguous,0.6191334878660163,0.5904,False,229,False,False
urn:mavedb:00000657-a-1#4499,,,p.Val229Glu,0.428298755267091,0.0404956351351505,V229E,V229E,0.2572,benign,0.7799384796304923,0.7428,False,229,False,False
urn:mavedb:00000657-a-1#4500,,,p.Val229Phe,-0.0080994722733526,0.0327621897839273,V229F,V229F,0.2047,benign,0.8192132382565621,0.7953,False,229,False,False
urn:mavedb:00000657-a-1#4501,,,p.Val229Gly,0.0585179921556067,0.0856650559826343,V229G,V229G,0.3108,benign,0.7311175371891201,0.6892,False,229,False,False
urn:mavedb:00000657-a-1#4502,,,p.Val229His,-0.0059404270290425,0.0218151237212171,V229H,V229H,0.5912,pathogenic,0.3798628466375667,0.40880000000000005,False,229,False,False
urn:mavedb:00000657-a-1#4503,,,p.Val229Ile,0.540244151157855,0.0386482443026988,V229I,V229I,0.0797,benign,0.8830904182652821,0.9203,False,229,False,False
urn:mavedb:00000657-a-1#4504,,,p.Val229Lys,0.0192716058405847,0.0461480168536604,V229K,V229K,0.3998,ambiguous,0.6313377193730842,0.6002000000000001,False,229,False,False
urn:mavedb:00000657-a-1#4505,,,p.Val229Leu,0.0053662545311787,0.0216275189069838,V229L,V229L,0.2785,benign,0.7616076574578126,0.7215,False,229,False,False
urn:mavedb:00000657-a-1#4506,,,p.Val229Met,0.460075907720484,0.0379316755267975,V229M,V229M,0.1419,benign,0.8559840917183638,0.8581,False,229,False,False
urn:mavedb:00000657-a-1#4507,,,p.Val229Asn,-0.00989873594397,0.0260367079798145,V229N,V229N,0.3593,ambiguous,0.6794141418740095,0.6407,False,229,False,False
urn:mavedb:00000657-a-1#4508,,,p.Val229Pro,0.0201895397050934,0.0459402488779336,V229P,V229P,0.8711,pathogenic,0.1376483916606306,0.12890000000000001,False,229,False,False
urn:mavedb:00000657-a-1#4509,,,p.Val229Gln,0.77604376018122,0.0296620865591198,V229Q,V229Q,0.3611,ambiguous,0.6773660254607301,0.6389,False,229,False,False
urn:mavedb:00000657-a-1#4510,,,p.Val229Arg,0.016783925025554,0.0280532801595865,V229R,V229R,0.3723,ambiguous,0.6644284742836614,0.6276999999999999,False,229,False,False
urn:mavedb:00000657-a-1#4511,,,p.Val229Ser,-0.0085190816309931,0.0268587648133141,V229S,V229S,0.2739,benign,0.7656858976385218,0.7261,False,229,False,False
urn:mavedb:00000657-a-1#4512,,,p.Val229Thr,0.25083978645268,0.0345245034392354,V229T,V229T,0.1617,benign,0.84550149850851,0.8383,False,229,False,False
urn:mavedb:00000657-a-1#4513,,,p.Val229Trp,-0.0103427737458553,0.043586997893466,V229W,V229W,0.7702,pathogenic,0.19853549780599333,0.2298,False,229,False,False
urn:mavedb:00000657-a-1#4514,,,p.Val229Tyr,0.0049454421087463,0.0438532808294725,V229Y,V229Y,0.5625,ambiguous,0.4166000600413372,0.4375,False,229,False,False
urn:mavedb:00000657-a-1#4516,,,p.Asp230Ala,0.955923194312178,0.0327895664624775,D230A,D230A,0.193,benign,0.8268665650166306,0.8069999999999999,False,230,False,False
urn:mavedb:00000657-a-1#4517,,,p.Asp230Cys,0.869007459944363,0.0234170000566938,D230C,D230C,0.6234,pathogenic,0.3406250128713028,0.37660000000000005,True,230,False,True
urn:mavedb:00000657-a-1#4518,,,p.Asp230Glu,1.03612220569052,0.0213077660046031,D230E,D230E,0.401,ambiguous,0.6298541637798144,0.599,False,230,False,False
urn:mavedb:00000657-a-1#4519,,,p.Asp230Phe,0.753153505661926,0.0288438469171686,D230F,D230F,0.7103,pathogenic,0.24859776908818843,0.28969999999999996,False,230,False,False
urn:mavedb:00000657-a-1#4520,,,p.Asp230Gly,0.710676808318114,0.0308899839592283,D230G,D230G,0.2027,benign,0.8205489094896418,0.7973,False,230,False,False
urn:mavedb:00000657-a-1#4521,,,p.Asp230His,0.954606002667613,0.0435881075502115,D230H,D230H,0.4314,ambiguous,0.5913243200390038,0.5686,False,230,False,False
urn:mavedb:00000657-a-1#4522,,,p.Asp230Ile,0.43951607209475,0.0554674996217027,D230I,D230I,0.5735,pathogenic,0.40235244357581923,0.4265,False,230,False,False
urn:mavedb:00000657-a-1#4523,,,p.Asp230Lys,0.931119052366194,0.0342914735744214,D230K,D230K,0.6587,pathogenic,0.30059833955397464,0.34130000000000005,True,230,False,True
urn:mavedb:00000657-a-1#4524,,,p.Asp230Leu,0.818219923870125,0.0484358428588728,D230L,D230L,0.5442,ambiguous,0.4406772788524539,0.4558,False,230,False,False
urn:mavedb:00000657-a-1#4525,,,p.Asp230Met,1.00778253069554,0.045002594459427,D230M,D230M,0.8095,pathogenic,0.171547798760459,0.1905,True,230,False,True
urn:mavedb:00000657-a-1#4526,,,p.Asp230Asn,0.863439057889872,0.0234695631584569,D230N,D230N,0.1389,benign,0.857488844259799,0.8611,False,230,False,False
urn:mavedb:00000657-a-1#4527,,,p.Asp230Pro,1.09339685542332,0.0335471452807685,D230P,D230P,0.493,ambiguous,0.5094486110950023,0.507,False,230,False,False
urn:mavedb:00000657-a-1#4528,,,p.Asp230Gln,1.00072091759966,0.0407761836359317,D230Q,D230Q,0.612,pathogenic,0.35424423688407985,0.388,True,230,False,True
urn:mavedb:00000657-a-1#4529,,,p.Asp230Arg,0.712844593877737,0.0359919618883626,D230R,D230R,0.6225,pathogenic,0.34168862504665326,0.37749999999999995,False,230,False,False
urn:mavedb:00000657-a-1#4530,,,p.Asp230Ser,0.915949199871132,0.0418963417522104,D230S,D230S,0.1557,benign,0.848780970415995,0.8443,False,230,False,False
urn:mavedb:00000657-a-1#4531,,,p.Asp230Thr,0.747682311506848,0.0315440305661252,D230T,D230T,0.3999,ambiguous,0.6312142082933674,0.6001000000000001,False,230,False,False
urn:mavedb:00000657-a-1#4532,,,p.Asp230Val,0.610958004774556,0.0481671202758022,D230V,D230V,0.3912,ambiguous,0.6418770427309584,0.6088,False,230,False,False
urn:mavedb:00000657-a-1#4533,,,p.Asp230Trp,0.480850541531135,0.0219138469115784,D230W,D230W,0.9288,pathogenic,0.11381865284691706,0.07120000000000004,False,230,False,False
urn:mavedb:00000657-a-1#4534,,,p.Asp230Tyr,0.989594293789153,0.0158231245061623,D230Y,D230Y,0.2959,benign,0.7455848456509655,0.7041,False,230,False,False
urn:mavedb:00000657-a-1#4536,,,p.Tyr231Ala,8.05147431176676e-05,0.0453791522665244,Y231A,Y231A,0.936,pathogenic,0.11130418344047914,0.06399999999999995,False,231,False,False
urn:mavedb:00000657-a-1#4537,,,p.Tyr231Cys,-0.0130145209481041,0.032195552430861,Y231C,Y231C,0.4848,ambiguous,0.5205057889973991,0.5152,False,231,False,False
urn:mavedb:00000657-a-1#4538,,,p.Tyr231Asp,-0.008261190407765,0.0320878532903799,Y231D,Y231D,0.9308,pathogenic,0.11311078664280154,0.06920000000000004,False,231,False,False
urn:mavedb:00000657-a-1#4539,,,p.Tyr231Glu,0.0110257825364073,0.0532037320592028,Y231E,Y231E,0.9863,pathogenic,0.09615256461697061,0.013700000000000045,False,231,False,False
urn:mavedb:00000657-a-1#4540,,,p.Tyr231Phe,1.00816792735927,0.0298157891569707,Y231F,Y231F,0.0714,benign,0.8861101585498633,0.9286,False,231,False,False
urn:mavedb:00000657-a-1#4541,,,p.Tyr231Gly,0.133527574743581,0.178125208310692,Y231G,Y231G,0.9219,pathogenic,0.11631742753224464,0.07809999999999995,False,231,False,False
urn:mavedb:00000657-a-1#4542,,,p.Tyr231His,-0.0144670639164827,0.0157950714683624,Y231H,Y231H,0.7765,pathogenic,0.1939066526499797,0.22350000000000003,False,231,False,False
urn:mavedb:00000657-a-1#4543,,,p.Tyr231Ile,-0.0015381613374564,0.0184121550929945,Y231I,Y231I,0.7457,pathogenic,0.2176745664760702,0.25429999999999997,False,231,False,False
urn:mavedb:00000657-a-1#4544,,,p.Tyr231Lys,-0.0091870154653169,0.0370502562725832,Y231K,Y231K,0.9842,pathogenic,0.09670739570120462,0.015800000000000036,False,231,False,False
urn:mavedb:00000657-a-1#4545,,,p.Tyr231Leu,0.164627142416481,0.0493971042909673,Y231L,Y231L,0.6359,pathogenic,0.32606688534633604,0.3641,False,231,False,False
urn:mavedb:00000657-a-1#4546,,,p.Tyr231Met,0.0701753464315149,0.0328393619373236,Y231M,Y231M,0.846,pathogenic,0.1503063244913897,0.15400000000000003,False,231,False,False
urn:mavedb:00000657-a-1#4547,,,p.Tyr231Asn,0.0079736519791284,0.0284631757938019,Y231N,Y231N,0.8112,pathogenic,0.17047943458057171,0.18879999999999997,False,231,False,False
urn:mavedb:00000657-a-1#4548,,,p.Tyr231Pro,0.035557988437667,0.126783563722316,Y231P,Y231P,0.9824,pathogenic,0.09718797771583838,0.01759999999999995,False,231,False,False
urn:mavedb:00000657-a-1#4549,,,p.Tyr231Gln,-0.0076453159972267,0.0289861539932482,Y231Q,Y231Q,0.9753,pathogenic,0.09912951272818432,0.024700000000000055,False,231,False,False
urn:mavedb:00000657-a-1#4550,,,p.Tyr231Arg,0.0167044419531317,0.0848445446199151,Y231R,Y231R,0.9662,pathogenic,0.10172810326761668,0.03380000000000005,False,231,False,False
urn:mavedb:00000657-a-1#4551,,,p.Tyr231Ser,0.0551782286401909,0.0855145754630623,Y231S,Y231S,0.8171,pathogenic,0.16683303972733926,0.18289999999999995,False,231,False,False
urn:mavedb:00000657-a-1#4552,,,p.Tyr231Thr,-0.0050700111588279,0.0339688591855216,Y231T,Y231T,0.9324,pathogenic,0.11254972781594344,0.0676,False,231,False,False
urn:mavedb:00000657-a-1#4553,,,p.Tyr231Val,-0.0110847552499123,0.0303127637192436,Y231V,Y231V,0.7077,pathogenic,0.2510227670915716,0.2923,False,231,False,False
urn:mavedb:00000657-a-1#4554,,,p.Tyr231Trp,0.843159224812811,0.0348163727925897,Y231W,Y231W,0.6194,pathogenic,0.3453675975721795,0.38060000000000005,True,231,False,True
urn:mavedb:00000657-a-1#4556,,,p.Pro232Ala,0.0325943498424726,0.0446123288756473,P232A,P232A,0.549,ambiguous,0.4343223956705401,0.45099999999999996,False,232,False,False
urn:mavedb:00000657-a-1#4557,,,p.Pro232Cys,0.0226681203788586,0.0576083405703815,P232C,P232C,0.8992,pathogenic,0.12518550822394847,0.1008,False,232,False,False
urn:mavedb:00000657-a-1#4558,,,p.Pro232Asp,0.0051579790782295,0.0453224516415215,P232D,P232D,0.9581,pathogenic,0.10414918906619999,0.04190000000000005,False,232,False,False
urn:mavedb:00000657-a-1#4559,,,p.Pro232Glu,-0.0126828428154509,0.0256534335081538,P232E,P232E,0.8557,pathogenic,0.14523523742322836,0.14429999999999998,False,232,False,False
urn:mavedb:00000657-a-1#4560,,,p.Pro232Phe,0.0043731146084704,0.0282473128926082,P232F,P232F,0.9253,pathogenic,0.11507508751059727,0.07469999999999999,False,232,False,False
urn:mavedb:00000657-a-1#4561,,,p.Pro232Gly,0.0494406110411801,0.10848311719266,P232G,P232G,0.9187,pathogenic,0.11750659519306199,0.08130000000000004,False,232,False,False
urn:mavedb:00000657-a-1#4562,,,p.Pro232His,-0.0111505194659776,0.0140922056607051,P232H,P232H,0.7694,pathogenic,0.1991317574880827,0.23060000000000003,False,232,False,False
urn:mavedb:00000657-a-1#4563,,,p.Pro232Ile,-0.0087290412886484,0.0136116003223195,P232I,P232I,0.7132,pathogenic,0.24591778884167298,0.28680000000000005,False,232,False,False
urn:mavedb:00000657-a-1#4564,,,p.Pro232Lys,0.0234614988900609,0.0917880361393613,P232K,P232K,0.8415,pathogenic,0.15273811824789596,0.15849999999999997,False,232,False,False
urn:mavedb:00000657-a-1#4565,,,p.Pro232Leu,-0.0075562440928531,0.0154108709744935,P232L,P232L,0.4072,ambiguous,0.6221406192951767,0.5928,False,232,False,False
urn:mavedb:00000657-a-1#4566,,,p.Pro232Met,-0.0006274178028954,0.0190202196591073,P232M,P232M,0.8297,pathogenic,0.1593597647836657,0.1703,False,232,False,False
urn:mavedb:00000657-a-1#4567,,,p.Pro232Asn,0.0148679385213866,0.0190519026477522,P232N,P232N,0.9601,pathogenic,0.10354170751040695,0.03990000000000005,False,232,False,False
urn:mavedb:00000657-a-1#4568,,,p.Pro232Gln,0.0750836475797573,0.0651671042027632,P232Q,P232Q,0.7545,pathogenic,0.21058974111878004,0.24550000000000005,False,232,False,False
urn:mavedb:00000657-a-1#4569,,,p.Pro232Arg,-0.0062513483537091,0.0299428725954474,P232R,P232R,0.681,pathogenic,0.2771350273064592,0.31899999999999995,False,232,False,False
urn:mavedb:00000657-a-1#4570,,,p.Pro232Ser,0.034319879353917,0.0585522091170306,P232S,P232S,0.7871,pathogenic,0.18638291325444406,0.21289999999999998,False,232,False,False
urn:mavedb:00000657-a-1#4571,,,p.Pro232Thr,0.0117142209997782,0.038810992544769,P232T,P232T,0.6532,pathogenic,0.30660883506661857,0.3468,False,232,False,False
urn:mavedb:00000657-a-1#4572,,,p.Pro232Val,-0.0018875016609808,0.0265757464941875,P232V,P232V,0.6514,pathogenic,0.3085946224575533,0.3486,False,232,False,False
urn:mavedb:00000657-a-1#4573,,,p.Pro232Trp,0.057746084691887,0.086245179377019,P232W,P232W,0.9528,pathogenic,0.10579034732375064,0.04720000000000002,False,232,False,False
urn:mavedb:00000657-a-1#4574,,,p.Pro232Tyr,-0.0055039136397732,0.0240307447190066,P232Y,P232Y,0.9095,pathogenic,0.12103534162700237,0.09050000000000002,False,232,False,False
urn:mavedb:00000657-a-1#4576,,,p.Arg233Ala,0.373031643461219,0.049053006141857,R233A,R233A,0.6762,pathogenic,0.28206041165563256,0.3238,False,233,False,False
urn:mavedb:00000657-a-1#4577,,,p.Arg233Cys,0.861845997437554,0.0360733227297655,R233C,R233C,0.1835,benign,0.8328004731565422,0.8165,False,233,False,False
urn:mavedb:00000657-a-1#4578,,,p.Arg233Asp,-0.0170873102348821,0.0264294821224096,R233D,R233D,0.9223,pathogenic,0.11617014447322967,0.07769999999999999,False,233,False,False
urn:mavedb:00000657-a-1#4579,,,p.Arg233Glu,0.363408137183819,0.0530054091329353,R233E,R233E,0.5485,ambiguous,0.434983161340952,0.4515,False,233,False,False
urn:mavedb:00000657-a-1#4580,,,p.Arg233Phe,0.203250991350991,0.0378842992996333,R233F,R233F,0.7936,pathogenic,0.18193105789643327,0.20640000000000003,False,233,False,False
urn:mavedb:00000657-a-1#4581,,,p.Arg233Gly,-0.0187699042768461,0.0240798010420011,R233G,R233G,0.5405,ambiguous,0.44559246277625175,0.4595,False,233,False,False
urn:mavedb:00000657-a-1#4582,,,p.Arg233His,0.371710601789833,0.0600904319484043,R233H,R233H,0.2176,benign,0.8103217340017267,0.7824,False,233,False,False
urn:mavedb:00000657-a-1#4583,,,p.Arg233Ile,0.847999815652651,0.046989915677607,R233I,R233I,0.4917,ambiguous,0.511202684836818,0.5083,False,233,False,False
urn:mavedb:00000657-a-1#4584,,,p.Arg233Lys,0.869868039717167,0.0391941442699754,R233K,R233K,0.1765,benign,0.8370157665533551,0.8235,False,233,False,False
urn:mavedb:00000657-a-1#4585,,,p.Arg233Leu,1.01662566785576,0.0411682593809774,R233L,R233L,0.4611,ambiguous,0.552277892901034,0.5388999999999999,False,233,False,False
urn:mavedb:00000657-a-1#4586,,,p.Arg233Met,0.725812247317968,0.0387359235402761,R233M,R233M,0.5313,ambiguous,0.45786875395532356,0.4687,False,233,False,False
urn:mavedb:00000657-a-1#4587,,,p.Arg233Asn,0.0241096488627203,0.0171346331282327,R233N,R233N,0.8783,pathogenic,0.13428966887311922,0.12170000000000003,False,233,False,False
urn:mavedb:00000657-a-1#4588,,,p.Arg233Pro,0.0071288891132069,0.0495252167030085,R233P,R233P,0.9187,pathogenic,0.11750659519306199,0.08130000000000004,False,233,False,False
urn:mavedb:00000657-a-1#4589,,,p.Arg233Gln,0.748550092615052,0.0589454873443276,R233Q,R233Q,0.1652,benign,0.8435461368193414,0.8348,False,233,False,False
urn:mavedb:00000657-a-1#4590,,,p.Arg233Ser,0.375227665521122,0.0425946580719589,R233S,R233S,0.8025,pathogenic,0.1760314240649955,0.1975,False,233,False,False
urn:mavedb:00000657-a-1#4591,,,p.Arg233Thr,0.939389438739014,0.041626761898666,R233T,R233T,0.4644,ambiguous,0.5478781018995019,0.5356000000000001,False,233,False,False
urn:mavedb:00000657-a-1#4592,,,p.Arg233Val,1.01078180698842,0.0707615070478784,R233V,R233V,0.5321,ambiguous,0.4567984633946445,0.4679,False,233,False,False
urn:mavedb:00000657-a-1#4593,,,p.Arg233Trp,0.0122032053162305,0.0421110847782728,R233W,R233W,0.3228,benign,0.7189714349528775,0.6772,False,233,False,False
urn:mavedb:00000657-a-1#4594,,,p.Arg233Tyr,0.194310124732994,0.030079389944752,R233Y,R233Y,0.6341,pathogenic,0.3281381556230369,0.3659,False,233,False,False
urn:mavedb:00000657-a-1#4596,,,p.Asp234Ala,0.548691124867981,0.0150761541817087,D234A,D234A,0.1497,benign,0.851970205591487,0.8503000000000001,False,234,False,False
urn:mavedb:00000657-a-1#4597,,,p.Asp234Cys,0.352022750978234,0.0428024234254346,D234C,D234C,0.2441,benign,0.7905155227708375,0.7559,False,234,False,False
urn:mavedb:00000657-a-1#4598,,,p.Asp234Glu,0.354933165620963,0.059777002869302,D234E,D234E,0.1697,benign,0.8409856211545357,0.8303,False,234,False,False
urn:mavedb:00000657-a-1#4599,,,p.Asp234Phe,0.508507652546258,0.0235385702176288,D234F,D234F,0.3984,ambiguous,0.6330645961469132,0.6016,False,234,False,False
urn:mavedb:00000657-a-1#4600,,,p.Asp234Gly,0.690413453839389,0.0270079195649864,D234G,D234G,0.1127,benign,0.8697461512263821,0.8873,False,234,False,False
urn:mavedb:00000657-a-1#4601,,,p.Asp234His,0.552454848979176,0.0463884421091431,D234H,D234H,0.1409,benign,0.8564880630109881,0.8591,False,234,False,False
urn:mavedb:00000657-a-1#4602,,,p.Asp234Ile,-0.0138554256096042,0.0177401766117568,D234I,D234I,0.2604,benign,0.7772744502807465,0.7396,False,234,False,False
urn:mavedb:00000657-a-1#4603,,,p.Asp234Lys,0.693313428355543,0.0366108793007854,D234K,D234K,0.1844,benign,0.8322489100636895,0.8156,False,234,False,False
urn:mavedb:00000657-a-1#4604,,,p.Asp234Leu,0.534773965305892,0.0211724256269324,D234L,D234L,0.1856,benign,0.8315100641153208,0.8144,False,234,False,False
urn:mavedb:00000657-a-1#4605,,,p.Asp234Met,0.41491122370162,0.0258205327375028,D234M,D234M,0.3261,benign,0.715554954879739,0.6738999999999999,False,234,False,False
urn:mavedb:00000657-a-1#4606,,,p.Asp234Asn,0.884654244198478,0.0198165714686787,D234N,D234N,0.0608,benign,0.8897836281422123,0.9392,False,234,False,False
urn:mavedb:00000657-a-1#4607,,,p.Asp234Pro,0.0971218996060981,0.10366447385119,D234P,D234P,0.6472,pathogenic,0.31326358949010513,0.3528,False,234,False,False
urn:mavedb:00000657-a-1#4608,,,p.Asp234Gln,0.474804450480789,0.0241226236357855,D234Q,D234Q,0.2243,benign,0.8055120963071662,0.7757000000000001,False,234,False,False
urn:mavedb:00000657-a-1#4609,,,p.Asp234Arg,0.497678527606749,0.0194528852788297,D234R,D234R,0.2017,benign,0.8212124787670468,0.7983,False,234,False,False
urn:mavedb:00000657-a-1#4610,,,p.Asp234Ser,0.648219979119072,0.0486267152227746,D234S,D234S,0.0898,benign,0.8792389731861506,0.9102,False,234,False,False
urn:mavedb:00000657-a-1#4611,,,p.Asp234Thr,0.667878773643663,0.0301376668196977,D234T,D234T,0.1441,benign,0.8548669035341431,0.8559,False,234,False,False
urn:mavedb:00000657-a-1#4612,,,p.Asp234Val,-0.0110639543030311,0.0165870898682682,D234V,D234V,0.184,benign,0.8324943209439297,0.8160000000000001,False,234,False,False
urn:mavedb:00000657-a-1#4613,,,p.Asp234Trp,0.0153487470600831,0.0292870996574518,D234W,D234W,0.636,pathogenic,0.3259520671491538,0.364,False,234,False,False
urn:mavedb:00000657-a-1#4614,,,p.Asp234Tyr,0.444801173937967,0.0424373559437158,D234Y,D234Y,0.1285,benign,0.8625412951246455,0.8714999999999999,False,234,False,False
urn:mavedb:00000657-a-1#4616,,,p.Glu235Ala,0.96522789122437,0.0380956346668262,E235A,E235A,0.085,benign,0.8810940223833691,0.915,False,235,False,False
urn:mavedb:00000657-a-1#4617,,,p.Glu235Cys,0.74642934734362,0.0349141907193196,E235C,E235C,0.3928,ambiguous,0.6399288196893456,0.6072,False,235,False,False
urn:mavedb:00000657-a-1#4618,,,p.Glu235Asp,0.903279832971399,0.030391282657941,E235D,E235D,0.0868,benign,0.8804036638422371,0.9132,False,235,False,False
urn:mavedb:00000657-a-1#4619,,,p.Glu235Phe,0.324866968831846,0.0495503584024059,E235F,E235F,0.4075,ambiguous,0.6217653643905264,0.5925,False,235,False,False
urn:mavedb:00000657-a-1#4620,,,p.Glu235Gly,0.737588252463766,0.0515098361846267,E235G,E235G,0.0663,benign,0.8879027303966619,0.9337,False,235,False,False
urn:mavedb:00000657-a-1#4621,,,p.Glu235His,0.761252064880997,0.0369077462669109,E235H,E235H,0.1959,benign,0.8250054580473387,0.8041,False,235,False,False
urn:mavedb:00000657-a-1#4622,,,p.Glu235Ile,0.556058579041331,0.0746965865415476,E235I,E235I,0.1639,benign,0.8442760855521855,0.8361000000000001,False,235,False,False
urn:mavedb:00000657-a-1#4623,,,p.Glu235Lys,0.82337055100588,0.0411174221538175,E235K,E235K,0.0595,benign,0.8902204126830506,0.9405,False,235,False,False
urn:mavedb:00000657-a-1#4624,,,p.Glu235Leu,0.573220958491513,0.0342092009259902,E235L,E235L,0.194,benign,0.8262274525795588,0.806,False,235,False,False
urn:mavedb:00000657-a-1#4625,,,p.Glu235Met,0.688777518160708,0.0471687373962673,E235M,E235M,0.2049,benign,0.8190790439458359,0.7951,False,235,False,False
urn:mavedb:00000657-a-1#4626,,,p.Glu235Asn,0.772400290848809,0.0502118894565425,E235N,E235N,0.1164,benign,0.8681085172682985,0.8835999999999999,False,235,False,False
urn:mavedb:00000657-a-1#4627,,,p.Glu235Pro,0.686512443825842,0.0240009677372684,E235P,E235P,0.2437,benign,0.7908302141086141,0.7563,False,235,False,False
urn:mavedb:00000657-a-1#4628,,,p.Glu235Gln,0.869779596835068,0.0620221608313638,E235Q,E235Q,0.0875,benign,0.8801334836991603,0.9125,False,235,False,False
urn:mavedb:00000657-a-1#4629,,,p.Glu235Arg,0.738288192813718,0.0424569882844642,E235R,E235R,0.091,benign,0.8787681242964869,0.909,False,235,False,False
urn:mavedb:00000657-a-1#4630,,,p.Glu235Ser,0.871253832194019,0.0353431367357758,E235S,E235S,0.0936,benign,0.8777381145753042,0.9064,False,235,False,False
urn:mavedb:00000657-a-1#4631,,,p.Glu235Thr,0.751017933885939,0.0280249276403705,E235T,E235T,0.1018,benign,0.8744000300660367,0.8982,False,235,False,False
urn:mavedb:00000657-a-1#4632,,,p.Glu235Val,0.773396673225223,0.031306655077475,E235V,E235V,0.1201,benign,0.8664408725792708,0.8799,False,235,False,False
urn:mavedb:00000657-a-1#4633,,,p.Glu235Trp,0.0583415474598652,0.0512986503164032,E235W,E235W,0.5101,ambiguous,0.48636917118724654,0.4899,False,235,False,False
urn:mavedb:00000657-a-1#4634,,,p.Glu235Tyr,0.381037295808887,0.041112885091481,E235Y,E235Y,0.2784,benign,0.7616970161595576,0.7216,False,235,False,False
urn:mavedb:00000657-a-1#4636,,,p.Asn236Ala,0.769370540867624,0.0331222701879879,N236A,N236A,0.109,benign,0.8713541845993905,0.891,False,236,False,False
urn:mavedb:00000657-a-1#4637,,,p.Asn236Cys,0.655213683686481,0.0408378215119773,N236C,N236C,0.1101,benign,0.8708791882729632,0.8899,False,236,False,False
urn:mavedb:00000657-a-1#4638,,,p.Asn236Asp,0.737922612740215,0.0421008441557271,N236D,N236D,0.0684,benign,0.887170322037053,0.9316,False,236,False,False
urn:mavedb:00000657-a-1#4639,,,p.Asn236Glu,0.668435149129494,0.0404989014541333,N236E,N236E,0.1269,benign,0.8632963832849349,0.8731,False,236,False,False
urn:mavedb:00000657-a-1#4640,,,p.Asn236Phe,0.725305157894362,0.0592991880724161,N236F,N236F,0.2147,benign,0.8123626460956149,0.7853,False,236,False,False
urn:mavedb:00000657-a-1#4641,,,p.Asn236Gly,0.522740835385752,0.0370578149580466,N236G,N236G,0.1343,benign,0.8597547126665545,0.8657,False,236,False,False
urn:mavedb:00000657-a-1#4642,,,p.Asn236His,0.896657642013793,0.0282248922557376,N236H,N236H,0.07,benign,0.8866069421964646,0.9299999999999999,False,236,False,False
urn:mavedb:00000657-a-1#4643,,,p.Asn236Ile,0.241991069330474,0.0424088901496505,N236I,N236I,0.1132,benign,0.8695265881702268,0.8868,False,236,False,False
urn:mavedb:00000657-a-1#4644,,,p.Asn236Lys,0.948557890222343,0.0231570627568302,N236K,N236K,0.0848,benign,0.881170340056737,0.9152,False,236,False,False
urn:mavedb:00000657-a-1#4645,,,p.Asn236Leu,0.550921376331206,0.0288602889730414,N236L,N236L,0.125,benign,0.8641854815908014,0.875,False,236,False,False
urn:mavedb:00000657-a-1#4646,,,p.Asn236Met,0.68131169936843,0.0316523721188829,N236M,N236M,0.1477,benign,0.8530135231739977,0.8523000000000001,False,236,False,False
urn:mavedb:00000657-a-1#4647,,,p.Asn236Pro,0.0270654748281722,0.060901212565593,N236P,N236P,0.5862,pathogenic,0.38615648007505415,0.41379999999999995,False,236,False,False
urn:mavedb:00000657-a-1#4648,,,p.Asn236Gln,0.829736408273995,0.021373440079823,N236Q,N236Q,0.1235,benign,0.8648816309668266,0.8765000000000001,False,236,False,False
urn:mavedb:00000657-a-1#4649,,,p.Asn236Arg,0.900525770339902,0.0315051897916389,N236R,N236R,0.0979,benign,0.8760047756600491,0.9021,False,236,False,False
urn:mavedb:00000657-a-1#4650,,,p.Asn236Ser,0.825549520391616,0.044516853515563,N236S,N236S,0.0655,benign,0.8881796581354933,0.9345,False,236,False,False
urn:mavedb:00000657-a-1#4651,,,p.Asn236Thr,0.722224953550069,0.0388020097653729,N236T,N236T,0.0815,benign,0.8824184348548791,0.9185,False,236,False,False
urn:mavedb:00000657-a-1#4652,,,p.Asn236Val,0.423309641561293,0.0377427314417364,N236V,N236V,0.1256,benign,0.8639055984355545,0.8744000000000001,False,236,False,False
urn:mavedb:00000657-a-1#4653,,,p.Asn236Trp,0.432358627071107,0.0306310871508154,N236W,N236W,0.3388,benign,0.7021049420757806,0.6612,False,236,False,False
urn:mavedb:00000657-a-1#4654,,,p.Asn236Tyr,0.721797946283958,0.0223002161447749,N236Y,N236Y,0.0768,benign,0.8841601419335098,0.9232,False,236,False,False
urn:mavedb:00000657-a-1#4656,,,p.Gly237Ala,0.0171403631949074,0.0213864891557509,G237A,G237A,0.2156,benign,0.8117318880128288,0.7844,False,237,False,False
urn:mavedb:00000657-a-1#4657,,,p.Gly237Cys,-0.0172392994343851,0.0159993630332778,G237C,G237C,0.2274,benign,0.8032418052445168,0.7726,False,237,False,False
urn:mavedb:00000657-a-1#4658,,,p.Gly237Asp,0.604819168605058,0.0348787695718015,G237D,G237D,0.1075,benign,0.8719977510402195,0.8925,False,237,False,False
urn:mavedb:00000657-a-1#4659,,,p.Gly237Glu,0.219643800194134,0.045707031847185,G237E,G237E,0.1503,benign,0.8516552946770499,0.8497,False,237,False,False
urn:mavedb:00000657-a-1#4660,,,p.Gly237Phe,-0.0064775495997147,0.0222366482010602,G237F,G237F,0.621,pathogenic,0.3434658016089827,0.379,False,237,False,False
urn:mavedb:00000657-a-1#4661,,,p.Gly237His,0.161513611359603,0.0426252757451078,G237H,G237H,0.2722,benign,0.7671763880664247,0.7278,False,237,False,False
urn:mavedb:00000657-a-1#4662,,,p.Gly237Ile,0.0462127588215526,0.0509957639428008,G237I,G237I,0.5297,ambiguous,0.4600107663447762,0.47030000000000005,False,237,False,False
urn:mavedb:00000657-a-1#4663,,,p.Gly237Lys,0.0239933851751664,0.0230647236580667,G237K,G237K,0.2433,benign,0.7911444177088929,0.7567,False,237,False,False
urn:mavedb:00000657-a-1#4664,,,p.Gly237Leu,-0.0091115656897581,0.0251221882906715,G237L,G237L,0.5117,ambiguous,0.4842114833376539,0.48829999999999996,False,237,False,False
urn:mavedb:00000657-a-1#4665,,,p.Gly237Met,0.0100494484415014,0.0255098151016649,G237M,G237M,0.5248,ambiguous,0.4665816381454664,0.47519999999999996,False,237,False,False
urn:mavedb:00000657-a-1#4666,,,p.Gly237Asn,0.629290040241133,0.0386124583922956,G237N,G237N,0.1816,benign,0.8339576711916147,0.8184,False,237,False,False
urn:mavedb:00000657-a-1#4667,,,p.Gly237Pro,0.0321255337481816,0.0786919912090025,G237P,G237P,0.9319,pathogenic,0.11272456110411715,0.06810000000000005,False,237,False,False
urn:mavedb:00000657-a-1#4668,,,p.Gly237Gln,0.249423213605478,0.0420851749087587,G237Q,G237Q,0.2139,benign,0.8129213386902692,0.7861,False,237,False,False
urn:mavedb:00000657-a-1#4669,,,p.Gly237Arg,0.0026700784908985,0.0258872801208977,G237R,G237R,0.176,benign,0.837311834975864,0.8240000000000001,False,237,False,False
urn:mavedb:00000657-a-1#4670,,,p.Gly237Ser,0.0797748014643826,0.0264343420370197,G237S,G237S,0.1111,benign,0.8704451254914304,0.8889,False,237,False,False
urn:mavedb:00000657-a-1#4671,,,p.Gly237Thr,-0.000899900253323,0.024031880553014,G237T,G237T,0.2791,benign,0.7610708505721586,0.7209,False,237,False,False
urn:mavedb:00000657-a-1#4672,,,p.Gly237Val,0.0087720908205788,0.0433037424056821,G237V,G237V,0.4062,ambiguous,0.623390142557097,0.5938,False,237,False,False
urn:mavedb:00000657-a-1#4673,,,p.Gly237Trp,-0.0174525898669985,0.0202112905248137,G237W,G237W,0.3883,ambiguous,0.6453931469920097,0.6117,False,237,False,False
urn:mavedb:00000657-a-1#4674,,,p.Gly237Tyr,-0.0083468793278138,0.0324409169458688,G237Y,G237Y,0.3669,ambiguous,0.6707074351378665,0.6331,False,237,False,False
urn:mavedb:00000657-a-1#4676,,,p.Glu238Ala,0.856298613628442,0.0201651558375442,E238A,E238A,0.1478,benign,0.8529615899851728,0.8522000000000001,False,238,False,False
urn:mavedb:00000657-a-1#4677,,,p.Glu238Cys,0.635674231665137,0.0365334478152611,E238C,E238C,0.5815,pathogenic,0.39211625334162964,0.4185,False,238,False,False
urn:mavedb:00000657-a-1#4678,,,p.Glu238Asp,0.982670388862105,0.0496264413619318,E238D,E238D,0.0956,benign,0.8769365683088692,0.9044,False,238,False,False
urn:mavedb:00000657-a-1#4679,,,p.Glu238Phe,0.0862005244275519,0.0259370691860345,E238F,E238F,0.5406,ambiguous,0.44545944105856966,0.45940000000000003,False,238,False,False
urn:mavedb:00000657-a-1#4680,,,p.Glu238Gly,0.676825494658926,0.20953775752856,E238G,E238G,0.1276,benign,0.862966751473788,0.8724000000000001,False,238,False,False
urn:mavedb:00000657-a-1#4681,,,p.Glu238His,0.80792835848677,0.0266278292704768,E238H,E238H,0.2686,benign,0.7703030204712711,0.7314,False,238,False,False
urn:mavedb:00000657-a-1#4682,,,p.Glu238Ile,0.067430502505533,0.0381333400371274,E238I,E238I,0.2739,benign,0.7656858976385218,0.7261,False,238,False,False
urn:mavedb:00000657-a-1#4683,,,p.Glu238Lys,0.81002205325195,0.0369077766754123,E238K,E238K,0.1037,benign,0.8736068318379464,0.8963,False,238,False,False
urn:mavedb:00000657-a-1#4684,,,p.Glu238Leu,0.289790816384337,0.0303335515789544,E238L,E238L,0.3027,benign,0.7390673292655794,0.6973,False,238,False,False
urn:mavedb:00000657-a-1#4685,,,p.Glu238Met,0.579132538926827,0.0400704386993795,E238M,E238M,0.3466,ambiguous,0.693611241302306,0.6534,False,238,False,False
urn:mavedb:00000657-a-1#4686,,,p.Glu238Asn,0.925442300809976,0.0505153011589723,E238N,E238N,0.1291,benign,0.8622566273795171,0.8709,False,238,False,False
urn:mavedb:00000657-a-1#4687,,,p.Glu238Pro,0.0279283001294298,0.0533749423988158,E238P,E238P,0.8068,pathogenic,0.17326103491048947,0.19320000000000004,False,238,False,False
urn:mavedb:00000657-a-1#4688,,,p.Glu238Gln,0.937222999271152,0.0248274431957079,E238Q,E238Q,0.1134,benign,0.8694386113669131,0.8866,False,238,False,False
urn:mavedb:00000657-a-1#4689,,,p.Glu238Arg,0.77770693503859,0.0219269620112534,E238R,E238R,0.1546,benign,0.8493723690870901,0.8454,False,238,False,False
urn:mavedb:00000657-a-1#4690,,,p.Glu238Ser,0.680690120243039,0.0286769586793231,E238S,E238S,0.1551,benign,0.8491039268416826,0.8449,False,238,False,False
urn:mavedb:00000657-a-1#4691,,,p.Glu238Thr,0.540148470425287,0.0499454593570759,E238T,E238T,0.189,benign,0.829395288796876,0.8109999999999999,False,238,False,False
urn:mavedb:00000657-a-1#4692,,,p.Glu238Val,0.357349326334864,0.0279469462503695,E238V,E238V,0.1828,benign,0.8332279465761386,0.8172,False,238,False,False
urn:mavedb:00000657-a-1#4693,,,p.Glu238Trp,-0.0139259138949171,0.0147599053935502,E238W,E238W,0.7192,pathogenic,0.2404561972130108,0.28080000000000005,False,238,False,False
urn:mavedb:00000657-a-1#4694,,,p.Glu238Tyr,0.0587260155197153,0.030491032963704,E238Y,E238Y,0.3533,ambiguous,0.6861772978636342,0.6467,False,238,False,False
urn:mavedb:00000657-a-1#4696,,,p.Ile239Ala,0.399463493183145,0.0245928907910131,I239A,I239A,0.2509,benign,0.7850909333994358,0.7491,False,239,False,False
urn:mavedb:00000657-a-1#4697,,,p.Ile239Cys,0.489579748044336,0.0437174816715022,I239C,I239C,0.6619,pathogenic,0.2971413864310591,0.33809999999999996,False,239,False,False
urn:mavedb:00000657-a-1#4698,,,p.Ile239Asp,0.0233465889773425,0.118359208061211,I239D,I239D,0.7927,pathogenic,0.18254021182227326,0.20730000000000004,False,239,False,False
urn:mavedb:00000657-a-1#4699,,,p.Ile239Glu,-0.0057663697223698,0.0229938508613971,I239E,I239E,0.725,pathogenic,0.2352833346208526,0.275,False,239,False,False
urn:mavedb:00000657-a-1#4700,,,p.Ile239Phe,0.0469874590476293,0.0273167294430153,I239F,I239F,0.2162,benign,0.8113100695713721,0.7838,False,239,False,False
urn:mavedb:00000657-a-1#4701,,,p.Ile239Gly,0.0987627951790848,0.121042497915278,I239G,I239G,0.6592,pathogenic,0.3000562370216638,0.3408,False,239,False,False
urn:mavedb:00000657-a-1#4702,,,p.Ile239His,-0.014571006310184,0.0217066248167705,I239H,I239H,0.7155,pathogenic,0.24381091630681123,0.2845,False,239,False,False
urn:mavedb:00000657-a-1#4703,,,p.Ile239Lys,0.044499921520515,0.028943817655362,I239K,I239K,0.5599,ambiguous,0.4199943350998017,0.44010000000000005,False,239,False,False
urn:mavedb:00000657-a-1#4704,,,p.Ile239Leu,0.679489062035669,0.0310532021379886,I239L,I239L,0.1055,benign,0.8728484238302539,0.8945,False,239,False,False
urn:mavedb:00000657-a-1#4705,,,p.Ile239Met,0.551178842810123,0.0309351468265899,I239M,I239M,0.1018,benign,0.8744000300660367,0.8982,False,239,False,False
urn:mavedb:00000657-a-1#4706,,,p.Ile239Asn,-0.0242665556422062,0.0082609676879519,I239N,I239N,0.4201,ambiguous,0.6058455651503599,0.5799000000000001,False,239,False,False
urn:mavedb:00000657-a-1#4707,,,p.Ile239Pro,0.69678604784683,0.0590289878350436,I239P,I239P,0.3132,benign,0.7287233702727419,0.6868000000000001,False,239,False,False
urn:mavedb:00000657-a-1#4708,,,p.Ile239Gln,0.613639893131465,0.0226974775157078,I239Q,I239Q,0.6335,pathogenic,0.3288304848410162,0.36650000000000005,False,239,False,False
urn:mavedb:00000657-a-1#4709,,,p.Ile239Arg,0.77568916860486,0.0503720337137935,I239R,I239R,0.4253,ambiguous,0.5991900644212534,0.5747,False,239,False,False
urn:mavedb:00000657-a-1#4710,,,p.Ile239Ser,-0.0120402805061086,0.0182624972144562,I239S,I239S,0.3852,ambiguous,0.6491299348698467,0.6148,False,239,False,False
urn:mavedb:00000657-a-1#4711,,,p.Ile239Thr,0.264688924979805,0.0450932985176422,I239T,I239T,0.1893,benign,0.8292071674276463,0.8107,False,239,False,False
urn:mavedb:00000657-a-1#4712,,,p.Ile239Val,0.876248690717439,0.0412412935518846,I239V,I239V,0.0793,benign,0.8832389111146604,0.9207,False,239,False,False
urn:mavedb:00000657-a-1#4713,,,p.Ile239Trp,-0.0021036157580888,0.0189713603808697,I239W,I239W,0.777,pathogenic,0.19354433305808144,0.22299999999999998,False,239,False,False
urn:mavedb:00000657-a-1#4714,,,p.Ile239Tyr,-0.0081617950270902,0.0194218873445896,I239Y,I239Y,0.5776,pathogenic,0.3970923727131979,0.4224,False,239,False,False
urn:mavedb:00000657-a-1#4716,,,p.Ala240Cys,1.08258866274764,0.0232794270101714,A240C,A240C,0.2152,benign,0.812012516542486,0.7847999999999999,False,240,False,False
urn:mavedb:00000657-a-1#4717,,,p.Ala240Asp,0.633524538444208,0.0320799342974141,A240D,A240D,0.1505,benign,0.8515501273078198,0.8495,False,240,False,False
urn:mavedb:00000657-a-1#4718,,,p.Ala240Glu,0.543655629633783,0.0363050189818546,A240E,A240E,0.1386,benign,0.8576381409281617,0.8613999999999999,False,240,False,False
urn:mavedb:00000657-a-1#4719,,,p.Ala240Phe,0.419371538165124,0.016959758747969,A240F,A240F,0.1909,benign,0.8281996624316176,0.8091,False,240,False,False
urn:mavedb:00000657-a-1#4720,,,p.Ala240Gly,0.615874116181171,0.0348961037103012,A240G,A240G,0.1056,benign,0.872806090607042,0.8944,False,240,False,False
urn:mavedb:00000657-a-1#4721,,,p.Ala240His,0.60585071429748,0.04135932459342,A240H,A240H,0.234,benign,0.7983127285338601,0.766,False,240,False,False
urn:mavedb:00000657-a-1#4722,,,p.Ala240Ile,0.713079976974219,0.0366620024552398,A240I,A240I,0.1215,benign,0.8658019610408196,0.8785000000000001,False,240,False,False
urn:mavedb:00000657-a-1#4723,,,p.Ala240Lys,0.91814898809041,0.0219502148659542,A240K,A240K,0.1824,benign,0.8334716209565276,0.8176,False,240,False,False
urn:mavedb:00000657-a-1#4724,,,p.Ala240Leu,0.544079427257651,0.0259624887613663,A240L,A240L,0.0985,benign,0.8757599260312444,0.9015,False,240,False,False
urn:mavedb:00000657-a-1#4725,,,p.Ala240Met,0.90715733143306,0.0166895015168561,A240M,A240M,0.1221,benign,0.8655268030234262,0.8779,False,240,False,False
urn:mavedb:00000657-a-1#4726,,,p.Ala240Asn,1.06927227925723,0.025284860286606,A240N,A240N,0.1397,benign,0.8570896747602155,0.8603000000000001,False,240,False,False
urn:mavedb:00000657-a-1#4727,,,p.Ala240Pro,0.0196273138267717,0.0524767439864704,A240P,A240P,0.3357,benign,0.7054317913704956,0.6643,False,240,False,False
urn:mavedb:00000657-a-1#4728,,,p.Ala240Gln,0.815925103166283,0.0263753824156473,A240Q,A240Q,0.1962,benign,0.8248115891783231,0.8038,False,240,False,False
urn:mavedb:00000657-a-1#4729,,,p.Ala240Arg,0.835573572869306,0.03083392360374,A240R,A240R,0.1624,benign,0.845112938587731,0.8376,False,240,False,False
urn:mavedb:00000657-a-1#4730,,,p.Ala240Ser,1.02412416090846,0.0223644099442053,A240S,A240S,0.0768,benign,0.8841601419335098,0.9232,False,240,False,False
urn:mavedb:00000657-a-1#4731,,,p.Ala240Thr,1.06086323815402,0.023133049866226,A240T,A240T,0.0604,benign,0.8899183379856604,0.9396,False,240,False,False
urn:mavedb:00000657-a-1#4732,,,p.Ala240Val,0.668012292769926,0.0266536163989305,A240V,A240V,0.0905,benign,0.8789646583729976,0.9095,False,240,False,False
urn:mavedb:00000657-a-1#4733,,,p.Ala240Trp,0.0041949211081769,0.0178527317537936,A240W,A240W,0.4489,ambiguous,0.5684496291484326,0.5510999999999999,False,240,False,False
urn:mavedb:00000657-a-1#4734,,,p.Ala240Tyr,0.560520876419825,0.0231375985327773,A240Y,A240Y,0.2337,benign,0.7985396121400556,0.7663,False,240,False,False
urn:mavedb:00000657-a-1#4736,,,p.Ala241Cys,0.256296300464527,0.0643292380807409,A241C,A241C,0.6457,pathogenic,0.31494300937234043,0.35429999999999995,False,241,False,False
urn:mavedb:00000657-a-1#4737,,,p.Ala241Asp,0.155478574457417,0.351941938547026,A241D,A241D,0.9064,pathogenic,0.12226188542469578,0.09360000000000002,False,241,False,False
urn:mavedb:00000657-a-1#4738,,,p.Ala241Glu,0.218407116162827,0.404565482144262,A241E,A241E,0.9179,pathogenic,0.11780693420558831,0.08209999999999995,False,241,False,False
urn:mavedb:00000657-a-1#4739,,,p.Ala241Phe,0.0331791738275113,0.0776136795048914,A241F,A241F,0.8119,pathogenic,0.17004183256603533,0.18810000000000004,False,241,False,False
urn:mavedb:00000657-a-1#4740,,,p.Ala241His,0.058613816492281,0.115919302816526,A241H,A241H,0.9331,pathogenic,0.11230571869710677,0.06689999999999996,False,241,False,False
urn:mavedb:00000657-a-1#4741,,,p.Ala241Ile,0.325289541786156,0.31204566531141,A241I,A241I,0.8532,pathogenic,0.14652017690543973,0.14680000000000004,False,241,False,False
urn:mavedb:00000657-a-1#4742,,,p.Ala241Lys,-0.0133134444152447,0.0394060266475879,A241K,A241K,0.966,pathogenic,0.10178664034051788,0.03400000000000003,False,241,False,False
urn:mavedb:00000657-a-1#4743,,,p.Ala241Leu,-0.0149634783119195,0.0488935181135597,A241L,A241L,0.7322,pathogenic,0.22900764779265204,0.26780000000000004,False,241,False,False
urn:mavedb:00000657-a-1#4744,,,p.Ala241Met,-0.0186992194813464,0.0520967993411017,A241M,A241M,0.7564,pathogenic,0.20909118927488324,0.24360000000000004,False,241,False,False
urn:mavedb:00000657-a-1#4745,,,p.Ala241Asn,0.0114251062299094,0.090637457951392,A241N,A241N,0.8743,pathogenic,0.1361411280426798,0.12570000000000003,False,241,False,False
urn:mavedb:00000657-a-1#4746,,,p.Ala241Pro,-0.0199658498277042,0.022810702637848,A241P,A241P,0.8284,pathogenic,0.1601113364359013,0.17159999999999997,False,241,False,False
urn:mavedb:00000657-a-1#4747,,,p.Ala241Gln,-0.0154743819007847,0.0386778546674466,A241Q,A241Q,0.9109,pathogenic,0.12048768123870036,0.08909999999999996,False,241,False,False
urn:mavedb:00000657-a-1#4748,,,p.Ala241Arg,0.0187729912786331,0.0734793426035101,A241R,A241R,0.9152,pathogenic,0.11882965994326301,0.08479999999999999,False,241,False,False
urn:mavedb:00000657-a-1#4749,,,p.Ala241Ser,0.0794047020754073,0.0477261706399469,A241S,A241S,0.1722,benign,0.8395402875185481,0.8278,False,241,False,False
urn:mavedb:00000657-a-1#4750,,,p.Ala241Thr,-0.0106058547020196,0.0273384749434368,A241T,A241T,0.3838,ambiguous,0.6508100156380916,0.6162000000000001,False,241,False,False
urn:mavedb:00000657-a-1#4751,,,p.Ala241Trp,0.0469601447713336,0.129371232343316,A241W,A241W,0.9634,pathogenic,0.10255330265901798,0.036599999999999966,False,241,False,False
urn:mavedb:00000657-a-1#4752,,,p.Ala241Tyr,-0.0030619458491416,0.0482961501873658,A241Y,A241Y,0.8784,pathogenic,0.13424384274474838,0.12160000000000004,False,241,False,False
urn:mavedb:00000657-a-1#4753,,,p.Ile243Thr,-0.0217419164856087,0.0271423688623023,I243T,I243T,0.8219,pathogenic,0.1639361320339581,0.17810000000000004,False,243,False,False
urn:mavedb:00000657-a-1#4755,,,p.His244Ala,0.302566646141733,0.0448633623018978,H244A,H244A,0.7157,pathogenic,0.24362848910531737,0.2843,False,244,False,False
urn:mavedb:00000657-a-1#4756,,,p.His244Cys,-0.0107083427653037,0.0274746387605455,H244C,H244C,0.4285,ambiguous,0.5950713671608999,0.5715,False,244,False,False
urn:mavedb:00000657-a-1#4757,,,p.His244Asp,0.0072643814863796,0.0456927463325802,H244D,H244D,0.6637,pathogenic,0.2952099263697263,0.33630000000000004,False,244,False,False
urn:mavedb:00000657-a-1#4758,,,p.His244Glu,0.0486426083021871,0.114433335308161,H244E,H244E,0.9022,pathogenic,0.12395448761352153,0.0978,False,244,False,False
urn:mavedb:00000657-a-1#4759,,,p.His244Phe,0.0251542315764674,0.108328244321244,H244F,H244F,0.7938,pathogenic,0.18179600565644483,0.20620000000000005,False,244,False,False
urn:mavedb:00000657-a-1#4760,,,p.His244Gly,0.0428199458488355,0.0387989316919102,H244G,H244G,0.8777,pathogenic,0.1345650952956397,0.12229999999999996,False,244,False,False
urn:mavedb:00000657-a-1#4761,,,p.His244Ile,0.0562526575962754,0.0961844860614199,H244I,H244I,0.8978,pathogenic,0.12576633493290035,0.10219999999999996,False,244,False,False
urn:mavedb:00000657-a-1#4762,,,p.His244Lys,0.0181004885403752,0.0596960996001373,H244K,H244K,0.9569,pathogenic,0.10451676861542328,0.04310000000000003,False,244,False,False
urn:mavedb:00000657-a-1#4763,,,p.His244Leu,0.0617167803927252,0.205791880036821,H244L,H244L,0.5381,ambiguous,0.44878782630861785,0.4619,False,244,False,False
urn:mavedb:00000657-a-1#4764,,,p.His244Met,0.118553053692118,0.226134790120598,H244M,H244M,0.9394,pathogenic,0.1101489819248879,0.06059999999999999,False,244,False,False
urn:mavedb:00000657-a-1#4765,,,p.His244Asn,0.0388290560063818,0.0832843051517723,H244N,H244N,0.3899,ambiguous,0.6434556415218915,0.6101,False,244,False,False
urn:mavedb:00000657-a-1#4766,,,p.His244Pro,0.0166991334569868,0.0336322155619932,H244P,H244P,0.4165,ambiguous,0.6104248755076433,0.5835,False,244,False,False
urn:mavedb:00000657-a-1#4767,,,p.His244Gln,0.0850320337678838,0.101592946189446,H244Q,H244Q,0.8605,pathogenic,0.14281039021389158,0.13949999999999996,False,244,False,False
urn:mavedb:00000657-a-1#4768,,,p.His244Arg,-0.0237643814647408,0.0283101147029748,H244R,H244R,0.83,pathogenic,0.1591869541025632,0.17000000000000004,False,244,False,False
urn:mavedb:00000657-a-1#4769,,,p.His244Ser,0.0333348188049552,0.0387923210688983,H244S,H244S,0.5063,ambiguous,0.4914960125456737,0.4937,False,244,False,False
urn:mavedb:00000657-a-1#4770,,,p.His244Thr,0.0194236823664287,0.0351266644650663,H244T,H244T,0.8786,pathogenic,0.13415225750831758,0.12139999999999995,False,244,False,False
urn:mavedb:00000657-a-1#4771,,,p.His244Val,-0.0108934704979502,0.0487546977879173,H244V,H244V,0.8841,pathogenic,0.1316684361850498,0.1159,False,244,False,False
urn:mavedb:00000657-a-1#4772,,,p.His244Trp,-0.0133552310999093,0.0472904875015959,H244W,H244W,0.8611,pathogenic,0.14251115574020093,0.13890000000000002,False,244,False,False
urn:mavedb:00000657-a-1#4773,,,p.His244Tyr,0.025022149258098,0.0919439799118429,H244Y,H244Y,0.3258,benign,0.7158668924389963,0.6742,False,244,False,False
urn:mavedb:00000657-a-1#4775,,,p.Pro245Ala,-0.006314975284518,0.0227784430765267,P245A,P245A,0.1128,benign,0.8697022818915843,0.8872,False,245,False,False
urn:mavedb:00000657-a-1#4776,,,p.Pro245Cys,-0.0042695137833042,0.0291151641769798,P245C,P245C,0.3359,benign,0.7052180024653075,0.6641,False,245,False,False
urn:mavedb:00000657-a-1#4777,,,p.Pro245Asp,-0.0087907498959581,0.0171654205838436,P245D,P245D,0.4023,ambiguous,0.6282434975310288,0.5977,False,245,False,False
urn:mavedb:00000657-a-1#4778,,,p.Pro245Glu,-0.0078466083683816,0.0175114695449839,P245E,P245E,0.1806,benign,0.834562803943735,0.8194,False,245,False,False
urn:mavedb:00000657-a-1#4779,,,p.Pro245Phe,0.0201444471139225,0.0964720586153872,P245F,P245F,0.5127,ambiguous,0.4828632911369843,0.48729999999999996,False,245,False,False
urn:mavedb:00000657-a-1#4780,,,p.Pro245Gly,0.0042492229234232,0.0303012931568607,P245G,P245G,0.2952,benign,0.7462476294749829,0.7048,False,245,False,False
urn:mavedb:00000657-a-1#4781,,,p.Pro245His,-0.0063186481469534,0.0155039040465308,P245H,P245H,0.1442,benign,0.8548158451358671,0.8558,False,245,False,False
urn:mavedb:00000657-a-1#4782,,,p.Pro245Ile,0.0242388822418215,0.0620501666545927,P245I,P245I,0.3861,ambiguous,0.6480474073016386,0.6139,False,245,False,False
urn:mavedb:00000657-a-1#4783,,,p.Pro245Lys,-0.0261661936468217,0.0159528528859286,P245K,P245K,0.1734,benign,0.8388406910661429,0.8266,False,245,False,False
urn:mavedb:00000657-a-1#4784,,,p.Pro245Leu,0.0132249368839661,0.0606526828177059,P245L,P245L,0.1693,benign,0.8412153556309637,0.8307,False,245,False,False
urn:mavedb:00000657-a-1#4785,,,p.Pro245Met,0.0334074389281128,0.0220695882768251,P245M,P245M,0.3589,ambiguous,0.6798680859806584,0.6411,False,245,False,False
urn:mavedb:00000657-a-1#4786,,,p.Pro245Asn,-0.0054114237320392,0.0214591615044992,P245N,P245N,0.3066,benign,0.7352648503969227,0.6934,False,245,False,False
urn:mavedb:00000657-a-1#4787,,,p.Pro245Gln,-0.0086196133093815,0.027914836385557,P245Q,P245Q,0.1226,benign,0.8652968892094184,0.8774,False,245,False,False
urn:mavedb:00000657-a-1#4788,,,p.Pro245Arg,-0.007620381182134,0.0311058857858693,P245R,P245R,0.1228,benign,0.8652047667741092,0.8772,False,245,False,False
urn:mavedb:00000657-a-1#4789,,,p.Pro245Ser,-0.0117635929522407,0.0149311583742036,P245S,P245S,0.1276,benign,0.862966751473788,0.8724000000000001,False,245,False,False
urn:mavedb:00000657-a-1#4790,,,p.Pro245Thr,-0.0103477643777643,0.0191330788368268,P245T,P245T,0.1238,benign,0.8647428069048427,0.8762,False,245,False,False
urn:mavedb:00000657-a-1#4791,,,p.Pro245Val,-0.0012081404753464,0.0400422069481972,P245V,P245V,0.2797,benign,0.7605329213586467,0.7202999999999999,False,245,False,False
urn:mavedb:00000657-a-1#4792,,,p.Pro245Trp,-0.0012406510960539,0.0299142897367857,P245W,P245W,0.5118,ambiguous,0.4840766509457401,0.48819999999999997,False,245,False,False
urn:mavedb:00000657-a-1#4793,,,p.Pro245Tyr,-0.0100210345593436,0.0209714962640044,P245Y,P245Y,0.3907,ambiguous,0.6424846579355722,0.6093,False,245,False,False
urn:mavedb:00000657-a-1#4795,,,p.Asn246Ala,0.952327031952574,0.0287592815784521,N246A,N246A,0.0854,benign,0.8809411541813812,0.9146,False,246,False,False
urn:mavedb:00000657-a-1#4796,,,p.Asn246Cys,0.716425408050031,0.0520576534806679,N246C,N246C,0.1122,benign,0.8699651737318647,0.8878,False,246,False,False
urn:mavedb:00000657-a-1#4797,,,p.Asn246Asp,0.931617210426435,0.0286429362357872,N246D,N246D,0.0587,benign,0.890487738641676,0.9413,False,246,False,False
urn:mavedb:00000657-a-1#4798,,,p.Asn246Glu,0.839522128062937,0.0385375213996284,N246E,N246E,0.1109,benign,0.8705321097291426,0.8891,False,246,False,False
urn:mavedb:00000657-a-1#4799,,,p.Asn246Phe,0.627282888410998,0.0258919473246018,N246F,N246F,0.2161,benign,0.8113804456571271,0.7839,False,246,False,False
urn:mavedb:00000657-a-1#4800,,,p.Asn246Gly,0.643705961234842,0.02522455855876,N246G,N246G,0.1305,benign,0.8615891867106276,0.8694999999999999,False,246,False,False
urn:mavedb:00000657-a-1#4801,,,p.Asn246His,0.839852829472592,0.0530473413628448,N246H,N246H,0.0623,benign,0.8892759655509406,0.9377,False,246,False,False
urn:mavedb:00000657-a-1#4802,,,p.Asn246Lys,0.937505399698263,0.0334096697271692,N246K,N246K,0.0828,benign,0.8819292628563442,0.9172,False,246,False,False
urn:mavedb:00000657-a-1#4803,,,p.Asn246Leu,0.655082201768173,0.0319031284040501,N246L,N246L,0.1045,benign,0.8732706001974202,0.8955,False,246,False,False
urn:mavedb:00000657-a-1#4804,,,p.Asn246Met,0.784133706122194,0.0506342054146543,N246M,N246M,0.1611,benign,0.8458335541051787,0.8389,False,246,False,False
urn:mavedb:00000657-a-1#4805,,,p.Asn246Pro,0.0016477242372261,0.0350605467273314,N246P,N246P,0.5778,pathogenic,0.39683652782142537,0.4222,False,246,False,False
urn:mavedb:00000657-a-1#4806,,,p.Asn246Gln,0.925800460346567,0.0307321511854574,N246Q,N246Q,0.1037,benign,0.8736068318379464,0.8963,False,246,False,False
urn:mavedb:00000657-a-1#4807,,,p.Asn246Arg,0.906473781159508,0.0297456816806683,N246R,N246R,0.1006,benign,0.8748971359268398,0.8994,False,246,False,False
urn:mavedb:00000657-a-1#4808,,,p.Asn246Ser,0.975811850583227,0.0688716111984156,N246S,N246S,0.0583,benign,0.8906209846977696,0.9417,False,246,False,False
urn:mavedb:00000657-a-1#4809,,,p.Asn246Thr,0.844439434824844,0.0401937360090549,N246T,N246T,0.0801,benign,0.8829416217127929,0.9198999999999999,False,246,False,False
urn:mavedb:00000657-a-1#4810,,,p.Asn246Val,0.348758630028102,0.016013325337172,N246V,N246V,0.0966,benign,0.8765327626363122,0.9034,False,246,False,False
urn:mavedb:00000657-a-1#4811,,,p.Asn246Trp,0.335346275483162,0.0364855236278975,N246W,N246W,0.4491,ambiguous,0.568185852241818,0.5509,False,246,False,False
urn:mavedb:00000657-a-1#4812,,,p.Asn246Tyr,0.679214119249809,0.0209529658310862,N246Y,N246Y,0.0848,benign,0.881170340056737,0.9152,False,246,False,False
urn:mavedb:00000657-a-1#4814,,,p.Leu247Ala,0.0084288341104737,0.05196163514495,L247A,L247A,0.8009,pathogenic,0.1770754972059425,0.19910000000000005,False,247,False,False
urn:mavedb:00000657-a-1#4815,,,p.Leu247Cys,-0.0017144080778374,0.0341385443938768,L247C,L247C,0.6988,pathogenic,0.259482678857928,0.3012,False,247,False,False
urn:mavedb:00000657-a-1#4816,,,p.Leu247Asp,0.0408532615006451,0.0899314213893541,L247D,L247D,0.9903,pathogenic,0.09511295042703516,0.009700000000000042,False,247,False,False
urn:mavedb:00000657-a-1#4817,,,p.Leu247Glu,0.0054546329601411,0.0332114716087004,L247E,L247E,0.9315,pathogenic,0.11286475310975434,0.0685,False,247,False,False
urn:mavedb:00000657-a-1#4818,,,p.Leu247Phe,0.0046344702455855,0.0206830604076462,L247F,L247F,0.3071,benign,0.7347739643037172,0.6929000000000001,False,247,False,False
urn:mavedb:00000657-a-1#4819,,,p.Leu247Gly,0.018338708736958,0.0478096573195544,L247G,L247G,0.9402,pathogenic,0.10988012181007872,0.059799999999999964,False,247,False,False
urn:mavedb:00000657-a-1#4820,,,p.Leu247His,0.0333453988282853,0.0472505203593161,L247H,L247H,0.7179,pathogenic,0.24163001909119058,0.2821,False,247,False,False
urn:mavedb:00000657-a-1#4821,,,p.Leu247Ile,0.675052637581069,0.0261345017053189,L247I,L247I,0.1121,benign,0.8700089134559198,0.8879,False,247,False,False
urn:mavedb:00000657-a-1#4822,,,p.Leu247Lys,0.0638744574054431,0.0443841483398979,L247K,L247K,0.7409,pathogenic,0.22163946817550761,0.2591,False,247,False,False
urn:mavedb:00000657-a-1#4823,,,p.Leu247Met,0.587335310622724,0.0481448731094033,L247M,L247M,0.2687,benign,0.7702167140698569,0.7313000000000001,False,247,False,False
urn:mavedb:00000657-a-1#4824,,,p.Leu247Asn,0.0219023156316768,0.0623940703627766,L247N,L247N,0.9343,pathogenic,0.11188946637052774,0.06569999999999998,False,247,False,False
urn:mavedb:00000657-a-1#4825,,,p.Leu247Pro,0.0186200140307412,0.0502808962907736,L247P,L247P,0.9772,pathogenic,0.09860269067670975,0.022800000000000042,False,247,False,False
urn:mavedb:00000657-a-1#4826,,,p.Leu247Gln,-0.0065598457803808,0.0358064020617253,L247Q,L247Q,0.6461,pathogenic,0.31449455379991603,0.3539,False,247,False,False
urn:mavedb:00000657-a-1#4827,,,p.Leu247Arg,0.0225919124232027,0.0364404568481534,L247R,L247R,0.4073,ambiguous,0.6220155546692027,0.5927,False,247,False,False
urn:mavedb:00000657-a-1#4828,,,p.Leu247Ser,0.0822241639244671,0.0907763629114262,L247S,L247S,0.9021,pathogenic,0.12399522433995083,0.09789999999999999,False,247,False,False
urn:mavedb:00000657-a-1#4829,,,p.Leu247Thr,0.0020839315726856,0.0350350085664296,L247T,L247T,0.734,pathogenic,0.22746392510158436,0.266,False,247,False,False
urn:mavedb:00000657-a-1#4830,,,p.Leu247Val,0.549942267729537,0.0411597881523487,L247V,L247V,0.144,benign,0.854917937779553,0.856,False,247,False,False
urn:mavedb:00000657-a-1#4831,,,p.Leu247Trp,0.0327328456514691,0.0623339790618032,L247W,L247W,0.6571,pathogenic,0.3023379086022975,0.3429,False,247,False,False
urn:mavedb:00000657-a-1#4832,,,p.Leu247Tyr,0.0429344479106708,0.074644071902875,L247Y,L247Y,0.7768,pathogenic,0.19368917212196884,0.22319999999999995,False,247,False,False
urn:mavedb:00000657-a-1#4834,,,p.Gln248Ala,0.2284560336926,0.0384490343935719,Q248A,Q248A,0.5915,pathogenic,0.37948680296396736,0.4085,False,248,False,False
urn:mavedb:00000657-a-1#4835,,,p.Gln248Cys,0.716078163635516,0.0337296929865168,Q248C,Q248C,0.9588,pathogenic,0.10393584020106776,0.041200000000000014,False,248,False,False
urn:mavedb:00000657-a-1#4836,,,p.Gln248Asp,0.0066008433621065,0.0276529526932488,Q248D,Q248D,0.8811,pathogenic,0.13301495632855825,0.1189,False,248,False,False
urn:mavedb:00000657-a-1#4837,,,p.Gln248Glu,0.519002454501007,0.0415072308067572,Q248E,Q248E,0.1756,benign,0.8375482108453555,0.8244,False,248,False,False
urn:mavedb:00000657-a-1#4838,,,p.Gln248Phe,0.0217228769015054,0.0519449922287958,Q248F,Q248F,0.9687,pathogenic,0.10100161428708468,0.031299999999999994,False,248,False,False
urn:mavedb:00000657-a-1#4839,,,p.Gln248Gly,0.0050915758596676,0.0588116319041928,Q248G,Q248G,0.6981,pathogenic,0.26015847634091666,0.30189999999999995,False,248,False,False
urn:mavedb:00000657-a-1#4840,,,p.Gln248His,0.0704124292547743,0.0828260468561407,Q248H,Q248H,0.912,pathogenic,0.12006008988356301,0.08799999999999997,False,248,False,False
urn:mavedb:00000657-a-1#4841,,,p.Gln248Ile,0.810339653985733,0.062745234009483,Q248I,Q248I,0.7627,pathogenic,0.2042008953101918,0.23729999999999996,True,248,False,True
urn:mavedb:00000657-a-1#4842,,,p.Gln248Lys,0.0501126417468156,0.0379930310969973,Q248K,Q248K,0.6559,pathogenic,0.3036474112384833,0.34409999999999996,False,248,False,False
urn:mavedb:00000657-a-1#4843,,,p.Gln248Leu,0.964355534697518,0.0130876454804704,Q248L,Q248L,0.4706,ambiguous,0.5395873999032879,0.5294,False,248,False,False
urn:mavedb:00000657-a-1#4844,,,p.Gln248Met,0.8950300560559,0.0334522392837652,Q248M,Q248M,0.6557,pathogenic,0.3038660626704604,0.34430000000000005,True,248,False,True
urn:mavedb:00000657-a-1#4845,,,p.Gln248Asn,-0.0069833077112677,0.0192019293881792,Q248N,Q248N,0.8322,pathogenic,0.15792685625305236,0.16779999999999995,False,248,False,False
urn:mavedb:00000657-a-1#4846,,,p.Gln248Pro,0.0199587771152721,0.0232594100668094,Q248P,Q248P,0.8063,pathogenic,0.17358052146219954,0.19369999999999998,False,248,False,False
urn:mavedb:00000657-a-1#4847,,,p.Gln248Arg,0.0469603455856602,0.060784647242776,Q248R,Q248R,0.6722,pathogenic,0.2862177691339818,0.3278,False,248,False,False
urn:mavedb:00000657-a-1#4848,,,p.Gln248Ser,0.202469048024492,0.033346459538708,Q248S,Q248S,0.7173,pathogenic,0.2421735600547006,0.28269999999999995,False,248,False,False
urn:mavedb:00000657-a-1#4849,,,p.Gln248Thr,0.233594811878897,0.0313346402164378,Q248T,Q248T,0.7115,pathogenic,0.24748563528960604,0.2885,False,248,False,False
urn:mavedb:00000657-a-1#4850,,,p.Gln248Val,0.670754520598504,0.0301030303562693,Q248V,Q248V,0.6847,pathogenic,0.27338595482667627,0.3153,False,248,False,False
urn:mavedb:00000657-a-1#4851,,,p.Gln248Trp,-0.004985910008616,0.0285414748721843,Q248W,Q248W,0.9706,pathogenic,0.10045590786897027,0.02939999999999998,False,248,False,False
urn:mavedb:00000657-a-1#4852,,,p.Gln248Tyr,0.0789118526744964,0.0799332535522187,Q248Y,Q248Y,0.9687,pathogenic,0.10100161428708468,0.031299999999999994,False,248,False,False
urn:mavedb:00000657-a-1#4854,,,p.Asp249Ala,0.0602639687448121,0.0701748969186403,D249A,D249A,0.7495,pathogenic,0.21458605056694263,0.25049999999999994,False,249,False,False
urn:mavedb:00000657-a-1#4855,,,p.Asp249Cys,-0.0012651614036806,0.0262304664705668,D249C,D249C,0.9006,pathogenic,0.12460873110031213,0.09940000000000004,False,249,False,False
urn:mavedb:00000657-a-1#4856,,,p.Asp249Glu,-0.0064604057290916,0.029828165180523,D249E,D249E,0.7673,pathogenic,0.20070606409319086,0.23270000000000002,False,249,False,False
urn:mavedb:00000657-a-1#4857,,,p.Asp249Phe,0.0151973388324709,0.0436716849129373,D249F,D249F,0.8576,pathogenic,0.14426879258941994,0.14239999999999997,False,249,False,False
urn:mavedb:00000657-a-1#4858,,,p.Asp249Gly,0.83710249736323,0.0672031243137313,D249G,D249G,0.2688,benign,0.7701303765675981,0.7312000000000001,False,249,False,False
urn:mavedb:00000657-a-1#4859,,,p.Asp249His,0.206602986843674,0.0958811616848489,D249H,D249H,0.849,pathogenic,0.1487132227905026,0.15100000000000002,False,249,False,False
urn:mavedb:00000657-a-1#4860,,,p.Asp249Ile,0.0377516487741291,0.0413308964427508,D249I,D249I,0.9483,pathogenic,0.10722013200517266,0.05169999999999997,False,249,False,False
urn:mavedb:00000657-a-1#4861,,,p.Asp249Lys,0.0019629157504256,0.0401066602767819,D249K,D249K,0.9341,pathogenic,0.11195866245477758,0.06589999999999996,False,249,False,False
urn:mavedb:00000657-a-1#4862,,,p.Asp249Leu,-0.0157118704989862,0.0249957988283665,D249L,D249L,0.9002,pathogenic,0.12477311262840711,0.0998,False,249,False,False
urn:mavedb:00000657-a-1#4863,,,p.Asp249Met,-0.0172583134961936,0.034030760074928,D249M,D249M,0.9664,pathogenic,0.10166962833150102,0.03359999999999996,False,249,False,False
urn:mavedb:00000657-a-1#4864,,,p.Asp249Asn,0.375394751366592,0.0422310583975742,D249N,D249N,0.4253,ambiguous,0.5991900644212534,0.5747,False,249,False,False
urn:mavedb:00000657-a-1#4865,,,p.Asp249Pro,0.0294596878578866,0.0873208919001666,D249P,D249P,0.9892,pathogenic,0.09539661247063341,0.010800000000000032,False,249,False,False
urn:mavedb:00000657-a-1#4866,,,p.Asp249Gln,0.0069498284709601,0.0306330657255957,D249Q,D249Q,0.8988,pathogenic,0.12535104452358084,0.10119999999999996,False,249,False,False
urn:mavedb:00000657-a-1#4867,,,p.Asp249Arg,0.0008454282819088,0.0312095923044735,D249R,D249R,0.9098,pathogenic,0.12091765927827028,0.09019999999999995,False,249,False,False
urn:mavedb:00000657-a-1#4868,,,p.Asp249Ser,0.028138655296786,0.0153138219492625,D249S,D249S,0.5703,pathogenic,0.40647749564922697,0.42969999999999997,False,249,False,False
urn:mavedb:00000657-a-1#4869,,,p.Asp249Thr,0.0308815500602745,0.0536119638717174,D249T,D249T,0.9104,pathogenic,0.1206828292956728,0.08960000000000001,False,249,False,False
urn:mavedb:00000657-a-1#4870,,,p.Asp249Val,-0.0089122644746919,0.0288751746080826,D249V,D249V,0.831,pathogenic,0.15861261764963672,0.16900000000000004,False,249,False,False
urn:mavedb:00000657-a-1#4871,,,p.Asp249Trp,-0.0156926249054098,0.0246491945792151,D249W,D249W,0.9738,pathogenic,0.09954922090571892,0.0262,False,249,False,False
urn:mavedb:00000657-a-1#4872,,,p.Asp249Tyr,0.0473470935247658,0.0682405040086998,D249Y,D249Y,0.477,ambiguous,0.531000817311389,0.523,False,249,False,False
urn:mavedb:00000657-a-1#4874,,,p.Gln250Ala,0.929910345695153,0.0335360649495915,Q250A,Q250A,0.187,benign,0.8306431100533936,0.813,False,250,False,False
urn:mavedb:00000657-a-1#4875,,,p.Gln250Cys,0.675619529147999,0.0287848039067984,Q250C,Q250C,0.3061,benign,0.7357549671723946,0.6939,False,250,False,False
urn:mavedb:00000657-a-1#4876,,,p.Gln250Asp,-0.0071966450502736,0.0231915402485062,Q250D,Q250D,0.3618,ambiguous,0.676567172717418,0.6382,False,250,False,False
urn:mavedb:00000657-a-1#4877,,,p.Gln250Glu,0.447170318299531,0.0283756957955004,Q250E,Q250E,0.085,benign,0.8810940223833691,0.915,False,250,False,False
urn:mavedb:00000657-a-1#4878,,,p.Gln250Phe,0.0068567304394092,0.0347261388330647,Q250F,Q250F,0.6619,pathogenic,0.2971413864310591,0.33809999999999996,False,250,False,False
urn:mavedb:00000657-a-1#4879,,,p.Gln250Gly,0.946093127240633,0.04091054032161,Q250G,Q250G,0.1553,benign,0.8489963748611455,0.8447,False,250,False,False
urn:mavedb:00000657-a-1#4880,,,p.Gln250His,0.867262601963412,0.027871386654231,Q250H,Q250H,0.1941,benign,0.8261633882156557,0.8059000000000001,False,250,False,False
urn:mavedb:00000657-a-1#4881,,,p.Gln250Ile,0.0771049311987261,0.0839221373699552,Q250I,Q250I,0.4513,ambiguous,0.5652811794594439,0.5487,False,250,False,False
urn:mavedb:00000657-a-1#4882,,,p.Gln250Lys,0.981218423951463,0.037840579806363,Q250K,Q250K,0.079,benign,0.8833500817488341,0.921,False,250,False,False
urn:mavedb:00000657-a-1#4883,,,p.Gln250Leu,0.030780752360668,0.0203606434887398,Q250L,Q250L,0.157,benign,0.8480781335658233,0.843,False,250,False,False
urn:mavedb:00000657-a-1#4884,,,p.Gln250Met,0.838553097547377,0.0441931193753028,Q250M,Q250M,0.3498,ambiguous,0.6900764365001889,0.6502,False,250,False,False
urn:mavedb:00000657-a-1#4885,,,p.Gln250Asn,0.993655068784006,0.0296079986010501,Q250N,Q250N,0.2218,benign,0.8073222181158706,0.7782,False,250,False,False
urn:mavedb:00000657-a-1#4886,,,p.Gln250Pro,0.0173766954198023,0.0469211199394259,Q250P,Q250P,0.8117,pathogenic,0.170166724306773,0.18830000000000002,False,250,False,False
urn:mavedb:00000657-a-1#4887,,,p.Gln250Arg,0.930313656901371,0.0440733885658941,Q250R,Q250R,0.067,benign,0.8876594768787898,0.933,False,250,False,False
urn:mavedb:00000657-a-1#4888,,,p.Gln250Ser,0.836847834248047,0.0494554575523782,Q250S,Q250S,0.2319,benign,0.7998952316896438,0.7681,False,250,False,False
urn:mavedb:00000657-a-1#4889,,,p.Gln250Thr,0.38168952519405,0.029316541115371,Q250T,Q250T,0.2176,benign,0.8103217340017267,0.7824,False,250,False,False
urn:mavedb:00000657-a-1#4890,,,p.Gln250Val,0.0186453888326494,0.0486566095848006,Q250V,Q250V,0.3077,benign,0.7341838860582255,0.6923,False,250,False,False
urn:mavedb:00000657-a-1#4891,,,p.Gln250Trp,0.0332177025443228,0.0290666865001268,Q250W,Q250W,0.473,ambiguous,0.5363704925029581,0.527,False,250,False,False
urn:mavedb:00000657-a-1#4892,,,p.Gln250Tyr,0.130319392361253,0.0517487953244995,Q250Y,Q250Y,0.3873,ambiguous,0.6466010447866262,0.6127,False,250,False,False
urn:mavedb:00000657-a-1#4894,,,p.Asp251Ala,0.0157264958758222,0.0464221130321158,D251A,D251A,0.956,pathogenic,0.10479398382776009,0.04400000000000004,False,251,False,False
urn:mavedb:00000657-a-1#4895,,,p.Asp251Cys,1.08583382137051,0.0295814026760991,D251C,D251C,0.9863,pathogenic,0.09615256461697061,0.013700000000000045,True,251,False,True
urn:mavedb:00000657-a-1#4896,,,p.Asp251Glu,0.0338352653851306,0.0352581958882251,D251E,D251E,0.9614,pathogenic,0.10315027398946508,0.03859999999999997,False,251,False,False
urn:mavedb:00000657-a-1#4897,,,p.Asp251Phe,0.0358800086389614,0.0821841010724701,D251F,D251F,0.9964,pathogenic,0.09357015532592575,0.0036000000000000476,False,251,False,False
urn:mavedb:00000657-a-1#4898,,,p.Asp251Gly,0.0694404680447983,0.0767100878190874,D251G,D251G,0.927,pathogenic,0.11446199556244914,0.07299999999999995,False,251,False,False
urn:mavedb:00000657-a-1#4899,,,p.Asp251His,-0.003954478405735,0.0374746251735347,D251H,D251H,0.9866,pathogenic,0.09607381374703794,0.013399999999999967,False,251,False,False
urn:mavedb:00000657-a-1#4900,,,p.Asp251Ile,-0.0089471974297141,0.0380074641354109,D251I,D251I,0.9849,pathogenic,0.09652175500437327,0.015100000000000002,False,251,False,False
urn:mavedb:00000657-a-1#4901,,,p.Asp251Lys,0.0003193707237067,0.0240097867794018,D251K,D251K,0.9915,pathogenic,0.09480541607229787,0.008499999999999952,False,251,False,False
urn:mavedb:00000657-a-1#4902,,,p.Asp251Leu,0.0601389899488199,0.0874400481108465,D251L,D251L,0.987,pathogenic,0.09596901032211319,0.013000000000000012,False,251,False,False
urn:mavedb:00000657-a-1#4903,,,p.Asp251Met,0.0493689209144027,0.100596499544459,D251M,D251M,0.9972,pathogenic,0.09337157398999274,0.0028000000000000247,False,251,False,False
urn:mavedb:00000657-a-1#4904,,,p.Asp251Asn,0.945353555475592,0.0240516743597887,D251N,D251N,0.8713,pathogenic,0.13755350243379078,0.12870000000000004,True,251,False,True
urn:mavedb:00000657-a-1#4905,,,p.Asp251Pro,0.0031999665348369,0.0229806108323164,D251P,D251P,0.9938,pathogenic,0.09422152038597464,0.006199999999999983,False,251,False,False
urn:mavedb:00000657-a-1#4906,,,p.Asp251Gln,-0.0040709666405056,0.0336631771358368,D251Q,D251Q,0.992,pathogenic,0.09467786394887504,0.008000000000000007,False,251,False,False
urn:mavedb:00000657-a-1#4907,,,p.Asp251Arg,0.0055776179856232,0.0317172671455163,D251R,D251R,0.989,pathogenic,0.0954483685170513,0.01100000000000001,False,251,False,False
urn:mavedb:00000657-a-1#4908,,,p.Asp251Ser,-0.0140168476335508,0.0400627565598374,D251S,D251S,0.9353,pathogenic,0.111544558396797,0.06469999999999998,False,251,False,False
urn:mavedb:00000657-a-1#4909,,,p.Asp251Thr,0.0035344700092417,0.0444216853539183,D251T,D251T,0.9794,pathogenic,0.09799934184772749,0.02059999999999995,False,251,False,False
urn:mavedb:00000657-a-1#4910,,,p.Asp251Val,0.0178465451788956,0.0403955508258645,D251V,D251V,0.95,pathogenic,0.10667602045129686,0.050000000000000044,False,251,False,False
urn:mavedb:00000657-a-1#4911,,,p.Asp251Trp,0.0169736012784616,0.0458207198593262,D251W,D251W,0.999,pathogenic,0.09292790333374308,0.0010000000000000009,False,251,False,False
urn:mavedb:00000657-a-1#4912,,,p.Asp251Tyr,0.0154779186882222,0.0509886349987176,D251Y,D251Y,0.9485,pathogenic,0.10715586703513577,0.05149999999999999,False,251,False,False
urn:mavedb:00000657-a-1#4914,,,p.Trp252Ala,-0.0097617801890644,0.0495134848062593,W252A,W252A,0.987,pathogenic,0.09596901032211319,0.013000000000000012,False,252,False,False
urn:mavedb:00000657-a-1#4915,,,p.Trp252Cys,0.458845789736309,0.0336764372400181,W252C,W252C,0.9805,pathogenic,0.09770032431874795,0.019499999999999962,False,252,False,False
urn:mavedb:00000657-a-1#4916,,,p.Trp252Asp,0.0027101099969331,0.0305157784630361,W252D,W252D,0.9968,pathogenic,0.093470757019184,0.0031999999999999806,False,252,False,False
urn:mavedb:00000657-a-1#4917,,,p.Trp252Glu,0.0334667593934213,0.0805500708050431,W252E,W252E,0.997,pathogenic,0.09342113862077622,0.0030000000000000027,False,252,False,False
urn:mavedb:00000657-a-1#4918,,,p.Trp252Phe,1.08912719424827,0.0259846927303676,W252F,W252F,0.4819,ambiguous,0.5244110128389147,0.5181,False,252,False,False
urn:mavedb:00000657-a-1#4919,,,p.Trp252Gly,0.293974644955966,0.0320295372076727,W252G,W252G,0.877,pathogenic,0.13488744542103687,0.123,False,252,False,False
urn:mavedb:00000657-a-1#4920,,,p.Trp252His,0.034538838040712,0.0273799075595143,W252H,W252H,0.9858,pathogenic,0.09628409908095474,0.01419999999999999,False,252,False,False
urn:mavedb:00000657-a-1#4921,,,p.Trp252Ile,0.0099381296835058,0.0310230118564616,W252I,W252I,0.9861,pathogenic,0.09620513591695434,0.013900000000000023,False,252,False,False
urn:mavedb:00000657-a-1#4922,,,p.Trp252Lys,0.0041247247145166,0.0193726732881233,W252K,W252K,0.9974,pathogenic,0.09332206307511375,0.0026000000000000467,False,252,False,False
urn:mavedb:00000657-a-1#4923,,,p.Trp252Leu,0.659374766265497,0.0326056473951953,W252L,W252L,0.9237,pathogenic,0.11565702237972941,0.07630000000000003,False,252,False,False
urn:mavedb:00000657-a-1#4924,,,p.Trp252Met,0.466762140544495,0.0239803015229319,W252M,W252M,0.9813,pathogenic,0.09748396244810197,0.01870000000000005,False,252,False,False
urn:mavedb:00000657-a-1#4925,,,p.Trp252Asn,0.0047700313248614,0.0548494185232897,W252N,W252N,0.9953,pathogenic,0.09384461407994565,0.0047000000000000375,False,252,False,False
urn:mavedb:00000657-a-1#4926,,,p.Trp252Pro,0.004812897480366,0.0321140753263865,W252P,W252P,0.9978,pathogenic,0.09322320218636365,0.0021999999999999797,False,252,False,False
urn:mavedb:00000657-a-1#4927,,,p.Trp252Gln,0.0033230995130269,0.0288586551368479,W252Q,W252Q,0.9974,pathogenic,0.09332206307511375,0.0026000000000000467,False,252,False,False
urn:mavedb:00000657-a-1#4928,,,p.Trp252Arg,0.333893328930378,0.0372549505600399,W252R,W252R,0.9926,pathogenic,0.09452525567163575,0.007399999999999962,False,252,False,False
urn:mavedb:00000657-a-1#4929,,,p.Trp252Ser,0.0042136832154598,0.0235492932870014,W252S,W252S,0.974,pathogenic,0.099493065331152,0.026000000000000023,False,252,False,False
urn:mavedb:00000657-a-1#4930,,,p.Trp252Thr,0.439602675427609,0.0300761302458548,W252T,W252T,0.9909,pathogenic,0.09495893412184989,0.009099999999999997,False,252,False,False
urn:mavedb:00000657-a-1#4931,,,p.Trp252Val,0.0163301750305255,0.0286554448217674,W252V,W252V,0.9827,pathogenic,0.097107557576543,0.017299999999999982,False,252,False,False
urn:mavedb:00000657-a-1#4932,,,p.Trp252Tyr,1.04594412054868,0.0454122492457821,W252Y,W252Y,0.718,pathogenic,0.24153953804365258,0.28200000000000003,True,252,False,True
urn:mavedb:00000657-a-1#4934,,,p.Lys253Ala,0.566365103013084,0.0228142725115232,K253A,K253A,0.2656,benign,0.7728777573133274,0.7343999999999999,False,253,False,False
urn:mavedb:00000657-a-1#4935,,,p.Lys253Cys,0.43787882317706,0.034588797018922,K253C,K253C,0.3582,ambiguous,0.6806614404194335,0.6417999999999999,False,253,False,False
urn:mavedb:00000657-a-1#4936,,,p.Lys253Asp,-0.0092521286251155,0.0194677620090316,K253D,K253D,0.5119,ambiguous,0.48394182141644015,0.4881,False,253,False,False
urn:mavedb:00000657-a-1#4937,,,p.Lys253Glu,0.443851744147889,0.0333744789626674,K253E,K253E,0.1025,benign,0.8741086732206729,0.8975,False,253,False,False
urn:mavedb:00000657-a-1#4938,,,p.Lys253Phe,0.0755669957399991,0.0257235824076981,K253F,K253F,0.4432,ambiguous,0.5759463554618344,0.5568,False,253,False,False
urn:mavedb:00000657-a-1#4939,,,p.Lys253Gly,0.163324104465163,0.031922287947771,K253G,K253G,0.4031,ambiguous,0.6272505343900125,0.5969,False,253,False,False
urn:mavedb:00000657-a-1#4940,,,p.Lys253His,0.639559537132,0.0304444251089129,K253H,K253H,0.1952,benign,0.8254568395541431,0.8048,False,253,False,False
urn:mavedb:00000657-a-1#4941,,,p.Lys253Ile,0.250673577952268,0.0374142255338978,K253I,K253I,0.1473,benign,0.853221011624343,0.8527,False,253,False,False
urn:mavedb:00000657-a-1#4942,,,p.Lys253Leu,0.457217928674056,0.0424179786017116,K253L,K253L,0.1573,benign,0.8479153370520984,0.8427,False,253,False,False
urn:mavedb:00000657-a-1#4943,,,p.Lys253Met,0.741447181612642,0.0477613452766743,K253M,K253M,0.1112,benign,0.8704016011378132,0.8888,False,253,False,False
urn:mavedb:00000657-a-1#4944,,,p.Lys253Asn,0.470670546749318,0.0347778769752263,K253N,K253N,0.2641,benign,0.7741546416566467,0.7359,False,253,False,False
urn:mavedb:00000657-a-1#4945,,,p.Lys253Pro,0.0379860361784045,0.0535311877051985,K253P,K253P,0.9104,pathogenic,0.1206828292956728,0.08960000000000001,False,253,False,False
urn:mavedb:00000657-a-1#4946,,,p.Lys253Gln,0.920452981627614,0.0288648012615397,K253Q,K253Q,0.0794,benign,0.883201816346996,0.9206,False,253,False,False
urn:mavedb:00000657-a-1#4947,,,p.Lys253Arg,0.794739302945595,0.0150851418068072,K253R,K253R,0.0839,benign,0.8815128110170647,0.9161,False,253,False,False
urn:mavedb:00000657-a-1#4948,,,p.Lys253Ser,0.490302243091142,0.0331037443537299,K253S,K253S,0.3003,benign,0.7413839768711975,0.6997,False,253,False,False
urn:mavedb:00000657-a-1#4949,,,p.Lys253Thr,0.402169038008313,0.0425301823521315,K253T,K253T,0.1363,benign,0.858775674276468,0.8637,False,253,False,False
urn:mavedb:00000657-a-1#4950,,,p.Lys253Val,0.426417031353332,0.0464850857758456,K253V,K253V,0.1457,benign,0.8540470654124452,0.8543000000000001,False,253,False,False
urn:mavedb:00000657-a-1#4951,,,p.Lys253Trp,-0.0052999188886851,0.0234447012626181,K253W,K253W,0.6218,pathogenic,0.34251727773249757,0.3782,False,253,False,False
urn:mavedb:00000657-a-1#4952,,,p.Lys253Tyr,0.0828078928522369,0.0260238106768301,K253Y,K253Y,0.3578,ambiguous,0.681114185936218,0.6422,False,253,False,False
urn:mavedb:00000657-a-1#4954,,,p.Pro254Ala,0.824449841274027,0.0697268266992804,P254A,P254A,0.0687,benign,0.8870650422596005,0.9313,False,254,False,False
urn:mavedb:00000657-a-1#4955,,,p.Pro254Cys,0.0656880998315421,0.0348463995668356,P254C,P254C,0.3086,benign,0.7332966941727761,0.6914,False,254,False,False
urn:mavedb:00000657-a-1#4956,,,p.Pro254Asp,-0.0065470649265897,0.0253187308036049,P254D,P254D,0.505,ambiguous,0.4932505062044416,0.495,False,254,False,False
urn:mavedb:00000657-a-1#4957,,,p.Pro254Glu,0.751206196643285,0.0458616964234239,P254E,P254E,0.1727,benign,0.8392492503635223,0.8273,False,254,False,False
urn:mavedb:00000657-a-1#4958,,,p.Pro254Phe,-0.0168106692966345,0.0406994082295156,P254F,P254F,0.4188,ambiguous,0.6075019421860496,0.5811999999999999,False,254,False,False
urn:mavedb:00000657-a-1#4959,,,p.Pro254Gly,0.0336847121487743,0.0260323245608012,P254G,P254G,0.3563,ambiguous,0.6828080831308394,0.6436999999999999,False,254,False,False
urn:mavedb:00000657-a-1#4960,,,p.Pro254His,-0.0079994570968055,0.0185978377014595,P254H,P254H,0.2337,benign,0.7985396121400556,0.7663,False,254,False,False
urn:mavedb:00000657-a-1#4961,,,p.Pro254Ile,-0.0146663549924249,0.0289021396679383,P254I,P254I,0.1851,benign,0.8318183934278076,0.8149,False,254,False,False
urn:mavedb:00000657-a-1#4962,,,p.Pro254Lys,-0.0034968442805454,0.0200239542735165,P254K,P254K,0.2084,benign,0.8167121088577369,0.7916,False,254,False,False
urn:mavedb:00000657-a-1#4963,,,p.Pro254Leu,-0.0021487921790763,0.0206648837723942,P254L,P254L,0.0979,benign,0.8760047756600491,0.9021,False,254,False,False
urn:mavedb:00000657-a-1#4964,,,p.Pro254Met,-0.0002293115779385,0.0135425351897721,P254M,P254M,0.2168,benign,0.8108871992906321,0.7832,False,254,False,False
urn:mavedb:00000657-a-1#4965,,,p.Pro254Asn,0.0137205077560355,0.0466139141798133,P254N,P254N,0.4198,ambiguous,0.6062280775052847,0.5802,False,254,False,False
urn:mavedb:00000657-a-1#4966,,,p.Pro254Gln,0.102419938821962,0.0326407441786334,P254Q,P254Q,0.1371,benign,0.858381427237183,0.8629,False,254,False,False
urn:mavedb:00000657-a-1#4967,,,p.Pro254Arg,-0.0080703344789972,0.0213117314196366,P254R,P254R,0.151,benign,0.8512867772094973,0.849,False,254,False,False
urn:mavedb:00000657-a-1#4968,,,p.Pro254Ser,0.0594087858478344,0.0271638590449775,P254S,P254S,0.1624,benign,0.845112938587731,0.8376,False,254,False,False
urn:mavedb:00000657-a-1#4969,,,p.Pro254Thr,-0.0081914989778308,0.0194898523439921,P254T,P254T,0.1282,benign,0.8626833197253921,0.8718,False,254,False,False
urn:mavedb:00000657-a-1#4970,,,p.Pro254Val,0.0342950691232128,0.0301528720936849,P254V,P254V,0.1344,benign,0.8597059832831233,0.8656,False,254,False,False
urn:mavedb:00000657-a-1#4971,,,p.Pro254Trp,0.0110094667929733,0.0332511439926187,P254W,P254W,0.5823,pathogenic,0.39109891479938075,0.41769999999999996,False,254,False,False
urn:mavedb:00000657-a-1#4972,,,p.Pro254Tyr,0.0166860227187266,0.0593560884048806,P254Y,P254Y,0.4038,ambiguous,0.6263805849880603,0.5962000000000001,False,254,False,False
urn:mavedb:00000657-a-1#4974,,,p.Leu255Ala,-0.0098138306096077,0.0177260698007411,L255A,L255A,0.6683,pathogenic,0.29031709361648306,0.3317,False,255,False,False
urn:mavedb:00000657-a-1#4975,,,p.Leu255Cys,0.349954679142359,0.0310481083274231,L255C,L255C,0.6812,pathogenic,0.27693131292670947,0.3188,False,255,False,False
urn:mavedb:00000657-a-1#4976,,,p.Leu255Asp,0.063763343660752,0.109797254096556,L255D,L255D,0.9915,pathogenic,0.09480541607229787,0.008499999999999952,False,255,False,False
urn:mavedb:00000657-a-1#4977,,,p.Leu255Glu,0.0545722828140534,0.0877944051670462,L255E,L255E,0.9268,pathogenic,0.11453384641832028,0.07320000000000004,False,255,False,False
urn:mavedb:00000657-a-1#4978,,,p.Leu255Phe,0.308286805050755,0.0478698430585294,L255F,L255F,0.3921,ambiguous,0.640781887699565,0.6079,False,255,False,False
urn:mavedb:00000657-a-1#4979,,,p.Leu255Gly,0.0157964121831102,0.0721708534900105,L255G,L255G,0.9195,pathogenic,0.11720747904562863,0.08050000000000002,False,255,False,False
urn:mavedb:00000657-a-1#4980,,,p.Leu255His,-0.0001526899030541,0.0266332058854038,L255H,L255H,0.8282,pathogenic,0.1602273565957358,0.17179999999999995,False,255,False,False
urn:mavedb:00000657-a-1#4981,,,p.Leu255Ile,0.682678890326112,0.03480891527737,L255I,L255I,0.1096,benign,0.8710954162216585,0.8904,False,255,False,False
urn:mavedb:00000657-a-1#4982,,,p.Leu255Lys,-0.0089334991194198,0.0196398956899627,L255K,L255K,0.8679,pathogenic,0.1391791388903276,0.1321,False,255,False,False
urn:mavedb:00000657-a-1#4983,,,p.Leu255Met,0.75569534238146,0.0372428805351174,L255M,L255M,0.2271,benign,0.8034627599945287,0.7729,False,255,False,False
urn:mavedb:00000657-a-1#4984,,,p.Leu255Asn,0.0155016385714408,0.0500234292349448,L255N,L255N,0.9528,pathogenic,0.10579034732375064,0.04720000000000002,False,255,False,False
urn:mavedb:00000657-a-1#4985,,,p.Leu255Pro,0.103033147406097,0.105852994955883,L255P,L255P,0.954,pathogenic,0.1054147434817437,0.04600000000000004,False,255,False,False
urn:mavedb:00000657-a-1#4986,,,p.Leu255Gln,-0.0142458167804084,0.0140252681438592,L255Q,L255Q,0.6941,pathogenic,0.2640492016147417,0.30589999999999995,False,255,False,False
urn:mavedb:00000657-a-1#4987,,,p.Leu255Arg,0.0013296583021253,0.0135715705135376,L255R,L255R,0.7269,pathogenic,0.23361157383367376,0.2731,False,255,False,False
urn:mavedb:00000657-a-1#4988,,,p.Leu255Ser,-0.012191749850537,0.0240933947404886,L255S,L255S,0.8399,pathogenic,0.15361505778667905,0.16010000000000002,False,255,False,False
urn:mavedb:00000657-a-1#4989,,,p.Leu255Thr,-0.0016079689931185,0.0209768553384506,L255T,L255T,0.7188,pathogenic,0.2408168119992966,0.2812,False,255,False,False
urn:mavedb:00000657-a-1#4990,,,p.Leu255Val,0.497297697189731,0.0442093564928251,L255V,L255V,0.1164,benign,0.8681085172682985,0.8835999999999999,False,255,False,False
urn:mavedb:00000657-a-1#4991,,,p.Leu255Trp,-0.0078386627209784,0.0245236953135686,L255W,L255W,0.7554,pathogenic,0.2098785276295823,0.24460000000000004,False,255,False,False
urn:mavedb:00000657-a-1#4992,,,p.Leu255Tyr,-0.003372733438939,0.0136500075552713,L255Y,L255Y,0.8152,pathogenic,0.16799693606862698,0.18479999999999996,False,255,False,False
urn:mavedb:00000657-a-1#4994,,,p.His256Ala,0.772556873798503,0.0212514191751519,H256A,H256A,0.1401,benign,0.8568895190223518,0.8599,False,256,False,False
urn:mavedb:00000657-a-1#4995,,,p.His256Cys,0.731569363447329,0.0415132212736515,H256C,H256C,0.0767,benign,0.8841967465479553,0.9233,False,256,False,False
urn:mavedb:00000657-a-1#4996,,,p.His256Asp,0.61809419724689,0.0431227414501233,H256D,H256D,0.1316,benign,0.8610615990721494,0.8684000000000001,False,256,False,False
urn:mavedb:00000657-a-1#4997,,,p.His256Glu,0.849075664401205,0.0315530167428174,H256E,H256E,0.1499,benign,0.8518653337558885,0.8501,False,256,False,False
urn:mavedb:00000657-a-1#4998,,,p.His256Phe,0.537778691997787,0.0387495780461758,H256F,H256F,0.1667,benign,0.8426984698953499,0.8333,False,256,False,False
urn:mavedb:00000657-a-1#4999,,,p.His256Gly,0.485394146795284,0.0468517478076929,H256G,H256G,0.1645,benign,0.8439397268066963,0.8355,False,256,False,False
urn:mavedb:00000657-a-1#5000,,,p.His256Ile,0.337029043143181,0.0312232881083962,H256I,H256I,0.1382,benign,0.8578368711971165,0.8618,False,256,False,False
urn:mavedb:00000657-a-1#5001,,,p.His256Lys,0.926486200800175,0.0379299985999773,H256K,H256K,0.105,benign,0.8730597745086742,0.895,False,256,False,False
urn:mavedb:00000657-a-1#5002,,,p.His256Leu,0.535265132170018,0.0359793645565435,H256L,H256L,0.0744,benign,0.8850334944917401,0.9256,False,256,False,False
urn:mavedb:00000657-a-1#5003,,,p.His256Met,0.702099861821646,0.0472859594847537,H256M,H256M,0.2515,benign,0.7846054877002734,0.7484999999999999,False,256,False,False
urn:mavedb:00000657-a-1#5004,,,p.His256Asn,1.00669455885475,0.0273318760017889,H256N,H256N,0.0678,benign,0.8873803930440737,0.9322,False,256,False,False
urn:mavedb:00000657-a-1#5005,,,p.His256Pro,-0.0017428188685209,0.0184514617498531,H256P,H256P,0.183,benign,0.8331059468716697,0.817,False,256,False,False
urn:mavedb:00000657-a-1#5006,,,p.His256Gln,0.88178782590369,0.0232413814279277,H256Q,H256Q,0.0918,benign,0.8784526358088933,0.9082,False,256,False,False
urn:mavedb:00000657-a-1#5007,,,p.His256Arg,0.941440446165228,0.0225689135858314,H256R,H256R,0.0653,benign,0.888248711124599,0.9347,False,256,False,False
urn:mavedb:00000657-a-1#5008,,,p.His256Ser,0.825710197246014,0.0184312967683975,H256S,H256S,0.1055,benign,0.8728484238302539,0.8945,False,256,False,False
urn:mavedb:00000657-a-1#5009,,,p.His256Thr,0.631445322867994,0.0393472159215155,H256T,H256T,0.1331,benign,0.8603376448212846,0.8669,False,256,False,False
urn:mavedb:00000657-a-1#5010,,,p.His256Val,0.543081330109032,0.0363332946724547,H256V,H256V,0.1245,benign,0.8644180954843265,0.8755,False,256,False,False
urn:mavedb:00000657-a-1#5011,,,p.His256Trp,0.0090851579456567,0.0174069334741319,H256W,H256W,0.2686,benign,0.7703030204712711,0.7314,False,256,False,False
urn:mavedb:00000657-a-1#5012,,,p.His256Tyr,0.712470245162043,0.0327344152632418,H256Y,H256Y,0.0693,benign,0.886853993116309,0.9307,False,256,False,False
urn:mavedb:00000657-a-1#5014,,,p.Pro257Ala,0.0370835454803637,0.0330959853313029,P257A,P257A,0.0717,benign,0.8860032381216756,0.9283,False,257,False,False
urn:mavedb:00000657-a-1#5015,,,p.Pro257Cys,-0.0031742663022348,0.0186404626466297,P257C,P257C,0.218,benign,0.8100382984641392,0.782,False,257,False,False
urn:mavedb:00000657-a-1#5016,,,p.Pro257Asp,-0.0011572847505228,0.04073850780167,P257D,P257D,0.3007,benign,0.7409991059162248,0.6993,False,257,False,False
urn:mavedb:00000657-a-1#5017,,,p.Pro257Glu,0.0193597658207867,0.0643151871672771,P257E,P257E,0.1783,benign,0.8359443996795485,0.8217,False,257,False,False
urn:mavedb:00000657-a-1#5018,,,p.Pro257Phe,0.0044054902244504,0.0364713885571315,P257F,P257F,0.2962,benign,0.7453003298150561,0.7038,False,257,False,False
urn:mavedb:00000657-a-1#5019,,,p.Pro257Gly,-0.0006140698035401,0.0303331803956593,P257G,P257G,0.2226,benign,0.8067449901616005,0.7774,False,257,False,False
urn:mavedb:00000657-a-1#5020,,,p.Pro257His,-0.0076747003712318,0.0220988358421025,P257H,P257H,0.1218,benign,0.8656644826476098,0.8782,False,257,False,False
urn:mavedb:00000657-a-1#5021,,,p.Pro257Ile,-0.0097005027440954,0.0176228738478677,P257I,P257I,0.175,benign,0.8379019776313252,0.825,False,257,False,False
urn:mavedb:00000657-a-1#5022,,,p.Pro257Lys,-0.0117674416554538,0.0172110377446976,P257K,P257K,0.1598,benign,0.8465498628603505,0.8402000000000001,False,257,False,False
urn:mavedb:00000657-a-1#5023,,,p.Pro257Leu,0.0010039851416087,0.0269404553738587,P257L,P257L,0.0925,benign,0.8781755366832913,0.9075,False,257,False,False
urn:mavedb:00000657-a-1#5024,,,p.Pro257Met,0.0064477006822026,0.0377988421399421,P257M,P257M,0.2272,benign,0.8033891382002243,0.7727999999999999,False,257,False,False
urn:mavedb:00000657-a-1#5025,,,p.Pro257Asn,-0.010724061810866,0.0229102339703378,P257N,P257N,0.2072,benign,0.8175275866820869,0.7928,False,257,False,False
urn:mavedb:00000657-a-1#5026,,,p.Pro257Gln,-0.0052221260313885,0.0188021520865032,P257Q,P257Q,0.1162,benign,0.8681978015951756,0.8838,False,257,False,False
urn:mavedb:00000657-a-1#5027,,,p.Pro257Arg,-0.0126851227969436,0.0282673130779165,P257R,P257R,0.0955,benign,0.8769768374040459,0.9045,False,257,False,False
urn:mavedb:00000657-a-1#5028,,,p.Pro257Ser,-0.0084466563054502,0.0181150587270502,P257S,P257S,0.1024,benign,0.8741503579567554,0.8976,False,257,False,False
urn:mavedb:00000657-a-1#5029,,,p.Pro257Thr,0.0042737361832043,0.0313489581353722,P257T,P257T,0.092,benign,0.8783735644487631,0.908,False,257,False,False
urn:mavedb:00000657-a-1#5030,,,p.Pro257Val,0.365269934068793,0.0292056855459529,P257V,P257V,0.1344,benign,0.8597059832831233,0.8656,False,257,False,False
urn:mavedb:00000657-a-1#5031,,,p.Pro257Trp,0.00679986083499,0.0507074794154685,P257W,P257W,0.4132,ambiguous,0.6146013326301293,0.5868,False,257,False,False
urn:mavedb:00000657-a-1#5032,,,p.Pro257Tyr,0.146610922999856,0.177896648547836,P257Y,P257Y,0.2582,benign,0.7791093718057737,0.7418,False,257,False,False
urn:mavedb:00000657-a-1#5034,,,p.Gly258Ala,0.539664341752936,0.0317810904582587,G258A,G258A,0.2073,benign,0.8174597881777267,0.7927,False,258,False,False
urn:mavedb:00000657-a-1#5035,,,p.Gly258Cys,0.424801624165987,0.0206863096442185,G258C,G258C,0.2745,benign,0.7651576928475426,0.7255,False,258,False,False
urn:mavedb:00000657-a-1#5036,,,p.Gly258Asp,0.734708576432891,0.0300381584414016,G258D,G258D,0.1514,benign,0.8510756526029962,0.8486,False,258,False,False
urn:mavedb:00000657-a-1#5037,,,p.Gly258Glu,0.828991169494894,0.0518471946614659,G258E,G258E,0.1627,benign,0.8449460293084542,0.8372999999999999,False,258,False,False
urn:mavedb:00000657-a-1#5038,,,p.Gly258Phe,0.0285839553398258,0.0232273127815127,G258F,G258F,0.6547,pathogenic,0.30496103431706695,0.34530000000000005,False,258,False,False
urn:mavedb:00000657-a-1#5039,,,p.Gly258His,0.575776044713197,0.0212088515766906,G258H,G258H,0.3374,benign,0.7036108594520782,0.6626000000000001,False,258,False,False
urn:mavedb:00000657-a-1#5040,,,p.Gly258Ile,0.0415270270842357,0.0256459661561835,G258I,G258I,0.5401,ambiguous,0.44612464591991696,0.4599,False,258,False,False
urn:mavedb:00000657-a-1#5041,,,p.Gly258Lys,0.558451136803712,0.0326836766026982,G258K,G258K,0.2467,benign,0.7884581249193096,0.7533,False,258,False,False
urn:mavedb:00000657-a-1#5042,,,p.Gly258Leu,0.143948327848745,0.0441734756775553,G258L,G258L,0.5303,ambiguous,0.45920729228900836,0.4697,False,258,False,False
urn:mavedb:00000657-a-1#5043,,,p.Gly258Met,0.332412039662807,0.0257220112013807,G258M,G258M,0.5343,ambiguous,0.45385774286780406,0.4657,False,258,False,False
urn:mavedb:00000657-a-1#5044,,,p.Gly258Asn,0.677898015235028,0.0300571191593373,G258N,G258N,0.2086,benign,0.8165757933902785,0.7914,False,258,False,False
urn:mavedb:00000657-a-1#5045,,,p.Gly258Pro,0.19046078554658,0.0459435136794653,G258P,G258P,0.8909,pathogenic,0.12868889010968654,0.10909999999999997,False,258,False,False
urn:mavedb:00000657-a-1#5046,,,p.Gly258Gln,0.632428772500404,0.0180607214648475,G258Q,G258Q,0.2359,benign,0.7968695035511756,0.7641,False,258,False,False
urn:mavedb:00000657-a-1#5047,,,p.Gly258Arg,0.411009796020713,0.0345402436562865,G258R,G258R,0.2061,benign,0.8182714775045788,0.7939,False,258,False,False
urn:mavedb:00000657-a-1#5048,,,p.Gly258Ser,0.589379456283576,0.0370970859624482,G258S,G258S,0.1291,benign,0.8622566273795171,0.8709,False,258,False,False
urn:mavedb:00000657-a-1#5049,,,p.Gly258Thr,0.620904081972745,0.0348752690952649,G258T,G258T,0.2252,benign,0.8048559209305225,0.7747999999999999,False,258,False,False
urn:mavedb:00000657-a-1#5050,,,p.Gly258Val,0.135755046373297,0.0344299515985106,G258V,G258V,0.3896,ambiguous,0.643819378021408,0.6104,False,258,False,False
urn:mavedb:00000657-a-1#5051,,,p.Gly258Trp,0.303345926957576,0.0335976959073189,G258W,G258W,0.4714,ambiguous,0.5385155338537561,0.5286,False,258,False,False
urn:mavedb:00000657-a-1#5052,,,p.Gly258Tyr,0.158681014726909,0.0269708149396813,G258Y,G258Y,0.4662,ambiguous,0.5454742519152822,0.5338,False,258,False,False
urn:mavedb:00000657-a-1#5054,,,p.Asp259Ala,0.326888952917776,0.041377230718036,D259A,D259A,0.1543,benign,0.8495331346050605,0.8457,False,259,False,False
urn:mavedb:00000657-a-1#5055,,,p.Asp259Cys,0.0132851885485315,0.0277965447165807,D259C,D259C,0.4353,ambiguous,0.5862643798536442,0.5647,False,259,False,False
urn:mavedb:00000657-a-1#5056,,,p.Asp259Glu,0.678480483741236,0.032676994598298,D259E,D259E,0.1599,benign,0.8464949147054475,0.8401000000000001,False,259,False,False
urn:mavedb:00000657-a-1#5057,,,p.Asp259Phe,-0.0124059191475953,0.0240341926059452,D259F,D259F,0.4272,ambiguous,0.5967466440909974,0.5728,False,259,False,False
urn:mavedb:00000657-a-1#5058,,,p.Asp259Gly,-0.0073212926586181,0.0202944636195232,D259G,D259G,0.2556,benign,0.7812586282887145,0.7444,False,259,False,False
urn:mavedb:00000657-a-1#5059,,,p.Asp259His,0.0234759977726819,0.0258997120129436,D259H,D259H,0.1994,benign,0.8227279363639065,0.8006,False,259,False,False
urn:mavedb:00000657-a-1#5060,,,p.Asp259Ile,-0.0011038513598298,0.0407318399292948,D259I,D259I,0.3612,ambiguous,0.6772519844508093,0.6388,False,259,False,False
urn:mavedb:00000657-a-1#5061,,,p.Asp259Lys,-0.0107502536231813,0.0141691327104938,D259K,D259K,0.3233,benign,0.718455887336618,0.6767000000000001,False,259,False,False
urn:mavedb:00000657-a-1#5062,,,p.Asp259Leu,0.0103923608050283,0.048358644397918,D259L,D259L,0.4004,ambiguous,0.6305963290698597,0.5996,False,259,False,False
urn:mavedb:00000657-a-1#5063,,,p.Asp259Met,0.524792096815297,0.0354979556968814,D259M,D259M,0.4501,ambiguous,0.5668662517496955,0.5499,False,259,False,False
urn:mavedb:00000657-a-1#5064,,,p.Asp259Asn,0.275380083829355,0.0415703560596855,D259N,D259N,0.1028,benign,0.8739834941921085,0.8972,False,259,False,False
urn:mavedb:00000657-a-1#5065,,,p.Asp259Pro,0.0101683147856209,0.0396899105065095,D259P,D259P,0.9295,pathogenic,0.11357006935791429,0.07050000000000001,False,259,False,False
urn:mavedb:00000657-a-1#5066,,,p.Asp259Gln,0.493257918201379,0.0479348994520448,D259Q,D259Q,0.2241,benign,0.8056575868362321,0.7759,False,259,False,False
urn:mavedb:00000657-a-1#5067,,,p.Asp259Arg,-0.0074758043036443,0.0544878786097713,D259R,D259R,0.39,ambiguous,0.6433343496062469,0.61,False,259,False,False
urn:mavedb:00000657-a-1#5068,,,p.Asp259Ser,0.383774994040719,0.0321441252246736,D259S,D259S,0.1009,benign,0.8747731387129708,0.8991,False,259,False,False
urn:mavedb:00000657-a-1#5069,,,p.Asp259Thr,-0.0113256938157342,0.0177838464633036,D259T,D259T,0.2477,benign,0.7876613156011368,0.7523,False,259,False,False
urn:mavedb:00000657-a-1#5070,,,p.Asp259Val,0.0380390384604542,0.0548527984370098,D259V,D259V,0.2202,benign,0.8084710093484484,0.7798,False,259,False,False
urn:mavedb:00000657-a-1#5071,,,p.Asp259Trp,-0.0107356354006232,0.0165827812598085,D259W,D259W,0.849,pathogenic,0.1487132227905026,0.15100000000000002,False,259,False,False
urn:mavedb:00000657-a-1#5072,,,p.Asp259Tyr,-0.0109031809703207,0.0139075732464018,D259Y,D259Y,0.1462,benign,0.8537895928292651,0.8538,False,259,False,False
urn:mavedb:00000657-a-1#5074,,,p.Pro260Ala,0.664922735304845,0.0278873448549196,P260A,P260A,0.0802,benign,0.8829043750621417,0.9198,False,260,False,False
urn:mavedb:00000657-a-1#5075,,,p.Pro260Cys,-0.0075585813010532,0.0164574850225852,P260C,P260C,0.3535,ambiguous,0.685953458307023,0.6465000000000001,False,260,False,False
urn:mavedb:00000657-a-1#5076,,,p.Pro260Asp,0.309223465223481,0.0234401837869243,P260D,P260D,0.4486,ambiguous,0.5688452041842372,0.5514,False,260,False,False
urn:mavedb:00000657-a-1#5077,,,p.Pro260Glu,0.0566419226459655,0.0230289914774838,P260E,P260E,0.277,benign,0.762944764792768,0.723,False,260,False,False
urn:mavedb:00000657-a-1#5078,,,p.Pro260Phe,-0.0198533957924015,0.0137228943118206,P260F,P260F,0.533,ambiguous,0.4555949765106026,0.46699999999999997,False,260,False,False
urn:mavedb:00000657-a-1#5079,,,p.Pro260Gly,0.35932555642875,0.0249955127317676,P260G,P260G,0.3445,ambiguous,0.6959151715077521,0.6555,False,260,False,False
urn:mavedb:00000657-a-1#5080,,,p.Pro260His,-0.0069152703036779,0.014739854614971,P260H,P260H,0.2449,benign,0.7898846759723741,0.7551,False,260,False,False
urn:mavedb:00000657-a-1#5081,,,p.Pro260Ile,0.000953540027009,0.0253780873446344,P260I,P260I,0.426,ambiguous,0.5982905631642171,0.5740000000000001,False,260,False,False
urn:mavedb:00000657-a-1#5082,,,p.Pro260Lys,-0.013462952300493,0.0103600784620568,P260K,P260K,0.3429,ambiguous,0.6976620913977024,0.6571,False,260,False,False
urn:mavedb:00000657-a-1#5083,,,p.Pro260Leu,-0.0080316720725484,0.0114285269850886,P260L,P260L,0.164,benign,0.8442200900506459,0.836,False,260,False,False
urn:mavedb:00000657-a-1#5084,,,p.Pro260Met,-0.0128048264579593,0.0176113180120466,P260M,P260M,0.3915,ambiguous,0.6415121974936481,0.6085,False,260,False,False
urn:mavedb:00000657-a-1#5085,,,p.Pro260Asn,0.0212456869373055,0.0207952736326931,P260N,P260N,0.4034,ambiguous,0.6268778250327195,0.5966,False,260,False,False
urn:mavedb:00000657-a-1#5086,,,p.Pro260Gln,0.0011373630951745,0.0317742764896231,P260Q,P260Q,0.2156,benign,0.8117318880128288,0.7844,False,260,False,False
urn:mavedb:00000657-a-1#5087,,,p.Pro260Arg,-0.0040224120754796,0.0412774051373311,P260R,P260R,0.2083,benign,0.8167802234339546,0.7917,False,260,False,False
urn:mavedb:00000657-a-1#5088,,,p.Pro260Ser,0.293410521541976,0.0366673388721477,P260S,P260S,0.1355,benign,0.8591684154401207,0.8645,False,260,False,False
urn:mavedb:00000657-a-1#5089,,,p.Pro260Thr,0.0488393538793357,0.0416274662270037,P260T,P260T,0.1569,benign,0.8481323487254114,0.8431,False,260,False,False
urn:mavedb:00000657-a-1#5090,,,p.Pro260Val,-0.0055771795688334,0.0170427484829098,P260V,P260V,0.2923,benign,0.7489772329084283,0.7077,False,260,False,False
urn:mavedb:00000657-a-1#5091,,,p.Pro260Trp,0.0188795542093584,0.0307205215519361,P260W,P260W,0.6779,pathogenic,0.2803080619812011,0.32210000000000005,False,260,False,False
urn:mavedb:00000657-a-1#5092,,,p.Pro260Tyr,-0.0083612861813045,0.0195457901574311,P260Y,P260Y,0.4867,ambiguous,0.5179454778838256,0.5133,False,260,False,False
urn:mavedb:00000657-a-1#5094,,,p.Met261Ala,0.848618988715559,0.033906215370142,M261A,M261A,0.1391,benign,0.8573891944718672,0.8609,False,261,False,False
urn:mavedb:00000657-a-1#5095,,,p.Met261Cys,0.893071406656632,0.0167694284726447,M261C,M261C,0.4669,ambiguous,0.5445387049905593,0.5331,False,261,False,False
urn:mavedb:00000657-a-1#5096,,,p.Met261Asp,-0.0163357971010485,0.021806328489547,M261D,M261D,0.825,pathogenic,0.1620980223686748,0.17500000000000004,False,261,False,False
urn:mavedb:00000657-a-1#5097,,,p.Met261Glu,-0.0181925906235349,0.0184620985887856,M261E,M261E,0.501,ambiguous,0.4986500040499854,0.499,False,261,False,False
urn:mavedb:00000657-a-1#5098,,,p.Met261Phe,0.0093843066109809,0.0422270952453263,M261F,M261F,0.3658,ambiguous,0.6719771401678376,0.6342,False,261,False,False
urn:mavedb:00000657-a-1#5099,,,p.Met261Gly,0.006828502354442,0.0425388701536218,M261G,M261G,0.4473,ambiguous,0.5705580964164088,0.5527,False,261,False,False
urn:mavedb:00000657-a-1#5100,,,p.Met261His,-0.003138443194978,0.0264938161318435,M261H,M261H,0.6583,pathogenic,0.30103254083427167,0.3417,False,261,False,False
urn:mavedb:00000657-a-1#5101,,,p.Met261Ile,1.07406619027943,0.0206662889230446,M261I,M261I,0.1041,benign,0.8734388834335609,0.8959,False,261,False,False
urn:mavedb:00000657-a-1#5102,,,p.Met261Lys,0.0150358610092702,0.0432517322963663,M261K,M261K,0.3434,ambiguous,0.6971169669796897,0.6566000000000001,False,261,False,False
urn:mavedb:00000657-a-1#5103,,,p.Met261Leu,0.71072663919966,0.0288193625750916,M261L,M261L,0.1154,benign,0.8685540633330828,0.8846,False,261,False,False
urn:mavedb:00000657-a-1#5104,,,p.Met261Asn,-0.005396656729999,0.0350032034461314,M261N,M261N,0.5556,ambiguous,0.4256284517506877,0.4444,False,261,False,False
urn:mavedb:00000657-a-1#5105,,,p.Met261Pro,0.0070290321291148,0.0350285178487453,M261P,M261P,0.783,pathogenic,0.18925399141735966,0.21699999999999997,False,261,False,False
urn:mavedb:00000657-a-1#5106,,,p.Met261Gln,0.130025249480225,0.044649267862315,M261Q,M261Q,0.3287,benign,0.7128402419254715,0.6713,False,261,False,False
urn:mavedb:00000657-a-1#5107,,,p.Met261Arg,0.102723986668383,0.121998328994891,M261R,M261R,0.3246,benign,0.7171119488067551,0.6754,False,261,False,False
urn:mavedb:00000657-a-1#5108,,,p.Met261Ser,0.004291139943745,0.0180326200451296,M261S,M261S,0.2373,benign,0.7957991046898081,0.7626999999999999,False,261,False,False
urn:mavedb:00000657-a-1#5109,,,p.Met261Thr,0.687797623256858,0.0475281054882382,M261T,M261T,0.1379,benign,0.8579856702126162,0.8621,False,261,False,False
urn:mavedb:00000657-a-1#5110,,,p.Met261Val,1.08840801675613,0.0199538169031615,M261V,M261V,0.046,benign,0.8945852565182563,0.954,False,261,False,False
urn:mavedb:00000657-a-1#5111,,,p.Met261Trp,0.071284246906465,0.15069002947073,M261W,M261W,0.8076,pathogenic,0.17275130202732278,0.19240000000000002,False,261,False,False
urn:mavedb:00000657-a-1#5112,,,p.Met261Tyr,0.0355516095173823,0.0483106780950563,M261Y,M261Y,0.6257,pathogenic,0.33791614824159366,0.37429999999999997,False,261,False,False
urn:mavedb:00000657-a-1#5114,,,p.Phe262Ala,0.0279261574128673,0.0614589982372613,F262A,F262A,0.9833,pathogenic,0.0969471056100176,0.016700000000000048,False,262,False,False
urn:mavedb:00000657-a-1#5115,,,p.Phe262Cys,0.0261868232038674,0.0424978687560292,F262C,F262C,0.9446,pathogenic,0.10842124446211543,0.055400000000000005,False,262,False,False
urn:mavedb:00000657-a-1#5116,,,p.Phe262Asp,0.0357747548880215,0.0909228573500637,F262D,F262D,0.9956,pathogenic,0.0937695994304312,0.0043999999999999595,False,262,False,False
urn:mavedb:00000657-a-1#5117,,,p.Phe262Glu,-0.0010741481671549,0.0309426332902069,F262E,F262E,0.9963,pathogenic,0.09359503858828502,0.0037000000000000366,False,262,False,False
urn:mavedb:00000657-a-1#5118,,,p.Phe262Gly,0.0027532927312344,0.0473255762590366,F262G,F262G,0.986,pathogenic,0.0962314428030489,0.014000000000000012,False,262,False,False
urn:mavedb:00000657-a-1#5119,,,p.Phe262His,0.0001455949226604,0.0490788854709503,F262H,F262H,0.9746,pathogenic,0.09932495804411609,0.025399999999999978,False,262,False,False
urn:mavedb:00000657-a-1#5120,,,p.Phe262Ile,0.0211957916962876,0.0492325013898115,F262I,F262I,0.8734,pathogenic,0.13656268767535257,0.12660000000000005,False,262,False,False
urn:mavedb:00000657-a-1#5121,,,p.Phe262Lys,0.0231008046452248,0.0454461875100016,F262K,F262K,0.9961,pathogenic,0.09364484558117347,0.0039000000000000146,False,262,False,False
urn:mavedb:00000657-a-1#5122,,,p.Phe262Leu,0.0176167059109662,0.017016501541599,F262L,F262L,0.9699,pathogenic,0.10065631566193772,0.030100000000000016,False,262,False,False
urn:mavedb:00000657-a-1#5123,,,p.Phe262Met,0.0350546200279084,0.0240347196897826,F262M,F262M,0.9333,pathogenic,0.11223616380117382,0.06669999999999998,False,262,False,False
urn:mavedb:00000657-a-1#5124,,,p.Phe262Asn,-0.0001028391127209,0.0408639071661014,F262N,F262N,0.9874,pathogenic,0.09586443248779317,0.012599999999999945,False,262,False,False
urn:mavedb:00000657-a-1#5125,,,p.Phe262Pro,-0.0064675157433902,0.0294465788592987,F262P,F262P,0.9988,pathogenic,0.09297698637912502,0.0011999999999999789,False,262,False,False
urn:mavedb:00000657-a-1#5126,,,p.Phe262Gln,0.0337755711082865,0.0724897618154926,F262Q,F262Q,0.9943,pathogenic,0.09409554478946931,0.005700000000000038,False,262,False,False
urn:mavedb:00000657-a-1#5127,,,p.Phe262Arg,0.0681734109832241,0.0675964898714955,F262R,F262R,0.9898,pathogenic,0.09524167898920818,0.010199999999999987,False,262,False,False
urn:mavedb:00000657-a-1#5128,,,p.Phe262Ser,0.0145567710547805,0.034189505173896,F262S,F262S,0.9785,pathogenic,0.09824530734485282,0.021499999999999964,False,262,False,False
urn:mavedb:00000657-a-1#5129,,,p.Phe262Thr,0.0312754270381108,0.0600477610061757,F262T,F262T,0.989,pathogenic,0.0954483685170513,0.01100000000000001,False,262,False,False
urn:mavedb:00000657-a-1#5130,,,p.Phe262Val,0.0168204819024035,0.0385841281937159,F262V,F262V,0.8936,pathogenic,0.12753333358506339,0.10640000000000005,False,262,False,False
urn:mavedb:00000657-a-1#5131,,,p.Phe262Trp,0.341522105304891,0.0348872111410558,F262W,F262W,0.8621,pathogenic,0.14201432978738374,0.13790000000000002,False,262,False,False
urn:mavedb:00000657-a-1#5132,,,p.Phe262Tyr,-0.0059135801644025,0.0240638862390125,F262Y,F262Y,0.5405,ambiguous,0.44559246277625175,0.4595,False,262,False,False
urn:mavedb:00000657-a-1#5134,,,p.Leu263Ala,0.260372753670578,0.0339778423197197,L263A,L263A,0.26,benign,0.7776091862946792,0.74,False,263,False,False
urn:mavedb:00000657-a-1#5135,,,p.Leu263Cys,0.367700387000911,0.0267648628193705,L263C,L263C,0.3318,benign,0.709577202891364,0.6682,False,263,False,False
urn:mavedb:00000657-a-1#5136,,,p.Leu263Asp,0.067207418773283,0.0842927087554987,L263D,L263D,0.7463,pathogenic,0.2171839516597549,0.25370000000000004,False,263,False,False
urn:mavedb:00000657-a-1#5137,,,p.Leu263Glu,0.535399651900086,0.0547763476117527,L263E,L263E,0.288,benign,0.7529764304217959,0.712,False,263,False,False
urn:mavedb:00000657-a-1#5138,,,p.Leu263Phe,0.309063574498594,0.0469302077449676,L263F,L263F,0.1206,benign,0.8662131910209245,0.8794,False,263,False,False
urn:mavedb:00000657-a-1#5139,,,p.Leu263Gly,0.0194019454701533,0.0465934033044845,L263G,L263G,0.5881,pathogenic,0.38375912745945623,0.41190000000000004,False,263,False,False
urn:mavedb:00000657-a-1#5140,,,p.Leu263His,0.0190101206068811,0.0232693950406944,L263H,L263H,0.2069,benign,0.8177308100325683,0.7931,False,263,False,False
urn:mavedb:00000657-a-1#5141,,,p.Leu263Ile,0.772131001645383,0.043600311205575,L263I,L263I,0.0662,benign,0.887937409075486,0.9338,False,263,False,False
urn:mavedb:00000657-a-1#5142,,,p.Leu263Lys,0.378770954603246,0.0330652761853557,L263K,L263K,0.2247,benign,0.8052207594711747,0.7753,False,263,False,False
urn:mavedb:00000657-a-1#5143,,,p.Leu263Met,0.819699475384736,0.025556882233905,L263M,L263M,0.0939,benign,0.8776183963297454,0.9061,False,263,False,False
urn:mavedb:00000657-a-1#5144,,,p.Leu263Asn,-0.0141893644475723,0.0153498801540825,L263N,L263N,0.5022,ambiguous,0.49703004312364857,0.4978,False,263,False,False
urn:mavedb:00000657-a-1#5145,,,p.Leu263Pro,0.0080865159497825,0.0369204948758455,L263P,L263P,0.8607,pathogenic,0.14271055033134947,0.13929999999999998,False,263,False,False
urn:mavedb:00000657-a-1#5146,,,p.Leu263Gln,0.769510310528663,0.0272584771214265,L263Q,L263Q,0.1197,benign,0.8666226177934423,0.8803,False,263,False,False
urn:mavedb:00000657-a-1#5147,,,p.Leu263Arg,0.296982141899037,0.0384933194213238,L263R,L263R,0.1549,benign,0.8492113787439654,0.8451,False,263,False,False
urn:mavedb:00000657-a-1#5148,,,p.Leu263Ser,0.178726588807121,0.0445149522385155,L263S,L263S,0.2608,benign,0.7769392188941378,0.7392000000000001,False,263,False,False
urn:mavedb:00000657-a-1#5149,,,p.Leu263Thr,0.358606423910594,0.0339539228855402,L263T,L263T,0.2045,benign,0.8193473183849656,0.7955,False,263,False,False
urn:mavedb:00000657-a-1#5150,,,p.Leu263Val,0.654000852805745,0.0332408320649179,L263V,L263V,0.0712,benign,0.8861813471530829,0.9288,False,263,False,False
urn:mavedb:00000657-a-1#5151,,,p.Leu263Trp,0.225396391706302,0.028695316962428,L263W,L263W,0.1964,benign,0.8246822032504036,0.8036,False,263,False,False
urn:mavedb:00000657-a-1#5152,,,p.Leu263Tyr,0.415277971267131,0.0434713758262108,L263Y,L263Y,0.2688,benign,0.7701303765675981,0.7312000000000001,False,263,False,False
urn:mavedb:00000657-a-1#5154,,,p.Thr264Ala,0.45823330606334,0.0374496939882,T264A,T264A,0.0952,benign,0.8770975233080016,0.9048,False,264,False,False
urn:mavedb:00000657-a-1#5155,,,p.Thr264Cys,0.555846335020511,0.0211078549304343,T264C,T264C,0.2673,benign,0.7714221741069733,0.7327,False,264,False,False
urn:mavedb:00000657-a-1#5156,,,p.Thr264Asp,0.446603523672997,0.0291549785926138,T264D,T264D,0.1903,benign,0.828578304867724,0.8097,False,264,False,False
urn:mavedb:00000657-a-1#5157,,,p.Thr264Glu,-0.0016329962897636,0.017892900738817,T264E,T264E,0.2742,benign,0.7654219354401325,0.7258,False,264,False,False
urn:mavedb:00000657-a-1#5158,,,p.Thr264Phe,0.0091846297169471,0.0154082464578921,T264F,T264F,0.2406,benign,0.7932525524191057,0.7594,False,264,False,False
urn:mavedb:00000657-a-1#5159,,,p.Thr264Gly,0.717900216296037,0.0634725385737043,T264G,T264G,0.1606,benign,0.8461095662268427,0.8394,False,264,False,False
urn:mavedb:00000657-a-1#5160,,,p.Thr264His,0.145437573828107,0.0284581275220813,T264H,T264H,0.1806,benign,0.834562803943735,0.8194,False,264,False,False
urn:mavedb:00000657-a-1#5161,,,p.Thr264Ile,0.0230918591660471,0.051714838200091,T264I,T264I,0.3332,benign,0.7080942551891958,0.6668000000000001,False,264,False,False
urn:mavedb:00000657-a-1#5162,,,p.Thr264Lys,0.428011813804238,0.0304128369980492,T264K,T264K,0.158,benign,0.8475345964877335,0.842,False,264,False,False
urn:mavedb:00000657-a-1#5163,,,p.Thr264Leu,0.0418116283071496,0.0371117158470017,T264L,T264L,0.0964,benign,0.8766136861043674,0.9036,False,264,False,False
urn:mavedb:00000657-a-1#5164,,,p.Thr264Met,0.478448243301691,0.0268517500358138,T264M,T264M,0.0934,benign,0.877817826307922,0.9066,False,264,False,False
urn:mavedb:00000657-a-1#5165,,,p.Thr264Asn,0.146125160215037,0.0430309929990796,T264N,T264N,0.0989,benign,0.8755962835277019,0.9011,False,264,False,False
urn:mavedb:00000657-a-1#5166,,,p.Thr264Pro,0.0034232969544378,0.027322072318329,T264P,T264P,0.2564,benign,0.7805995417793296,0.7436,False,264,False,False
urn:mavedb:00000657-a-1#5167,,,p.Thr264Gln,0.431130691358701,0.0271520944502769,T264Q,T264Q,0.1884,benign,0.8297707886147261,0.8116,False,264,False,False
urn:mavedb:00000657-a-1#5168,,,p.Thr264Arg,0.475729101851476,0.0494614194645409,T264R,T264R,0.1287,benign,0.8624464975662093,0.8713,False,264,False,False
urn:mavedb:00000657-a-1#5169,,,p.Thr264Ser,0.715609424631024,0.0554332039936248,T264S,T264S,0.0844,benign,0.8813227428647326,0.9156,False,264,False,False
urn:mavedb:00000657-a-1#5170,,,p.Thr264Val,0.0015301663079556,0.016958477094475,T264V,T264V,0.263,benign,0.7750865856686896,0.737,False,264,False,False
urn:mavedb:00000657-a-1#5171,,,p.Thr264Trp,0.0021312754942188,0.0299964767245856,T264W,T264W,0.5267,ambiguous,0.4640318910327234,0.47330000000000005,False,264,False,False
urn:mavedb:00000657-a-1#5172,,,p.Thr264Tyr,0.0255994584192219,0.018877150573201,T264Y,T264Y,0.2255,benign,0.8046366615697466,0.7745,False,264,False,False
urn:mavedb:00000657-a-1#5174,,,p.Leu265Ala,0.937976584384579,0.0298088373899028,L265A,L265A,0.2062,benign,0.8182039943435552,0.7938000000000001,False,265,False,False
urn:mavedb:00000657-a-1#5175,,,p.Leu265Cys,0.74031207674564,0.0333010269418617,L265C,L265C,0.3751,ambiguous,0.661143153313739,0.6249,False,265,False,False
urn:mavedb:00000657-a-1#5176,,,p.Leu265Asp,-0.0002915835279693,0.0357554470655724,L265D,L265D,0.6595,pathogenic,0.2997313220555407,0.3405,False,265,False,False
urn:mavedb:00000657-a-1#5177,,,p.Leu265Glu,-0.0017740517845748,0.0278721473342237,L265E,L265E,0.3758,ambiguous,0.6603187144204895,0.6242,False,265,False,False
urn:mavedb:00000657-a-1#5178,,,p.Leu265Phe,1.1260270420456,0.0416470480515957,L265F,L265F,0.0899,benign,0.8791998447604973,0.9101,False,265,False,False
urn:mavedb:00000657-a-1#5179,,,p.Leu265Gly,0.549885462803999,0.0595909152388536,L265G,L265G,0.4207,ambiguous,0.6050800550083442,0.5792999999999999,False,265,False,False
urn:mavedb:00000657-a-1#5180,,,p.Leu265His,0.969077828625726,0.0215712447871889,L265H,L265H,0.2203,benign,0.8083994308730784,0.7797000000000001,False,265,False,False
urn:mavedb:00000657-a-1#5181,,,p.Leu265Ile,0.738934294264161,0.0363591498868021,L265I,L265I,0.0883,benign,0.8798235303838478,0.9117,False,265,False,False
urn:mavedb:00000657-a-1#5182,,,p.Leu265Lys,0.938723261310985,0.0274590906082676,L265K,L265K,0.2333,benign,0.7988417024325577,0.7666999999999999,False,265,False,False
urn:mavedb:00000657-a-1#5183,,,p.Leu265Met,1.00030504905863,0.0275879402298922,L265M,L265M,0.103,benign,0.8738999374088959,0.897,False,265,False,False
urn:mavedb:00000657-a-1#5184,,,p.Leu265Asn,0.642832217017312,0.0245959426643917,L265N,L265N,0.4244,ambiguous,0.6003453420482775,0.5756,False,265,False,False
urn:mavedb:00000657-a-1#5185,,,p.Leu265Pro,0.886932586030022,0.0387872883908325,L265P,L265P,0.1773,benign,0.836540671531631,0.8227,False,265,False,False
urn:mavedb:00000657-a-1#5186,,,p.Leu265Gln,0.437678878792113,0.031072604394514,L265Q,L265Q,0.1841,benign,0.8324330090041611,0.8159,False,265,False,False
urn:mavedb:00000657-a-1#5187,,,p.Leu265Arg,0.845532877315556,0.0459856905790398,L265R,L265R,0.1491,benign,0.8522842310394373,0.8509,False,265,False,False
urn:mavedb:00000657-a-1#5188,,,p.Leu265Ser,0.68707298541555,0.0313362380785146,L265S,L265S,0.2656,benign,0.7728777573133274,0.7343999999999999,False,265,False,False
urn:mavedb:00000657-a-1#5189,,,p.Leu265Thr,0.800829545809535,0.0383283343708932,L265T,L265T,0.1744,benign,0.8382547894011609,0.8256,False,265,False,False
urn:mavedb:00000657-a-1#5190,,,p.Leu265Val,0.801286650113572,0.0286349850178121,L265V,L265V,0.0919,benign,0.8784131101027076,0.9081,False,265,False,False
urn:mavedb:00000657-a-1#5191,,,p.Leu265Trp,0.811998768851204,0.0404582517664471,L265W,L265W,0.1424,benign,0.85573120741058,0.8576,False,265,False,False
urn:mavedb:00000657-a-1#5192,,,p.Leu265Tyr,1.02784565743182,0.0342776256323553,L265Y,L265Y,0.2801,benign,0.7601736783537023,0.7199,False,265,False,False
urn:mavedb:00000657-a-1#5194,,,p.Asp266Ala,0.445755883715174,0.0359140395726111,D266A,D266A,0.1176,benign,0.8675709676215673,0.8824,False,266,False,False
urn:mavedb:00000657-a-1#5195,,,p.Asp266Cys,0.341068001610792,0.0304719420070948,D266C,D266C,0.3072,benign,0.7346756948021284,0.6928000000000001,False,266,False,False
urn:mavedb:00000657-a-1#5196,,,p.Asp266Glu,0.826915971177296,0.0321256156879303,D266E,D266E,0.1313,benign,0.8612057639717575,0.8687,False,266,False,False
urn:mavedb:00000657-a-1#5197,,,p.Asp266Phe,-0.0058034384407588,0.0161300728148721,D266F,D266F,0.4558,ambiguous,0.5593227211475461,0.5442,False,266,False,False
urn:mavedb:00000657-a-1#5198,,,p.Asp266Gly,0.468279186402362,0.0411403141072942,D266G,D266G,0.0964,benign,0.8766136861043674,0.9036,False,266,False,False
urn:mavedb:00000657-a-1#5199,,,p.Asp266His,0.330984732155043,0.0440632401932756,D266H,D266H,0.1589,benign,0.8470432549070406,0.8411,False,266,False,False
urn:mavedb:00000657-a-1#5200,,,p.Asp266Ile,-0.0083246759975552,0.0240583498070315,D266I,D266I,0.3645,ambiguous,0.6734735756724474,0.6355,False,266,False,False
urn:mavedb:00000657-a-1#5201,,,p.Asp266Lys,0.458479024460225,0.0382955303608776,D266K,D266K,0.2446,benign,0.7901214723704176,0.7554,False,266,False,False
urn:mavedb:00000657-a-1#5202,,,p.Asp266Leu,-0.0039762850780505,0.0209594548560194,D266L,D266L,0.3047,benign,0.7371231980573175,0.6953,False,266,False,False
urn:mavedb:00000657-a-1#5203,,,p.Asp266Met,0.035682812244158,0.0289087756886711,D266M,D266M,0.5134,ambiguous,0.481919738426174,0.48660000000000003,False,266,False,False
urn:mavedb:00000657-a-1#5204,,,p.Asp266Asn,0.528600949515521,0.0327551851062604,D266N,D266N,0.0956,benign,0.8769365683088692,0.9044,False,266,False,False
urn:mavedb:00000657-a-1#5205,,,p.Asp266Pro,-0.0104512363211565,0.0187759165705334,D266P,D266P,0.5899,pathogenic,0.3814944517320403,0.4101,False,266,False,False
urn:mavedb:00000657-a-1#5206,,,p.Asp266Gln,0.526821747452516,0.0599389711674106,D266Q,D266Q,0.206,benign,0.8183389320343915,0.794,False,266,False,False
urn:mavedb:00000657-a-1#5207,,,p.Asp266Arg,0.108711510534578,0.041514677180414,D266R,D266R,0.2214,benign,0.8076101235097509,0.7786,False,266,False,False
urn:mavedb:00000657-a-1#5208,,,p.Asp266Ser,0.626887689955786,0.0398159396713666,D266S,D266S,0.0943,benign,0.8774584904594289,0.9057,False,266,False,False
urn:mavedb:00000657-a-1#5209,,,p.Asp266Thr,0.617700601172477,0.0365307998106957,D266T,D266T,0.1817,benign,0.8338970095052427,0.8183,False,266,False,False
urn:mavedb:00000657-a-1#5210,,,p.Asp266Val,-0.009478681184115,0.0204204172989885,D266V,D266V,0.2166,benign,0.8110282729954474,0.7834,False,266,False,False
urn:mavedb:00000657-a-1#5211,,,p.Asp266Trp,-0.0104479537991464,0.0188962569936732,D266W,D266W,0.6909,pathogenic,0.2671972650952623,0.30910000000000004,False,266,False,False
urn:mavedb:00000657-a-1#5212,,,p.Asp266Tyr,-0.0117433925497094,0.0208862169971836,D266Y,D266Y,0.1517,benign,0.8509170495101515,0.8483,False,266,False,False
urn:mavedb:00000657-a-1#5214,,,p.Gly267Ala,0.122499755966614,0.0365084606314705,G267A,G267A,0.4023,ambiguous,0.6282434975310288,0.5977,False,267,False,False
urn:mavedb:00000657-a-1#5215,,,p.Gly267Cys,0.0535524730688319,0.0238234033888298,G267C,G267C,0.3992,ambiguous,0.6320783311060794,0.6008,False,267,False,False
urn:mavedb:00000657-a-1#5216,,,p.Gly267Asp,0.299819492647594,0.0383033385604009,G267D,G267D,0.235,benign,0.7975544927593832,0.765,False,267,False,False
urn:mavedb:00000657-a-1#5217,,,p.Gly267Glu,0.115198499827798,0.0381961369332992,G267E,G267E,0.2641,benign,0.7741546416566467,0.7359,False,267,False,False
urn:mavedb:00000657-a-1#5218,,,p.Gly267Phe,-0.0059770556096542,0.0121709745947934,G267F,G267F,0.8318,pathogenic,0.15815502685115956,0.16820000000000002,False,267,False,False
urn:mavedb:00000657-a-1#5219,,,p.Gly267His,0.347717644480161,0.044983521540599,G267H,G267H,0.4496,ambiguous,0.5675262005083244,0.5504,False,267,False,False
urn:mavedb:00000657-a-1#5220,,,p.Gly267Ile,0.0047418425082656,0.0242766164878057,G267I,G267I,0.8235,pathogenic,0.16298423344664492,0.1765,False,267,False,False
urn:mavedb:00000657-a-1#5221,,,p.Gly267Lys,0.185758577769067,0.045425617089555,G267K,G267K,0.3432,ambiguous,0.6973351028242502,0.6568,False,267,False,False
urn:mavedb:00000657-a-1#5222,,,p.Gly267Leu,0.0101009920343405,0.0158724169227077,G267L,G267L,0.7737,pathogenic,0.1959493374182184,0.22629999999999995,False,267,False,False
urn:mavedb:00000657-a-1#5223,,,p.Gly267Met,0.171218326653555,0.0345856794859946,G267M,G267M,0.7685,pathogenic,0.19980484071257892,0.23150000000000004,False,267,False,False
urn:mavedb:00000657-a-1#5224,,,p.Gly267Asn,0.604332673091492,0.0338452375162442,G267N,G267N,0.3117,benign,0.7302217891232434,0.6883,False,267,False,False
urn:mavedb:00000657-a-1#5225,,,p.Gly267Pro,-0.0019064740823302,0.0273563961084611,G267P,G267P,0.9785,pathogenic,0.09824530734485282,0.021499999999999964,False,267,False,False
urn:mavedb:00000657-a-1#5226,,,p.Gly267Gln,0.353150169090135,0.020741148617153,G267Q,G267Q,0.3203,benign,0.721537879044385,0.6797,False,267,False,False
urn:mavedb:00000657-a-1#5227,,,p.Gly267Arg,0.0394205150605342,0.0216883735794211,G267R,G267R,0.2431,benign,0.7913013366793356,0.7569,False,267,False,False
urn:mavedb:00000657-a-1#5228,,,p.Gly267Ser,0.141775351944254,0.0401804279920128,G267S,G267S,0.1722,benign,0.8395402875185481,0.8278,False,267,False,False
urn:mavedb:00000657-a-1#5229,,,p.Gly267Thr,0.0051289225484486,0.020857290280955,G267T,G267T,0.4869,ambiguous,0.5176759008528253,0.5131,False,267,False,False
urn:mavedb:00000657-a-1#5230,,,p.Gly267Val,0.120869375910002,0.152610609444299,G267V,G267V,0.7339,pathogenic,0.22754942335851158,0.2661,False,267,False,False
urn:mavedb:00000657-a-1#5231,,,p.Gly267Trp,-0.0144460089273889,0.014793112199399,G267W,G267W,0.5744,pathogenic,0.40119533459243484,0.4256,False,267,False,False
urn:mavedb:00000657-a-1#5232,,,p.Gly267Tyr,0.0093980846242017,0.0172059741311616,G267Y,G267Y,0.6085,pathogenic,0.35848780250635187,0.39149999999999996,False,267,False,False
urn:mavedb:00000657-a-1#5234,,,p.Lys268Ala,0.690174471493208,0.0476177500713417,K268A,K268A,0.1832,benign,0.8329838387488552,0.8168,False,268,False,False
urn:mavedb:00000657-a-1#5235,,,p.Lys268Cys,0.488538467797343,0.0249181295924602,K268C,K268C,0.3638,ambiguous,0.674277489307624,0.6362,False,268,False,False
urn:mavedb:00000657-a-1#5236,,,p.Lys268Asp,0.806807235532093,0.0246602334636553,K268D,K268D,0.1955,benign,0.8252635581056154,0.8045,False,268,False,False
urn:mavedb:00000657-a-1#5237,,,p.Lys268Glu,0.940657754688366,0.036084099963977,K268E,K268E,0.0691,benign,0.8869244154343315,0.9309000000000001,False,268,False,False
urn:mavedb:00000657-a-1#5238,,,p.Lys268Phe,0.16394679632743,0.036597047847257,K268F,K268F,0.4394,ambiguous,0.5809204511144842,0.5606,False,268,False,False
urn:mavedb:00000657-a-1#5239,,,p.Lys268Gly,0.55552229661764,0.0180625543292976,K268G,K268G,0.2247,benign,0.8052207594711747,0.7753,False,268,False,False
urn:mavedb:00000657-a-1#5240,,,p.Lys268His,0.811673735567429,0.0218341118499403,K268H,K268H,0.1745,benign,0.8381960536928684,0.8255,False,268,False,False
urn:mavedb:00000657-a-1#5241,,,p.Lys268Ile,0.534366218369491,0.0242551815305635,K268I,K268I,0.172,benign,0.8396565180755272,0.8280000000000001,False,268,False,False
urn:mavedb:00000657-a-1#5242,,,p.Lys268Leu,0.423569539143313,0.0296696038999637,K268L,K268L,0.1883,benign,0.8298332756932271,0.8117,False,268,False,False
urn:mavedb:00000657-a-1#5243,,,p.Lys268Met,0.497339254109756,0.0187197097727682,K268M,K268M,0.1291,benign,0.8622566273795171,0.8709,False,268,False,False
urn:mavedb:00000657-a-1#5244,,,p.Lys268Asn,0.781193736854692,0.0320459107254726,K268N,K268N,0.1336,benign,0.8600951644814142,0.8664000000000001,False,268,False,False
urn:mavedb:00000657-a-1#5245,,,p.Lys268Pro,-0.0131905654371445,0.0226563695407331,K268P,K268P,0.787,pathogenic,0.18645235732019194,0.21299999999999997,False,268,False,False
urn:mavedb:00000657-a-1#5246,,,p.Lys268Gln,0.937856512714649,0.0313939535127946,K268Q,K268Q,0.0835,benign,0.8816645178693711,0.9165,False,268,False,False
urn:mavedb:00000657-a-1#5247,,,p.Lys268Arg,0.919016226873226,0.0502895369636284,K268R,K268R,0.0751,benign,0.8847798761861364,0.9249,False,268,False,False
urn:mavedb:00000657-a-1#5248,,,p.Lys268Ser,0.676373731866881,0.041760575573336,K268S,K268S,0.1671,benign,0.8424714418419289,0.8329,False,268,False,False
urn:mavedb:00000657-a-1#5249,,,p.Lys268Thr,0.802946591872,0.0224222674588413,K268T,K268T,0.1061,benign,0.872594108609408,0.8939,False,268,False,False
urn:mavedb:00000657-a-1#5250,,,p.Lys268Val,0.666433957809635,0.0333395686822507,K268V,K268V,0.1569,benign,0.8481323487254114,0.8431,False,268,False,False
urn:mavedb:00000657-a-1#5251,,,p.Lys268Trp,-0.0084929434150388,0.0232984636728666,K268W,K268W,0.5523,ambiguous,0.4299687266018078,0.4477,False,268,False,False
urn:mavedb:00000657-a-1#5252,,,p.Lys268Tyr,0.301823760225406,0.0395104682302199,K268Y,K268Y,0.3195,benign,0.7223551569958763,0.6805,False,268,False,False
urn:mavedb:00000657-a-1#5254,,,p.Thr269Ala,0.676240818545094,0.0400232535917907,T269A,T269A,0.0753,benign,0.8847072463370033,0.9247,False,269,False,False
urn:mavedb:00000657-a-1#5255,,,p.Thr269Cys,0.67266710348244,0.0371000398003754,T269C,T269C,0.2616,benign,0.7762672694739555,0.7384,False,269,False,False
urn:mavedb:00000657-a-1#5256,,,p.Thr269Asp,0.738100093896262,0.0330579856893987,T269D,T269D,0.1687,benign,0.8415591743191024,0.8313,False,269,False,False
urn:mavedb:00000657-a-1#5257,,,p.Thr269Glu,0.954110010779472,0.0405084304445041,T269E,T269E,0.1277,benign,0.8629195699667749,0.8723,False,269,False,False
urn:mavedb:00000657-a-1#5258,,,p.Thr269Phe,0.0086441093993136,0.0195200171232574,T269F,T269F,0.1605,benign,0.8461646922841959,0.8395,False,269,False,False
urn:mavedb:00000657-a-1#5259,,,p.Thr269Gly,0.00480869871222,0.022244560934055,T269G,T269G,0.2211,benign,0.8078257428219957,0.7789,False,269,False,False
urn:mavedb:00000657-a-1#5260,,,p.Thr269His,0.226439866541433,0.040435925532021,T269H,T269H,0.1819,benign,0.8337756050883244,0.8181,False,269,False,False
urn:mavedb:00000657-a-1#5261,,,p.Thr269Ile,0.891447805018448,0.0384346733723342,T269I,T269I,0.0782,benign,0.8836457045827616,0.9218,False,269,False,False
urn:mavedb:00000657-a-1#5262,,,p.Thr269Lys,0.130576130826258,0.0494792206731556,T269K,T269K,0.1461,benign,0.853841135953442,0.8539,False,269,False,False
urn:mavedb:00000657-a-1#5263,,,p.Thr269Leu,0.231712223229036,0.0312851167003451,T269L,T269L,0.0789,benign,0.8833871007634441,0.9211,False,269,False,False
urn:mavedb:00000657-a-1#5264,,,p.Thr269Met,0.639008059989186,0.0463493496635719,T269M,T269M,0.0782,benign,0.8836457045827616,0.9218,False,269,False,False
urn:mavedb:00000657-a-1#5265,,,p.Thr269Asn,0.551163808387409,0.0448918287267219,T269N,T269N,0.0859,benign,0.8807496316721677,0.9141,False,269,False,False
urn:mavedb:00000657-a-1#5266,,,p.Thr269Pro,0.56268245930995,0.0632118265425526,T269P,T269P,0.1008,benign,0.8748144917760514,0.8992,False,269,False,False
urn:mavedb:00000657-a-1#5267,,,p.Thr269Gln,0.413754149550776,0.0278399485075574,T269Q,T269Q,0.1563,benign,0.8484571116038967,0.8437,False,269,False,False
urn:mavedb:00000657-a-1#5268,,,p.Thr269Arg,-0.011264910508881,0.019106144812762,T269R,T269R,0.1209,benign,0.8660763150088341,0.8791,False,269,False,False
urn:mavedb:00000657-a-1#5269,,,p.Thr269Ser,0.734009939898881,0.0353853137157015,T269S,T269S,0.099,benign,0.8755553216509783,0.901,False,269,False,False
urn:mavedb:00000657-a-1#5270,,,p.Thr269Val,0.996630173266858,0.0317516921757534,T269V,T269V,0.0756,benign,0.8845981617659747,0.9244,False,269,False,False
urn:mavedb:00000657-a-1#5271,,,p.Thr269Trp,-0.0135475619191231,0.0164112439771697,T269W,T269W,0.4654,ambiguous,0.5465429618293809,0.5346,False,269,False,False
urn:mavedb:00000657-a-1#5272,,,p.Thr269Tyr,-0.0058852669440019,0.0177898744458664,T269Y,T269Y,0.1787,benign,0.8357051418273003,0.8213,False,269,False,False
urn:mavedb:00000657-a-1#5274,,,p.Ile270Ala,-0.0079113997670507,0.0188072431549424,I270A,I270A,0.4083,ambiguous,0.6207637921650545,0.5917,False,270,False,False
urn:mavedb:00000657-a-1#5275,,,p.Ile270Cys,-0.0098306017763066,0.0104819141269347,I270C,I270C,0.6162,pathogenic,0.3491899843619084,0.38380000000000003,False,270,False,False
urn:mavedb:00000657-a-1#5276,,,p.Ile270Asp,0.0092899183470359,0.0369737998264757,I270D,I270D,0.6391,pathogenic,0.3224059734288147,0.3609,False,270,False,False
urn:mavedb:00000657-a-1#5277,,,p.Ile270Glu,0.0068439433061124,0.0142990967695589,I270E,I270E,0.4451,ambiguous,0.5734520423975231,0.5549,False,270,False,False
urn:mavedb:00000657-a-1#5278,,,p.Ile270Phe,-0.0031250971022639,0.0168700357544885,I270F,I270F,0.1157,benign,0.8684206292089314,0.8843,False,270,False,False
urn:mavedb:00000657-a-1#5279,,,p.Ile270Gly,0.0175308887765147,0.056601188897215,I270G,I270G,0.6998,pathogenic,0.2585198827523777,0.3002,False,270,False,False
urn:mavedb:00000657-a-1#5280,,,p.Ile270His,-0.0120238833834573,0.0144044338087003,I270H,I270H,0.3969,ambiguous,0.6349100661553163,0.6031,False,270,False,False
urn:mavedb:00000657-a-1#5281,,,p.Ile270Lys,-0.0112062243415993,0.0153066138882513,I270K,I270K,0.2984,benign,0.7432053494029294,0.7016,False,270,False,False
urn:mavedb:00000657-a-1#5282,,,p.Ile270Leu,0.592592611025106,0.0283025102210189,I270L,I270L,0.0857,benign,0.8808262990321841,0.9143,False,270,False,False
urn:mavedb:00000657-a-1#5283,,,p.Ile270Met,0.417768795343191,0.027485949607554,I270M,I270M,0.1063,benign,0.8725091682482572,0.8936999999999999,False,270,False,False
urn:mavedb:00000657-a-1#5284,,,p.Ile270Asn,0.011303358551764,0.0341187802690655,I270N,I270N,0.3047,benign,0.7371231980573175,0.6953,False,270,False,False
urn:mavedb:00000657-a-1#5285,,,p.Ile270Pro,-0.0157357133056638,0.0263894073987973,I270P,I270P,0.8479,pathogenic,0.14929476786735535,0.1521,False,270,False,False
urn:mavedb:00000657-a-1#5286,,,p.Ile270Gln,0.0129576426499936,0.0161704197121637,I270Q,I270Q,0.368,ambiguous,0.6694345471628925,0.632,False,270,False,False
urn:mavedb:00000657-a-1#5287,,,p.Ile270Arg,-0.0136406897891807,0.0180050069427976,I270R,I270R,0.2304,benign,0.8010174870242928,0.7696000000000001,False,270,False,False
urn:mavedb:00000657-a-1#5288,,,p.Ile270Ser,-0.0013903577538256,0.0250903106732767,I270S,I270S,0.3444,ambiguous,0.6960245687131373,0.6556,False,270,False,False
urn:mavedb:00000657-a-1#5289,,,p.Ile270Thr,0.0345407611793881,0.0203319784085844,I270T,I270T,0.2898,benign,0.7513093507355473,0.7101999999999999,False,270,False,False
urn:mavedb:00000657-a-1#5290,,,p.Ile270Val,0.770562215761516,0.0251463922105854,I270V,I270V,0.078,benign,0.8837194214968195,0.922,False,270,False,False
urn:mavedb:00000657-a-1#5291,,,p.Ile270Trp,-0.0092142458936395,0.0133848469670917,I270W,I270W,0.6582,pathogenic,0.30114116320601997,0.3418,False,270,False,False
urn:mavedb:00000657-a-1#5292,,,p.Ile270Tyr,0.0028566323642386,0.0222474195722627,I270Y,I270Y,0.3581,ambiguous,0.6807746677414597,0.6419,False,270,False,False
urn:mavedb:00000657-a-1#5294,,,p.Pro271Ala,0.884115194925562,0.0503698915990823,P271A,P271A,0.0644,benign,0.8885585661965182,0.9356,False,271,False,False
urn:mavedb:00000657-a-1#5295,,,p.Pro271Cys,0.990857267249263,0.0203617952719811,P271C,P271C,0.1554,benign,0.8489425613220507,0.8446,False,271,False,False
urn:mavedb:00000657-a-1#5296,,,p.Pro271Asp,0.583357964826327,0.0267747881454113,P271D,P271D,0.2118,benign,0.8143790565912863,0.7882,False,271,False,False
urn:mavedb:00000657-a-1#5297,,,p.Pro271Glu,0.78170058836537,0.0346924213884226,P271E,P271E,0.1519,benign,0.8508111903599963,0.8481,False,271,False,False
urn:mavedb:00000657-a-1#5298,,,p.Pro271Phe,0.63661032268417,0.0350884499068217,P271F,P271F,0.1482,benign,0.852753612687688,0.8518,False,271,False,False
urn:mavedb:00000657-a-1#5299,,,p.Pro271Gly,0.544876067063974,0.0365469702043158,P271G,P271G,0.16,benign,0.8464399411590051,0.84,False,271,False,False
urn:mavedb:00000657-a-1#5300,,,p.Pro271His,0.853504760139693,0.0308021885716732,P271H,P271H,0.0988,benign,0.8756372248960567,0.9012,False,271,False,False
urn:mavedb:00000657-a-1#5301,,,p.Pro271Ile,0.399391798452338,0.0270099678877725,P271I,P271I,0.1313,benign,0.8612057639717575,0.8687,False,271,False,False
urn:mavedb:00000657-a-1#5302,,,p.Pro271Lys,0.869625457692553,0.0285922732298432,P271K,P271K,0.1496,benign,0.8520226046109032,0.8504,False,271,False,False
urn:mavedb:00000657-a-1#5303,,,p.Pro271Leu,0.633267876784529,0.0262231083207885,P271L,P271L,0.0691,benign,0.8869244154343315,0.9309000000000001,False,271,False,False
urn:mavedb:00000657-a-1#5304,,,p.Pro271Met,0.455228602698892,0.037837093503312,P271M,P271M,0.1789,benign,0.8355853521459916,0.8210999999999999,False,271,False,False
urn:mavedb:00000657-a-1#5305,,,p.Pro271Asn,0.917009359061263,0.0392572483820479,P271N,P271N,0.1599,benign,0.8464949147054475,0.8401000000000001,False,271,False,False
urn:mavedb:00000657-a-1#5306,,,p.Pro271Gln,0.671118427365117,0.027734791809128,P271Q,P271Q,0.104,benign,0.8734809019049729,0.896,False,271,False,False
urn:mavedb:00000657-a-1#5307,,,p.Pro271Arg,0.942355574417221,0.0270580815271724,P271R,P271R,0.0957,benign,0.8768962789700802,0.9043,False,271,False,False
urn:mavedb:00000657-a-1#5308,,,p.Pro271Ser,0.852260683920082,0.0398176633167188,P271S,P271S,0.0771,benign,0.8840502155338079,0.9229,False,271,False,False
urn:mavedb:00000657-a-1#5309,,,p.Pro271Thr,1.03119253199885,0.0374012148848579,P271T,P271T,0.0765,benign,0.8842698995455748,0.9235,False,271,False,False
urn:mavedb:00000657-a-1#5310,,,p.Pro271Val,0.882604741414317,0.0212105006959813,P271V,P271V,0.1095,benign,0.8711385976654453,0.8905,False,271,False,False
urn:mavedb:00000657-a-1#5311,,,p.Pro271Trp,0.0234614194851637,0.0204319898333484,P271W,P271W,0.2783,benign,0.7617863436868684,0.7217,False,271,False,False
urn:mavedb:00000657-a-1#5312,,,p.Pro271Tyr,0.814418758335883,0.0190740384332598,P271Y,P271Y,0.1468,benign,0.8534798230945603,0.8532,False,271,False,False
urn:mavedb:00000657-a-1#5314,,,p.Leu272Ala,0.760806185093133,0.0591586443733431,L272A,L272A,0.1764,benign,0.8370750334843798,0.8236,False,272,False,False
urn:mavedb:00000657-a-1#5315,,,p.Leu272Cys,0.933435166630716,0.0551637337404269,L272C,L272C,0.2964,benign,0.7451104974189802,0.7036,False,272,False,False
urn:mavedb:00000657-a-1#5316,,,p.Leu272Asp,0.0137933373734445,0.0531420923584262,L272D,L272D,0.5429,ambiguous,0.4424026575687322,0.45709999999999995,False,272,False,False
urn:mavedb:00000657-a-1#5317,,,p.Leu272Glu,-0.01465209741171,0.0154875116715069,L272E,L272E,0.3266,benign,0.7150344610819629,0.6734,False,272,False,False
urn:mavedb:00000657-a-1#5318,,,p.Leu272Phe,1.13025391972424,0.0237659377596096,L272F,L272F,0.0609,benign,0.88974990689841,0.9391,False,272,False,False
urn:mavedb:00000657-a-1#5319,,,p.Leu272Gly,0.0017046415561168,0.0312813497880855,L272G,L272G,0.3507,ambiguous,0.6890770735067762,0.6493,False,272,False,False
urn:mavedb:00000657-a-1#5320,,,p.Leu272His,1.084181615863,0.0321233960508531,L272H,L272H,0.1594,benign,0.8467694017186791,0.8406,False,272,False,False
urn:mavedb:00000657-a-1#5321,,,p.Leu272Ile,0.30779541297402,0.0349408634496129,L272I,L272I,0.096,benign,0.876775289411922,0.904,False,272,False,False
urn:mavedb:00000657-a-1#5322,,,p.Leu272Lys,-0.0052782234830676,0.029038647159471,L272K,L272K,0.3528,ambiguous,0.6867364105098948,0.6472,False,272,False,False
urn:mavedb:00000657-a-1#5323,,,p.Leu272Met,0.846277463463865,0.0322821259447074,L272M,L272M,0.1163,benign,0.868153170388506,0.8837,False,272,False,False
urn:mavedb:00000657-a-1#5324,,,p.Leu272Asn,0.706143993373898,0.0317842547680625,L272N,L272N,0.3468,ambiguous,0.6933911649333814,0.6532,False,272,False,False
urn:mavedb:00000657-a-1#5325,,,p.Leu272Pro,-0.0081507329134764,0.0425124702225665,L272P,L272P,0.319,benign,0.7228649726935407,0.681,False,272,False,False
urn:mavedb:00000657-a-1#5326,,,p.Leu272Gln,0.163605376598401,0.0424390656792457,L272Q,L272Q,0.1933,benign,0.8266751234192568,0.8067,False,272,False,False
urn:mavedb:00000657-a-1#5327,,,p.Leu272Arg,0.0497929902377494,0.0677170493105522,L272R,L272R,0.2335,benign,0.7986907174406769,0.7665,False,272,False,False
urn:mavedb:00000657-a-1#5328,,,p.Leu272Ser,0.697925310747071,0.028498509817254,L272S,L272S,0.1791,benign,0.8354654552176085,0.8209,False,272,False,False
urn:mavedb:00000657-a-1#5329,,,p.Leu272Thr,0.393843855549874,0.0222301058767694,L272T,L272T,0.1751,benign,0.8378430828636445,0.8249,False,272,False,False
urn:mavedb:00000657-a-1#5330,,,p.Leu272Val,0.544771369917949,0.070273035207617,L272V,L272V,0.0894,benign,0.8793952891647335,0.9106,False,272,False,False
urn:mavedb:00000657-a-1#5331,,,p.Leu272Trp,0.763750149200919,0.03613995443919,L272W,L272W,0.1168,benign,0.8679296854900972,0.8832,False,272,False,False
urn:mavedb:00000657-a-1#5332,,,p.Leu272Tyr,1.17244528766538,0.0262518554158024,L272Y,L272Y,0.1428,benign,0.8555284676974493,0.8572,False,272,False,False
urn:mavedb:00000657-a-1#5334,,,p.Gly273Ala,0.908095214970592,0.0448450071490972,G273A,G273A,0.0688,benign,0.8870299127603466,0.9312,False,273,False,False
urn:mavedb:00000657-a-1#5335,,,p.Gly273Cys,0.601025462274531,0.0313033760494854,G273C,G273C,0.0917,benign,0.8784921415752999,0.9083,False,273,False,False
urn:mavedb:00000657-a-1#5336,,,p.Gly273Asp,1.09390799044926,0.0378598336656098,G273D,G273D,0.065,benign,0.8883521566481065,0.935,False,273,False,False
urn:mavedb:00000657-a-1#5337,,,p.Gly273Glu,1.07776561801159,0.020336094629816,G273E,G273E,0.0661,benign,0.8879720698214061,0.9339,False,273,False,False
urn:mavedb:00000657-a-1#5338,,,p.Gly273Phe,0.143684577389306,0.0403173136108997,G273F,G273F,0.217,benign,0.8107460085826403,0.783,False,273,False,False
urn:mavedb:00000657-a-1#5339,,,p.Gly273His,0.618795977510942,0.0411457084060622,G273H,G273H,0.1206,benign,0.8662131910209245,0.8794,False,273,False,False
urn:mavedb:00000657-a-1#5340,,,p.Gly273Ile,0.593480823386351,0.0351597646831204,G273I,G273I,0.1078,benign,0.8718694202508966,0.8922,False,273,False,False
urn:mavedb:00000657-a-1#5341,,,p.Gly273Lys,0.874077688024351,0.0391038969542019,G273K,G273K,0.1057,benign,0.8727637363358214,0.8943,False,273,False,False
urn:mavedb:00000657-a-1#5342,,,p.Gly273Leu,0.615624255661475,0.0288589926328818,G273L,G273L,0.1419,benign,0.8559840917183638,0.8581,False,273,False,False
urn:mavedb:00000657-a-1#5343,,,p.Gly273Met,0.79245997180913,0.025633869710113,G273M,G273M,0.2125,benign,0.8138945727418332,0.7875,False,273,False,False
urn:mavedb:00000657-a-1#5344,,,p.Gly273Asn,0.783133704045332,0.0328758173101034,G273N,G273N,0.1124,benign,0.8698776295309952,0.8876,False,273,False,False
urn:mavedb:00000657-a-1#5345,,,p.Gly273Pro,0.664219737938587,0.0322898247046057,G273P,G273P,0.2354,benign,0.7972503547147552,0.7646,False,273,False,False
urn:mavedb:00000657-a-1#5346,,,p.Gly273Gln,0.949956687094167,0.0206540200398932,G273Q,G273Q,0.0992,benign,0.875473336340284,0.9008,False,273,False,False
urn:mavedb:00000657-a-1#5347,,,p.Gly273Arg,0.722446618423381,0.0411116869932826,G273R,G273R,0.084,benign,0.8814748360428913,0.916,False,273,False,False
urn:mavedb:00000657-a-1#5348,,,p.Gly273Ser,0.898411200523261,0.0232548781932725,G273S,G273S,0.0737,benign,0.8852862030189954,0.9263,False,273,False,False
urn:mavedb:00000657-a-1#5349,,,p.Gly273Thr,0.960647525783885,0.0239621464582748,G273T,G273T,0.0834,benign,0.8817023963608503,0.9166,False,273,False,False
urn:mavedb:00000657-a-1#5350,,,p.Gly273Val,0.733922700328389,0.0244883365036239,G273V,G273V,0.0808,benign,0.8826804954477633,0.9192,False,273,False,False
urn:mavedb:00000657-a-1#5351,,,p.Gly273Trp,-0.0038495487886451,0.0182286449577089,G273W,G273W,0.1943,benign,0.8260351758812318,0.8057,False,273,False,False
urn:mavedb:00000657-a-1#5352,,,p.Gly273Tyr,0.277782487175922,0.0336939808036438,G273Y,G273Y,0.1287,benign,0.8624464975662093,0.8713,False,273,False,False
urn:mavedb:00000657-a-1#5354,,,p.Gly274Ala,0.0173517780681215,0.0231445095702604,G274A,G274A,0.1118,benign,0.8701400032196899,0.8882,False,274,False,False
urn:mavedb:00000657-a-1#5355,,,p.Gly274Cys,-0.0122057326908562,0.0150954110898581,G274C,G274C,0.1486,benign,0.8525452437433486,0.8513999999999999,False,274,False,False
urn:mavedb:00000657-a-1#5356,,,p.Gly274Asp,0.565690571241767,0.0322734798330134,G274D,G274D,0.0936,benign,0.8777381145753042,0.9064,False,274,False,False
urn:mavedb:00000657-a-1#5357,,,p.Gly274Glu,0.129800322836197,0.0335839088297761,G274E,G274E,0.1074,benign,0.8720404855563222,0.8926000000000001,False,274,False,False
urn:mavedb:00000657-a-1#5358,,,p.Gly274Phe,0.0093055946997084,0.0214975813049483,G274F,G274F,0.3777,ambiguous,0.658074741688012,0.6223000000000001,False,274,False,False
urn:mavedb:00000657-a-1#5359,,,p.Gly274His,-0.0058893928041346,0.0207792003545492,G274H,G274H,0.2166,benign,0.8110282729954474,0.7834,False,274,False,False
urn:mavedb:00000657-a-1#5360,,,p.Gly274Ile,0.0054464918968784,0.0304286562426535,G274I,G274I,0.199,benign,0.8229899685420942,0.8009999999999999,False,274,False,False
urn:mavedb:00000657-a-1#5361,,,p.Gly274Lys,-0.0039443417827074,0.0237307149146622,G274K,G274K,0.1739,benign,0.8385480708265345,0.8261000000000001,False,274,False,False
urn:mavedb:00000657-a-1#5362,,,p.Gly274Leu,0.0023190488795978,0.0162147262478849,G274L,G274L,0.2851,benign,0.7556410540746515,0.7149,False,274,False,False
urn:mavedb:00000657-a-1#5363,,,p.Gly274Met,0.0003725998490827,0.0238929720665536,G274M,G274M,0.3128,benign,0.7291236209425122,0.6872,False,274,False,False
urn:mavedb:00000657-a-1#5364,,,p.Gly274Asn,0.0206467638367937,0.0231570356911663,G274N,G274N,0.1676,benign,0.8421870730561695,0.8324,False,274,False,False
urn:mavedb:00000657-a-1#5365,,,p.Gly274Pro,-0.0058112966901103,0.0201525666606676,G274P,G274P,0.5462,ambiguous,0.43802632995371954,0.4538,False,274,False,False
urn:mavedb:00000657-a-1#5366,,,p.Gly274Gln,-0.0116565428363906,0.0147230016760751,G274Q,G274Q,0.1808,benign,0.8344419930928533,0.8192,False,274,False,False
urn:mavedb:00000657-a-1#5367,,,p.Gly274Arg,-0.0007137870004704,0.0190702844618456,G274R,G274R,0.1381,benign,0.8578864945399947,0.8619,False,274,False,False
urn:mavedb:00000657-a-1#5368,,,p.Gly274Ser,0.162944545159718,0.0468921955967647,G274S,G274S,0.0818,benign,0.8823058364845293,0.9182,False,274,False,False
urn:mavedb:00000657-a-1#5369,,,p.Gly274Thr,-0.0099163694735193,0.0187431989631869,G274T,G274T,0.1121,benign,0.8700089134559198,0.8879,False,274,False,False
urn:mavedb:00000657-a-1#5370,,,p.Gly274Val,0.0211727076958987,0.0302891276114948,G274V,G274V,0.1458,benign,0.8539956194874874,0.8542,False,274,False,False
urn:mavedb:00000657-a-1#5371,,,p.Gly274Trp,0.0127483891673192,0.0279025702009766,G274W,G274W,0.2872,benign,0.7537141159845898,0.7128,False,274,False,False
urn:mavedb:00000657-a-1#5372,,,p.Gly274Tyr,-0.0121109362788652,0.0184499074550201,G274Y,G274Y,0.2493,benign,0.7863800503697858,0.7507,False,274,False,False
urn:mavedb:00000657-a-1#5374,,,p.Asp275Ala,0.622829497424409,0.0488724648285587,D275A,D275A,0.1057,benign,0.8727637363358214,0.8943,False,275,False,False
urn:mavedb:00000657-a-1#5375,,,p.Asp275Cys,0.469839732493475,0.0507488291915293,D275C,D275C,0.267,benign,0.7716796942508943,0.733,False,275,False,False
urn:mavedb:00000657-a-1#5376,,,p.Asp275Glu,0.880813829550728,0.0330846184510395,D275E,D275E,0.1038,benign,0.873564876099102,0.8962,False,275,False,False
urn:mavedb:00000657-a-1#5377,,,p.Asp275Phe,0.414407075159112,0.0518159807959944,D275F,D275F,0.2966,benign,0.7449205409025866,0.7034,False,275,False,False
urn:mavedb:00000657-a-1#5378,,,p.Asp275Gly,0.460976679828107,0.0362632605170951,D275G,D275G,0.0899,benign,0.8791998447604973,0.9101,False,275,False,False
urn:mavedb:00000657-a-1#5379,,,p.Asp275His,0.667973013183294,0.0492982760828426,D275H,D275H,0.1294,benign,0.8621139837990269,0.8706,False,275,False,False
urn:mavedb:00000657-a-1#5380,,,p.Asp275Ile,0.195630608313211,0.0488094510431444,D275I,D275I,0.1764,benign,0.8370750334843798,0.8236,False,275,False,False
urn:mavedb:00000657-a-1#5381,,,p.Asp275Lys,0.653308516275382,0.0374325373433065,D275K,D275K,0.1501,benign,0.8517603634720784,0.8499,False,275,False,False
urn:mavedb:00000657-a-1#5382,,,p.Asp275Leu,0.220424079268157,0.0529707543439308,D275L,D275L,0.2112,benign,0.814793198588838,0.7888,False,275,False,False
urn:mavedb:00000657-a-1#5383,,,p.Asp275Met,0.37371151923701,0.0260368684869672,D275M,D275M,0.3705,ambiguous,0.6665298668350493,0.6295,False,275,False,False
urn:mavedb:00000657-a-1#5384,,,p.Asp275Asn,0.882940259703752,0.029391814388631,D275N,D275N,0.0767,benign,0.8841967465479553,0.9233,False,275,False,False
urn:mavedb:00000657-a-1#5385,,,p.Asp275Pro,0.480086769895324,0.045034655230992,D275P,D275P,0.2725,benign,0.7669140143818394,0.7275,False,275,False,False
urn:mavedb:00000657-a-1#5386,,,p.Asp275Gln,0.712789980656228,0.0530783117782281,D275Q,D275Q,0.1654,benign,0.8434334504797529,0.8346,False,275,False,False
urn:mavedb:00000657-a-1#5387,,,p.Asp275Arg,0.447891264111776,0.0690640098875904,D275R,D275R,0.1596,benign,0.8466596830263562,0.8404,False,275,False,False
urn:mavedb:00000657-a-1#5388,,,p.Asp275Ser,0.765284205988823,0.0419981570155577,D275S,D275S,0.083,benign,0.8818537176772916,0.917,False,275,False,False
urn:mavedb:00000657-a-1#5389,,,p.Asp275Thr,0.8491483150491,0.0665976244875313,D275T,D275T,0.1281,benign,0.8627306154947775,0.8719,False,275,False,False
urn:mavedb:00000657-a-1#5390,,,p.Asp275Val,0.353028370005462,0.0538550803323276,D275V,D275V,0.1267,benign,0.8633903587362585,0.8733,False,275,False,False
urn:mavedb:00000657-a-1#5391,,,p.Asp275Trp,0.0334302244334532,0.0245998814527253,D275W,D275W,0.6497,pathogenic,0.31047848450260074,0.35029999999999994,False,275,False,False
urn:mavedb:00000657-a-1#5392,,,p.Asp275Tyr,0.36223421226365,0.0512151710879187,D275Y,D275Y,0.1225,benign,0.865342916787373,0.8775,False,275,False,False
urn:mavedb:00000657-a-1#5394,,,p.Cys276Ala,1.07192908472846,0.0460123239584885,C276A,C276A,0.0999,benign,0.8751857405579043,0.9001,False,276,False,False
urn:mavedb:00000657-a-1#5395,,,p.Cys276Asp,1.07490263236496,0.0364911634311979,C276D,C276D,0.0774,benign,0.8839401201353139,0.9226,False,276,False,False
urn:mavedb:00000657-a-1#5396,,,p.Cys276Glu,1.14909206437253,0.0283184491288466,C276E,C276E,0.1577,benign,0.8476979223293629,0.8423,False,276,False,False
urn:mavedb:00000657-a-1#5397,,,p.Cys276Phe,0.714836624284232,0.0378785508746603,C276F,C276F,0.0619,benign,0.8894117291474787,0.9381,False,276,False,False
urn:mavedb:00000657-a-1#5398,,,p.Cys276Gly,0.727646928584796,0.0290293740919754,C276G,C276G,0.0517,benign,0.8927798679948273,0.9483,False,276,False,False
urn:mavedb:00000657-a-1#5399,,,p.Cys276His,0.993319936615394,0.030015184760681,C276H,C276H,0.0877,benign,0.8800561131141506,0.9123,False,276,False,False
urn:mavedb:00000657-a-1#5400,,,p.Cys276Ile,1.00462068698232,0.0265284099651425,C276I,C276I,0.1475,benign,0.853117316244341,0.8525,False,276,False,False
urn:mavedb:00000657-a-1#5401,,,p.Cys276Lys,1.08354049665371,0.0230126376193677,C276K,C276K,0.1565,benign,0.8483489578457832,0.8435,False,276,False,False
urn:mavedb:00000657-a-1#5402,,,p.Cys276Leu,1.00508180316215,0.0258557933694331,C276L,C276L,0.141,benign,0.856437773553482,0.859,False,276,False,False
urn:mavedb:00000657-a-1#5403,,,p.Cys276Met,1.10923338341948,0.0226468565775069,C276M,C276M,0.2558,benign,0.7810940418079567,0.7442,False,276,False,False
urn:mavedb:00000657-a-1#5404,,,p.Cys276Asn,0.950227188879273,0.029415233458405,C276N,C276N,0.0789,benign,0.8833871007634441,0.9211,False,276,False,False
urn:mavedb:00000657-a-1#5405,,,p.Cys276Pro,-0.0085412156829135,0.0238266507684406,C276P,C276P,0.3517,ambiguous,0.6879640080764484,0.6483,False,276,False,False
urn:mavedb:00000657-a-1#5406,,,p.Cys276Gln,1.14318301268261,0.029978498366,C276Q,C276Q,0.1226,benign,0.8652968892094184,0.8774,False,276,False,False
urn:mavedb:00000657-a-1#5407,,,p.Cys276Arg,1.00322185554612,0.0215626186327629,C276R,C276R,0.0762,benign,0.884379488581057,0.9238,False,276,False,False
urn:mavedb:00000657-a-1#5408,,,p.Cys276Ser,1.03926748604207,0.0257793077583495,C276S,C276S,0.0564,benign,0.8912501247701865,0.9436,False,276,False,False
urn:mavedb:00000657-a-1#5409,,,p.Cys276Thr,1.07768546186911,0.0199692692942045,C276T,C276T,0.0959,benign,0.8768156395296189,0.9041,False,276,False,False
urn:mavedb:00000657-a-1#5410,,,p.Cys276Val,1.00781998471238,0.0308426743635107,C276V,C276V,0.1329,benign,0.8604344739970351,0.8671,False,276,False,False
urn:mavedb:00000657-a-1#5411,,,p.Cys276Trp,0.278021576547674,0.0361418321674634,C276W,C276W,0.1663,benign,0.842925083382938,0.8337,False,276,False,False
urn:mavedb:00000657-a-1#5412,,,p.Cys276Tyr,0.748829949766378,0.0337587076630877,C276Y,C276Y,0.067,benign,0.8876594768787898,0.933,False,276,False,False
urn:mavedb:00000657-a-1#5414,,,p.Thr277Ala,0.493143142601598,0.0605587558869971,T277A,T277A,0.0776,benign,0.8838666292104461,0.9224,False,277,False,False
urn:mavedb:00000657-a-1#5415,,,p.Thr277Cys,0.559493884164849,0.022013920756844,T277C,T277C,0.3171,benign,0.724795364292931,0.6829000000000001,False,277,False,False
urn:mavedb:00000657-a-1#5416,,,p.Thr277Asp,0.510911982448636,0.0535469575661711,T277D,T277D,0.2521,benign,0.784118935458514,0.7479,False,277,False,False
urn:mavedb:00000657-a-1#5417,,,p.Thr277Glu,0.700156836811952,0.0565999584830616,T277E,T277E,0.1851,benign,0.8318183934278076,0.8149,False,277,False,False
urn:mavedb:00000657-a-1#5418,,,p.Thr277Phe,0.0070322304837064,0.0455949974434485,T277F,T277F,0.2269,benign,0.8036099142401542,0.7731,False,277,False,False
urn:mavedb:00000657-a-1#5419,,,p.Thr277Gly,-0.0211302664992841,0.0168807488727849,T277G,T277G,0.2781,benign,0.7619649052191589,0.7219,False,277,False,False
urn:mavedb:00000657-a-1#5420,,,p.Thr277His,0.0347081212534765,0.0403572011463237,T277H,T277H,0.2409,benign,0.7930194098617548,0.7591,False,277,False,False
urn:mavedb:00000657-a-1#5421,,,p.Thr277Ile,0.852649812044496,0.0522511115891606,T277I,T277I,0.078,benign,0.8837194214968195,0.922,False,277,False,False
urn:mavedb:00000657-a-1#5422,,,p.Thr277Lys,0.296045391331731,0.0478035691925151,T277K,T277K,0.1724,benign,0.8394239516740312,0.8276,False,277,False,False
urn:mavedb:00000657-a-1#5423,,,p.Thr277Leu,0.352114021924482,0.0397335758265126,T277L,T277L,0.0869,benign,0.8803651253682517,0.9131,False,277,False,False
urn:mavedb:00000657-a-1#5424,,,p.Thr277Met,0.478735565445496,0.0484868260697416,T277M,T277M,0.0842,benign,0.8813988281259139,0.9158,False,277,False,False
urn:mavedb:00000657-a-1#5425,,,p.Thr277Asn,0.0204365473830582,0.0227006831907487,T277N,T277N,0.1412,benign,0.8563371229131943,0.8588,False,277,False,False
urn:mavedb:00000657-a-1#5426,,,p.Thr277Pro,0.564389686036228,0.0733367251277065,T277P,T277P,0.0808,benign,0.8826804954477633,0.9192,False,277,False,False
urn:mavedb:00000657-a-1#5427,,,p.Thr277Gln,0.206296544066285,0.0385866344117588,T277Q,T277Q,0.1972,benign,0.8241635382826298,0.8028,False,277,False,False
urn:mavedb:00000657-a-1#5428,,,p.Thr277Arg,0.0086350263411542,0.0194925100236385,T277R,T277R,0.1422,benign,0.8558324331303353,0.8578,False,277,False,False
urn:mavedb:00000657-a-1#5429,,,p.Thr277Ser,0.460539931696476,0.0451812868757556,T277S,T277S,0.1279,benign,0.8628251384357257,0.8721,False,277,False,False
urn:mavedb:00000657-a-1#5430,,,p.Thr277Val,0.98352647691073,0.0370933993262266,T277V,T277V,0.0767,benign,0.8841967465479553,0.9233,False,277,False,False
urn:mavedb:00000657-a-1#5431,,,p.Thr277Trp,-0.0154282533523618,0.018379227237719,T277W,T277W,0.5835,pathogenic,0.3895751244923567,0.4165,False,277,False,False
urn:mavedb:00000657-a-1#5432,,,p.Thr277Tyr,0.0130581710604987,0.0709293406337463,T277Y,T277Y,0.2831,benign,0.7574634558161426,0.7169,False,277,False,False
urn:mavedb:00000657-a-1#5434,,,p.Val278Ala,0.0002008108863667,0.027848703274825,V278A,V278A,0.2359,benign,0.7968695035511756,0.7641,False,278,False,False
urn:mavedb:00000657-a-1#5435,,,p.Val278Cys,0.64021425994758,0.0354979807585985,V278C,V278C,0.7335,pathogenic,0.2278917270452046,0.26649999999999996,False,278,False,False
urn:mavedb:00000657-a-1#5436,,,p.Val278Asp,-0.002799300373524,0.04651921682424,V278D,V278D,0.608,pathogenic,0.3590963367598846,0.392,False,278,False,False
urn:mavedb:00000657-a-1#5437,,,p.Val278Glu,-0.025202756842992,0.0214061291990026,V278E,V278E,0.4796,ambiguous,0.5275056682948195,0.5204,False,278,False,False
urn:mavedb:00000657-a-1#5438,,,p.Val278Phe,0.41303014530199,0.026896513586914,V278F,V278F,0.1908,benign,0.8282628385945119,0.8092,False,278,False,False
urn:mavedb:00000657-a-1#5439,,,p.Val278Gly,0.0123604379384968,0.0326307908149629,V278G,V278G,0.3473,ambiguous,0.6928404774950272,0.6527000000000001,False,278,False,False
urn:mavedb:00000657-a-1#5440,,,p.Val278His,-0.0118802082409457,0.0156769308510885,V278H,V278H,0.7509,pathogenic,0.21345936234581048,0.2491,False,278,False,False
urn:mavedb:00000657-a-1#5441,,,p.Val278Ile,0.942712337404348,0.0264700314776171,V278I,V278I,0.0799,benign,0.8830160579833455,0.9201,False,278,False,False
urn:mavedb:00000657-a-1#5442,,,p.Val278Lys,0.0395867297579029,0.0537195387971189,V278K,V278K,0.6455,pathogenic,0.3151674032599165,0.35450000000000004,False,278,False,False
urn:mavedb:00000657-a-1#5443,,,p.Val278Leu,-0.0010324829772679,0.0141651744428517,V278L,V278L,0.2305,benign,0.8009428797394623,0.7695,False,278,False,False
urn:mavedb:00000657-a-1#5444,,,p.Val278Met,0.110376146356222,0.0303663467571578,V278M,V278M,0.143,benign,0.8554269535765423,0.857,False,278,False,False
urn:mavedb:00000657-a-1#5445,,,p.Val278Asn,0.0202753544311394,0.0431653194940568,V278N,V278N,0.5107,ambiguous,0.485559959380082,0.48929999999999996,False,278,False,False
urn:mavedb:00000657-a-1#5446,,,p.Val278Pro,0.0653339608782097,0.106243876210396,V278P,V278P,0.8423,pathogenic,0.15230207767063697,0.15769999999999995,False,278,False,False
urn:mavedb:00000657-a-1#5447,,,p.Val278Gln,0.0062938001407449,0.0252343059093597,V278Q,V278Q,0.5469,ambiguous,0.43709952279208675,0.45309999999999995,False,278,False,False
urn:mavedb:00000657-a-1#5448,,,p.Val278Arg,-0.0010313578284913,0.046526211253075,V278R,V278R,0.5607,ambiguous,0.4189489213493331,0.4393,False,278,False,False
urn:mavedb:00000657-a-1#5449,,,p.Val278Ser,-0.0075274828158188,0.0197988217553317,V278S,V278S,0.3055,benign,0.736342091250444,0.6945,False,278,False,False
urn:mavedb:00000657-a-1#5450,,,p.Val278Thr,0.458410808780577,0.040858617764693,V278T,V278T,0.207,benign,0.817663097603479,0.793,False,278,False,False
urn:mavedb:00000657-a-1#5451,,,p.Val278Trp,0.027863024319882,0.0353689936600766,V278W,V278W,0.8335,pathogenic,0.15718817157033954,0.16649999999999998,False,278,False,False
urn:mavedb:00000657-a-1#5452,,,p.Val278Tyr,0.589670497269112,0.0376565268188687,V278Y,V278Y,0.6007,pathogenic,0.3680450499638311,0.3993,False,278,False,False
urn:mavedb:00000657-a-1#5454,,,p.Tyr279Ala,0.0184944391190762,0.0690737823540719,Y279A,Y279A,0.8729,pathogenic,0.1367976832530105,0.1271,False,279,False,False
urn:mavedb:00000657-a-1#5455,,,p.Tyr279Cys,-0.007834069164529,0.0206884209540707,Y279C,Y279C,0.2899,benign,0.7512164394318597,0.7101,False,279,False,False
urn:mavedb:00000657-a-1#5456,,,p.Tyr279Asp,0.0028096112486784,0.0458700475625755,Y279D,Y279D,0.8713,pathogenic,0.13755350243379078,0.12870000000000004,False,279,False,False
urn:mavedb:00000657-a-1#5457,,,p.Tyr279Glu,0.0394699338715223,0.0593737786289289,Y279E,Y279E,0.944,pathogenic,0.10861821708340635,0.05600000000000005,False,279,False,False
urn:mavedb:00000657-a-1#5458,,,p.Tyr279Phe,0.645606573090869,0.0252780444399736,Y279F,Y279F,0.0865,benign,0.8805191620442451,0.9135,False,279,False,False
urn:mavedb:00000657-a-1#5459,,,p.Tyr279Gly,0.0702134872560078,0.0734280128859167,Y279G,Y279G,0.9114,pathogenic,0.1202930262981563,0.08860000000000001,False,279,False,False
urn:mavedb:00000657-a-1#5460,,,p.Tyr279His,0.480130742323017,0.03187442028413,Y279H,Y279H,0.2529,benign,0.7834684767706267,0.7471,False,279,False,False
urn:mavedb:00000657-a-1#5461,,,p.Tyr279Ile,0.0069398541015208,0.0348972037270442,Y279I,Y279I,0.5804,pathogenic,0.3935170045038367,0.4196,False,279,False,False
urn:mavedb:00000657-a-1#5462,,,p.Tyr279Lys,0.0093661790287789,0.0478066024320819,Y279K,Y279K,0.9508,pathogenic,0.10642164124014036,0.04920000000000002,False,279,False,False
urn:mavedb:00000657-a-1#5463,,,p.Tyr279Leu,0.0257067570674677,0.0797299680364511,Y279L,Y279L,0.7409,pathogenic,0.22163946817550761,0.2591,False,279,False,False
urn:mavedb:00000657-a-1#5464,,,p.Tyr279Met,-0.0041287826281691,0.0192735693497666,Y279M,Y279M,0.793,pathogenic,0.18233690239652095,0.20699999999999996,False,279,False,False
urn:mavedb:00000657-a-1#5465,,,p.Tyr279Asn,-0.0087530651805991,0.0225850352789401,Y279N,Y279N,0.5239,ambiguous,0.4677901768115593,0.47609999999999997,False,279,False,False
urn:mavedb:00000657-a-1#5466,,,p.Tyr279Pro,0.0621723784684794,0.0961326994437644,Y279P,Y279P,0.9733,pathogenic,0.09968987245871948,0.026699999999999946,False,279,False,False
urn:mavedb:00000657-a-1#5467,,,p.Tyr279Gln,-0.009653200853951,0.0425567538621281,Y279Q,Y279Q,0.8454,pathogenic,0.15062763091290995,0.15459999999999996,False,279,False,False
urn:mavedb:00000657-a-1#5468,,,p.Tyr279Arg,0.0319778970057363,0.0214331858077693,Y279R,Y279R,0.8524,pathogenic,0.14693456807558258,0.14759999999999995,False,279,False,False
urn:mavedb:00000657-a-1#5469,,,p.Tyr279Ser,-0.0075312624360345,0.0333225533436304,Y279S,Y279S,0.5509,ambiguous,0.4318141477581821,0.44910000000000005,False,279,False,False
urn:mavedb:00000657-a-1#5470,,,p.Tyr279Thr,-0.0114916713348252,0.0225760335489594,Y279T,Y279T,0.7843,pathogenic,0.18833834206703187,0.2157,False,279,False,False
urn:mavedb:00000657-a-1#5471,,,p.Tyr279Val,-0.0115191016369703,0.0140199599074164,Y279V,Y279V,0.5808,pathogenic,0.39300738579926986,0.4192,False,279,False,False
urn:mavedb:00000657-a-1#5472,,,p.Tyr279Trp,0.879201438735927,0.0344176116990974,Y279W,Y279W,0.3171,benign,0.724795364292931,0.6829000000000001,False,279,False,False
urn:mavedb:00000657-a-1#5474,,,p.Pro280Ala,0.0460800823541182,0.0282289738946999,P280A,P280A,0.2478,benign,0.7875814663121603,0.7522,False,280,False,False
urn:mavedb:00000657-a-1#5475,,,p.Pro280Cys,0.0047172875899926,0.0279871909676269,P280C,P280C,0.8047,pathogenic,0.1746075596470903,0.19530000000000003,False,280,False,False
urn:mavedb:00000657-a-1#5476,,,p.Pro280Asp,0.0672117219434835,0.0830249515993301,P280D,P280D,0.9918,pathogenic,0.09472884344828622,0.008199999999999985,False,280,False,False
urn:mavedb:00000657-a-1#5477,,,p.Pro280Glu,0.0492072852424814,0.0588473593116195,P280E,P280E,0.9748,pathogenic,0.09926904190875434,0.0252,False,280,False,False
urn:mavedb:00000657-a-1#5478,,,p.Pro280Phe,0.0173176695214834,0.0364980512407263,P280F,P280F,0.9765,pathogenic,0.0987961603976788,0.023499999999999965,False,280,False,False
urn:mavedb:00000657-a-1#5479,,,p.Pro280Gly,-0.0039162571673048,0.0403594337371907,P280G,P280G,0.7663,pathogenic,0.2014603878599443,0.23370000000000002,False,280,False,False
urn:mavedb:00000657-a-1#5480,,,p.Pro280His,0.10099497053928,0.11402257377692,P280H,P280H,0.9381,pathogenic,0.11058827085252129,0.061899999999999955,False,280,False,False
urn:mavedb:00000657-a-1#5481,,,p.Pro280Ile,0.0394097941847717,0.0880272367691607,P280I,P280I,0.8376,pathogenic,0.15488706141226893,0.1624,False,280,False,False
urn:mavedb:00000657-a-1#5482,,,p.Pro280Lys,-0.004318600023633,0.0392051771483378,P280K,P280K,0.9828,pathogenic,0.09708077964987051,0.017199999999999993,False,280,False,False
urn:mavedb:00000657-a-1#5483,,,p.Pro280Leu,0.0255711398168899,0.0493972966729985,P280L,P280L,0.499,ambiguous,0.5013499959500146,0.501,False,280,False,False
urn:mavedb:00000657-a-1#5484,,,p.Pro280Met,-0.0054520945982585,0.024298929677565,P280M,P280M,0.8982,pathogenic,0.12559996993396316,0.1018,False,280,False,False
urn:mavedb:00000657-a-1#5485,,,p.Pro280Asn,0.0450139087294286,0.0693454494768193,P280N,P280N,0.9725,pathogenic,0.09991569710075843,0.02749999999999997,False,280,False,False
urn:mavedb:00000657-a-1#5486,,,p.Pro280Gln,0.0343305016707011,0.062380129377724,P280Q,P280Q,0.9369,pathogenic,0.11099640859999457,0.06310000000000004,False,280,False,False
urn:mavedb:00000657-a-1#5487,,,p.Pro280Arg,0.0676057828517902,0.082393448673498,P280R,P280R,0.932,pathogenic,0.11268955831936107,0.06799999999999995,False,280,False,False
urn:mavedb:00000657-a-1#5488,,,p.Pro280Ser,-0.0083117675113832,0.0208154709939418,P280S,P280S,0.6176,pathogenic,0.3475146265475136,0.38239999999999996,False,280,False,False
urn:mavedb:00000657-a-1#5489,,,p.Pro280Thr,-0.0100474041905626,0.0207633013988463,P280T,P280T,0.4679,ambiguous,0.5432015366053554,0.5321,False,280,False,False
urn:mavedb:00000657-a-1#5490,,,p.Pro280Val,0.0382534016531988,0.0673584106250192,P280V,P280V,0.6538,pathogenic,0.30594894681622475,0.34619999999999995,False,280,False,False
urn:mavedb:00000657-a-1#5491,,,p.Pro280Trp,0.0151837512652126,0.0527577667962734,P280W,P280W,0.9888,pathogenic,0.09550018042824412,0.011199999999999988,False,280,False,False
urn:mavedb:00000657-a-1#5492,,,p.Pro280Tyr,0.0667422106192722,0.0655204218016927,P280Y,P280Y,0.9778,pathogenic,0.09843743538702784,0.022199999999999998,False,280,False,False
urn:mavedb:00000657-a-1#5494,,,p.Val281Ala,1.02246047627481,0.0293233675117007,V281A,V281A,0.2655,benign,0.7729631002716795,0.7344999999999999,False,281,False,False
urn:mavedb:00000657-a-1#5495,,,p.Val281Cys,1.07572396343745,0.0210164740391788,V281C,V281C,0.788,pathogenic,0.18575922243319498,0.21199999999999997,True,281,False,True
urn:mavedb:00000657-a-1#5496,,,p.Val281Asp,0.007640647278062,0.0409018953803264,V281D,V281D,0.9634,pathogenic,0.10255330265901798,0.036599999999999966,False,281,False,False
urn:mavedb:00000657-a-1#5497,,,p.Val281Glu,0.0200647512449615,0.0660281624877831,V281E,V281E,0.9576,pathogenic,0.104302064455977,0.04239999999999999,False,281,False,False
urn:mavedb:00000657-a-1#5498,,,p.Val281Phe,-0.0071807737560368,0.029193438728745,V281F,V281F,0.7592,pathogenic,0.20690284557739147,0.24080000000000001,False,281,False,False
urn:mavedb:00000657-a-1#5499,,,p.Val281Gly,0.0045047206163798,0.0402235609201368,V281G,V281G,0.5197,ambiguous,0.47343592056150974,0.48029999999999995,False,281,False,False
urn:mavedb:00000657-a-1#5500,,,p.Val281His,0.0308941326367096,0.0408113966110508,V281H,V281H,0.9817,pathogenic,0.09737612933997351,0.018299999999999983,False,281,False,False
urn:mavedb:00000657-a-1#5501,,,p.Val281Ile,1.08106240378772,0.0364950646136559,V281I,V281I,0.1173,benign,0.8677056517407821,0.8827,False,281,False,False
urn:mavedb:00000657-a-1#5502,,,p.Val281Lys,0.074632143394733,0.102796473648599,V281K,V281K,0.9779,pathogenic,0.09840994440961653,0.02210000000000001,False,281,False,False
urn:mavedb:00000657-a-1#5503,,,p.Val281Leu,0.628687654779211,0.0406449758714096,V281L,V281L,0.4475,ambiguous,0.5702947095958782,0.5525,False,281,False,False
urn:mavedb:00000657-a-1#5504,,,p.Val281Met,0.72135410809619,0.0270504470743311,V281M,V281M,0.468,ambiguous,0.5430677770054647,0.532,False,281,False,False
urn:mavedb:00000657-a-1#5505,,,p.Val281Asn,-0.0106371143154668,0.0233690911951847,V281N,V281N,0.8422,pathogenic,0.152356494385929,0.15780000000000005,False,281,False,False
urn:mavedb:00000657-a-1#5506,,,p.Val281Pro,0.0422151662511023,0.0742974287201617,V281P,V281P,0.9674,pathogenic,0.10137818371407663,0.03259999999999996,False,281,False,False
urn:mavedb:00000657-a-1#5507,,,p.Val281Gln,0.0566202002897778,0.130549846122599,V281Q,V281Q,0.9523,pathogenic,0.10594754960716368,0.047699999999999965,False,281,False,False
urn:mavedb:00000657-a-1#5508,,,p.Val281Arg,0.0094582989653731,0.0381081226398157,V281R,V281R,0.9543,pathogenic,0.10532121236831699,0.04569999999999996,False,281,False,False
urn:mavedb:00000657-a-1#5509,,,p.Val281Ser,0.344050712215022,0.0421831263928973,V281S,V281S,0.5221,ambiguous,0.47020863841028626,0.4779,False,281,False,False
urn:mavedb:00000657-a-1#5510,,,p.Val281Thr,0.838025058758682,0.0367062234699726,V281T,V281T,0.2559,benign,0.781011702287221,0.7441,False,281,False,False
urn:mavedb:00000657-a-1#5511,,,p.Val281Trp,0.030287278953296,0.0893687788591308,V281W,V281W,0.9943,pathogenic,0.09409554478946931,0.005700000000000038,False,281,False,False
urn:mavedb:00000657-a-1#5512,,,p.Val281Tyr,0.0173139793464398,0.0282916510469179,V281Y,V281Y,0.9685,pathogenic,0.10105937872830931,0.03149999999999997,False,281,False,False
urn:mavedb:00000657-a-1#5514,,,p.Phe282Ala,0.81822072569754,0.0570741231626446,F282A,F282A,0.9845,pathogenic,0.09662774981326835,0.015499999999999958,True,282,False,True
urn:mavedb:00000657-a-1#5515,,,p.Phe282Cys,0.779178043605266,0.0207765181098038,F282C,F282C,0.9753,pathogenic,0.09912951272818432,0.024700000000000055,False,282,False,False
urn:mavedb:00000657-a-1#5516,,,p.Phe282Asp,0.212792355479703,0.0352934921404367,F282D,F282D,0.9968,pathogenic,0.093470757019184,0.0031999999999999806,False,282,False,False
urn:mavedb:00000657-a-1#5517,,,p.Phe282Glu,0.893228882741745,0.043122494818937,F282E,F282E,0.9972,pathogenic,0.09337157398999274,0.0028000000000000247,True,282,False,True
urn:mavedb:00000657-a-1#5518,,,p.Phe282Gly,1.08819471070929,0.0208473274574985,F282G,F282G,0.9916,pathogenic,0.09477987807219979,0.008399999999999963,True,282,False,True
urn:mavedb:00000657-a-1#5519,,,p.Phe282His,1.17451167058954,0.033658612085111,F282H,F282H,0.984,pathogenic,0.09676056438529768,0.016000000000000014,True,282,False,True
urn:mavedb:00000657-a-1#5520,,,p.Phe282Ile,0.0034742374586045,0.0764030178841118,F282I,F282I,0.9769,pathogenic,0.09868551754744866,0.02310000000000001,False,282,False,False
urn:mavedb:00000657-a-1#5521,,,p.Phe282Lys,1.00601761231894,0.0295065056132663,F282K,F282K,0.9969,pathogenic,0.09344594109579324,0.0030999999999999917,True,282,False,True
urn:mavedb:00000657-a-1#5522,,,p.Phe282Leu,0.594425293346457,0.0309094443180823,F282L,F282L,0.9958,pathogenic,0.09371965733821497,0.0041999999999999815,False,282,False,False
urn:mavedb:00000657-a-1#5523,,,p.Phe282Met,0.859802804436368,0.0416332881889759,F282M,F282M,0.98,pathogenic,0.09783602275825734,0.020000000000000018,True,282,False,True
urn:mavedb:00000657-a-1#5524,,,p.Phe282Asn,0.895806057554815,0.0229013236961937,F282N,F282N,0.9945,pathogenic,0.09404524991773436,0.005499999999999949,True,282,False,True
urn:mavedb:00000657-a-1#5525,,,p.Phe282Pro,0.016605711216407,0.0362428568861168,F282P,F282P,0.9993,pathogenic,0.09285437859710068,0.0007000000000000339,False,282,False,False
urn:mavedb:00000657-a-1#5526,,,p.Phe282Gln,0.869491937489686,0.0256757665774025,F282Q,F282Q,0.9962,pathogenic,0.09361993533787313,0.0038000000000000256,True,282,False,True
urn:mavedb:00000657-a-1#5527,,,p.Phe282Arg,1.10100788304579,0.0359652160594293,F282R,F282R,0.9879,pathogenic,0.09573402678064039,0.0121,True,282,False,True
urn:mavedb:00000657-a-1#5528,,,p.Phe282Ser,0.765225392672475,0.0314495641874813,F282S,F282S,0.9827,pathogenic,0.097107557576543,0.017299999999999982,False,282,False,False
urn:mavedb:00000657-a-1#5529,,,p.Phe282Thr,0.0065118000002849,0.0193134700199127,F282T,F282T,0.992,pathogenic,0.09467786394887504,0.008000000000000007,False,282,False,False
urn:mavedb:00000657-a-1#5530,,,p.Phe282Val,0.0225426235884556,0.0445527529289813,F282V,F282V,0.9762,pathogenic,0.09887929804369394,0.023800000000000043,False,282,False,False
urn:mavedb:00000657-a-1#5531,,,p.Phe282Trp,0.817386860389335,0.0346835698166345,F282W,F282W,0.899,pathogenic,0.12526823501929646,0.10099999999999998,True,282,False,True
urn:mavedb:00000657-a-1#5532,,,p.Phe282Tyr,0.996007141272333,0.0307432172290803,F282Y,F282Y,0.8643,pathogenic,0.1409296288998212,0.13570000000000004,True,282,False,True
urn:mavedb:00000657-a-1#5534,,,p.Val283Ala,0.0760607506156582,0.101762379253076,V283A,V283A,0.8182,pathogenic,0.16616367919348218,0.18179999999999996,False,283,False,False
urn:mavedb:00000657-a-1#5535,,,p.Val283Cys,0.316058566124191,0.04961251511605,V283C,V283C,0.9168,pathogenic,0.11822190446682425,0.08320000000000005,False,283,False,False
urn:mavedb:00000657-a-1#5536,,,p.Val283Asp,0.056110735797564,0.127131894212902,V283D,V283D,0.9854,pathogenic,0.09638958184743027,0.014599999999999946,False,283,False,False
urn:mavedb:00000657-a-1#5537,,,p.Val283Glu,0.0354628025991723,0.0534544137566859,V283E,V283E,0.9669,pathogenic,0.10152371246665204,0.03310000000000002,False,283,False,False
urn:mavedb:00000657-a-1#5538,,,p.Val283Phe,0.029403032632743,0.0617146320636744,V283F,V283F,0.8657,pathogenic,0.1402452873334455,0.13429999999999997,False,283,False,False
urn:mavedb:00000657-a-1#5539,,,p.Val283Gly,0.0194051187287403,0.037296760367007,V283G,V283G,0.8746,pathogenic,0.13600101659949732,0.12539999999999996,False,283,False,False
urn:mavedb:00000657-a-1#5540,,,p.Val283His,0.0503458098955433,0.0802445223183523,V283H,V283H,0.9917,pathogenic,0.09475435386639017,0.008299999999999974,False,283,False,False
urn:mavedb:00000657-a-1#5541,,,p.Val283Ile,1.07583137390587,0.0280548753751016,V283I,V283I,0.0719,benign,0.8859318660635668,0.9281,False,283,False,False
urn:mavedb:00000657-a-1#5542,,,p.Val283Lys,0.0417298473652682,0.0869613821049291,V283K,V283K,0.9787,pathogenic,0.09819054579646351,0.021299999999999986,False,283,False,False
urn:mavedb:00000657-a-1#5543,,,p.Val283Leu,0.759220349812992,0.0462918125266931,V283L,V283L,0.5453,ambiguous,0.4392187260244884,0.4547,False,283,False,False
urn:mavedb:00000657-a-1#5544,,,p.Val283Met,0.0503484109040182,0.111377549451921,V283M,V283M,0.6685,pathogenic,0.29010577528327025,0.3315,False,283,False,False
urn:mavedb:00000657-a-1#5545,,,p.Val283Asn,0.0024225594027349,0.0367838564803739,V283N,V283N,0.9504,pathogenic,0.10654869739800667,0.04959999999999998,False,283,False,False
urn:mavedb:00000657-a-1#5546,,,p.Val283Pro,0.0223450361086878,0.0468236259690961,V283P,V283P,0.9372,pathogenic,0.11089413578483717,0.06279999999999997,False,283,False,False
urn:mavedb:00000657-a-1#5547,,,p.Val283Gln,0.0398258971160375,0.0852142373747622,V283Q,V283Q,0.9684,pathogenic,0.10108828400223366,0.03159999999999996,False,283,False,False
urn:mavedb:00000657-a-1#5548,,,p.Val283Arg,0.0537229951480093,0.0869200180121712,V283R,V283R,0.9644,pathogenic,0.10225718068024822,0.035599999999999965,False,283,False,False
urn:mavedb:00000657-a-1#5549,,,p.Val283Ser,0.124766120813291,0.177995582080172,V283S,V283S,0.8755,pathogenic,0.13558190451567348,0.12450000000000006,False,283,False,False
urn:mavedb:00000657-a-1#5550,,,p.Val283Thr,0.0947865696238624,0.0315387586901971,V283T,V283T,0.7755,pathogenic,0.1946335128011658,0.22450000000000003,False,283,False,False
urn:mavedb:00000657-a-1#5551,,,p.Val283Trp,0.0735078550255937,0.0786131535652565,V283W,V283W,0.9938,pathogenic,0.09422152038597464,0.006199999999999983,False,283,False,False
urn:mavedb:00000657-a-1#5552,,,p.Val283Tyr,0.0725363110864935,0.0996180813646294,V283Y,V283Y,0.9825,pathogenic,0.09716115660275197,0.01749999999999996,False,283,False,False
urn:mavedb:00000657-a-1#5554,,,p.Asn284Ala,0.582858562117084,0.0470877631919567,N284A,N284A,0.9189,pathogenic,0.11743170167004843,0.08109999999999995,False,284,False,False
urn:mavedb:00000657-a-1#5555,,,p.Asn284Cys,-0.0038915910735744,0.0193354794317354,N284C,N284C,0.8131,pathogenic,0.16929478688192026,0.18689999999999996,False,284,False,False
urn:mavedb:00000657-a-1#5556,,,p.Asn284Asp,0.0159574551315013,0.039968015289784,N284D,N284D,0.867,pathogenic,0.13961392895887828,0.133,False,284,False,False
urn:mavedb:00000657-a-1#5557,,,p.Asn284Glu,-0.0130930190369876,0.0201459041359299,N284E,N284E,0.986,pathogenic,0.0962314428030489,0.014000000000000012,False,284,False,False
urn:mavedb:00000657-a-1#5558,,,p.Asn284Phe,0.0142336634729557,0.0397321315497147,N284F,N284F,0.9923,pathogenic,0.09460149794310513,0.00770000000000004,False,284,False,False
urn:mavedb:00000657-a-1#5559,,,p.Asn284Gly,1.17606348167679,0.0283694217373597,N284G,N284G,0.5956,pathogenic,0.37436590336322273,0.4044,False,284,False,True
urn:mavedb:00000657-a-1#5560,,,p.Asn284His,0.0418130940517106,0.0993061988573213,N284H,N284H,0.8651,pathogenic,0.14053801444398734,0.13490000000000002,False,284,False,False
urn:mavedb:00000657-a-1#5561,,,p.Asn284Ile,0.0300771932852425,0.0746229562657958,N284I,N284I,0.987,pathogenic,0.09596901032211319,0.013000000000000012,False,284,False,False
urn:mavedb:00000657-a-1#5562,,,p.Asn284Lys,-0.0002378415019893,0.0324103792532357,N284K,N284K,0.9868,pathogenic,0.09602138380901723,0.01319999999999999,False,284,False,False
urn:mavedb:00000657-a-1#5563,,,p.Asn284Leu,-0.0041628750428482,0.0312243286823419,N284L,N284L,0.9428,pathogenic,0.10901401704471653,0.05720000000000003,False,284,False,False
urn:mavedb:00000657-a-1#5564,,,p.Asn284Met,0.018483090885871,0.0444297121751308,N284M,N284M,0.9682,pathogenic,0.10114614069202571,0.03180000000000005,False,284,False,False
urn:mavedb:00000657-a-1#5565,,,p.Asn284Pro,0.0121932919033331,0.062456606661185,N284P,N284P,0.9879,pathogenic,0.09573402678064039,0.0121,False,284,False,False
urn:mavedb:00000657-a-1#5566,,,p.Asn284Gln,0.0287329448124485,0.0382593905698318,N284Q,N284Q,0.9742,pathogenic,0.09943696969975976,0.025800000000000045,False,284,False,False
urn:mavedb:00000657-a-1#5567,,,p.Asn284Arg,0.0574593847778248,0.110287555697367,N284R,N284R,0.9786,pathogenic,0.09821791923658879,0.021399999999999975,False,284,False,False
urn:mavedb:00000657-a-1#5568,,,p.Asn284Ser,0.771379692569755,0.0392883222781709,N284S,N284S,0.3576,ambiguous,0.6813403948184265,0.6424000000000001,False,284,False,False
urn:mavedb:00000657-a-1#5569,,,p.Asn284Thr,0.0277346656610496,0.035001749515872,N284T,N284T,0.9366,pathogenic,0.1110988406769853,0.06340000000000001,False,284,False,False
urn:mavedb:00000657-a-1#5570,,,p.Asn284Val,0.0057914776636536,0.0355773219703491,N284V,N284V,0.9807,pathogenic,0.09764614675814032,0.019299999999999984,False,284,False,False
urn:mavedb:00000657-a-1#5571,,,p.Asn284Trp,-0.0141025586947653,0.0288666772365651,N284W,N284W,0.9952,pathogenic,0.09386964605876882,0.0048000000000000265,False,284,False,False
urn:mavedb:00000657-a-1#5572,,,p.Asn284Tyr,0.0160351968909125,0.0512210421832156,N284Y,N284Y,0.9206,pathogenic,0.11679818365300404,0.07940000000000003,False,284,False,False
urn:mavedb:00000657-a-1#5574,,,p.Glu285Ala,0.976528671805808,0.0264039986850295,E285A,E285A,0.9876,pathogenic,0.09581222803353126,0.012399999999999967,True,285,False,True
urn:mavedb:00000657-a-1#5575,,,p.Glu285Cys,0.961530577649255,0.0359957537821655,E285C,E285C,0.998,pathogenic,0.09317385210922682,0.0020000000000000018,True,285,False,True
urn:mavedb:00000657-a-1#5576,,,p.Glu285Asp,1.2065740766829,0.0275199067607695,E285D,E285D,0.9945,pathogenic,0.09404524991773436,0.005499999999999949,True,285,False,True
urn:mavedb:00000657-a-1#5577,,,p.Glu285Phe,0.0318906298392812,0.0411074392360176,E285F,E285F,0.9998,pathogenic,0.09273210315859705,0.00019999999999997797,False,285,False,False
urn:mavedb:00000657-a-1#5578,,,p.Glu285Gly,0.669313824063615,0.0364966568574871,E285G,E285G,0.9812,pathogenic,0.09751095691743902,0.01880000000000004,False,285,False,False
urn:mavedb:00000657-a-1#5579,,,p.Glu285His,0.959349478875283,0.0629373460139647,E285H,E285H,0.9979,pathogenic,0.09319852045590064,0.0020999999999999908,True,285,False,True
urn:mavedb:00000657-a-1#5580,,,p.Glu285Ile,0.0208930057235841,0.0648585267919293,E285I,E285I,0.9988,pathogenic,0.09297698637912502,0.0011999999999999789,False,285,False,False
urn:mavedb:00000657-a-1#5581,,,p.Glu285Lys,0.0097941434786181,0.0206743363666021,E285K,E285K,0.9675,pathogenic,0.10134912433902837,0.03249999999999997,False,285,False,False
urn:mavedb:00000657-a-1#5582,,,p.Glu285Leu,0.0517145840009978,0.0963546278538365,E285L,E285L,0.999,pathogenic,0.09292790333374308,0.0010000000000000009,False,285,False,False
urn:mavedb:00000657-a-1#5583,,,p.Glu285Met,0.026480789571291,0.05560208405618,E285M,E285M,0.9981,pathogenic,0.09314919713989571,0.0019000000000000128,False,285,False,False
urn:mavedb:00000657-a-1#5584,,,p.Glu285Asn,0.983983609065011,0.0347965694775959,E285N,E285N,0.998,pathogenic,0.09317385210922682,0.0020000000000000018,True,285,False,True
urn:mavedb:00000657-a-1#5585,,,p.Glu285Pro,0.0138067148216503,0.0334400222278396,E285P,E285P,0.9994,pathogenic,0.09282989694758445,0.0006000000000000449,False,285,False,False
urn:mavedb:00000657-a-1#5586,,,p.Glu285Gln,0.558972568707862,0.0556675764790396,E285Q,E285Q,0.9793,pathogenic,0.0980266128027674,0.02070000000000005,False,285,False,False
urn:mavedb:00000657-a-1#5587,,,p.Glu285Arg,0.0053712058872305,0.0258589198758593,E285R,E285R,0.9869,pathogenic,0.09599519001251852,0.0131,False,285,False,False
urn:mavedb:00000657-a-1#5588,,,p.Glu285Ser,1.0459546552546,0.0348513000345532,E285S,E285S,0.9945,pathogenic,0.09404524991773436,0.005499999999999949,True,285,False,True
urn:mavedb:00000657-a-1#5589,,,p.Glu285Thr,0.764817505335192,0.0450628596610865,E285T,E285T,0.9968,pathogenic,0.093470757019184,0.0031999999999999806,False,285,False,False
urn:mavedb:00000657-a-1#5590,,,p.Glu285Val,-0.0047475902305927,0.0265434245902811,E285V,E285V,0.9959,pathogenic,0.09369470657485554,0.0040999999999999925,False,285,False,False
urn:mavedb:00000657-a-1#5591,,,p.Glu285Trp,-0.0011536642475733,0.0288968973261288,E285W,E285W,0.9999,pathogenic,0.09270768788156694,9.999999999998899e-05,False,285,False,False
urn:mavedb:00000657-a-1#5592,,,p.Glu285Tyr,0.001682278007241,0.0397869640725236,E285Y,E285Y,0.9994,pathogenic,0.09282989694758445,0.0006000000000000449,False,285,False,False
urn:mavedb:00000657-a-1#5594,,,p.Ala286Cys,0.866040316943355,0.0232578556738917,A286C,A286C,0.8005,pathogenic,0.1773376421962085,0.1995,True,286,False,True
urn:mavedb:00000657-a-1#5595,,,p.Ala286Asp,0.012701643959086,0.0155625113404399,A286D,A286D,0.9581,pathogenic,0.10414918906619999,0.04190000000000005,False,286,False,False
urn:mavedb:00000657-a-1#5596,,,p.Ala286Glu,0.52510254992964,0.0390540873614344,A286E,A286E,0.9431,pathogenic,0.1089148347070383,0.05689999999999995,False,286,False,False
urn:mavedb:00000657-a-1#5597,,,p.Ala286Phe,0.401219668174772,0.0210239165029063,A286F,A286F,0.9468,pathogenic,0.10770427008714398,0.053200000000000025,False,286,False,False
urn:mavedb:00000657-a-1#5598,,,p.Ala286Gly,0.96983194549651,0.0294215085419514,A286G,A286G,0.2756,benign,0.7641864041275861,0.7243999999999999,False,286,False,False
urn:mavedb:00000657-a-1#5599,,,p.Ala286His,0.553762134653028,0.0750862824715964,A286H,A286H,0.9759,pathogenic,0.09896256918969595,0.02410000000000001,False,286,False,False
urn:mavedb:00000657-a-1#5600,,,p.Ala286Ile,0.0179382502453442,0.0228158550150414,A286I,A286I,0.9068,pathogenic,0.12210254222971632,0.09319999999999995,False,286,False,False
urn:mavedb:00000657-a-1#5601,,,p.Ala286Lys,0.372506831751609,0.0393238082616931,A286K,A286K,0.9868,pathogenic,0.09602138380901723,0.01319999999999999,False,286,False,False
urn:mavedb:00000657-a-1#5602,,,p.Ala286Leu,0.0631568216852208,0.0273545693170821,A286L,A286L,0.8798,pathogenic,0.1336046192573454,0.12019999999999997,False,286,False,False
urn:mavedb:00000657-a-1#5603,,,p.Ala286Met,0.450730100128653,0.0249604652129558,A286M,A286M,0.843,pathogenic,0.1519218664341766,0.15700000000000003,False,286,False,False
urn:mavedb:00000657-a-1#5604,,,p.Ala286Asn,0.276116182680875,0.0364447803297465,A286N,A286N,0.9245,pathogenic,0.1153654580603045,0.07550000000000001,False,286,False,False
urn:mavedb:00000657-a-1#5605,,,p.Ala286Pro,0.730642336909024,0.0321315625088479,A286P,A286P,0.9502,pathogenic,0.10661232553310919,0.049799999999999955,False,286,False,False
urn:mavedb:00000657-a-1#5606,,,p.Ala286Gln,1.03238811732312,0.0224192502495939,A286Q,A286Q,0.9301,pathogenic,0.11335771020018466,0.06989999999999996,True,286,False,True
urn:mavedb:00000657-a-1#5607,,,p.Ala286Arg,0.747260734917147,0.0346605731427708,A286R,A286R,0.963,pathogenic,0.10267219160139199,0.03700000000000003,False,286,False,False
urn:mavedb:00000657-a-1#5608,,,p.Ala286Ser,0.92051808181719,0.0343106957428837,A286S,A286S,0.2056,benign,0.8186084639632689,0.7944,False,286,False,False
urn:mavedb:00000657-a-1#5609,,,p.Ala286Thr,0.424042866106088,0.0232150353074433,A286T,A286T,0.6192,pathogenic,0.3456057650749761,0.3808,False,286,False,False
urn:mavedb:00000657-a-1#5610,,,p.Ala286Val,0.776494824689945,0.0346605030283586,A286V,A286V,0.6197,pathogenic,0.34501053045664054,0.38029999999999997,False,286,False,False
urn:mavedb:00000657-a-1#5611,,,p.Ala286Trp,0.384626283529354,0.039703024418856,A286W,A286W,0.9925,pathogenic,0.09455065602481613,0.007499999999999951,False,286,False,False
urn:mavedb:00000657-a-1#5612,,,p.Ala286Tyr,0.450429766043048,0.0405285892066416,A286Y,A286Y,0.9724,pathogenic,0.09994399301412579,0.027599999999999958,False,286,False,False
urn:mavedb:00000657-a-1#5614,,,p.Ala287Cys,0.976338745729332,0.0454080853078762,A287C,A287C,0.8783,pathogenic,0.13428966887311922,0.12170000000000003,True,287,False,True
urn:mavedb:00000657-a-1#5615,,,p.Ala287Asp,0.915052842044264,0.0961522896875169,A287D,A287D,0.9743,pathogenic,0.09940894434537662,0.025699999999999945,True,287,False,True
urn:mavedb:00000657-a-1#5616,,,p.Ala287Glu,0.929155374988899,0.069866377259979,A287E,A287E,0.9777,pathogenic,0.09846494108751006,0.022299999999999986,True,287,False,True
urn:mavedb:00000657-a-1#5617,,,p.Ala287Phe,0.748712401330528,0.0994404228133493,A287F,A287F,0.9561,pathogenic,0.104763117157961,0.04390000000000005,False,287,False,False
urn:mavedb:00000657-a-1#5618,,,p.Ala287Gly,0.983926133356247,0.0520568206649838,A287G,A287G,0.5832,pathogenic,0.389955821160071,0.41679999999999995,False,287,False,True
urn:mavedb:00000657-a-1#5619,,,p.Ala287His,1.01680975864624,0.0670752935505132,A287H,A287H,0.9783,pathogenic,0.09830012759323657,0.021700000000000053,True,287,False,True
urn:mavedb:00000657-a-1#5620,,,p.Ala287Ile,0.682641308307252,0.0520125593102847,A287I,A287I,0.9743,pathogenic,0.09940894434537662,0.025699999999999945,False,287,False,False
urn:mavedb:00000657-a-1#5621,,,p.Ala287Lys,0.987977785734511,0.109939017852668,A287K,A287K,0.9935,pathogenic,0.09429726949120015,0.00649999999999995,True,287,False,True
urn:mavedb:00000657-a-1#5622,,,p.Ala287Leu,0.613254929157075,0.0698110000906081,A287L,A287L,0.9125,pathogenic,0.11986651630083958,0.08750000000000002,False,287,False,False
urn:mavedb:00000657-a-1#5623,,,p.Ala287Met,0.817537401840543,0.0348972795717659,A287M,A287M,0.9459,pathogenic,0.1079965817743399,0.05410000000000004,True,287,False,True
urn:mavedb:00000657-a-1#5624,,,p.Ala287Asn,1.01980902968095,0.0625834333173843,A287N,A287N,0.9561,pathogenic,0.104763117157961,0.04390000000000005,True,287,False,True
urn:mavedb:00000657-a-1#5625,,,p.Ala287Pro,0.761217887377699,0.0604809899116853,A287P,A287P,0.9637,pathogenic,0.10246430118418737,0.0363,False,287,False,False
urn:mavedb:00000657-a-1#5626,,,p.Ala287Gln,0.957846051980156,0.047346707284619,A287Q,A287Q,0.9626,pathogenic,0.10279133274623925,0.03739999999999999,True,287,False,True
urn:mavedb:00000657-a-1#5627,,,p.Ala287Arg,1.06852045498149,0.0369252140414115,A287R,A287R,0.971,pathogenic,0.1003417241983593,0.029000000000000026,True,287,False,True
urn:mavedb:00000657-a-1#5628,,,p.Ala287Ser,1.02998839398671,0.0523614717474666,A287S,A287S,0.2037,benign,0.8198824980616649,0.7963,False,287,False,False
urn:mavedb:00000657-a-1#5629,,,p.Ala287Thr,1.02689401195241,0.0328483248192402,A287T,A287T,0.7745,pathogenic,0.19536333843025333,0.22550000000000003,True,287,False,True
urn:mavedb:00000657-a-1#5630,,,p.Ala287Val,0.733505849924842,0.0634369603698215,A287V,A287V,0.9036,pathogenic,0.12338631389563258,0.09640000000000004,False,287,False,False
urn:mavedb:00000657-a-1#5631,,,p.Ala287Trp,0.620194458042193,0.0467401742294701,A287W,A287W,0.9909,pathogenic,0.09495893412184989,0.009099999999999997,False,287,False,False
urn:mavedb:00000657-a-1#5632,,,p.Ala287Tyr,0.776411176594169,0.0424659693860956,A287Y,A287Y,0.9766,pathogenic,0.0987684774834447,0.023399999999999976,False,287,False,False
urn:mavedb:00000657-a-1#5634,,,p.Tyr288Ala,1.10661022254157,0.0283710954606519,Y288A,Y288A,0.9595,pathogenic,0.10372327854494448,0.04049999999999998,True,288,True,True
urn:mavedb:00000657-a-1#5635,,,p.Tyr288Cys,1.06811563960915,0.0428871031270495,Y288C,Y288C,0.7796,pathogenic,0.1916721770413582,0.22040000000000004,True,288,True,True
urn:mavedb:00000657-a-1#5636,,,p.Tyr288Asp,1.10747282371904,0.0357220883604751,Y288D,Y288D,0.9521,pathogenic,0.10601054625336703,0.047900000000000054,True,288,True,True
urn:mavedb:00000657-a-1#5637,,,p.Tyr288Glu,1.0442513310607,0.0321600723604965,Y288E,Y288E,0.994,pathogenic,0.09417108924321346,0.006000000000000005,True,288,True,True
urn:mavedb:00000657-a-1#5638,,,p.Tyr288Phe,1.09749653507015,0.0966405053949655,Y288F,Y288F,0.4707,ambiguous,0.5394534411467414,0.5293,False,288,True,False
urn:mavedb:00000657-a-1#5639,,,p.Tyr288Gly,1.18554520991308,0.0269298137201407,Y288G,Y288G,0.8977,pathogenic,0.12580797809712063,0.10229999999999995,True,288,True,True
urn:mavedb:00000657-a-1#5640,,,p.Tyr288His,1.08389962166877,0.0187763949789965,Y288H,Y288H,0.9718,pathogenic,0.10011408578205797,0.028200000000000003,True,288,True,True
urn:mavedb:00000657-a-1#5641,,,p.Tyr288Ile,0.868855050217782,0.028657132025501,Y288I,Y288I,0.969,pathogenic,0.10091508278590974,0.031000000000000028,True,288,True,True
urn:mavedb:00000657-a-1#5642,,,p.Tyr288Lys,0.979204164085434,0.031690966420428,Y288K,Y288K,0.9924,pathogenic,0.09457607011311739,0.007600000000000051,True,288,True,True
urn:mavedb:00000657-a-1#5643,,,p.Tyr288Leu,1.10006905664312,0.0172880457431131,Y288L,Y288L,0.8629,pathogenic,0.14161857276281697,0.1371,True,288,True,True
urn:mavedb:00000657-a-1#5644,,,p.Tyr288Met,1.09084367109989,0.0319746846894746,Y288M,Y288M,0.9732,pathogenic,0.09971804784499447,0.026800000000000046,True,288,True,True
urn:mavedb:00000657-a-1#5645,,,p.Tyr288Asn,1.16435568038617,0.022924136017272,Y288N,Y288N,0.9052,pathogenic,0.12274184507808496,0.0948,True,288,True,True
urn:mavedb:00000657-a-1#5646,,,p.Tyr288Pro,0.65881546644279,0.0602050124385596,Y288P,Y288P,0.9857,pathogenic,0.09631044848617692,0.01429999999999998,False,288,True,False
urn:mavedb:00000657-a-1#5647,,,p.Tyr288Gln,1.02125244219323,0.028805477383008,Y288Q,Y288Q,0.9927,pathogenic,0.09449986904701288,0.007299999999999973,True,288,True,True
urn:mavedb:00000657-a-1#5648,,,p.Tyr288Arg,1.01535372527435,0.0507264113674791,Y288R,Y288R,0.9641,pathogenic,0.10234585249281947,0.03590000000000004,True,288,True,True
urn:mavedb:00000657-a-1#5649,,,p.Tyr288Ser,1.1334722230206,0.0150608758133573,Y288S,Y288S,0.8458,pathogenic,0.15041332681367559,0.1542,True,288,True,True
urn:mavedb:00000657-a-1#5650,,,p.Tyr288Thr,1.06876126222046,0.0194898178838151,Y288T,Y288T,0.968,pathogenic,0.10120405895152414,0.03200000000000003,True,288,True,True
urn:mavedb:00000657-a-1#5651,,,p.Tyr288Val,0.86317069098641,0.024346030439204,Y288V,Y288V,0.9146,pathogenic,0.11905884581861864,0.08540000000000003,True,288,True,True
urn:mavedb:00000657-a-1#5652,,,p.Tyr288Trp,0.686292327385784,0.0478984765604528,Y288W,Y288W,0.8286,pathogenic,0.1599954213855857,0.1714,False,288,True,False
urn:mavedb:00000657-a-1#5654,,,p.Tyr289Ala,1.11768158682431,0.0382842376979355,Y289A,Y289A,0.7923,pathogenic,0.18281169293790261,0.2077,True,289,False,True
urn:mavedb:00000657-a-1#5655,,,p.Tyr289Cys,1.03918423779848,0.0348154224456608,Y289C,Y289C,0.315,benign,0.726916200295613,0.685,False,289,False,False
urn:mavedb:00000657-a-1#5656,,,p.Tyr289Asp,1.07763766065134,0.0359596241150657,Y289D,Y289D,0.7983,pathogenic,0.17878752123295305,0.2017,True,289,False,True
urn:mavedb:00000657-a-1#5657,,,p.Tyr289Glu,1.05820153278213,0.027333633329399,Y289E,Y289E,0.9059,pathogenic,0.12246151635833782,0.09409999999999996,True,289,False,True
urn:mavedb:00000657-a-1#5658,,,p.Tyr289Phe,1.02925888356286,0.153339403097272,Y289F,Y289F,0.1791,benign,0.8354654552176085,0.8209,False,289,False,False
urn:mavedb:00000657-a-1#5659,,,p.Tyr289Gly,1.14044731768591,0.0520887100131909,Y289G,Y289G,0.7046,pathogenic,0.2539415820994845,0.2954,True,289,False,True
urn:mavedb:00000657-a-1#5660,,,p.Tyr289His,1.0538775304198,0.0195407983151101,Y289H,Y289H,0.5919,pathogenic,0.37898569339376986,0.4081,False,289,False,True
urn:mavedb:00000657-a-1#5661,,,p.Tyr289Ile,0.961822096693188,0.0467515180654486,Y289I,Y289I,0.6212,pathogenic,0.34322852176769053,0.3788,True,289,False,True
urn:mavedb:00000657-a-1#5662,,,p.Tyr289Lys,1.01280875980037,0.0531339387511927,Y289K,Y289K,0.8961,pathogenic,0.12647710054253472,0.10389999999999999,True,289,False,True
urn:mavedb:00000657-a-1#5663,,,p.Tyr289Leu,1.00757844404233,0.0382045769064781,Y289L,Y289L,0.4793,ambiguous,0.527909132867182,0.5206999999999999,False,289,False,False
urn:mavedb:00000657-a-1#5664,,,p.Tyr289Met,1.05659500833335,0.0266605133654719,Y289M,Y289M,0.738,pathogenic,0.22406944881791435,0.262,True,289,False,True
urn:mavedb:00000657-a-1#5665,,,p.Tyr289Asn,1.09580080562365,0.0282160858152533,Y289N,Y289N,0.6205,pathogenic,0.3440594343923113,0.37949999999999995,True,289,False,True
urn:mavedb:00000657-a-1#5666,,,p.Tyr289Pro,1.09260175445929,0.029029665852204,Y289P,Y289P,0.9584,pathogenic,0.10405765728580643,0.04159999999999997,True,289,False,True
urn:mavedb:00000657-a-1#5667,,,p.Tyr289Gln,1.06544441510208,0.0183607021401305,Y289Q,Y289Q,0.8217,pathogenic,0.16405560032045144,0.17830000000000001,True,289,False,True
urn:mavedb:00000657-a-1#5668,,,p.Tyr289Arg,1.10136150510685,0.0249024547038178,Y289R,Y289R,0.7247,pathogenic,0.23554832501819495,0.2753,True,289,False,True
urn:mavedb:00000657-a-1#5669,,,p.Tyr289Ser,1.10636129704941,0.0226438563334415,Y289S,Y289S,0.5855,pathogenic,0.38704146732161687,0.4145,False,289,False,True
urn:mavedb:00000657-a-1#5670,,,p.Tyr289Thr,1.09405681619961,0.0353831485164114,Y289T,Y289T,0.7923,pathogenic,0.18281169293790261,0.2077,True,289,False,True
urn:mavedb:00000657-a-1#5671,,,p.Tyr289Val,1.04060088819216,0.0317935884942982,Y289V,Y289V,0.4853,ambiguous,0.5198321450819067,0.5146999999999999,False,289,False,False
urn:mavedb:00000657-a-1#5672,,,p.Tyr289Trp,0.937898696854983,0.0283946994383715,Y289W,Y289W,0.5768,pathogenic,0.39811645291181585,0.4232,False,289,False,True
urn:mavedb:00000657-a-1#5674,,,p.Glu290Ala,0.86871973108531,0.032407219056455,E290A,E290A,0.7898,pathogenic,0.18451887888300034,0.21020000000000005,True,290,False,True
urn:mavedb:00000657-a-1#5675,,,p.Glu290Cys,0.71224914190133,0.0335773662913682,E290C,E290C,0.9668,pathogenic,0.10155286464226038,0.03320000000000001,False,290,False,False
urn:mavedb:00000657-a-1#5676,,,p.Glu290Asp,0.96533231595851,0.0502073635663559,E290D,E290D,0.7988,pathogenic,0.17845680044152984,0.20120000000000005,True,290,False,True
urn:mavedb:00000657-a-1#5677,,,p.Glu290Phe,0.412163656272076,0.0471072085209948,E290F,E290F,0.9839,pathogenic,0.09678717017521207,0.016100000000000003,False,290,False,False
urn:mavedb:00000657-a-1#5678,,,p.Glu290Gly,1.00657724366384,0.0299612280173315,E290G,E290G,0.631,pathogenic,0.331725372455237,0.369,True,290,False,True
urn:mavedb:00000657-a-1#5679,,,p.Glu290His,0.790071518377278,0.0322242429509099,E290H,E290H,0.9226,pathogenic,0.11605987986468609,0.07740000000000002,False,290,False,False
urn:mavedb:00000657-a-1#5680,,,p.Glu290Ile,0.437012165019981,0.0605886387663532,E290I,E290I,0.9509,pathogenic,0.10638991884757953,0.04910000000000003,False,290,False,False
urn:mavedb:00000657-a-1#5681,,,p.Glu290Lys,0.819588314622257,0.03007913209548,E290K,E290K,0.6784,pathogenic,0.27979432040821467,0.3216,True,290,False,True
urn:mavedb:00000657-a-1#5682,,,p.Glu290Leu,0.555348347837475,0.0333903674008955,E290L,E290L,0.9413,pathogenic,0.1095122613583239,0.058699999999999974,False,290,False,False
urn:mavedb:00000657-a-1#5683,,,p.Glu290Met,0.680378393978998,0.0520626128092783,E290M,E290M,0.96,pathogenic,0.10357192937885137,0.040000000000000036,False,290,False,False
urn:mavedb:00000657-a-1#5684,,,p.Glu290Asn,0.901623678697866,0.0532193308778233,E290N,E290N,0.9234,pathogenic,0.11576666758396173,0.0766,True,290,False,True
urn:mavedb:00000657-a-1#5685,,,p.Glu290Pro,0.851564119276398,0.0367072376094986,E290P,E290P,0.9344,pathogenic,0.11185489517407135,0.06559999999999999,True,290,False,True
urn:mavedb:00000657-a-1#5686,,,p.Glu290Gln,0.889315072725295,0.027828330081177,E290Q,E290Q,0.5526,ambiguous,0.4295735908107273,0.4474,False,290,False,False
urn:mavedb:00000657-a-1#5687,,,p.Glu290Arg,0.7133966202787,0.0396421205131192,E290R,E290R,0.7321,pathogenic,0.22909370543407548,0.2679,False,290,False,False
urn:mavedb:00000657-a-1#5688,,,p.Glu290Ser,0.872197298633936,0.0300816294966591,E290S,E290S,0.8353,pathogenic,0.15617259864316949,0.16469999999999996,True,290,False,True
urn:mavedb:00000657-a-1#5689,,,p.Glu290Thr,0.789117486908313,0.0387479671349916,E290T,E290T,0.9003,pathogenic,0.12473198639542424,0.09970000000000001,False,290,False,False
urn:mavedb:00000657-a-1#5690,,,p.Glu290Val,0.615371147401769,0.0307242468323854,E290V,E290V,0.885,pathogenic,0.13126833023262785,0.11499999999999999,False,290,False,False
urn:mavedb:00000657-a-1#5691,,,p.Glu290Trp,0.430008604688839,0.0201218554273856,E290W,E290W,0.9926,pathogenic,0.09452525567163575,0.007399999999999962,False,290,False,False
urn:mavedb:00000657-a-1#5692,,,p.Glu290Tyr,0.505135058423299,0.0337742223766302,E290Y,E290Y,0.9644,pathogenic,0.10225718068024822,0.035599999999999965,False,290,False,False
urn:mavedb:00000657-a-1#5694,,,p.Lys291Ala,0.744991386944371,0.0284158441594684,K291A,K291A,0.9066,pathogenic,0.12218217369207786,0.09340000000000004,False,291,False,False
urn:mavedb:00000657-a-1#5695,,,p.Lys291Cys,0.656529129968909,0.0215875165347001,K291C,K291C,0.9577,pathogenic,0.104271457101869,0.042300000000000004,False,291,False,False
urn:mavedb:00000657-a-1#5696,,,p.Lys291Asp,0.719664147323783,0.0217454188186261,K291D,K291D,0.9335,pathogenic,0.11216668079039505,0.0665,False,291,False,False
urn:mavedb:00000657-a-1#5697,,,p.Lys291Glu,0.722871757646089,0.0333362314789318,K291E,K291E,0.7637,pathogenic,0.2034357205945886,0.23629999999999995,False,291,False,False
urn:mavedb:00000657-a-1#5698,,,p.Lys291Phe,0.22619192734222,0.0405734408191508,K291F,K291F,0.9822,pathogenic,0.09724166317586556,0.017800000000000038,False,291,False,False
urn:mavedb:00000657-a-1#5699,,,p.Lys291Gly,0.891843699577295,0.0294071288215017,K291G,K291G,0.8668,pathogenic,0.1397108046705287,0.13319999999999999,True,291,False,True
urn:mavedb:00000657-a-1#5700,,,p.Lys291His,0.823269776582062,0.0267475513849732,K291H,K291H,0.8012,pathogenic,0.17687918451631185,0.19879999999999998,True,291,False,True
urn:mavedb:00000657-a-1#5701,,,p.Lys291Ile,0.021191350497592,0.0244701519350924,K291I,K291I,0.9404,pathogenic,0.10981308138234014,0.059599999999999986,False,291,False,False
urn:mavedb:00000657-a-1#5702,,,p.Lys291Leu,0.0253355853587596,0.0194936453877534,K291L,K291L,0.8725,pathogenic,0.13698608984743188,0.12749999999999995,False,291,False,False
urn:mavedb:00000657-a-1#5703,,,p.Lys291Met,0.385238426845287,0.045218188544026,K291M,K291M,0.8027,pathogenic,0.17590142108735968,0.19730000000000003,False,291,False,False
urn:mavedb:00000657-a-1#5704,,,p.Lys291Asn,0.885111457481339,0.0259159981400408,K291N,K291N,0.8644,pathogenic,0.14088059499330885,0.13560000000000005,True,291,False,True
urn:mavedb:00000657-a-1#5705,,,p.Lys291Pro,0.645674608899089,0.04426059589119,K291P,K291P,0.9865,pathogenic,0.09610004990193693,0.013499999999999956,False,291,False,False
urn:mavedb:00000657-a-1#5706,,,p.Lys291Gln,0.887825921532609,0.0254547742210868,K291Q,K291Q,0.5924,pathogenic,0.378359761227054,0.40759999999999996,False,291,False,True
urn:mavedb:00000657-a-1#5707,,,p.Lys291Arg,1.02893820266995,0.0146210833678261,K291R,K291R,0.2155,benign,0.8118020889081483,0.7845,False,291,False,False
urn:mavedb:00000657-a-1#5708,,,p.Lys291Ser,0.806112345324685,0.0293557959326909,K291S,K291S,0.9084,pathogenic,0.12146837259009277,0.09160000000000001,True,291,False,True
urn:mavedb:00000657-a-1#5709,,,p.Lys291Thr,0.747119627478103,0.0238656120620551,K291T,K291T,0.8253,pathogenic,0.1619214972057142,0.17469999999999997,False,291,False,False
urn:mavedb:00000657-a-1#5710,,,p.Lys291Val,0.427475515428972,0.0375508547007006,K291V,K291V,0.9234,pathogenic,0.11576666758396173,0.0766,False,291,False,False
urn:mavedb:00000657-a-1#5711,,,p.Lys291Trp,0.066936534490538,0.0310945936842509,K291W,K291W,0.9698,pathogenic,0.10068500638056804,0.030200000000000005,False,291,False,False
urn:mavedb:00000657-a-1#5712,,,p.Lys291Tyr,0.402741155126496,0.024261511352095,K291Y,K291Y,0.9342,pathogenic,0.11192405546154104,0.06579999999999997,False,291,False,False
urn:mavedb:00000657-a-1#5714,,,p.Lys292Ala,0.826898037431993,0.0377318847981735,K292A,K292A,0.2734,benign,0.7661252115899514,0.7266,False,292,False,False
urn:mavedb:00000657-a-1#5715,,,p.Lys292Cys,0.675124384616769,0.0220967401707247,K292C,K292C,0.4396,ambiguous,0.5806591537793203,0.5604,False,292,False,False
urn:mavedb:00000657-a-1#5716,,,p.Lys292Asp,0.497303587010198,0.0400859262878101,K292D,K292D,0.2774,benign,0.7625888886264074,0.7226,False,292,False,False
urn:mavedb:00000657-a-1#5717,,,p.Lys292Glu,0.501692598935218,0.0517090724765595,K292E,K292E,0.1076,benign,0.8719549953226675,0.8924,False,292,False,False
urn:mavedb:00000657-a-1#5718,,,p.Lys292Phe,0.534011161932058,0.0625290526056531,K292F,K292F,0.6533,pathogenic,0.30649878268714165,0.3467,False,292,False,False
urn:mavedb:00000657-a-1#5719,,,p.Lys292Gly,1.11666572568075,0.0333887386910323,K292G,K292G,0.1381,benign,0.8578864945399947,0.8619,False,292,False,False
urn:mavedb:00000657-a-1#5720,,,p.Lys292His,0.771732109380193,0.0277219471767943,K292H,K292H,0.1978,benign,0.8237733607769459,0.8022,False,292,False,False
urn:mavedb:00000657-a-1#5721,,,p.Lys292Ile,0.306364792289715,0.043693946145844,K292I,K292I,0.5709,pathogenic,0.4057027721375404,0.42910000000000004,False,292,False,False
urn:mavedb:00000657-a-1#5722,,,p.Lys292Leu,0.382334817902382,0.0301812057752035,K292L,K292L,0.3562,ambiguous,0.6829207901947779,0.6437999999999999,False,292,False,False
urn:mavedb:00000657-a-1#5723,,,p.Lys292Met,0.5938139758542,0.0311503092758162,K292M,K292M,0.2053,benign,0.8188103125807957,0.7947,False,292,False,False
urn:mavedb:00000657-a-1#5724,,,p.Lys292Asn,0.825525512685866,0.0367249329622159,K292N,K292N,0.1717,benign,0.8398306666265838,0.8283,False,292,False,False
urn:mavedb:00000657-a-1#5725,,,p.Lys292Pro,0.323667489007945,0.0473165272738182,K292P,K292P,0.8582,pathogenic,0.1439654033848157,0.14180000000000004,False,292,False,False
urn:mavedb:00000657-a-1#5726,,,p.Lys292Gln,0.829368295794719,0.0434039225843077,K292Q,K292Q,0.0959,benign,0.8768156395296189,0.9041,False,292,False,False
urn:mavedb:00000657-a-1#5727,,,p.Lys292Arg,0.900281872535408,0.0343643448024413,K292R,K292R,0.0808,benign,0.8826804954477633,0.9192,False,292,False,False
urn:mavedb:00000657-a-1#5728,,,p.Lys292Ser,0.76312824025981,0.0270126203327835,K292S,K292S,0.2486,benign,0.7869415692860483,0.7514000000000001,False,292,False,False
urn:mavedb:00000657-a-1#5729,,,p.Lys292Thr,0.694106818834166,0.0428460029017168,K292T,K292T,0.2286,benign,0.802355303217987,0.7714,False,292,False,False
urn:mavedb:00000657-a-1#5730,,,p.Lys292Val,0.478168695885383,0.0508088135342676,K292V,K292V,0.4782,ambiguous,0.529388112722376,0.5218,False,292,False,False
urn:mavedb:00000657-a-1#5731,,,p.Lys292Trp,0.371391727249326,0.0288931036227572,K292W,K292W,0.6347,pathogenic,0.32744677762992375,0.36529999999999996,False,292,False,False
urn:mavedb:00000657-a-1#5732,,,p.Lys292Tyr,0.291834495268925,0.0392902310735672,K292Y,K292Y,0.4119,ambiguous,0.6162408725405437,0.5881000000000001,False,292,False,False
urn:mavedb:00000657-a-1#5734,,,p.Glu293Ala,1.02117544542481,0.0470835325706981,E293A,E293A,0.2438,benign,0.7907515870085077,0.7562,False,293,False,False
urn:mavedb:00000657-a-1#5735,,,p.Glu293Cys,1.06915942820067,0.0382736831441581,E293C,E293C,0.8302,pathogenic,0.15907187778539103,0.16979999999999995,True,293,False,True
urn:mavedb:00000657-a-1#5736,,,p.Glu293Asp,0.533916273736004,0.0234607617171404,E293D,E293D,0.6373,pathogenic,0.3244618591426243,0.3627,False,293,False,False
urn:mavedb:00000657-a-1#5737,,,p.Glu293Phe,0.570791055100042,0.0385713940054857,E293F,E293F,0.84,pathogenic,0.15356005884099483,0.16000000000000003,False,293,False,False
urn:mavedb:00000657-a-1#5738,,,p.Glu293Gly,0.770319604547286,0.0375245983452744,E293G,E293G,0.4422,ambiguous,0.5772572354927384,0.5578000000000001,False,293,False,False
urn:mavedb:00000657-a-1#5739,,,p.Glu293His,1.07458507128468,0.0329281915892791,E293H,E293H,0.7719,pathogenic,0.1972747989592777,0.22809999999999997,True,293,False,True
urn:mavedb:00000657-a-1#5740,,,p.Glu293Ile,1.11506551918784,0.0369232514182034,E293I,E293I,0.3029,benign,0.7388734717460727,0.6971,False,293,False,False
urn:mavedb:00000657-a-1#5741,,,p.Glu293Lys,0.993000213068369,0.0400066240134869,E293K,E293K,0.4653,ambiguous,0.546676513516583,0.5347,False,293,False,False
urn:mavedb:00000657-a-1#5742,,,p.Glu293Leu,0.969224760066621,0.0326580018925878,E293L,E293L,0.4767,ambiguous,0.5314038701112845,0.5233,False,293,False,False
urn:mavedb:00000657-a-1#5743,,,p.Glu293Met,1.07039253053492,0.0293441793380659,E293M,E293M,0.4703,ambiguous,0.5399892336552238,0.5297000000000001,False,293,False,False
urn:mavedb:00000657-a-1#5744,,,p.Glu293Asn,0.775250203856101,0.030153043174511,E293N,E293N,0.6594,pathogenic,0.299839598146255,0.3406,False,293,False,False
urn:mavedb:00000657-a-1#5745,,,p.Glu293Pro,0.768463176411671,0.0342615774423912,E293P,E293P,0.9758,pathogenic,0.09899035593727232,0.0242,False,293,False,False
urn:mavedb:00000657-a-1#5746,,,p.Glu293Gln,1.12218174317147,0.0323022888513689,E293Q,E293Q,0.2027,benign,0.8205489094896418,0.7973,False,293,False,False
urn:mavedb:00000657-a-1#5747,,,p.Glu293Arg,0.837019869494931,0.033770541703814,E293R,E293R,0.6057,pathogenic,0.3619029303467671,0.3943,True,293,False,True
urn:mavedb:00000657-a-1#5748,,,p.Glu293Ser,0.989443085809595,0.0131063910732549,E293S,E293S,0.4769,ambiguous,0.5311351738301346,0.5231,False,293,False,False
urn:mavedb:00000657-a-1#5749,,,p.Glu293Thr,1.01264233601335,0.0327769475419968,E293T,E293T,0.3404,ambiguous,0.7003769251266214,0.6596,False,293,False,False
urn:mavedb:00000657-a-1#5750,,,p.Glu293Val,1.11163760147918,0.0192845474295033,E293V,E293V,0.1943,benign,0.8260351758812318,0.8057,False,293,False,False
urn:mavedb:00000657-a-1#5751,,,p.Glu293Trp,0.775764049471677,0.0383771932424618,E293W,E293W,0.9475,pathogenic,0.10747786595301154,0.05249999999999999,False,293,False,False
urn:mavedb:00000657-a-1#5752,,,p.Glu293Tyr,0.401531487114209,0.0310645773688575,E293Y,E293Y,0.7651,pathogenic,0.2023695480949932,0.2349,False,293,False,False
urn:mavedb:00000657-a-1#5754,,,p.Ala294Cys,-0.0024409539299091,0.0187527696153587,A294C,A294C,0.9366,pathogenic,0.1110988406769853,0.06340000000000001,False,294,False,False
urn:mavedb:00000657-a-1#5755,,,p.Ala294Asp,0.0518032103249391,0.0443269034698633,A294D,A294D,0.9848,pathogenic,0.09654823232947221,0.015199999999999991,False,294,False,False
urn:mavedb:00000657-a-1#5756,,,p.Ala294Glu,0.0649120852903916,0.0628109818861537,A294E,A294E,0.9875,pathogenic,0.09583832322764917,0.012499999999999956,False,294,False,False
urn:mavedb:00000657-a-1#5757,,,p.Ala294Phe,0.0107278009929096,0.0350967142201542,A294F,A294F,0.9771,pathogenic,0.09863028486008125,0.02290000000000003,False,294,False,False
urn:mavedb:00000657-a-1#5758,,,p.Ala294Gly,0.10020932121603,0.0316121162989655,A294G,A294G,0.4268,ambiguous,0.5972615512340261,0.5731999999999999,False,294,False,False
urn:mavedb:00000657-a-1#5759,,,p.Ala294His,-0.0084757543794875,0.0262015059354573,A294H,A294H,0.9947,pathogenic,0.09399500946305066,0.005299999999999971,False,294,False,False
urn:mavedb:00000657-a-1#5760,,,p.Ala294Ile,0.0479874271472874,0.0991056746482446,A294I,A294I,0.9539,pathogenic,0.1054459533409999,0.04610000000000003,False,294,False,False
urn:mavedb:00000657-a-1#5761,,,p.Ala294Lys,0.0222670256733737,0.069904461555531,A294K,A294K,0.9958,pathogenic,0.09371965733821497,0.0041999999999999815,False,294,False,False
urn:mavedb:00000657-a-1#5762,,,p.Ala294Leu,0.0451239081820963,0.10444398820394,A294L,A294L,0.9023,pathogenic,0.12391377130712321,0.09770000000000001,False,294,False,False
urn:mavedb:00000657-a-1#5763,,,p.Ala294Met,0.0145601464191967,0.0272098358699671,A294M,A294M,0.9551,pathogenic,0.10507251684716261,0.04490000000000005,False,294,False,False
urn:mavedb:00000657-a-1#5764,,,p.Ala294Asn,0.013134648148102,0.0459382619770814,A294N,A294N,0.9824,pathogenic,0.09718797771583838,0.01759999999999995,False,294,False,False
urn:mavedb:00000657-a-1#5765,,,p.Ala294Pro,0.0184775438817983,0.0448523304533454,A294P,A294P,0.9664,pathogenic,0.10166962833150102,0.03359999999999996,False,294,False,False
urn:mavedb:00000657-a-1#5766,,,p.Ala294Gln,0.0395069342595718,0.0598455675519132,A294Q,A294Q,0.986,pathogenic,0.0962314428030489,0.014000000000000012,False,294,False,False
urn:mavedb:00000657-a-1#5767,,,p.Ala294Arg,0.0544665419010052,0.07368194455939,A294R,A294R,0.9809,pathogenic,0.09759202729582503,0.019100000000000006,False,294,False,False
urn:mavedb:00000657-a-1#5768,,,p.Ala294Ser,-0.0062047870319419,0.0188346467837993,A294S,A294S,0.5221,ambiguous,0.47020863841028626,0.4779,False,294,False,False
urn:mavedb:00000657-a-1#5769,,,p.Ala294Thr,0.0448627041715759,0.124958852100401,A294T,A294T,0.8733,pathogenic,0.13660964126374142,0.12670000000000003,False,294,False,False
urn:mavedb:00000657-a-1#5770,,,p.Ala294Val,0.0700148008190295,0.0977515944188321,A294V,A294V,0.8521,pathogenic,0.14709036764996483,0.14790000000000003,False,294,False,False
urn:mavedb:00000657-a-1#5771,,,p.Ala294Trp,0.0435492509848639,0.0304110555572267,A294W,A294W,0.9975,pathogenic,0.09329732774498546,0.0024999999999999467,False,294,False,False
urn:mavedb:00000657-a-1#5772,,,p.Ala294Tyr,0.0024093188813004,0.0470663693844085,A294Y,A294Y,0.9837,pathogenic,0.09684042468450962,0.01629999999999998,False,294,False,False
urn:mavedb:00000657-a-1#5774,,,p.Phe295Ala,-0.0132454605489741,0.0413096112849158,F295A,F295A,0.9366,pathogenic,0.1110988406769853,0.06340000000000001,False,295,False,False
urn:mavedb:00000657-a-1#5775,,,p.Phe295Cys,-0.0050753813911731,0.023662830572223,F295C,F295C,0.6746,pathogenic,0.28371760964709536,0.3254,False,295,False,False
urn:mavedb:00000657-a-1#5776,,,p.Phe295Asp,0.025317681335603,0.091014184034788,F295D,F295D,0.997,pathogenic,0.09342113862077622,0.0030000000000000027,False,295,False,False
urn:mavedb:00000657-a-1#5777,,,p.Phe295Glu,0.0425991778409796,0.0684753602116803,F295E,F295E,0.9978,pathogenic,0.09322320218636365,0.0021999999999999797,False,295,False,False
urn:mavedb:00000657-a-1#5778,,,p.Phe295Gly,0.0598478608363806,0.148137671639854,F295G,F295G,0.9699,pathogenic,0.10065631566193772,0.030100000000000016,False,295,False,False
urn:mavedb:00000657-a-1#5779,,,p.Phe295His,-0.0089535817590063,0.0477835255598254,F295H,F295H,0.9757,pathogenic,0.09901815754582616,0.02429999999999999,False,295,False,False
urn:mavedb:00000657-a-1#5780,,,p.Phe295Ile,0.0353400346176763,0.0553443054663063,F295I,F295I,0.7904,pathogenic,0.1841075117926051,0.2096,False,295,False,False
urn:mavedb:00000657-a-1#5781,,,p.Phe295Lys,0.049916054694802,0.0920042861431024,F295K,F295K,0.9973,pathogenic,0.09334681182129634,0.0027000000000000357,False,295,False,False
urn:mavedb:00000657-a-1#5782,,,p.Phe295Leu,0.213327624877051,0.0461991693234393,F295L,F295L,0.9341,pathogenic,0.11195866245477758,0.06589999999999996,False,295,False,False
urn:mavedb:00000657-a-1#5783,,,p.Phe295Met,0.251264243448443,0.0483404541937582,F295M,F295M,0.7741,pathogenic,0.19565610013072693,0.2259,False,295,False,False
urn:mavedb:00000657-a-1#5784,,,p.Phe295Asn,-0.0123234338612094,0.0254548060555422,F295N,F295N,0.9863,pathogenic,0.09615256461697061,0.013700000000000045,False,295,False,False
urn:mavedb:00000657-a-1#5785,,,p.Phe295Pro,0.0965030932686355,0.147372758973657,F295P,F295P,0.999,pathogenic,0.09292790333374308,0.0010000000000000009,False,295,False,False
urn:mavedb:00000657-a-1#5786,,,p.Phe295Gln,0.0359162305282946,0.0537138085044501,F295Q,F295Q,0.9927,pathogenic,0.09449986904701288,0.007299999999999973,False,295,False,False
urn:mavedb:00000657-a-1#5787,,,p.Phe295Arg,0.0035510724234958,0.0633608084800262,F295R,F295R,0.9898,pathogenic,0.09524167898920818,0.010199999999999987,False,295,False,False
urn:mavedb:00000657-a-1#5788,,,p.Phe295Ser,0.0110601697198886,0.062331346725773,F295S,F295S,0.9281,pathogenic,0.1140681339364332,0.07189999999999996,False,295,False,False
urn:mavedb:00000657-a-1#5789,,,p.Phe295Thr,-0.0198878634652747,0.02670388049035,F295T,F295T,0.9502,pathogenic,0.10661232553310919,0.049799999999999955,False,295,False,False
urn:mavedb:00000657-a-1#5790,,,p.Phe295Val,0.003446337037784,0.0327505827126802,F295V,F295V,0.6571,pathogenic,0.3023379086022975,0.3429,False,295,False,False
urn:mavedb:00000657-a-1#5791,,,p.Phe295Trp,-0.0112232926182266,0.0130479490633619,F295W,F295W,0.8467,pathogenic,0.1499326013655156,0.1533,False,295,False,False
urn:mavedb:00000657-a-1#5792,,,p.Phe295Tyr,0.0146957654414383,0.0146918538612885,F295Y,F295Y,0.599,pathogenic,0.37014583622018554,0.401,False,295,False,False
urn:mavedb:00000657-a-1#5794,,,p.Ala296Cys,1.00838332560231,0.0170566895983948,A296C,A296C,0.3851,ambiguous,0.6492500964281354,0.6149,False,296,False,False
urn:mavedb:00000657-a-1#5795,,,p.Ala296Asp,0.387531657380764,0.0267445465586623,A296D,A296D,0.8587,pathogenic,0.14371323828556054,0.14129999999999998,False,296,False,False
urn:mavedb:00000657-a-1#5796,,,p.Ala296Glu,0.441629208295141,0.0316178778369536,A296E,A296E,0.7338,pathogenic,0.22763495267981282,0.2662,False,296,False,False
urn:mavedb:00000657-a-1#5797,,,p.Ala296Phe,0.536869308384204,0.0344468818684742,A296F,A296F,0.5061,ambiguous,0.49176591914992446,0.4939,False,296,False,False
urn:mavedb:00000657-a-1#5798,,,p.Ala296Gly,0.458224298177148,0.0325281376445027,A296G,A296G,0.2865,benign,0.7543579554203983,0.7135,False,296,False,False
urn:mavedb:00000657-a-1#5799,,,p.Ala296His,1.07895835342732,0.0358969164985614,A296H,A296H,0.7322,pathogenic,0.22900764779265204,0.26780000000000004,True,296,False,True
urn:mavedb:00000657-a-1#5800,,,p.Ala296Ile,0.493775843633643,0.0437655655239687,A296I,A296I,0.3675,ambiguous,0.6700135261792591,0.6325000000000001,False,296,False,False
urn:mavedb:00000657-a-1#5801,,,p.Ala296Lys,0.757187618990907,0.0348587572043712,A296K,A296K,0.8794,pathogenic,0.13378680897907547,0.12060000000000004,False,296,False,False
urn:mavedb:00000657-a-1#5802,,,p.Ala296Leu,0.495113215607769,0.0465382205891185,A296L,A296L,0.338,benign,0.7029661646092116,0.6619999999999999,False,296,False,False
urn:mavedb:00000657-a-1#5803,,,p.Ala296Met,0.924991388824646,0.0342437472621577,A296M,A296M,0.4723,ambiguous,0.5373091586782311,0.5277000000000001,False,296,False,False
urn:mavedb:00000657-a-1#5804,,,p.Ala296Asn,0.575656759762708,0.0673444062318667,A296N,A296N,0.6965,pathogenic,0.2617088418801228,0.3035,False,296,False,False
urn:mavedb:00000657-a-1#5805,,,p.Ala296Pro,0.0485010530245317,0.0457866458244644,A296P,A296P,0.9313,pathogenic,0.11293495774039944,0.06869999999999998,False,296,False,False
urn:mavedb:00000657-a-1#5806,,,p.Ala296Gln,0.92260768177057,0.032798038874729,A296Q,A296Q,0.6428,pathogenic,0.31820751558763877,0.35719999999999996,True,296,False,True
urn:mavedb:00000657-a-1#5807,,,p.Ala296Arg,0.879033148773033,0.0433462717725656,A296R,A296R,0.7609,pathogenic,0.2055858324827134,0.23909999999999998,True,296,False,True
urn:mavedb:00000657-a-1#5808,,,p.Ala296Ser,0.87874298546616,0.0388989750563505,A296S,A296S,0.1566,benign,0.8482948432778594,0.8434,False,296,False,False
urn:mavedb:00000657-a-1#5809,,,p.Ala296Thr,1.11121080132904,0.031342025283005,A296T,A296T,0.1806,benign,0.834562803943735,0.8194,False,296,False,False
urn:mavedb:00000657-a-1#5810,,,p.Ala296Val,0.960637829829405,0.0333034645396047,A296V,A296V,0.1862,benign,0.831139168383656,0.8138,False,296,False,False
urn:mavedb:00000657-a-1#5811,,,p.Ala296Trp,0.379702078680342,0.0376704236881251,A296W,A296W,0.8447,pathogenic,0.1510036251388544,0.1553,False,296,False,False
urn:mavedb:00000657-a-1#5812,,,p.Ala296Tyr,0.508543489323672,0.0397227215871937,A296Y,A296Y,0.6672,pathogenic,0.29148145571090817,0.3328,False,296,False,False
urn:mavedb:00000657-a-1#5814,,,p.Lys297Ala,0.99965698770913,0.0836654680151152,K297A,K297A,0.3064,benign,0.7354609894474438,0.6936,False,297,False,False
urn:mavedb:00000657-a-1#5815,,,p.Lys297Cys,0.827265822279088,0.192777191265189,K297C,K297C,0.6208,pathogenic,0.34370318051736554,0.3792,True,297,False,True
urn:mavedb:00000657-a-1#5816,,,p.Lys297Asp,0.019902044498093,0.122668317612347,K297D,K297D,0.883,pathogenic,0.13215986209082176,0.11699999999999999,False,297,False,False
urn:mavedb:00000657-a-1#5817,,,p.Lys297Glu,0.0089127561750122,0.0660324624808634,K297E,K297E,0.2733,benign,0.7662129809300663,0.7267,False,297,False,False
urn:mavedb:00000657-a-1#5818,,,p.Lys297Phe,0.872008939990864,0.132840574989953,K297F,K297F,0.7281,pathogenic,0.23256151849937506,0.27190000000000003,True,297,False,True
urn:mavedb:00000657-a-1#5819,,,p.Lys297Gly,-0.0099138124690808,0.0276691663560302,K297G,K297G,0.5717,pathogenic,0.40467071698373913,0.4283,False,297,False,False
urn:mavedb:00000657-a-1#5820,,,p.Lys297His,0.041867797436176,0.0288692985860122,K297H,K297H,0.5778,pathogenic,0.39683652782142537,0.4222,False,297,False,False
urn:mavedb:00000657-a-1#5821,,,p.Lys297Ile,1.12667433486694,0.0347726246539593,K297I,K297I,0.2422,benign,0.7920059646002523,0.7578,False,297,False,False
urn:mavedb:00000657-a-1#5822,,,p.Lys297Leu,1.15604899771049,0.0234056126120331,K297L,K297L,0.2082,benign,0.8168483092464469,0.7918000000000001,False,297,False,False
urn:mavedb:00000657-a-1#5823,,,p.Lys297Met,1.04397850814217,0.0604324506038792,K297M,K297M,0.1541,benign,0.8496401868182376,0.8459,False,297,False,False
urn:mavedb:00000657-a-1#5824,,,p.Lys297Asn,0.276740761208251,0.0659417534783599,K297N,K297N,0.661,pathogenic,0.29811065411894117,0.33899999999999997,False,297,False,False
urn:mavedb:00000657-a-1#5825,,,p.Lys297Pro,-0.003075584134457,0.0296836124213937,K297P,K297P,0.8633,pathogenic,0.1414212607517899,0.13670000000000004,False,297,False,False
urn:mavedb:00000657-a-1#5826,,,p.Lys297Gln,0.200950784303428,0.0435603093477454,K297Q,K297Q,0.1797,benign,0.8351051203737778,0.8203,False,297,False,False
urn:mavedb:00000657-a-1#5827,,,p.Lys297Arg,0.0610037031092814,0.0425107308219559,K297R,K297R,0.104,benign,0.8734809019049729,0.896,False,297,False,False
urn:mavedb:00000657-a-1#5828,,,p.Lys297Ser,0.684162489770237,0.0934283939233511,K297S,K297S,0.5097,ambiguous,0.48690869507404466,0.49029999999999996,False,297,False,False
urn:mavedb:00000657-a-1#5829,,,p.Lys297Thr,0.910896405511287,0.0515539795311944,K297T,K297T,0.1171,benign,0.867795331167415,0.8829,False,297,False,False
urn:mavedb:00000657-a-1#5830,,,p.Lys297Val,1.07672380612678,0.0683291287851652,K297V,K297V,0.2048,benign,0.8191461553770647,0.7952,False,297,False,False
urn:mavedb:00000657-a-1#5831,,,p.Lys297Trp,0.0326225863694375,0.0674939441706935,K297W,K297W,0.8272,pathogenic,0.16080903611457703,0.17279999999999995,False,297,False,False
urn:mavedb:00000657-a-1#5832,,,p.Lys297Tyr,0.390921490534219,0.058442537885064,K297Y,K297Y,0.6775,pathogenic,0.28071959741936403,0.3225,False,297,False,False
urn:mavedb:00000657-a-1#5834,,,p.Thr298Ala,1.04698877688365,0.0962519572717882,T298A,T298A,0.1576,benign,0.8477523138230635,0.8424,False,298,False,False
urn:mavedb:00000657-a-1#5835,,,p.Thr298Cys,1.0754993446166,0.0319216389018509,T298C,T298C,0.554,ambiguous,0.4277311049397663,0.44599999999999995,False,298,False,False
urn:mavedb:00000657-a-1#5836,,,p.Thr298Asp,0.0733641392735514,0.166074095153259,T298D,T298D,0.9513,pathogenic,0.10626319564311495,0.048699999999999966,False,298,False,False
urn:mavedb:00000657-a-1#5837,,,p.Thr298Glu,-0.0223454765758141,0.0239681322607405,T298E,T298E,0.9438,pathogenic,0.10868401180998888,0.05620000000000003,False,298,False,False
urn:mavedb:00000657-a-1#5838,,,p.Thr298Phe,0.0711209693466457,0.0651882543054648,T298F,T298F,0.944,pathogenic,0.10861821708340635,0.05600000000000005,False,298,False,False
urn:mavedb:00000657-a-1#5839,,,p.Thr298Gly,0.200481492381027,0.0309643582037827,T298G,T298G,0.3756,ambiguous,0.660554394560034,0.6244000000000001,False,298,False,False
urn:mavedb:00000657-a-1#5840,,,p.Thr298His,0.101512382646537,0.0979898349619306,T298H,T298H,0.9392,pathogenic,0.11021637185778743,0.060799999999999965,False,298,False,False
urn:mavedb:00000657-a-1#5841,,,p.Thr298Ile,-0.0162462921707239,0.0200558406397659,T298I,T298I,0.9038,pathogenic,0.12330547165847233,0.09619999999999995,False,298,False,False
urn:mavedb:00000657-a-1#5842,,,p.Thr298Lys,0.0307287348399799,0.0736308780917556,T298K,T298K,0.9492,pathogenic,0.1069314691406063,0.050799999999999956,False,298,False,False
urn:mavedb:00000657-a-1#5843,,,p.Thr298Leu,-0.0157370860806095,0.0226787179853222,T298L,T298L,0.6315,pathogenic,0.33114508621620525,0.36850000000000005,False,298,False,False
urn:mavedb:00000657-a-1#5844,,,p.Thr298Met,0.111955480663208,0.0396281959130107,T298M,T298M,0.3397,benign,0.7011338453004681,0.6603,False,298,False,False
urn:mavedb:00000657-a-1#5845,,,p.Thr298Asn,0.0149392860270691,0.0396721646735794,T298N,T298N,0.6885,pathogenic,0.26957894149845535,0.3115,False,298,False,False
urn:mavedb:00000657-a-1#5846,,,p.Thr298Pro,-0.0040168554282206,0.0430941101161728,T298P,T298P,0.9312,pathogenic,0.11297008723965336,0.06879999999999997,False,298,False,False
urn:mavedb:00000657-a-1#5847,,,p.Thr298Gln,-0.0122566959145798,0.0414852138026079,T298Q,T298Q,0.9014,pathogenic,0.12428095386020524,0.09860000000000002,False,298,False,False
urn:mavedb:00000657-a-1#5848,,,p.Thr298Arg,0.0264863723482116,0.0554598522213066,T298R,T298R,0.9349,pathogenic,0.11168230734192064,0.06510000000000005,False,298,False,False
urn:mavedb:00000657-a-1#5849,,,p.Thr298Ser,0.917848540000136,0.0228105977241998,T298S,T298S,0.2317,benign,0.8000452554830938,0.7683,False,298,False,False
urn:mavedb:00000657-a-1#5850,,,p.Thr298Val,-0.0059848714501564,0.022564100158681,T298V,T298V,0.6588,pathogenic,0.30048986132584715,0.34119999999999995,False,298,False,False
urn:mavedb:00000657-a-1#5851,,,p.Thr298Trp,-0.0202491414184657,0.0239843153226429,T298W,T298W,0.9914,pathogenic,0.09483096787326936,0.008600000000000052,False,298,False,False
urn:mavedb:00000657-a-1#5852,,,p.Thr298Tyr,-0.0084862590297659,0.0270897172303321,T298Y,T298Y,0.9607,pathogenic,0.10336071144618,0.0393,False,298,False,False
urn:mavedb:00000657-a-1#5854,,,p.Thr299Ala,0.891387032891977,0.0290260583698371,T299A,T299A,0.0683,benign,0.8872053790817922,0.9317,False,299,False,False
urn:mavedb:00000657-a-1#5855,,,p.Thr299Cys,0.927576300002375,0.0243262789432822,T299C,T299C,0.2078,benign,0.817120364978604,0.7922,False,299,False,False
urn:mavedb:00000657-a-1#5856,,,p.Thr299Asp,0.380191419865992,0.0365272334422064,T299D,T299D,0.2372,benign,0.7958757581645988,0.7628,False,299,False,False
urn:mavedb:00000657-a-1#5857,,,p.Thr299Glu,0.958154104773293,0.031446597916448,T299E,T299E,0.1069,benign,0.8722538403978666,0.8931,False,299,False,False
urn:mavedb:00000657-a-1#5858,,,p.Thr299Phe,0.702595670337555,0.0410046434870856,T299F,T299F,0.1462,benign,0.8537895928292651,0.8538,False,299,False,False
urn:mavedb:00000657-a-1#5859,,,p.Thr299Gly,0.241916320009769,0.0302652475319191,T299G,T299G,0.2039,benign,0.8197488741691953,0.7961,False,299,False,False
urn:mavedb:00000657-a-1#5860,,,p.Thr299His,0.886653708795845,0.0467082411444961,T299H,T299H,0.1452,benign,0.8543039309963515,0.8548,False,299,False,False
urn:mavedb:00000657-a-1#5861,,,p.Thr299Ile,1.0725959242078,0.0385976804097742,T299I,T299I,0.0815,benign,0.8824184348548791,0.9185,False,299,False,False
urn:mavedb:00000657-a-1#5862,,,p.Thr299Lys,0.958553061809188,0.0325972074869285,T299K,T299K,0.0832,benign,0.8817780955331757,0.9168000000000001,False,299,False,False
urn:mavedb:00000657-a-1#5863,,,p.Thr299Leu,1.00915578491743,0.028546329237156,T299L,T299L,0.0709,benign,0.8862879926894768,0.9291,False,299,False,False
urn:mavedb:00000657-a-1#5864,,,p.Thr299Met,1.02478755328576,0.0370966931633328,T299M,T299M,0.0748,benign,0.8848886813184728,0.9252,False,299,False,False
urn:mavedb:00000657-a-1#5865,,,p.Thr299Asn,0.486813626176951,0.0210088731889062,T299N,T299N,0.1068,benign,0.8722964478749297,0.8932,False,299,False,False
urn:mavedb:00000657-a-1#5866,,,p.Thr299Pro,0.0246053430287729,0.0426819073277858,T299P,T299P,0.4987,ambiguous,0.5017549911022041,0.5013000000000001,False,299,False,False
urn:mavedb:00000657-a-1#5867,,,p.Thr299Gln,1.01547038235784,0.0422199368015386,T299Q,T299Q,0.1031,benign,0.873858127763864,0.8969,False,299,False,False
urn:mavedb:00000657-a-1#5868,,,p.Thr299Arg,0.8967735100119,0.0246151086214232,T299R,T299R,0.0664,benign,0.8878680337772601,0.9336,False,299,False,False
urn:mavedb:00000657-a-1#5869,,,p.Thr299Ser,0.724651637345076,0.0385170076026105,T299S,T299S,0.0956,benign,0.8769365683088692,0.9044,False,299,False,False
urn:mavedb:00000657-a-1#5870,,,p.Thr299Val,1.10663760179132,0.0265813510717869,T299V,T299V,0.0755,benign,0.8846345419396955,0.9245,False,299,False,False
urn:mavedb:00000657-a-1#5871,,,p.Thr299Trp,0.313382186749775,0.0401378687855084,T299W,T299W,0.3607,ambiguous,0.6778219197295215,0.6393,False,299,False,False
urn:mavedb:00000657-a-1#5872,,,p.Thr299Tyr,0.757826587058114,0.0339685927697065,T299Y,T299Y,0.1589,benign,0.8470432549070406,0.8411,False,299,False,False
urn:mavedb:00000657-a-1#5874,,,p.Lys300Ala,0.0228920033307503,0.0245271859307747,K300A,K300A,0.3229,benign,0.7188683855722718,0.6771,False,300,False,False
urn:mavedb:00000657-a-1#5875,,,p.Lys300Cys,0.283631611546035,0.0514441153459036,K300C,K300C,0.5341,ambiguous,0.4541249204627881,0.4659,False,300,False,False
urn:mavedb:00000657-a-1#5876,,,p.Lys300Asp,0.030426455888091,0.0810127681248699,K300D,K300D,0.8375,pathogenic,0.1549426722450254,0.16249999999999998,False,300,False,False
urn:mavedb:00000657-a-1#5877,,,p.Lys300Glu,0.0241343142726477,0.0345130854537238,K300E,K300E,0.2365,benign,0.7964114861688174,0.7635000000000001,False,300,False,False
urn:mavedb:00000657-a-1#5878,,,p.Lys300Phe,-0.0172626244937215,0.0142777968859721,K300F,K300F,0.6731,pathogenic,0.28527819365780155,0.32689999999999997,False,300,False,False
urn:mavedb:00000657-a-1#5879,,,p.Lys300Gly,0.0002228574073999,0.0553454268593879,K300G,K300G,0.5787,pathogenic,0.39568609892235623,0.4213,False,300,False,False
urn:mavedb:00000657-a-1#5880,,,p.Lys300His,-0.0071886841137605,0.0205718997267116,K300H,K300H,0.3434,ambiguous,0.6971169669796897,0.6566000000000001,False,300,False,False
urn:mavedb:00000657-a-1#5881,,,p.Lys300Ile,0.478693289740104,0.035673725130894,K300I,K300I,0.2296,benign,0.8016132679179307,0.7704,False,300,False,False
urn:mavedb:00000657-a-1#5882,,,p.Lys300Leu,0.614309828527149,0.0313048883666909,K300L,K300L,0.2331,benign,0.7989925671507445,0.7669,False,300,False,False
urn:mavedb:00000657-a-1#5883,,,p.Lys300Met,0.583884846090896,0.0487407746496533,K300M,K300M,0.2004,benign,0.822070880138474,0.7996,False,300,False,False
urn:mavedb:00000657-a-1#5884,,,p.Lys300Asn,-0.0051056932575313,0.0122943034900125,K300N,K300N,0.6298,pathogenic,0.333120714029834,0.3702,False,300,False,False
urn:mavedb:00000657-a-1#5885,,,p.Lys300Pro,0.386614039139156,0.0217457555092653,K300P,K300P,0.6558,pathogenic,0.3037567226515144,0.34419999999999995,False,300,False,False
urn:mavedb:00000657-a-1#5886,,,p.Lys300Gln,0.320421616714337,0.033762965345856,K300Q,K300Q,0.1488,benign,0.8524409122456188,0.8512,False,300,False,False
urn:mavedb:00000657-a-1#5887,,,p.Lys300Arg,0.875069344635668,0.0327844093481053,K300R,K300R,0.0772,benign,0.8840135358557173,0.9228,False,300,False,False
urn:mavedb:00000657-a-1#5888,,,p.Lys300Ser,-0.0069565298950106,0.0136065113153306,K300S,K300S,0.5363,ambiguous,0.451187805637953,0.4637,False,300,False,False
urn:mavedb:00000657-a-1#5889,,,p.Lys300Thr,0.0902377728580995,0.0300585415028619,K300T,K300T,0.2412,benign,0.7927859938830639,0.7588,False,300,False,False
urn:mavedb:00000657-a-1#5890,,,p.Lys300Val,0.354614203599575,0.0281210268095539,K300V,K300V,0.2092,benign,0.8161661560394523,0.7908,False,300,False,False
urn:mavedb:00000657-a-1#5891,,,p.Lys300Trp,-0.0093062958580435,0.0208885869786549,K300W,K300W,0.7595,pathogenic,0.20666979413760433,0.24050000000000005,False,300,False,False
urn:mavedb:00000657-a-1#5892,,,p.Lys300Tyr,-0.0094930490387195,0.0276140467145644,K300Y,K300Y,0.58,pathogenic,0.3940269127076759,0.42000000000000004,False,300,False,False
urn:mavedb:00000657-a-1#5894,,,p.Leu301Ala,0.578421881482846,0.118830518192186,L301A,L301A,0.1624,benign,0.845112938587731,0.8376,False,301,False,False
urn:mavedb:00000657-a-1#5895,,,p.Leu301Cys,0.886247453521074,0.0317924967205393,L301C,L301C,0.2394,benign,0.7941823905070652,0.7605999999999999,False,301,False,False
urn:mavedb:00000657-a-1#5896,,,p.Leu301Asp,0.111591091225969,0.038133934071906,L301D,L301D,0.407,ambiguous,0.62239068743269,0.593,False,301,False,False
urn:mavedb:00000657-a-1#5897,,,p.Leu301Glu,0.715811677237254,0.0293500426797817,L301E,L301E,0.1331,benign,0.8603376448212846,0.8669,False,301,False,False
urn:mavedb:00000657-a-1#5898,,,p.Leu301Phe,0.80915760142626,0.0343018782109998,L301F,L301F,0.0823,benign,0.8821177894960609,0.9177,False,301,False,False
urn:mavedb:00000657-a-1#5899,,,p.Leu301Gly,0.0773729456732406,0.0298391770520614,L301G,L301G,0.3678,ambiguous,0.669666217376812,0.6322,False,301,False,False
urn:mavedb:00000657-a-1#5900,,,p.Leu301His,0.808410296911862,0.0283735360893138,L301H,L301H,0.1259,benign,0.8637653509688902,0.8741,False,301,False,False
urn:mavedb:00000657-a-1#5901,,,p.Leu301Ile,1.02890425527091,0.0394399396735995,L301I,L301I,0.0491,benign,0.8936100811524206,0.9509,False,301,False,False
urn:mavedb:00000657-a-1#5902,,,p.Leu301Lys,0.420780437868695,0.0375354929750984,L301K,L301K,0.1179,benign,0.8674360853328353,0.8821,False,301,False,False
urn:mavedb:00000657-a-1#5903,,,p.Leu301Met,1.01373010157523,0.0146741310696663,L301M,L301M,0.0648,benign,0.8884210311130147,0.9352,False,301,False,False
urn:mavedb:00000657-a-1#5904,,,p.Leu301Asn,0.0016184207713015,0.015304962149911,L301N,L301N,0.2414,benign,0.7926302312792293,0.7585999999999999,False,301,False,False
urn:mavedb:00000657-a-1#5905,,,p.Leu301Pro,0.0139497847736479,0.0505677705994605,L301P,L301P,0.8346,pathogenic,0.156566549520247,0.1654,False,301,False,False
urn:mavedb:00000657-a-1#5906,,,p.Leu301Gln,0.755555798649286,0.0440835601204783,L301Q,L301Q,0.0833,benign,0.8817402555794865,0.9167,False,301,False,False
urn:mavedb:00000657-a-1#5907,,,p.Leu301Arg,0.287692297789,0.0343071150494485,L301R,L301R,0.1008,benign,0.8748144917760514,0.8992,False,301,False,False
urn:mavedb:00000657-a-1#5908,,,p.Leu301Ser,0.384324365040498,0.0258160353732393,L301S,L301S,0.1843,benign,0.8323103035710713,0.8157,False,301,False,False
urn:mavedb:00000657-a-1#5909,,,p.Leu301Thr,0.796413003860446,0.0417958333764785,L301T,L301T,0.107,benign,0.8722112117678252,0.893,False,301,False,False
urn:mavedb:00000657-a-1#5910,,,p.Leu301Val,1.03172328627299,0.0223107495339863,L301V,L301V,0.0527,benign,0.8924575317452519,0.9473,False,301,False,False
urn:mavedb:00000657-a-1#5911,,,p.Leu301Trp,0.426319259468413,0.0308011455134663,L301W,L301W,0.1427,benign,0.8555791886798634,0.8573,False,301,False,False
urn:mavedb:00000657-a-1#5912,,,p.Leu301Tyr,0.49741497691917,0.0376819969095569,L301Y,L301Y,0.1613,benign,0.8457229709234756,0.8387,False,301,False,False
urn:mavedb:00000657-a-1#5914,,,p.Thr302Ala,0.0955388387811891,0.0304815602059088,T302A,T302A,0.0922,benign,0.8782944132656725,0.9077999999999999,False,302,False,False
urn:mavedb:00000657-a-1#5915,,,p.Thr302Cys,0.57118303137852,0.0378414149657513,T302C,T302C,0.2434,benign,0.7910659125216588,0.7565999999999999,False,302,False,False
urn:mavedb:00000657-a-1#5916,,,p.Thr302Asp,-0.0044165255677625,0.025893511851386,T302D,T302D,0.2613,benign,0.7765194828408962,0.7387,False,302,False,False
urn:mavedb:00000657-a-1#5917,,,p.Thr302Glu,0.516837269489135,0.0238986277373611,T302E,T302E,0.1648,benign,0.8437711999974208,0.8351999999999999,False,302,False,False
urn:mavedb:00000657-a-1#5918,,,p.Thr302Phe,0.610225246944528,0.0359289406324118,T302F,T302F,0.1179,benign,0.8674360853328353,0.8821,False,302,False,False
urn:mavedb:00000657-a-1#5919,,,p.Thr302Gly,-0.0045413419084088,0.0230850912366685,T302G,T302G,0.2536,benign,0.7828977096629076,0.7464,False,302,False,False
urn:mavedb:00000657-a-1#5920,,,p.Thr302His,0.490576064380432,0.0320537093787574,T302H,T302H,0.1203,benign,0.8663498666766105,0.8797,False,302,False,False
urn:mavedb:00000657-a-1#5921,,,p.Thr302Ile,1.01993492648015,0.0310663420393626,T302I,T302I,0.0783,benign,0.8836088178340031,0.9217,False,302,False,False
urn:mavedb:00000657-a-1#5922,,,p.Thr302Lys,0.636909881596314,0.0466763168071317,T302K,T302K,0.0972,benign,0.8762895042053093,0.9028,False,302,False,False
urn:mavedb:00000657-a-1#5923,,,p.Thr302Leu,0.80927556155061,0.0267552682565659,T302L,T302L,0.066,benign,0.8880067126420945,0.9339999999999999,False,302,False,False
urn:mavedb:00000657-a-1#5924,,,p.Thr302Met,0.89268737381582,0.0283197139709369,T302M,T302M,0.074,benign,0.8851780105945841,0.926,False,302,False,False
urn:mavedb:00000657-a-1#5925,,,p.Thr302Asn,0.362530059477255,0.0423709169072104,T302N,T302N,0.0967,benign,0.8764922704206556,0.9033,False,302,False,False
urn:mavedb:00000657-a-1#5926,,,p.Thr302Pro,-0.0008766977259469,0.0294970054559879,T302P,T302P,0.1195,benign,0.8667133572345415,0.8805000000000001,False,302,False,False
urn:mavedb:00000657-a-1#5927,,,p.Thr302Gln,0.672509174467501,0.0353875175021562,T302Q,T302Q,0.1178,benign,0.8674810681280813,0.8822,False,302,False,False
urn:mavedb:00000657-a-1#5928,,,p.Thr302Arg,0.626533415353737,0.0305213427583737,T302R,T302R,0.0782,benign,0.8836457045827616,0.9218,False,302,False,False
urn:mavedb:00000657-a-1#5929,,,p.Thr302Ser,0.504825682552921,0.0355452768428222,T302S,T302S,0.1025,benign,0.8741086732206729,0.8975,False,302,False,False
urn:mavedb:00000657-a-1#5930,,,p.Thr302Val,0.986868803566237,0.0353449544018169,T302V,T302V,0.0876,benign,0.8800948082093744,0.9124,False,302,False,False
urn:mavedb:00000657-a-1#5931,,,p.Thr302Trp,0.81672062144594,0.0414796591380021,T302W,T302W,0.3448,ambiguous,0.6955868084426515,0.6552,False,302,False,False
urn:mavedb:00000657-a-1#5932,,,p.Thr302Tyr,0.632146943995078,0.0295845574492963,T302Y,T302Y,0.1298,benign,0.861923470689945,0.8702,False,302,False,False
urn:mavedb:00000657-a-1#5934,,,p.Leu303Ala,-0.0141340887710513,0.0206339829467367,L303A,L303A,0.6473,pathogenic,0.31315185039530236,0.3527,False,303,False,False
urn:mavedb:00000657-a-1#5935,,,p.Leu303Cys,0.104487868684716,0.0301489008644912,L303C,L303C,0.6387,pathogenic,0.3228620835142895,0.36129999999999995,False,303,False,False
urn:mavedb:00000657-a-1#5936,,,p.Leu303Asp,0.0113078879223694,0.0592825169069244,L303D,L303D,0.9747,pathogenic,0.09929699250784754,0.02529999999999999,False,303,False,False
urn:mavedb:00000657-a-1#5937,,,p.Leu303Glu,0.0809061424500902,0.128224568019147,L303E,L303E,0.8348,pathogenic,0.15645386318065857,0.1652,False,303,False,False
urn:mavedb:00000657-a-1#5938,,,p.Leu303Phe,-0.0176390595350771,0.0161958359670131,L303F,L303F,0.197,benign,0.8242933728174842,0.8029999999999999,False,303,False,False
urn:mavedb:00000657-a-1#5939,,,p.Leu303Gly,0.0972960912539468,0.105794123161309,L303G,L303G,0.8932,pathogenic,0.12770355212507023,0.1068,False,303,False,False
urn:mavedb:00000657-a-1#5940,,,p.Leu303His,-0.0035610716930476,0.0400314301666152,L303H,L303H,0.675,pathogenic,0.28330259073606134,0.32499999999999996,False,303,False,False
urn:mavedb:00000657-a-1#5941,,,p.Leu303Ile,0.922995044893863,0.0201534356828594,L303I,L303I,0.1056,benign,0.872806090607042,0.8944,False,303,False,False
urn:mavedb:00000657-a-1#5942,,,p.Leu303Lys,0.0476960429708812,0.0513711247888834,L303K,L303K,0.6944,pathogenic,0.26375568576310743,0.3056,False,303,False,False
urn:mavedb:00000657-a-1#5943,,,p.Leu303Met,-0.0016169027759355,0.0156207697176839,L303M,L303M,0.1803,benign,0.8347438182339988,0.8197,False,303,False,False
urn:mavedb:00000657-a-1#5944,,,p.Leu303Asn,0.0906728625914505,0.0689655348322136,L303N,L303N,0.9189,pathogenic,0.11743170167004843,0.08109999999999995,False,303,False,False
urn:mavedb:00000657-a-1#5945,,,p.Leu303Pro,0.0269473088657036,0.0409250533513967,L303P,L303P,0.9204,pathogenic,0.11687243006984134,0.0796,False,303,False,False
urn:mavedb:00000657-a-1#5946,,,p.Leu303Gln,-0.0004822906317899,0.027455453057976,L303Q,L303Q,0.5987,pathogenic,0.37051720836065066,0.4013,False,303,False,False
urn:mavedb:00000657-a-1#5947,,,p.Leu303Arg,0.0182262259739739,0.0213055641471312,L303R,L303R,0.5487,ambiguous,0.43471882054055616,0.45130000000000003,False,303,False,False
urn:mavedb:00000657-a-1#5948,,,p.Leu303Ser,0.0052474423566422,0.0409073867411538,L303S,L303S,0.8326,pathogenic,0.15769910154755074,0.1674,False,303,False,False
urn:mavedb:00000657-a-1#5949,,,p.Leu303Thr,0.0680679844925636,0.0691513364931643,L303T,L303T,0.6735,pathogenic,0.28486138039924436,0.3265,False,303,False,False
urn:mavedb:00000657-a-1#5950,,,p.Leu303Val,0.858067210159969,0.0367917528341013,L303V,L303V,0.1054,benign,0.8728907360135287,0.8946000000000001,False,303,False,False
urn:mavedb:00000657-a-1#5951,,,p.Leu303Trp,0.0174314676239769,0.0758093019641848,L303W,L303W,0.4385,ambiguous,0.5820955889863288,0.5615,False,303,False,False
urn:mavedb:00000657-a-1#5952,,,p.Leu303Tyr,0.0041315521445693,0.0493407953586054,L303Y,L303Y,0.5508,ambiguous,0.4319460542100302,0.44920000000000004,False,303,False,False
urn:mavedb:00000657-a-1#5954,,,p.Asn304Ala,0.928853911367461,0.038816700974507,N304A,N304A,0.1027,benign,0.8740252413464062,0.8973,False,304,False,False
urn:mavedb:00000657-a-1#5955,,,p.Asn304Cys,0.991813667589994,0.0385116155320875,N304C,N304C,0.1165,benign,0.8680638422264535,0.8835,False,304,False,False
urn:mavedb:00000657-a-1#5956,,,p.Asn304Asp,0.561303446936751,0.0461217558062839,N304D,N304D,0.0759,benign,0.8844889092509074,0.9241,False,304,False,False
urn:mavedb:00000657-a-1#5957,,,p.Asn304Glu,0.999884462155628,0.0382942999591767,N304E,N304E,0.1144,benign,0.8689974253332242,0.8855999999999999,False,304,False,False
urn:mavedb:00000657-a-1#5958,,,p.Asn304Phe,1.01358109280494,0.019510007612575,N304F,N304F,0.2189,benign,0.809398852981542,0.7811,False,304,False,False
urn:mavedb:00000657-a-1#5959,,,p.Asn304Gly,0.57768637404233,0.0355896258045438,N304G,N304G,0.1439,benign,0.8549689478800513,0.8561,False,304,False,False
urn:mavedb:00000657-a-1#5960,,,p.Asn304His,1.04565083031606,0.0189315979577497,N304H,N304H,0.0583,benign,0.8906209846977696,0.9417,False,304,False,False
urn:mavedb:00000657-a-1#5961,,,p.Asn304Ile,0.716367409067285,0.0379116809622883,N304I,N304I,0.1093,benign,0.8712248964717628,0.8907,False,304,False,False
urn:mavedb:00000657-a-1#5962,,,p.Asn304Lys,1.00438723320442,0.0365268272960069,N304K,N304K,0.0948,benign,0.8772581549219151,0.9052,False,304,False,False
urn:mavedb:00000657-a-1#5963,,,p.Asn304Leu,0.710814686214825,0.0381607745603698,N304L,N304L,0.1141,benign,0.8691300092513725,0.8859,False,304,False,False
urn:mavedb:00000657-a-1#5964,,,p.Asn304Met,0.908797360047754,0.0614754152407641,N304M,N304M,0.1753,benign,0.8377252137142714,0.8247,False,304,False,False
urn:mavedb:00000657-a-1#5965,,,p.Asn304Pro,0.648415104083353,0.0329342852197593,N304P,N304P,0.1622,benign,0.8452240835104848,0.8378,False,304,False,False
urn:mavedb:00000657-a-1#5966,,,p.Asn304Gln,0.966280964062688,0.0249571004848247,N304Q,N304Q,0.1205,benign,0.8662587718238445,0.8795,False,304,False,False
urn:mavedb:00000657-a-1#5967,,,p.Asn304Arg,1.0229504686861,0.0636613592809969,N304R,N304R,0.0995,benign,0.8753502043605842,0.9005,False,304,False,False
urn:mavedb:00000657-a-1#5968,,,p.Asn304Ser,0.984396177078393,0.0486482454366137,N304S,N304S,0.0633,benign,0.8889353210571492,0.9367,False,304,False,False
urn:mavedb:00000657-a-1#5969,,,p.Asn304Thr,1.04314314134532,0.0309314525150783,N304T,N304T,0.0648,benign,0.8884210311130147,0.9352,False,304,False,False
urn:mavedb:00000657-a-1#5970,,,p.Asn304Val,0.850251244407028,0.0175048851559535,N304V,N304V,0.1105,benign,0.870705820553019,0.8895,False,304,False,False
urn:mavedb:00000657-a-1#5971,,,p.Asn304Trp,1.23508365734391,0.0263400508126143,N304W,N304W,0.385,ambiguous,0.6493702340766382,0.615,False,304,False,False
urn:mavedb:00000657-a-1#5972,,,p.Asn304Tyr,0.938848569208016,0.026944692688852,N304Y,N304Y,0.0797,benign,0.8830904182652821,0.9203,False,304,False,False
urn:mavedb:00000657-a-1#5974,,,p.Ala305Cys,0.261420428963626,0.0441325834366377,A305C,A305C,0.5757,pathogenic,0.3995263793287929,0.4243,False,305,False,False
urn:mavedb:00000657-a-1#5975,,,p.Ala305Asp,0.0666306981986322,0.133622676500326,A305D,A305D,0.8812,pathogenic,0.13296975273746126,0.11880000000000002,False,305,False,False
urn:mavedb:00000657-a-1#5976,,,p.Ala305Glu,0.119422325517617,0.146624205091958,A305E,A305E,0.8328,pathogenic,0.1575853800039545,0.16720000000000002,False,305,False,False
urn:mavedb:00000657-a-1#5977,,,p.Ala305Phe,0.0280391676433108,0.0784756423470562,A305F,A305F,0.8,pathogenic,0.17766595841043897,0.19999999999999996,False,305,False,False
urn:mavedb:00000657-a-1#5978,,,p.Ala305Gly,0.540988185092096,0.0362607745742222,A305G,A305G,0.1816,benign,0.8339576711916147,0.8184,False,305,False,False
urn:mavedb:00000657-a-1#5979,,,p.Ala305His,-0.0027499014829314,0.0466991406120508,A305H,A305H,0.9072,pathogenic,0.12194351986001636,0.0928,False,305,False,False
urn:mavedb:00000657-a-1#5980,,,p.Ala305Ile,-0.0024642812731031,0.0434854959801839,A305I,A305I,0.6037,pathogenic,0.3643531351504684,0.3963,False,305,False,False
urn:mavedb:00000657-a-1#5981,,,p.Ala305Lys,-0.0035423328998515,0.0338914747774646,A305K,A305K,0.9259,pathogenic,0.11485809060802872,0.07410000000000005,False,305,False,False
urn:mavedb:00000657-a-1#5982,,,p.Ala305Leu,0.001734510985156,0.0351163791906656,A305L,A305L,0.6119,pathogenic,0.3543650854617179,0.3881,False,305,False,False
urn:mavedb:00000657-a-1#5983,,,p.Ala305Met,0.041315612064714,0.0665890007288264,A305M,A305M,0.6963,pathogenic,0.2619031933717391,0.30369999999999997,False,305,False,False
urn:mavedb:00000657-a-1#5984,,,p.Ala305Asn,0.139773349557959,0.22867958894807,A305N,A305N,0.8238,pathogenic,0.1628065125379372,0.17620000000000002,False,305,False,False
urn:mavedb:00000657-a-1#5985,,,p.Ala305Pro,0.022628905288165,0.0625633775690408,A305P,A305P,0.7215,pathogenic,0.23839234254218733,0.27849999999999997,False,305,False,False
urn:mavedb:00000657-a-1#5986,,,p.Ala305Gln,0.028535434204707,0.0445983641005517,A305Q,A305Q,0.8353,pathogenic,0.15617259864316949,0.16469999999999996,False,305,False,False
urn:mavedb:00000657-a-1#5987,,,p.Ala305Arg,0.0290565651800548,0.0514322753951303,A305R,A305R,0.8529,pathogenic,0.14667539062269674,0.1471,False,305,False,False
urn:mavedb:00000657-a-1#5988,,,p.Ala305Ser,0.308470885501317,0.0349703054292991,A305S,A305S,0.1678,benign,0.8420731437469476,0.8322,False,305,False,False
urn:mavedb:00000657-a-1#5989,,,p.Ala305Thr,-0.0114007390635489,0.0217719002158414,A305T,A305T,0.2217,benign,0.807394238727522,0.7783,False,305,False,False
urn:mavedb:00000657-a-1#5990,,,p.Ala305Val,-0.005466248054819,0.0194474131397585,A305V,A305V,0.2972,benign,0.7443499267837992,0.7028,False,305,False,False
urn:mavedb:00000657-a-1#5991,,,p.Ala305Trp,0.110507028130477,0.0976457448128229,A305W,A305W,0.9567,pathogenic,0.10457825838386575,0.043300000000000005,False,305,False,False
urn:mavedb:00000657-a-1#5992,,,p.Ala305Tyr,0.0805570462200231,0.139323525138275,A305Y,A305Y,0.8716,pathogenic,0.13741134045159553,0.12839999999999996,False,305,False,False
urn:mavedb:00000657-a-1#5994,,,p.Lys306Ala,0.984916233088905,0.0178717175244953,K306A,K306A,0.1256,benign,0.8639055984355545,0.8744000000000001,False,306,False,False
urn:mavedb:00000657-a-1#5995,,,p.Lys306Cys,0.934424654353735,0.0214285734155479,K306C,K306C,0.4087,ambiguous,0.6202625213606907,0.5912999999999999,False,306,False,False
urn:mavedb:00000657-a-1#5996,,,p.Lys306Asp,1.0163337681211,0.0269114687079228,K306D,K306D,0.1264,benign,0.863531151267303,0.8735999999999999,False,306,False,False
urn:mavedb:00000657-a-1#5997,,,p.Lys306Glu,1.01730865497194,0.0400365220397682,K306E,K306E,0.0633,benign,0.8889353210571492,0.9367,False,306,False,False
urn:mavedb:00000657-a-1#5998,,,p.Lys306Phe,0.286041738585325,0.0319564528260502,K306F,K306F,0.4794,ambiguous,0.527774649648808,0.5206,False,306,False,False
urn:mavedb:00000657-a-1#5999,,,p.Lys306Gly,1.00815904042159,0.0208909033237049,K306G,K306G,0.1373,benign,0.8582826297026216,0.8627,False,306,False,False
urn:mavedb:00000657-a-1#6000,,,p.Lys306His,0.955121154974147,0.0411430848236752,K306H,K306H,0.1763,benign,0.8371342737848528,0.8237,False,306,False,False
urn:mavedb:00000657-a-1#6001,,,p.Lys306Ile,0.415260383936452,0.0188134848906638,K306I,K306I,0.2321,benign,0.7997450878710943,0.7679,False,306,False,False
urn:mavedb:00000657-a-1#6002,,,p.Lys306Leu,0.692703330218512,0.0368856578149609,K306L,K306L,0.2008,benign,0.8218072662636233,0.7992,False,306,False,False
urn:mavedb:00000657-a-1#6003,,,p.Lys306Met,0.867052504471638,0.0378122162920538,K306M,K306M,0.1733,benign,0.8388991358527934,0.8267,False,306,False,False
urn:mavedb:00000657-a-1#6004,,,p.Lys306Asn,0.914620285444804,0.0325299202162489,K306N,K306N,0.1069,benign,0.8722538403978666,0.8931,False,306,False,False
urn:mavedb:00000657-a-1#6005,,,p.Lys306Pro,1.03560119558239,0.0238457614351619,K306P,K306P,0.1944,benign,0.8259710278974314,0.8056,False,306,False,False
urn:mavedb:00000657-a-1#6006,,,p.Lys306Gln,0.987585226055649,0.0348555602026332,K306Q,K306Q,0.0856,benign,0.8808646035261062,0.9144,False,306,False,False
urn:mavedb:00000657-a-1#6007,,,p.Lys306Arg,0.93069150435851,0.0280350500862775,K306R,K306R,0.0759,benign,0.8844889092509074,0.9241,False,306,False,False
urn:mavedb:00000657-a-1#6008,,,p.Lys306Ser,0.955462598861091,0.0538832156000005,K306S,K306S,0.1182,benign,0.8673010046558862,0.8818,False,306,False,False
urn:mavedb:00000657-a-1#6009,,,p.Lys306Thr,0.9703827556983,0.0321036111903659,K306T,K306T,0.0862,benign,0.8806344845828706,0.9138,False,306,False,False
urn:mavedb:00000657-a-1#6010,,,p.Lys306Val,0.71373119386306,0.0328121810126814,K306V,K306V,0.1834,benign,0.8328616221511427,0.8166,False,306,False,False
urn:mavedb:00000657-a-1#6011,,,p.Lys306Trp,0.086952090424727,0.035631655061068,K306W,K306W,0.5652,pathogenic,0.41308561268626776,0.43479999999999996,False,306,False,False
urn:mavedb:00000657-a-1#6012,,,p.Lys306Tyr,0.434790329784031,0.0166740980567792,K306Y,K306Y,0.3366,benign,0.7044688200864533,0.6634,False,306,False,False
urn:mavedb:00000657-a-1#6014,,,p.Ser307Ala,1.08478808004481,0.0287217481718213,S307A,S307A,0.0715,benign,0.88607453675133,0.9285,False,307,False,False
urn:mavedb:00000657-a-1#6015,,,p.Ser307Cys,0.460974534770747,0.0479125751793277,S307C,S307C,0.0865,benign,0.8805191620442451,0.9135,False,307,False,False
urn:mavedb:00000657-a-1#6016,,,p.Ser307Asp,0.0495563969187185,0.0231594308977167,S307D,S307D,0.1571,benign,0.8480238932389139,0.8429,False,307,False,False
urn:mavedb:00000657-a-1#6017,,,p.Ser307Glu,0.710714025106913,0.0372643145300177,S307E,S307E,0.2157,benign,0.8116616579329682,0.7843,False,307,False,False
urn:mavedb:00000657-a-1#6018,,,p.Ser307Phe,-0.0080819808316331,0.0119650062066695,S307F,S307F,0.2223,benign,0.806961672192863,0.7777000000000001,False,307,False,False
urn:mavedb:00000657-a-1#6019,,,p.Ser307Gly,0.959704565451432,0.0266274887701424,S307G,S307G,0.0507,benign,0.8931005205623689,0.9493,False,307,False,False
urn:mavedb:00000657-a-1#6020,,,p.Ser307His,0.460724003718502,0.026043832476945,S307H,S307H,0.1676,benign,0.8421870730561695,0.8324,False,307,False,False
urn:mavedb:00000657-a-1#6021,,,p.Ser307Ile,-0.0084529565939186,0.0176704015773523,S307I,S307I,0.1729,benign,0.8391326510410333,0.8271,False,307,False,False
urn:mavedb:00000657-a-1#6022,,,p.Ser307Lys,0.813523898156661,0.0392306580341702,S307K,S307K,0.2666,benign,0.7720226193608042,0.7334,False,307,False,False
urn:mavedb:00000657-a-1#6023,,,p.Ser307Leu,0.0308502212047357,0.0215150969724067,S307L,S307L,0.1691,benign,0.841330066203962,0.8309,False,307,False,False
urn:mavedb:00000657-a-1#6024,,,p.Ser307Met,0.66986273341905,0.0277533666282494,S307M,S307M,0.2364,benign,0.7964878978875624,0.7636000000000001,False,307,False,False
urn:mavedb:00000657-a-1#6025,,,p.Ser307Asn,0.390547461241905,0.0455583175055014,S307N,S307N,0.0828,benign,0.8819292628563442,0.9172,False,307,False,False
urn:mavedb:00000657-a-1#6026,,,p.Ser307Pro,0.845938012038188,0.0388622868582068,S307P,S307P,0.0977,benign,0.8760862286928767,0.9023,False,307,False,False
urn:mavedb:00000657-a-1#6027,,,p.Ser307Gln,0.763528709914062,0.0475704758400806,S307Q,S307Q,0.241,benign,0.7929416349207471,0.759,False,307,False,False
urn:mavedb:00000657-a-1#6028,,,p.Ser307Arg,0.925053244897422,0.0272247792093767,S307R,S307R,0.2079,benign,0.817052394161279,0.7921,False,307,False,False
urn:mavedb:00000657-a-1#6029,,,p.Ser307Thr,0.675348315711802,0.0307605297297816,S307T,S307T,0.096,benign,0.876775289411922,0.904,False,307,False,False
urn:mavedb:00000657-a-1#6030,,,p.Ser307Val,0.0025397995228156,0.012544703196313,S307V,S307V,0.1771,benign,0.8366596053178241,0.8229,False,307,False,False
urn:mavedb:00000657-a-1#6031,,,p.Ser307Trp,0.0057572735342491,0.0156415476871729,S307W,S307W,0.2626,benign,0.7754245439134176,0.7374,False,307,False,False
urn:mavedb:00000657-a-1#6032,,,p.Ser307Tyr,0.115336030498628,0.0361072892625157,S307Y,S307Y,0.1447,benign,0.8545601905731739,0.8553,False,307,False,False
urn:mavedb:00000657-a-1#6034,,,p.Ile308Ala,-0.0068554046902584,0.0279290176127503,I308A,I308A,0.4089,ambiguous,0.6200117652807623,0.5911,False,308,False,False
urn:mavedb:00000657-a-1#6035,,,p.Ile308Cys,-0.0111162840855082,0.0147812991741225,I308C,I308C,0.6101,pathogenic,0.35654435847810845,0.3899,False,308,False,False
urn:mavedb:00000657-a-1#6036,,,p.Ile308Asp,0.027052057571983,0.0700406814858079,I308D,I308D,0.8129,pathogenic,0.1694190203959286,0.18710000000000004,False,308,False,False
urn:mavedb:00000657-a-1#6037,,,p.Ile308Glu,-0.0030518782980014,0.0215874497167796,I308E,I308E,0.7005,pathogenic,0.2578477668387803,0.2995,False,308,False,False
urn:mavedb:00000657-a-1#6038,,,p.Ile308Phe,-0.0001302938927962,0.0118866284020644,I308F,I308F,0.14,benign,0.8569395936875753,0.86,False,308,False,False
urn:mavedb:00000657-a-1#6039,,,p.Ile308Gly,0.0183974393986516,0.0888322083404898,I308G,I308G,0.6562,pathogenic,0.3033196487192443,0.3438,False,308,False,False
urn:mavedb:00000657-a-1#6040,,,p.Ile308His,-0.0101666139247924,0.0208092438996211,I308H,I308H,0.6113,pathogenic,0.35509066924608707,0.38870000000000005,False,308,False,False
urn:mavedb:00000657-a-1#6041,,,p.Ile308Lys,0.0070732352619812,0.0505119727134646,I308K,I308K,0.5375,ambiguous,0.449587498509842,0.4625,False,308,False,False
urn:mavedb:00000657-a-1#6042,,,p.Ile308Leu,1.06470908025173,0.0325916226836685,I308L,I308L,0.0681,benign,0.8872754388958829,0.9319,False,308,False,False
urn:mavedb:00000657-a-1#6043,,,p.Ile308Met,0.791640077629111,0.0295695946689721,I308M,I308M,0.1126,benign,0.8697899989391535,0.8874,False,308,False,False
urn:mavedb:00000657-a-1#6044,,,p.Ile308Asn,0.0345170549178474,0.0727550725789963,I308N,I308N,0.4415,ambiguous,0.5781740497604869,0.5585,False,308,False,False
urn:mavedb:00000657-a-1#6045,,,p.Ile308Pro,0.0281668927700372,0.045939462218689,I308P,I308P,0.6715,pathogenic,0.2869502188556211,0.3285,False,308,False,False
urn:mavedb:00000657-a-1#6046,,,p.Ile308Gln,0.0197344829410384,0.0437537502029702,I308Q,I308Q,0.5708,pathogenic,0.4058318522701454,0.4292,False,308,False,False
urn:mavedb:00000657-a-1#6047,,,p.Ile308Arg,0.0668248753748198,0.054386048291292,I308R,I308R,0.4174,ambiguous,0.6092822831792327,0.5826,False,308,False,False
urn:mavedb:00000657-a-1#6048,,,p.Ile308Ser,-0.0150788241751629,0.024527484206543,I308S,I308S,0.4129,ambiguous,0.6149799788103001,0.5871,False,308,False,False
urn:mavedb:00000657-a-1#6049,,,p.Ile308Thr,0.0678417383036218,0.0221963967098838,I308T,I308T,0.3593,ambiguous,0.6794141418740095,0.6407,False,308,False,False
urn:mavedb:00000657-a-1#6050,,,p.Ile308Val,0.819235532768321,0.0236585763311235,I308V,I308V,0.072,benign,0.8858961524794603,0.928,False,308,False,False
urn:mavedb:00000657-a-1#6051,,,p.Ile308Trp,-0.0174122881144971,0.0198735549553854,I308W,I308W,0.693,pathogenic,0.2651277969513729,0.30700000000000005,False,308,False,False
urn:mavedb:00000657-a-1#6052,,,p.Ile308Tyr,-0.0036185008590832,0.0279813360101007,I308Y,I308Y,0.4986,ambiguous,0.5018899888868783,0.5014000000000001,False,308,False,False
urn:mavedb:00000657-a-1#6054,,,p.Arg309Ala,0.586694153272711,0.0293077585887375,R309A,R309A,0.1621,benign,0.8452796176157881,0.8379,False,309,False,False
urn:mavedb:00000657-a-1#6055,,,p.Arg309Cys,0.751215752196858,0.0343870966813433,R309C,R309C,0.0937,benign,0.8776982285876642,0.9063,False,309,False,False
urn:mavedb:00000657-a-1#6056,,,p.Arg309Asp,-0.0103361681864717,0.0205179821767312,R309D,R309D,0.2464,benign,0.7886965711117818,0.7536,False,309,False,False
urn:mavedb:00000657-a-1#6057,,,p.Arg309Glu,-0.007836987137417,0.0216229474026155,R309E,R309E,0.1806,benign,0.834562803943735,0.8194,False,309,False,False
urn:mavedb:00000657-a-1#6058,,,p.Arg309Phe,0.0509085331993863,0.0188918932189938,R309F,R309F,0.2313,benign,0.8003449431387181,0.7686999999999999,False,309,False,False
urn:mavedb:00000657-a-1#6059,,,p.Arg309Gly,0.409240653379678,0.0271774988576561,R309G,R309G,0.102,benign,0.8743168890820491,0.898,False,309,False,False
urn:mavedb:00000657-a-1#6060,,,p.Arg309His,0.926924139241867,0.047474098422981,R309H,R309H,0.0785,benign,0.8835349877138424,0.9215,False,309,False,False
urn:mavedb:00000657-a-1#6061,,,p.Arg309Ile,0.250305749537328,0.0328471760941618,R309I,R309I,0.1501,benign,0.8517603634720784,0.8499,False,309,False,False
urn:mavedb:00000657-a-1#6062,,,p.Arg309Lys,1.07992257010527,0.0166889041754319,R309K,R309K,0.0917,benign,0.8784921415752999,0.9083,False,309,False,False
urn:mavedb:00000657-a-1#6063,,,p.Arg309Leu,0.0359150020775479,0.018960834584078,R309L,R309L,0.1342,benign,0.8598034186814237,0.8658,False,309,False,False
urn:mavedb:00000657-a-1#6064,,,p.Arg309Met,0.465285059257184,0.0341600674839741,R309M,R309M,0.242,benign,0.7921622137694336,0.758,False,309,False,False
urn:mavedb:00000657-a-1#6065,,,p.Arg309Asn,0.744895588649785,0.0310118263960867,R309N,R309N,0.1838,benign,0.8326168633050923,0.8162,False,309,False,False
urn:mavedb:00000657-a-1#6066,,,p.Arg309Pro,0.0097674707329005,0.0191804197476032,R309P,R309P,0.2828,benign,0.7577357406736634,0.7172000000000001,False,309,False,False
urn:mavedb:00000657-a-1#6067,,,p.Arg309Gln,0.568538161599236,0.0545666353583953,R309Q,R309Q,0.0839,benign,0.8815128110170647,0.9161,False,309,False,False
urn:mavedb:00000657-a-1#6068,,,p.Arg309Ser,0.817055720610571,0.0528654632096239,R309S,R309S,0.1424,benign,0.85573120741058,0.8576,False,309,False,False
urn:mavedb:00000657-a-1#6069,,,p.Arg309Thr,0.537030135402897,0.0525011909944124,R309T,R309T,0.1144,benign,0.8689974253332242,0.8855999999999999,False,309,False,False
urn:mavedb:00000657-a-1#6070,,,p.Arg309Val,0.649925977787945,0.0451670700941106,R309V,R309V,0.1755,benign,0.8376072383640657,0.8245,False,309,False,False
urn:mavedb:00000657-a-1#6071,,,p.Arg309Trp,0.10147464936739,0.0343282894111465,R309W,R309W,0.1615,benign,0.845612285745045,0.8385,False,309,False,False
urn:mavedb:00000657-a-1#6072,,,p.Arg309Tyr,0.221307450719865,0.0374955615486843,R309Y,R309Y,0.1557,benign,0.848780970415995,0.8443,False,309,False,False
urn:mavedb:00000657-a-1#6074,,,p.Cys310Ala,0.931834655439825,0.0380408615984374,C310A,C310A,0.0966,benign,0.8765327626363122,0.9034,False,310,False,False
urn:mavedb:00000657-a-1#6075,,,p.Cys310Asp,0.0589907258350027,0.0305050612524213,C310D,C310D,0.1685,benign,0.841673571981198,0.8315,False,310,False,False
urn:mavedb:00000657-a-1#6076,,,p.Cys310Glu,0.0133903621957242,0.0269095081200505,C310E,C310E,0.2716,benign,0.7677002947093068,0.7283999999999999,False,310,False,False
urn:mavedb:00000657-a-1#6077,,,p.Cys310Phe,0.5528061012495,0.0498192139197058,C310F,C310F,0.0888,benign,0.8796291708359628,0.9112,False,310,False,False
urn:mavedb:00000657-a-1#6078,,,p.Cys310Gly,0.967835378236764,0.0205068716421548,C310G,C310G,0.0592,benign,0.89032079037615,0.9408,False,310,False,False
urn:mavedb:00000657-a-1#6079,,,p.Cys310His,0.927600230697014,0.0258249276637787,C310H,C310H,0.1201,benign,0.8664408725792708,0.8799,False,310,False,False
urn:mavedb:00000657-a-1#6080,,,p.Cys310Ile,0.648103643877089,0.060375970344142,C310I,C310I,0.1608,benign,0.8459992377682138,0.8392,False,310,False,False
urn:mavedb:00000657-a-1#6081,,,p.Cys310Lys,1.14629265298031,0.0220896838144827,C310K,C310K,0.1912,benign,0.8280099680043814,0.8088,False,310,False,False
urn:mavedb:00000657-a-1#6082,,,p.Cys310Leu,0.939259744292166,0.029184555161862,C310L,C310L,0.1505,benign,0.8515501273078198,0.8495,False,310,False,False
urn:mavedb:00000657-a-1#6083,,,p.Cys310Met,0.956971463904919,0.0164653566965466,C310M,C310M,0.3067,benign,0.7351667347109729,0.6933,False,310,False,False
urn:mavedb:00000657-a-1#6084,,,p.Cys310Asn,0.990604123081827,0.0416807307539681,C310N,C310N,0.1093,benign,0.8712248964717628,0.8907,False,310,False,False
urn:mavedb:00000657-a-1#6085,,,p.Cys310Pro,0.306422549072168,0.0453880166121775,C310P,C310P,0.1197,benign,0.8666226177934423,0.8803,False,310,False,False
urn:mavedb:00000657-a-1#6086,,,p.Cys310Gln,0.772378146449244,0.0484871497889773,C310Q,C310Q,0.1803,benign,0.8347438182339988,0.8197,False,310,False,False
urn:mavedb:00000657-a-1#6087,,,p.Cys310Arg,0.953649722646123,0.0371288988508549,C310R,C310R,0.0951,benign,0.8771377115088254,0.9049,False,310,False,False
urn:mavedb:00000657-a-1#6088,,,p.Cys310Ser,1.0903383485807,0.0301527250141586,C310S,C310S,0.0721,benign,0.8858604205149795,0.9279,False,310,False,False
urn:mavedb:00000657-a-1#6089,,,p.Cys310Thr,0.733046396615579,0.0749141062497553,C310T,C310T,0.1166,benign,0.8680191452548713,0.8834,False,310,False,False
urn:mavedb:00000657-a-1#6090,,,p.Cys310Val,1.04171138835599,0.0205883396085088,C310V,C310V,0.1453,benign,0.854252606391898,0.8547,False,310,False,False
urn:mavedb:00000657-a-1#6091,,,p.Cys310Trp,0.46154427976505,0.027321654810235,C310W,C310W,0.1952,benign,0.8254568395541431,0.8048,False,310,False,False
urn:mavedb:00000657-a-1#6092,,,p.Cys310Tyr,0.688455307162378,0.0491362622941941,C310Y,C310Y,0.0768,benign,0.8841601419335098,0.9232,False,310,False,False
urn:mavedb:00000657-a-1#6094,,,p.Cys311Ala,1.07961652195619,0.0422869729660626,C311A,C311A,0.074,benign,0.8851780105945841,0.926,False,311,False,False
urn:mavedb:00000657-a-1#6095,,,p.Cys311Asp,0.958329936136485,0.0332687401007961,C311D,C311D,0.0572,benign,0.8909859829552835,0.9428,False,311,False,False
urn:mavedb:00000657-a-1#6096,,,p.Cys311Glu,1.09293306346067,0.0302081258827538,C311E,C311E,0.1202,benign,0.8663953807426547,0.8798,False,311,False,False
urn:mavedb:00000657-a-1#6097,,,p.Cys311Phe,0.77269800447162,0.0224212448763672,C311F,C311F,0.0603,benign,0.8899519717015182,0.9397,False,311,False,False
urn:mavedb:00000657-a-1#6098,,,p.Cys311Gly,1.15041388721794,0.0377171322319755,C311G,C311G,0.0495,benign,0.8934830916444002,0.9505,False,311,False,False
urn:mavedb:00000657-a-1#6099,,,p.Cys311His,1.06096188594853,0.0297465287537896,C311H,C311H,0.0684,benign,0.887170322037053,0.9316,False,311,False,False
urn:mavedb:00000657-a-1#6100,,,p.Cys311Ile,0.942225169997473,0.0303424971666846,C311I,C311I,0.0961,benign,0.8767349190185628,0.9039,False,311,False,False
urn:mavedb:00000657-a-1#6101,,,p.Cys311Lys,1.09034937518698,0.0304364648712938,C311K,C311K,0.1079,benign,0.8718266008805168,0.8921,False,311,False,False
urn:mavedb:00000657-a-1#6102,,,p.Cys311Leu,0.96611348125989,0.02472740946931,C311L,C311L,0.09,benign,0.8791606965465184,0.91,False,311,False,False
urn:mavedb:00000657-a-1#6103,,,p.Cys311Met,1.00076849954084,0.0274617782581431,C311M,C311M,0.2021,benign,0.8209473917136118,0.7979,False,311,False,False
urn:mavedb:00000657-a-1#6104,,,p.Cys311Asn,1.00964400695535,0.038883922382014,C311N,C311N,0.0593,benign,0.8902873485547277,0.9407,False,311,False,False
urn:mavedb:00000657-a-1#6105,,,p.Cys311Pro,1.01967711640591,0.0272232765998039,C311P,C311P,0.0681,benign,0.8872754388958829,0.9319,False,311,False,False
urn:mavedb:00000657-a-1#6106,,,p.Cys311Gln,1.08079664313661,0.018182031848928,C311Q,C311Q,0.0937,benign,0.8776982285876642,0.9063,False,311,False,False
urn:mavedb:00000657-a-1#6107,,,p.Cys311Arg,0.920265854514423,0.0272791598543445,C311R,C311R,0.0638,benign,0.8887643351237117,0.9362,False,311,False,False
urn:mavedb:00000657-a-1#6108,,,p.Cys311Ser,1.0710303409545,0.0296977176402049,C311S,C311S,0.0513,benign,0.8929083306471769,0.9487,False,311,False,False
urn:mavedb:00000657-a-1#6109,,,p.Cys311Thr,1.01499930126581,0.0308892790350069,C311T,C311T,0.0749,benign,0.8848524315494811,0.9251,False,311,False,False
urn:mavedb:00000657-a-1#6110,,,p.Cys311Val,1.14811964743153,0.0271776160868924,C311V,C311V,0.0984,benign,0.8758007854464573,0.9016,False,311,False,False
urn:mavedb:00000657-a-1#6111,,,p.Cys311Trp,0.816522400916808,0.0313314852409303,C311W,C311W,0.1389,benign,0.857488844259799,0.8611,False,311,False,False
urn:mavedb:00000657-a-1#6112,,,p.Cys311Tyr,0.800581856581932,0.0319680569252629,C311Y,C311Y,0.0598,benign,0.8901198781899211,0.9402,False,311,False,False
urn:mavedb:00000657-a-1#6114,,,p.Leu312Ala,1.18529240669379,0.0284479571226411,L312A,L312A,0.0669,benign,0.8876942813028932,0.9331,False,312,False,False
urn:mavedb:00000657-a-1#6115,,,p.Leu312Cys,1.0401922468368,0.0331879268238769,L312C,L312C,0.1176,benign,0.8675709676215673,0.8824,False,312,False,False
urn:mavedb:00000657-a-1#6116,,,p.Leu312Asp,1.19283687138418,0.0277985690920366,L312D,L312D,0.1027,benign,0.8740252413464062,0.8973,False,312,False,False
urn:mavedb:00000657-a-1#6117,,,p.Leu312Glu,1.06948640695763,0.0370372292730398,L312E,L312E,0.0851,benign,0.8810558344516506,0.9149,False,312,False,False
urn:mavedb:00000657-a-1#6118,,,p.Leu312Phe,1.10001573762343,0.018195012394057,L312F,L312F,0.0537,benign,0.8921335043655865,0.9463,False,312,False,False
urn:mavedb:00000657-a-1#6119,,,p.Leu312Gly,1.1357857512041,0.0309863857663202,L312G,L312G,0.0957,benign,0.8768962789700802,0.9043,False,312,False,False
urn:mavedb:00000657-a-1#6120,,,p.Leu312His,1.06822810708121,0.0323124082140558,L312H,L312H,0.0599,benign,0.8900863318124277,0.9401,False,312,False,False
urn:mavedb:00000657-a-1#6121,,,p.Leu312Ile,1.03862582468875,0.0370325456018845,L312I,L312I,0.0599,benign,0.8900863318124277,0.9401,False,312,False,False
urn:mavedb:00000657-a-1#6122,,,p.Leu312Lys,0.98430200651597,0.0263119762235096,L312K,L312K,0.0682,benign,0.8872404180321679,0.9318,False,312,False,False
urn:mavedb:00000657-a-1#6123,,,p.Leu312Met,0.917510718864384,0.0423500221845426,L312M,L312M,0.0855,benign,0.8809028885731988,0.9145,False,312,False,False
urn:mavedb:00000657-a-1#6124,,,p.Leu312Asn,1.16730757893019,0.0256386404923048,L312N,L312N,0.0706,benign,0.8863944735695641,0.9294,False,312,False,False
urn:mavedb:00000657-a-1#6125,,,p.Leu312Pro,1.26968266287289,0.0209473443551805,L312P,L312P,0.0563,benign,0.891283065070512,0.9437,False,312,False,False
urn:mavedb:00000657-a-1#6126,,,p.Leu312Gln,0.941627339900779,0.0264638124584627,L312Q,L312Q,0.0558,benign,0.891447509010047,0.9442,False,312,False,False
urn:mavedb:00000657-a-1#6127,,,p.Leu312Arg,1.01727998666383,0.031670864086376,L312R,L312R,0.0512,benign,0.8929404042740232,0.9488,False,312,False,False
urn:mavedb:00000657-a-1#6128,,,p.Leu312Ser,1.16746046114078,0.0332804824820451,L312S,L312S,0.0526,benign,0.8924898413480358,0.9474,False,312,False,False
urn:mavedb:00000657-a-1#6129,,,p.Leu312Thr,1.14925770605186,0.0318565331646292,L312T,L312T,0.0598,benign,0.8901198781899211,0.9402,False,312,False,False
urn:mavedb:00000657-a-1#6130,,,p.Leu312Val,1.08901633607245,0.0310636922507088,L312V,L312V,0.0604,benign,0.8899183379856604,0.9396,False,312,False,False
urn:mavedb:00000657-a-1#6131,,,p.Leu312Trp,0.958381663805169,0.0390267158145631,L312W,L312W,0.0818,benign,0.8823058364845293,0.9182,False,312,False,False
urn:mavedb:00000657-a-1#6132,,,p.Leu312Tyr,1.10337634357469,0.0319516888270335,L312Y,L312Y,0.0987,benign,0.8756781457640764,0.9013,False,312,False,False
urn:mavedb:00000657-a-1#6134,,,p.His313Ala,1.13980809416619,0.0216899954393979,H313A,H313A,0.0911,benign,0.8787287578851619,0.9089,False,313,False,False
urn:mavedb:00000657-a-1#6135,,,p.His313Cys,0.863234953434598,0.0368324976097187,H313C,H313C,0.0804,benign,0.8828298246907923,0.9196,False,313,False,False
urn:mavedb:00000657-a-1#6136,,,p.His313Asp,1.2294994928337,0.0241438945214727,H313D,H313D,0.0603,benign,0.8899519717015182,0.9397,False,313,False,False
urn:mavedb:00000657-a-1#6137,,,p.His313Glu,1.25877130172656,0.0209656088567159,H313E,H313E,0.0942,benign,0.8774984971163138,0.9057999999999999,False,313,False,False
urn:mavedb:00000657-a-1#6138,,,p.His313Phe,0.653982289016982,0.0454770647841367,H313F,H313F,0.1491,benign,0.8522842310394373,0.8509,False,313,False,False
urn:mavedb:00000657-a-1#6139,,,p.His313Gly,1.27655705424855,0.0077251298688394,H313G,H313G,0.0887,benign,0.8796680821153244,0.9113,False,313,False,False
urn:mavedb:00000657-a-1#6140,,,p.His313Ile,1.15082485621894,0.0215091284328491,H313I,H313I,0.1626,benign,0.845001691331098,0.8374,False,313,False,False
urn:mavedb:00000657-a-1#6141,,,p.His313Lys,1.28135157793389,0.0114773982631059,H313K,H313K,0.0941,benign,0.8775384836416622,0.9059,False,313,False,False
urn:mavedb:00000657-a-1#6142,,,p.His313Leu,0.628569890490422,0.0361457015628069,H313L,H313L,0.0908,benign,0.8788467974992,0.9092,False,313,False,False
urn:mavedb:00000657-a-1#6143,,,p.His313Met,-0.001753010283165,0.0295229146471002,H313M,H313M,0.2646,benign,0.7737297896165626,0.7354,False,313,False,False
urn:mavedb:00000657-a-1#6144,,,p.His313Asn,1.1454493733597,0.0236338448830223,H313N,H313N,0.0565,benign,0.8912171672815161,0.9435,False,313,False,False
urn:mavedb:00000657-a-1#6145,,,p.His313Pro,1.24459813630596,0.0339436986888787,H313P,H313P,0.0575,benign,0.8908866453806412,0.9425,False,313,False,False
urn:mavedb:00000657-a-1#6146,,,p.His313Gln,0.467408502682566,0.03679827655863,H313Q,H313Q,0.0817,benign,0.8823433884107822,0.9183,False,313,False,False
urn:mavedb:00000657-a-1#6147,,,p.His313Arg,1.27782198309665,0.0194930695929411,H313R,H313R,0.0599,benign,0.8900863318124277,0.9401,False,313,False,False
urn:mavedb:00000657-a-1#6148,,,p.His313Ser,1.23637480108852,0.0310033267274695,H313S,H313S,0.0719,benign,0.8859318660635668,0.9281,False,313,False,False
urn:mavedb:00000657-a-1#6149,,,p.His313Thr,1.19840802566267,0.0494532490289475,H313T,H313T,0.0944,benign,0.8774184636630069,0.9056,False,313,False,False
urn:mavedb:00000657-a-1#6150,,,p.His313Val,1.26146792865675,0.0178485902731761,H313V,H313V,0.1293,benign,0.8621615546220511,0.8707,False,313,False,False
urn:mavedb:00000657-a-1#6151,,,p.His313Trp,1.09448804766695,0.0183636792146271,H313W,H313W,0.1822,benign,0.8335932957458299,0.8178,False,313,False,False
urn:mavedb:00000657-a-1#6152,,,p.His313Tyr,0.981926351553466,0.0388969149903032,H313Y,H313Y,0.0652,benign,0.8882832108194626,0.9348,False,313,False,False
