accession,hgvs_nt,hgvs_splice,hgvs_pro,score,sd,variant_1letter,protein_variant,am_pathogenicity,am_class,a2a_prediction,raw_inverted,is_failure_case_raw,position,near_functional_site,is_failure_case,near_raw_uniprot_site
urn:mavedb:00000055-a-1#1,,,p.Leu164Val,1.03149222017521,0.0046704459049178,L164V,L164V,0.0697,benign,0.8867129303608186,0.9303,False,164,False,False,True
urn:mavedb:00000055-a-1#2,,,p.Leu164Arg,0.994814214801944,0.0159311159077202,L164R,L164R,0.1387,benign,0.8575883990965009,0.8613,False,164,False,False,True
urn:mavedb:00000055-a-1#3,,,p.Leu164Cys,0.931595739512205,0.0083354121098551,L164C,L164C,0.1868,benign,0.8307672888050597,0.8132,False,164,False,False,True
urn:mavedb:00000055-a-1#4,,,p.Leu164Gln,1.08802976901559,0.0002992074642119,L164Q,L164Q,0.1383,benign,0.8577872241725075,0.8617,False,164,False,False,True
urn:mavedb:00000055-a-1#5,,,p.Leu164Lys,0.906403587363497,0.0208649029100947,L164K,L164K,0.1825,benign,0.8334107429722895,0.8175,False,164,False,False,True
urn:mavedb:00000055-a-1#6,,,p.Leu164Tyr,1.04234403779838,0.0224749233217079,L164Y,L164Y,0.1949,benign,0.8256498695473368,0.8051,False,164,False,False,True
urn:mavedb:00000055-a-1#7,,,p.Leu164Glu,1.04378742287584,0.0665246138933447,L164E,L164E,0.2496,benign,0.7861389394026436,0.7504,False,164,False,False,True
urn:mavedb:00000055-a-1#8,,,p.Leu164Phe,1.03395997853542,0.032137632532821,L164F,L164F,0.0902,benign,0.8790823407217296,0.9097999999999999,False,164,False,False,True
urn:mavedb:00000055-a-1#9,,,p.Leu164His,1.09561827888285,0.0032827884489125,L164H,L164H,0.219,benign,0.8093276567318034,0.781,False,164,False,False,True
urn:mavedb:00000055-a-1#10,,,p.Leu164Asp,1.01801851990128,0.0432144585399713,L164D,L164D,0.4719,ambiguous,0.5378453931414308,0.5281,False,164,False,False,True
urn:mavedb:00000055-a-1#11,,,p.Leu164Met,0.7498390663023821,0.006737638811557,L164M,L164M,0.109,benign,0.8713541845993905,0.891,False,164,False,False,True
urn:mavedb:00000055-a-1#12,,,p.Leu164Ser,0.994817031480464,0.0383464494794628,L164S,L164S,0.2155,benign,0.8118020889081483,0.7845,False,164,False,False,True
urn:mavedb:00000055-a-1#13,,,p.Leu164Thr,0.994965705319066,0.0349917636310833,L164T,L164T,0.1504,benign,0.8516027233181456,0.8496,False,164,False,False,True
urn:mavedb:00000055-a-1#14,,,p.Leu164Ala,1.06807390176175,0.0096416732509419,L164A,L164A,0.1628,benign,0.8448903416793975,0.8371999999999999,False,164,False,False,True
urn:mavedb:00000055-a-1#15,,,p.Leu164Pro,0.954126382051229,0.0040117087016834,L164P,L164P,0.2072,benign,0.8175275866820869,0.7928,False,164,False,False,True
urn:mavedb:00000055-a-1#16,,,p.Leu164Ile,1.04164011986007,0.0017683076037156,L164I,L164I,0.0827,benign,0.8819670066037002,0.9173,False,164,False,False,True
urn:mavedb:00000055-a-1#17,,,p.Leu164Asn,1.0741857170773002,0.0152843850734165,L164N,L164N,0.3028,benign,0.7389704159478961,0.6972,False,164,False,False,True
urn:mavedb:00000055-a-1#18,,,p.Leu164Gly,1.08382110927985,0.0023941810117015,L164G,L164G,0.3553,ambiguous,0.6839339157096528,0.6447,False,164,False,False,True
urn:mavedb:00000055-a-1#19,,,p.Leu164Trp,1.0867866749487098,0.0481323207419251,L164W,L164W,0.154,benign,0.8496936755086103,0.846,False,164,False,False,True
urn:mavedb:00000055-a-1#20,,,p.His163Ile,0.844369322024595,0.0076417554746989,H163I,H163I,0.2073,benign,0.8174597881777267,0.7927,False,163,False,False,True
urn:mavedb:00000055-a-1#21,,,p.His163Leu,0.805134927843744,0.0023528836926402,H163L,H163L,0.1241,benign,0.8646037801547436,0.8759,False,163,False,False,True
urn:mavedb:00000055-a-1#22,,,p.His163Met,0.760147329783082,0.0126628749546801,H163M,H163M,0.3598,ambiguous,0.6788461006989884,0.6402,False,163,False,False,True
urn:mavedb:00000055-a-1#23,,,p.His163Gln,1.0233098055259,0.0316534918143213,H163Q,H163Q,0.1534,benign,0.8500140843160718,0.8466,False,163,False,False,True
urn:mavedb:00000055-a-1#24,,,p.His163Ala,0.85833840146548,0.026713613150937,H163A,H163A,0.1799,benign,0.8349847938811196,0.8201,False,163,False,False,True
urn:mavedb:00000055-a-1#25,,,p.His163Cys,0.8080021325184359,0.0245750276124237,H163C,H163C,0.1325,benign,0.8606278533425379,0.8674999999999999,False,163,False,False,True
urn:mavedb:00000055-a-1#26,,,p.His163Arg,0.99513704756174,0.0038551533763074,H163R,H163R,0.097,benign,0.8763706717509416,0.903,False,163,False,False,True
urn:mavedb:00000055-a-1#27,,,p.His163Lys,1.11890832484152,0.0111511048195217,H163K,H163K,0.1819,benign,0.8337756050883244,0.8181,False,163,False,False,True
urn:mavedb:00000055-a-1#28,,,p.His163Asp,0.94121453429031,0.0029017742920612,H163D,H163D,0.1408,benign,0.8565383285707191,0.8592,False,163,False,False,True
urn:mavedb:00000055-a-1#29,,,p.His163Val,1.05030381289124,0.0723659448816444,H163V,H163V,0.1893,benign,0.8292071674276463,0.8107,False,163,False,False,True
urn:mavedb:00000055-a-1#30,,,p.His163Trp,0.902145061020511,0.0073354634515721,H163W,H163W,0.2746,benign,0.7650695496703436,0.7254,False,163,False,False,True
urn:mavedb:00000055-a-1#31,,,p.His163Pro,1.04114135598025,0.0141283145783553,H163P,H163P,0.1069,benign,0.8722538403978666,0.8931,False,163,False,False,True
urn:mavedb:00000055-a-1#32,,,p.His163Asn,0.944755312909203,0.0683134982614764,H163N,H163N,0.0974,benign,0.876208255172148,0.9026,False,163,False,False,True
urn:mavedb:00000055-a-1#33,,,p.His163Glu,0.6346401303200411,0.0517133400275405,H163E,H163E,0.199,benign,0.8229899685420942,0.8009999999999999,False,163,False,False,True
urn:mavedb:00000055-a-1#34,,,p.His163Ser,0.8981730161609781,0.0080112373505109,H163S,H163S,0.1431,benign,0.8553761604221144,0.8569,False,163,False,False,True
urn:mavedb:00000055-a-1#35,,,p.His163Gly,1.10915797171659,0.0294969004868126,H163G,H163G,0.1922,benign,0.8273758535283321,0.8078,False,163,False,False,True
urn:mavedb:00000055-a-1#36,,,p.His163Phe,0.5744699726230329,0.0185298251488367,H163F,H163F,0.2107,benign,0.8151375211696483,0.7893,False,163,False,False,True
urn:mavedb:00000055-a-1#37,,,p.His163Tyr,0.816518488606925,0.0096001116788936,H163Y,H163Y,0.0912,benign,0.8786893715898946,0.9088,False,163,False,False,True
urn:mavedb:00000055-a-1#38,,,p.His163Thr,0.9676520590824448,0.0301828174890352,H163T,H163T,0.1722,benign,0.8395402875185481,0.8278,False,163,False,False,True
urn:mavedb:00000055-a-1#39,,,p.Asn162Asp,0.877076235685011,0.0112344847060141,N162D,N162D,0.0968,benign,0.8764517578732212,0.9032,False,162,False,False,True
urn:mavedb:00000055-a-1#40,,,p.Asn162Leu,0.8776491939080592,0.0082762874366695,N162L,N162L,0.1587,benign,0.8471526189274875,0.8412999999999999,False,162,False,False,True
urn:mavedb:00000055-a-1#41,,,p.Asn162Tyr,0.918664711115126,0.0042813570061591,N162Y,N162Y,0.1017,benign,0.8744415694415527,0.8983,False,162,False,False,True
urn:mavedb:00000055-a-1#42,,,p.Asn162Arg,1.10155532800256,0.0050673647214143,N162R,N162R,0.112,benign,0.8700526316065135,0.888,False,162,False,False,True
urn:mavedb:00000055-a-1#43,,,p.Asn162Ile,1.07394590779549,0.0148417811928202,N162I,N162I,0.1303,benign,0.861684811609985,0.8697,False,162,False,False,True
urn:mavedb:00000055-a-1#44,,,p.Asn162Gly,0.973787423525827,0.0005954398213034,N162G,N162G,0.1655,benign,0.8433770685957668,0.8345,False,162,False,False,True
urn:mavedb:00000055-a-1#45,,,p.Asn162Trp,0.8913541890486469,0.0108970529212799,N162W,N162W,0.3834,ambiguous,0.6512891729479944,0.6166,False,162,False,False,True
urn:mavedb:00000055-a-1#46,,,p.Asn162Met,1.05644219528781,0.0062776120989149,N162M,N162M,0.2341,benign,0.798237040472993,0.7659,False,162,False,False,True
urn:mavedb:00000055-a-1#47,,,p.Asn162Phe,0.977163205191468,0.0352500031347442,N162F,N162F,0.2731,benign,0.7663884261663262,0.7269,False,162,False,False,True
urn:mavedb:00000055-a-1#48,,,p.Asn162Lys,0.9027252086220492,0.010616396611732,N162K,N162K,0.1169,benign,0.8678849226807056,0.8831,False,162,False,False,True
urn:mavedb:00000055-a-1#49,,,p.Asn162Cys,0.8878273930345981,0.0320071299845656,N162C,N162C,0.1331,benign,0.8603376448212846,0.8669,False,162,False,False,True
urn:mavedb:00000055-a-1#50,,,p.Asn162Gln,0.8914101854094041,0.0026869501050177,N162Q,N162Q,0.1393,benign,0.8572894496686504,0.8607,False,162,False,False,True
urn:mavedb:00000055-a-1#51,,,p.Asn162Val,1.12013098655232,0.007583529832447,N162V,N162V,0.1414,benign,0.8562363765859635,0.8586,False,162,False,False,True
urn:mavedb:00000055-a-1#52,,,p.Asn162Pro,0.8838857351714221,0.0106331077680603,N162P,N162P,0.214,benign,0.8128516039875153,0.786,False,162,False,False,True
urn:mavedb:00000055-a-1#53,,,p.Asn162Ser,1.0033469250227398,0.0123391799540333,N162S,N162S,0.0784,benign,0.8835719122136424,0.9216,False,162,False,False,True
urn:mavedb:00000055-a-1#54,,,p.Asn162Thr,0.924612432727562,0.0218676154662653,N162T,N162T,0.0996,benign,0.875309119264893,0.9004,False,162,False,False,True
urn:mavedb:00000055-a-1#55,,,p.Asn162Glu,0.9313860423171378,0.0256502023993924,N162E,N162E,0.147,benign,0.8533763716634297,0.853,False,162,False,False,True
urn:mavedb:00000055-a-1#56,,,p.Asn162Ala,0.7072516209552141,0.0058226769830582,N162A,N162A,0.1413,benign,0.8562867617144394,0.8587,False,162,False,False,True
urn:mavedb:00000055-a-1#57,,,p.Asn162His,0.990504403014878,0.0268446326717233,N162H,N162H,0.0768,benign,0.8841601419335098,0.9232,False,162,False,False,True
urn:mavedb:00000055-a-1#58,,,p.Gly161Lys,0.7260677502840971,0.006623815892089,G161K,G161K,0.3991,ambiguous,0.6322016904499492,0.6009,False,161,False,False,True
urn:mavedb:00000055-a-1#59,,,p.Gly161Glu,0.580117744389333,0.0254492627659414,G161E,G161E,0.1964,benign,0.8246822032504036,0.8036,False,161,False,False,True
urn:mavedb:00000055-a-1#60,,,p.Gly161Asp,0.608284376331681,0.0032771973866845,G161D,G161D,0.2188,benign,0.8094700198666209,0.7812,False,161,False,False,True
urn:mavedb:00000055-a-1#61,,,p.Gly161Leu,0.458265880735858,0.0116085988353311,G161L,G161L,0.512,ambiguous,0.4838069947739315,0.488,False,161,False,False,True
urn:mavedb:00000055-a-1#62,,,p.Gly161Met,0.558227964531138,0.0071040434397199,G161M,G161M,0.5456,ambiguous,0.43882116318711406,0.4544,False,161,False,False,True
urn:mavedb:00000055-a-1#63,,,p.Gly161Gln,0.6003061254252621,0.0069762255092814,G161Q,G161Q,0.3859,ambiguous,0.6482881357073843,0.6141,False,161,False,False,True
urn:mavedb:00000055-a-1#64,,,p.Gly161Ile,0.486082250028611,0.0349778345421958,G161I,G161I,0.3736,ambiguous,0.6629056301476909,0.6264000000000001,False,161,False,False,True
urn:mavedb:00000055-a-1#65,,,p.Gly161Phe,0.431972489630397,0.0197398658969366,G161F,G161F,0.6351,pathogenic,0.32698638866730867,0.3649,False,161,False,False,True
urn:mavedb:00000055-a-1#66,,,p.Gly161Trp,0.317721693627392,0.0086667039857115,G161W,G161W,0.3877,ambiguous,0.6461181678879395,0.6123000000000001,False,161,False,False,True
urn:mavedb:00000055-a-1#67,,,p.Gly161Thr,0.709687398357521,0.0744118930053948,G161T,G161T,0.258,benign,0.7792754405954649,0.742,False,161,False,False,True
urn:mavedb:00000055-a-1#68,,,p.Gly161Arg,0.5819787623145121,0.0397026323993531,G161R,G161R,0.3492,ambiguous,0.6907414139889572,0.6508,False,161,False,False,True
urn:mavedb:00000055-a-1#69,,,p.Gly161Asn,0.630515015100231,0.008470043121518,G161N,G161N,0.3665,ambiguous,0.6711695151589838,0.6335,False,161,False,False,True
urn:mavedb:00000055-a-1#70,,,p.Gly161Pro,0.6557401671026839,0.0200558016380805,G161P,G161P,0.5931,pathogenic,0.3774843090908146,0.40690000000000004,False,161,False,False,True
urn:mavedb:00000055-a-1#71,,,p.Gly161Cys,0.582899319032443,0.001993058914885,G161C,G161C,0.2715,benign,0.7677875035109509,0.7284999999999999,False,161,False,False,True
urn:mavedb:00000055-a-1#72,,,p.Gly161Ala,0.380418661829552,0.0139050676563999,G161A,G161A,0.1884,benign,0.8297707886147261,0.8116,False,161,False,False,True
urn:mavedb:00000055-a-1#73,,,p.Gly161His,0.622953850412401,0.0021266541700581,G161H,G161H,0.5014,ambiguous,0.4981100111131217,0.49860000000000004,False,161,False,False,True
urn:mavedb:00000055-a-1#74,,,p.Gly161Val,0.5678861787626179,0.0133801962572698,G161V,G161V,0.2494,benign,0.7862997107225811,0.7505999999999999,False,161,False,False,True
urn:mavedb:00000055-a-1#75,,,p.Gly161Tyr,0.43959723365469,0.038181876873502,G161Y,G161Y,0.4404,ambiguous,0.5796134040527611,0.5596,False,161,False,False,True
urn:mavedb:00000055-a-1#76,,,p.Gly161Ser,0.6932105666688501,0.0001631896573463,G161S,G161S,0.1886,benign,0.8296457320070761,0.8114,False,161,False,False,True
urn:mavedb:00000055-a-1#78,,,p.Lys160His,0.612303681354291,0.014239733799911,K160H,K160H,0.2069,benign,0.8177308100325683,0.7931,False,160,False,False,True
urn:mavedb:00000055-a-1#79,,,p.Lys160Thr,1.08499482091492,0.0082402907819477,K160T,K160T,0.1147,benign,0.8688646455781043,0.8853,False,160,False,False,True
urn:mavedb:00000055-a-1#80,,,p.Lys160Arg,1.19001453496548,0.0444010485744037,K160R,K160R,0.0696,benign,0.8867482233339216,0.9304,False,160,False,False,True
urn:mavedb:00000055-a-1#81,,,p.Lys160Asp,0.505821800557033,0.0226143536646645,K160D,K160D,0.319,benign,0.7228649726935407,0.681,False,160,False,False,True
urn:mavedb:00000055-a-1#82,,,p.Lys160Tyr,0.457711970330836,0.0386301630217884,K160Y,K160Y,0.4293,ambiguous,0.5940390513892498,0.5707,False,160,False,False,True
urn:mavedb:00000055-a-1#83,,,p.Lys160Ala,0.8071723754818458,0.0309476325892808,K160A,K160A,0.208,benign,0.8169843946041329,0.792,False,160,False,False,True
urn:mavedb:00000055-a-1#84,,,p.Lys160Leu,0.801448461809157,0.0321508157785249,K160L,K160L,0.2725,benign,0.7669140143818394,0.7275,False,160,False,False,True
urn:mavedb:00000055-a-1#85,,,p.Lys160Gly,0.8546011381026558,0.0218554720333578,K160G,K160G,0.218,benign,0.8100382984641392,0.782,False,160,False,False,True
urn:mavedb:00000055-a-1#86,,,p.Lys160Val,0.8911283525759649,0.0007161642073494,K160V,K160V,0.2545,benign,0.7821616487566626,0.7455,False,160,False,False,True
urn:mavedb:00000055-a-1#87,,,p.Lys160Asn,0.626686649309213,0.0112084697071473,K160N,K160N,0.2861,benign,0.7547251782427129,0.7139,False,160,False,False,True
urn:mavedb:00000055-a-1#88,,,p.Lys160Cys,0.795061830395486,0.044549862112545,K160C,K160C,0.4133,ambiguous,0.6144750786316264,0.5867,False,160,False,False,True
urn:mavedb:00000055-a-1#89,,,p.Lys160Ile,0.818812246810634,0.0277328450189074,K160I,K160I,0.284,benign,0.7566449179301162,0.716,False,160,False,False,True
urn:mavedb:00000055-a-1#90,,,p.Lys160Gln,0.792245875678431,0.0019638922335798,K160Q,K160Q,0.1044,benign,0.8733127024251603,0.8956,False,160,False,False,True
urn:mavedb:00000055-a-1#91,,,p.Lys160Phe,0.285161766956412,0.0068012708202708,K160F,K160F,0.5659,pathogenic,0.4121762353836204,0.43410000000000004,False,160,False,False,True
urn:mavedb:00000055-a-1#92,,,p.Lys160Trp,0.272106879003581,0.0478095933674197,K160W,K160W,0.5227,ambiguous,0.4694022854714565,0.47729999999999995,False,160,False,False,True
urn:mavedb:00000055-a-1#93,,,p.Lys160Glu,0.4226116509286129,0.0008206349390409,K160E,K160E,0.1223,benign,0.8654349047043602,0.8777,False,160,False,False,True
urn:mavedb:00000055-a-1#94,,,p.Lys160Met,0.644529250495032,0.0103523144852504,K160M,K160M,0.2185,benign,0.8096833443875434,0.7815,False,160,False,False,True
urn:mavedb:00000055-a-1#95,,,p.Lys160Pro,0.455350100340399,0.0225103898069391,K160P,K160P,0.3423,ambiguous,0.698315293029939,0.6577,False,160,False,False,True
urn:mavedb:00000055-a-1#96,,,p.Lys160Ser,0.741858762646748,0.0161515959148397,K160S,K160S,0.2384,benign,0.7949539198642444,0.7616,False,160,False,False,True
urn:mavedb:00000055-a-1#98,,,p.Tyr159Trp,0.567274919164241,0.0020308799734052,Y159W,Y159W,0.2612,benign,0.7766034920020023,0.7388,False,159,False,False,True
urn:mavedb:00000055-a-1#99,,,p.Tyr159Phe,0.863606902833942,0.0355686027726611,Y159F,Y159F,0.1025,benign,0.8741086732206729,0.8975,False,159,False,False,True
urn:mavedb:00000055-a-1#100,,,p.Tyr159Asp,0.639140655826325,0.0156689232198272,Y159D,Y159D,0.2568,benign,0.7802692577386561,0.7432000000000001,False,159,False,False,True
urn:mavedb:00000055-a-1#101,,,p.Tyr159Gln,0.5505143127790469,0.0060818182415696,Y159Q,Y159Q,0.3995,ambiguous,0.6317081227841365,0.6005,False,159,False,False,True
urn:mavedb:00000055-a-1#102,,,p.Tyr159Ile,0.672146249478191,0.0085901991166707,Y159I,Y159I,0.4008,ambiguous,0.6301016380975554,0.5992,False,159,False,False,True
urn:mavedb:00000055-a-1#103,,,p.Tyr159Pro,0.6019777773176049,0.0270621747941773,Y159P,Y159P,0.5019,ambiguous,0.4974350277785889,0.4981,False,159,False,False,True
urn:mavedb:00000055-a-1#104,,,p.Tyr159Lys,0.822095543223805,0.0092016408481387,Y159K,Y159K,0.4056,ambiguous,0.6241388716961678,0.5944,False,159,False,False,True
urn:mavedb:00000055-a-1#105,,,p.Tyr159His,0.777610162450921,0.0033148896654357,Y159H,Y159H,0.2417,benign,0.7923963593709105,0.7583,False,159,False,False,True
urn:mavedb:00000055-a-1#106,,,p.Tyr159Val,0.782257749286392,0.0726612530700364,Y159V,Y159V,0.3128,benign,0.7291236209425122,0.6872,False,159,False,False,True
urn:mavedb:00000055-a-1#107,,,p.Tyr159Gly,0.7218733263378491,0.0335323209759924,Y159G,Y159G,0.2615,benign,0.7763513715788714,0.7384999999999999,False,159,False,False,True
urn:mavedb:00000055-a-1#108,,,p.Tyr159Ser,0.6984184265189061,0.0172347520199755,Y159S,Y159S,0.2142,benign,0.8127120472917041,0.7858,False,159,False,False,True
urn:mavedb:00000055-a-1#109,,,p.Tyr159Glu,0.7716993005185799,0.0259175689726924,Y159E,Y159E,0.435,ambiguous,0.5866544293671091,0.565,False,159,False,False,True
urn:mavedb:00000055-a-1#110,,,p.Tyr159Ala,0.63596838205588,0.0275180028263173,Y159A,Y159A,0.4066,ambiguous,0.6228905787596397,0.5933999999999999,False,159,False,False,True
urn:mavedb:00000055-a-1#111,,,p.Tyr159Cys,0.6508105327782601,0.0097734134489917,Y159C,Y159C,0.128,benign,0.8627778883955288,0.872,False,159,False,False,True
urn:mavedb:00000055-a-1#112,,,p.Tyr159Met,0.54880122255275,0.0237581438146539,Y159M,Y159M,0.5265,ambiguous,0.4643001789271228,0.47350000000000003,False,159,False,False,True
urn:mavedb:00000055-a-1#113,,,p.Tyr159Asn,0.704734236736712,0.0397999398164885,Y159N,Y159N,0.2224,benign,0.8068894743991888,0.7776000000000001,False,159,False,False,True
urn:mavedb:00000055-a-1#114,,,p.Tyr159Arg,0.827360528715318,0.004475569105217,Y159R,Y159R,0.3051,benign,0.7367328912053261,0.6949000000000001,False,159,False,False,True
urn:mavedb:00000055-a-1#115,,,p.Tyr159Leu,0.772351279660052,0.0106356744971879,Y159L,Y159L,0.3858,ambiguous,0.6484084642274522,0.6142000000000001,False,159,False,False,True
urn:mavedb:00000055-a-1#117,,,p.Gly158Asp,1.03669125907859,0.007697175824416,G158D,G158D,0.2097,benign,0.8158239991620702,0.7903,False,158,False,False,True
urn:mavedb:00000055-a-1#118,,,p.Gly158Met,0.743857820091478,0.0106403748724311,G158M,G158M,0.4762,ambiguous,0.5320755119568491,0.5238,False,158,False,False,True
urn:mavedb:00000055-a-1#119,,,p.Gly158Trp,0.7444035344513901,0.0064473173315159,G158W,G158W,0.3003,benign,0.7413839768711975,0.6997,False,158,False,False,True
urn:mavedb:00000055-a-1#120,,,p.Gly158Ile,0.471311363126372,0.0221538671628808,G158I,G158I,0.2711,benign,0.7681360274039798,0.7289,False,158,False,False,True
urn:mavedb:00000055-a-1#121,,,p.Gly158Gln,0.9779901424174632,0.0542293129573946,G158Q,G158Q,0.3151,benign,0.7268155123747911,0.6849000000000001,False,158,False,False,True
urn:mavedb:00000055-a-1#122,,,p.Gly158Pro,0.7273479612495892,0.012402560258785,G158P,G158P,0.4176,ambiguous,0.60902816967281,0.5824,False,158,False,False,True
urn:mavedb:00000055-a-1#123,,,p.Gly158Leu,0.752624739807957,0.0141557932726811,G158L,G158L,0.3734,ambiguous,0.6631401948445516,0.6266,False,158,False,False,True
urn:mavedb:00000055-a-1#124,,,p.Gly158Arg,1.0669928922148002,0.0127725519985327,G158R,G158R,0.2509,benign,0.7850909333994358,0.7491,False,158,False,False,True
urn:mavedb:00000055-a-1#125,,,p.Gly158Glu,0.8320229790132,0.0055214462455555,G158E,G158E,0.2109,benign,0.81499987889417,0.7891,False,158,False,False,True
urn:mavedb:00000055-a-1#126,,,p.Gly158Ser,0.8550323099542192,0.0005879770546165,G158S,G158S,0.1326,benign,0.8605795433617751,0.8674,False,158,False,False,True
urn:mavedb:00000055-a-1#127,,,p.Gly158Cys,0.755119482156372,0.0042645139528998,G158C,G158C,0.1771,benign,0.8366596053178241,0.8229,False,158,False,False,True
urn:mavedb:00000055-a-1#128,,,p.Gly158Phe,0.866220372042211,0.0232743853690075,G158F,G158F,0.4525,ambiguous,0.5636944507050425,0.5475,False,158,False,False,True
urn:mavedb:00000055-a-1#129,,,p.Gly158Lys,0.9213393119655572,0.0047222575408897,G158K,G158K,0.3676,ambiguous,0.669897782796827,0.6324000000000001,False,158,False,False,True
urn:mavedb:00000055-a-1#130,,,p.Gly158Tyr,0.6901815677499971,0.0180974451637084,G158Y,G158Y,0.3288,benign,0.7127354277018814,0.6712,False,158,False,False,True
urn:mavedb:00000055-a-1#131,,,p.Gly158His,0.797150867634728,0.0356088012715057,G158H,G158H,0.3494,ambiguous,0.6905198673874074,0.6506000000000001,False,158,False,False,True
urn:mavedb:00000055-a-1#132,,,p.Gly158Val,0.558940816765204,0.000825922104224,G158V,G158V,0.1896,benign,0.829018798171659,0.8104,False,158,False,False,True
urn:mavedb:00000055-a-1#133,,,p.Gly158Thr,0.83838326857655,0.0060772846820737,G158T,G158T,0.1779,benign,0.8361832292365685,0.8221,False,158,False,False,True
urn:mavedb:00000055-a-1#134,,,p.Gly158Ala,0.8993437173651329,0.0126569517036119,G158A,G158A,0.1341,benign,0.8598521013357764,0.8659,False,158,False,False,True
urn:mavedb:00000055-a-1#135,,,p.Gly158Asn,0.7722898392649642,0.0110844453587174,G158N,G158N,0.3202,benign,0.7216401445829559,0.6798,False,158,False,False,True
urn:mavedb:00000055-a-1#136,,,p.Val157Pro,0.688532741670444,0.0447422554752595,V157P,V157P,0.1504,benign,0.8516027233181456,0.8496,False,157,False,False,True
urn:mavedb:00000055-a-1#137,,,p.Val157Gly,0.639946661735727,0.0411587935671997,V157G,V157G,0.0915,benign,0.8785710933206932,0.9085,False,157,False,False,True
urn:mavedb:00000055-a-1#138,,,p.Val157Ser,1.0509380985341998,0.0314592808489442,V157S,V157S,0.097,benign,0.8763706717509416,0.903,False,157,False,False,True
urn:mavedb:00000055-a-1#139,,,p.Val157Gln,1.08412175640427,0.0246706010995173,V157Q,V157Q,0.1151,benign,0.868687300891423,0.8849,False,157,False,False,True
urn:mavedb:00000055-a-1#140,,,p.Val157Arg,0.881359136215113,0.0380027232990435,V157R,V157R,0.0849,benign,0.88113219091576,0.9151,False,157,False,False,True
urn:mavedb:00000055-a-1#141,,,p.Val157Lys,0.89233763109973,0.0418740790340434,V157K,V157K,0.1042,benign,0.8733968440351648,0.8958,False,157,False,False,True
urn:mavedb:00000055-a-1#142,,,p.Val157Thr,1.0374974818107,0.0291456920853549,V157T,V157T,0.0949,benign,0.8772180273077758,0.9051,False,157,False,False,True
urn:mavedb:00000055-a-1#144,,,p.Val157Trp,0.708140648232711,0.0140269771109389,V157W,V157W,0.3921,ambiguous,0.640781887699565,0.6079,False,157,False,False,True
urn:mavedb:00000055-a-1#145,,,p.Val157Met,0.968777529762603,0.0107138535619852,V157M,V157M,0.15,benign,0.8518128609239484,0.85,False,157,False,False,True
urn:mavedb:00000055-a-1#146,,,p.Val157Asn,1.02441269910511,0.0691438862760897,V157N,V157N,0.1449,benign,0.8544577593997628,0.8551,False,157,False,False,True
urn:mavedb:00000055-a-1#147,,,p.Val157Ala,1.13261313058632,0.0110916224393824,V157A,V157A,0.0776,benign,0.8838666292104461,0.9224,False,157,False,False,True
urn:mavedb:00000055-a-1#148,,,p.Val157Glu,0.8242380554758821,0.0446681260582176,V157E,V157E,0.0963,benign,0.8766541173728011,0.9037,False,157,False,False,True
urn:mavedb:00000055-a-1#149,,,p.Val157His,0.99763162225904,0.0617339529658207,V157H,V157H,0.1954,benign,0.8253280132055972,0.8046,False,157,False,False,True
urn:mavedb:00000055-a-1#150,,,p.Val157Leu,1.02448850924637,0.0226520706000939,V157L,V157L,0.1293,benign,0.8621615546220511,0.8707,False,157,False,False,True
urn:mavedb:00000055-a-1#151,,,p.Val157Ile,0.9609514836354148,0.0920107998003972,V157I,V157I,0.0919,benign,0.8784131101027076,0.9081,False,157,False,False,True
urn:mavedb:00000055-a-1#152,,,p.Val157Phe,0.799208786222423,0.0329520887694711,V157F,V157F,0.1102,benign,0.870835878480658,0.8898,False,157,False,False,True
urn:mavedb:00000055-a-1#153,,,p.Val157Tyr,0.8528992846571,0.0468138617692671,V157Y,V157Y,0.2659,benign,0.7726215420925084,0.7341,False,157,False,False,True
urn:mavedb:00000055-a-1#154,,,p.Val157Cys,0.951775933686823,0.0242976972848776,V157C,V157C,0.3756,ambiguous,0.660554394560034,0.6244000000000001,False,157,False,False,True
urn:mavedb:00000055-a-1#155,,,p.Leu156Ala,0.667920787560851,0.0063189280321095,L156A,L156A,0.2194,benign,0.8090425779792455,0.7806,False,156,False,False,True
urn:mavedb:00000055-a-1#156,,,p.Leu156Arg,0.6508616984590551,0.0055568160164564,L156R,L156R,0.1533,benign,0.8500673986344843,0.8467,False,156,False,False,True
urn:mavedb:00000055-a-1#157,,,p.Leu156Lys,0.6378200103743421,0.0151901657919064,L156K,L156K,0.2314,benign,0.8002700662049381,0.7686,False,156,False,False,True
urn:mavedb:00000055-a-1#158,,,p.Leu156Glu,0.536650848915331,0.004800632683267,L156E,L156E,0.3037,benign,0.7380968066282608,0.6962999999999999,False,156,False,False,True
urn:mavedb:00000055-a-1#159,,,p.Leu156Met,0.8247887459381039,0.0253957415660833,L156M,L156M,0.1367,benign,0.8585787392482102,0.8633,False,156,False,False,True
urn:mavedb:00000055-a-1#160,,,p.Leu156Gln,0.594612215926829,0.0268667982140949,L156Q,L156Q,0.1812,benign,0.8342000479560006,0.8188,False,156,False,False,True
urn:mavedb:00000055-a-1#161,,,p.Leu156Ile,0.618125857874589,0.0146596263714541,L156I,L156I,0.1088,benign,0.8714402700575742,0.8912,False,156,False,False,True
urn:mavedb:00000055-a-1#162,,,p.Leu156Pro,0.6316535964172572,0.0167529075939795,L156P,L156P,0.2033,benign,0.8201494040905275,0.7967,False,156,False,False,True
urn:mavedb:00000055-a-1#163,,,p.Leu156Tyr,0.388648101631436,0.004067138380874,L156Y,L156Y,0.3498,ambiguous,0.6900764365001889,0.6502,False,156,False,False,True
urn:mavedb:00000055-a-1#164,,,p.Leu156Asp,0.5777952543326079,0.0298939337209581,L156D,L156D,0.5607,ambiguous,0.4189489213493331,0.4393,False,156,False,False,True
urn:mavedb:00000055-a-1#165,,,p.Leu156Phe,0.5398334864734601,0.0068892378041423,L156F,L156F,0.1479,benign,0.8529096323500351,0.8521,False,156,False,False,True
urn:mavedb:00000055-a-1#166,,,p.Leu156Thr,0.57869713138934,0.0145972415625766,L156T,L156T,0.2001,benign,0.822268293619239,0.7999,False,156,False,False,True
urn:mavedb:00000055-a-1#167,,,p.Leu156His,0.501477159068493,0.0619159647836318,L156H,L156H,0.2281,benign,0.8027252010407222,0.7719,False,156,False,False,True
urn:mavedb:00000055-a-1#168,,,p.Leu156Val,0.60104899118817,0.0468369525823863,L156V,L156V,0.0968,benign,0.8764517578732212,0.9032,False,156,False,False,True
urn:mavedb:00000055-a-1#169,,,p.Leu156Trp,0.526810461145117,0.038017323819014,L156W,L156W,0.2041,benign,0.8196151362919062,0.7959,False,156,False,False,True
urn:mavedb:00000055-a-1#170,,,p.Leu156Cys,0.597144848731716,0.0022868297302352,L156C,L156C,0.3884,ambiguous,0.645272228053242,0.6115999999999999,False,156,False,False,True
urn:mavedb:00000055-a-1#171,,,p.Leu156Ser,0.749055986833242,0.0062105566895412,L156S,L156S,0.2794,benign,0.7608020262583938,0.7206,False,156,False,False,True
urn:mavedb:00000055-a-1#172,,,p.Leu156Gly,0.6082534609689421,0.0084919951377037,L156G,L156G,0.3799,ambiguous,0.6554652147252344,0.6201,False,156,False,False,True
urn:mavedb:00000055-a-1#173,,,p.Leu156Asn,0.486130549511862,0.0258015385741202,L156N,L156N,0.4276,ambiguous,0.596231471196665,0.5724,False,156,False,False,True
urn:mavedb:00000055-a-1#174,,,p.His155Ser,0.600956484525489,0.0682826151112828,H155S,H155S,0.223,benign,0.8064556669419186,0.777,False,155,False,False,True
urn:mavedb:00000055-a-1#175,,,p.His155Glu,0.5762109276467379,0.0299005524265822,H155E,H155E,0.3019,benign,0.7398415236590832,0.6980999999999999,False,155,False,False,True
urn:mavedb:00000055-a-1#176,,,p.Asp147His,0.743341252545652,0.0094827087151829,D147H,D147H,0.2299,benign,0.8013900744687501,0.7701,False,147,False,False,True
urn:mavedb:00000055-a-1#177,,,p.Asp147Phe,0.469539988110354,0.052061568247703,D147F,D147F,0.614,pathogenic,0.35183221660609076,0.386,False,147,False,False,True
urn:mavedb:00000055-a-1#178,,,p.Asp147Asn,0.825280248168388,0.0565022845685191,D147N,D147N,0.1119,benign,0.8700963281917391,0.8881,False,147,False,False,True
urn:mavedb:00000055-a-1#179,,,p.Asp147Glu,0.708984786534387,0.0239272240274322,D147E,D147E,0.3238,benign,0.7179395883443674,0.6762,False,147,False,False,True
urn:mavedb:00000055-a-1#180,,,p.Asp147Leu,0.253836489423596,0.0122655992429891,D147L,D147L,0.441,ambiguous,0.5788285081239211,0.5589999999999999,False,147,False,False,True
urn:mavedb:00000055-a-1#181,,,p.Asp147Ile,0.278962115129603,0.113195196054237,D147I,D147I,0.3783,ambiguous,0.6573642437040473,0.6216999999999999,False,147,False,False,True
urn:mavedb:00000055-a-1#182,,,p.Asp147Ala,0.413208116253481,0.0886645765713194,D147A,D147A,0.3186,benign,0.7232722803096213,0.6814,False,147,False,False,True
urn:mavedb:00000055-a-1#183,,,p.Asp147Tyr,0.670154691503563,0.0076999698695029,D147Y,D147Y,0.1971,benign,0.824228469582074,0.8029,False,147,False,False,True
urn:mavedb:00000055-a-1#184,,,p.Asp147Gln,-0.0057204358920853,0.0029619496135051,D147Q,D147Q,0.4498,ambiguous,0.5672622564928225,0.5502,False,147,False,False,True
urn:mavedb:00000055-a-1#185,,,p.Asp147Trp,0.021507408928255,0.0202646373725369,D147W,D147W,0.8634,pathogenic,0.14137199167265807,0.13660000000000005,False,147,False,False,True
urn:mavedb:00000055-a-1#187,,,p.Asp147Lys,0.406376992012869,0.0127881882761442,D147K,D147K,0.5935,pathogenic,0.37698449954147295,0.4065,False,147,False,False,True
urn:mavedb:00000055-a-1#188,,,p.Asp147Ser,0.718623609156477,0.0044641289165281,D147S,D147S,0.1835,benign,0.8328004731565422,0.8165,False,147,False,False,True
urn:mavedb:00000055-a-1#189,,,p.Asp147Gly,0.0610354762754032,0.034230132968456,D147G,D147G,0.5288,ambiguous,0.4612164578701779,0.47119999999999995,False,147,False,False,True
urn:mavedb:00000055-a-1#190,,,p.Asp147Met,0.8796378327431741,0.0639357460587843,D147M,D147M,0.698,pathogenic,0.2602551424900737,0.30200000000000005,True,147,False,True,True
urn:mavedb:00000055-a-1#191,,,p.Tyr146Arg,0.0734331224972433,0.0022047502200229,Y146R,Y146R,0.8965,pathogenic,0.12630931936049022,0.10350000000000004,False,146,False,False,True
urn:mavedb:00000055-a-1#192,,,p.Tyr146Gln,0.0380535120626386,0.0473130000264615,Y146Q,Y146Q,0.9416,pathogenic,0.10941230080011688,0.05840000000000001,False,146,False,False,True
urn:mavedb:00000055-a-1#193,,,p.Tyr146Gly,0.165464829887463,0.0186432305304613,Y146G,Y146G,0.8627,pathogenic,0.14171737029737844,0.13729999999999998,False,146,False,False,True
urn:mavedb:00000055-a-1#194,,,p.Tyr146Asn,0.0052504189211411,0.0124302465564909,Y146N,Y146N,0.7915,pathogenic,0.18335603448816923,0.20850000000000002,False,146,False,False,True
urn:mavedb:00000055-a-1#195,,,p.Tyr146Cys,0.201327219589057,0.0271441432060877,Y146C,Y146C,0.4485,ambiguous,0.5689770383547557,0.5515,False,146,False,False,True
urn:mavedb:00000055-a-1#196,,,p.Tyr146Leu,0.143846380286888,0.040601541291719,Y146L,Y146L,0.7851,pathogenic,0.18777731828354655,0.21489999999999998,False,146,False,False,True
urn:mavedb:00000055-a-1#197,,,p.Tyr146Val,0.076206448189396,0.0229373715036427,Y146V,Y146V,0.7495,pathogenic,0.21458605056694263,0.25049999999999994,False,146,False,False,True
urn:mavedb:00000055-a-1#198,,,p.Tyr146Ser,0.071990668097719,0.020973633485547,Y146S,Y146S,0.8265,pathogenic,0.16121778013110216,0.1735,False,146,False,False,True
urn:mavedb:00000055-a-1#199,,,p.Tyr146His,0.0583649594070887,0.0247886684994939,Y146H,Y146H,0.7179,pathogenic,0.24163001909119058,0.2821,False,146,False,False,True
urn:mavedb:00000055-a-1#201,,,p.Tyr146Ala,0.0865818186487092,0.0102717385134721,Y146A,Y146A,0.926,pathogenic,0.11482198940541585,0.07399999999999995,False,146,False,False,True
urn:mavedb:00000055-a-1#202,,,p.Tyr146Trp,0.6229560892399211,0.0661557859786826,Y146W,Y146W,0.4204,ambiguous,0.6054628908122428,0.5796,False,146,False,False,True
urn:mavedb:00000055-a-1#203,,,p.Tyr146Thr,0.022899242734174,0.0007797117021351,Y146T,Y146T,0.9167,pathogenic,0.11825974442051342,0.08330000000000004,False,146,False,False,True
urn:mavedb:00000055-a-1#204,,,p.Tyr146Met,0.0608541926919366,0.0353886488940717,Y146M,Y146M,0.8621,pathogenic,0.14201432978738374,0.13790000000000002,False,146,False,False,True
urn:mavedb:00000055-a-1#205,,,p.Tyr146Lys,0.0487084245869478,0.0251307823085143,Y146K,Y146K,0.9481,pathogenic,0.10728446432243552,0.051899999999999946,False,146,False,False,True
urn:mavedb:00000055-a-1#206,,,p.Tyr146Phe,1.01906044952499,0.0217009642702673,Y146F,Y146F,0.1197,benign,0.8666226177934423,0.8803,False,146,False,False,True
urn:mavedb:00000055-a-1#207,,,p.Tyr146Asp,0.0155896046683931,0.0133623439974808,Y146D,Y146D,0.863,pathogenic,0.1415692093898343,0.137,False,146,False,False,True
urn:mavedb:00000055-a-1#208,,,p.Tyr146Pro,0.0057715493631721,0.0037157461955403,Y146P,Y146P,0.9828,pathogenic,0.09708077964987051,0.017199999999999993,False,146,False,False,True
urn:mavedb:00000055-a-1#209,,,p.Tyr146Glu,0.0408459343349553,0.0059704372786702,Y146E,Y146E,0.9544,pathogenic,0.1052900681275031,0.045599999999999974,False,146,False,False,True
urn:mavedb:00000055-a-1#210,,,p.Gly145Gln,0.8954754046554549,0.015431913987543,G145Q,G145Q,0.3881,ambiguous,0.645634914538282,0.6119,False,145,False,False,True
urn:mavedb:00000055-a-1#211,,,p.Gly145Thr,0.348945153389737,0.0202034146003044,G145T,G145T,0.4693,ambiguous,0.5413282117481842,0.5307,False,145,False,False,True
urn:mavedb:00000055-a-1#212,,,p.Gly145Asp,0.8624196248290269,0.0236209077869871,G145D,G145D,0.216,benign,0.8114507925306311,0.784,False,145,False,False,True
urn:mavedb:00000055-a-1#213,,,p.Gly145Cys,0.753990586038256,0.0130284447285391,G145C,G145C,0.3585,ambiguous,0.6803215948293131,0.6415,False,145,False,False,True
urn:mavedb:00000055-a-1#214,,,p.Gly145Met,0.68031903986599,0.0191365727908231,G145M,G145M,0.7341,pathogenic,0.2273784579074915,0.2659,False,145,False,False,True
urn:mavedb:00000055-a-1#215,,,p.Gly145Trp,0.0819916418896233,0.0163108610834898,G145W,G145W,0.6561,pathogenic,0.30342887426392656,0.3439,False,145,False,False,True
urn:mavedb:00000055-a-1#216,,,p.Gly145Glu,0.724883400107169,0.0061502206108959,G145E,G145E,0.2787,benign,0.7614288465301134,0.7213,False,145,False,False,True
urn:mavedb:00000055-a-1#217,,,p.Gly145Ser,0.6862894252708129,0.0116888925003684,G145S,G145S,0.2348,benign,0.7977063809129381,0.7652,False,145,False,False,True
urn:mavedb:00000055-a-1#218,,,p.Gly145Lys,0.731736217800779,0.0074177324475852,G145K,G145K,0.4321,ambiguous,0.5904178556677179,0.5679000000000001,False,145,False,False,True
urn:mavedb:00000055-a-1#219,,,p.Gly145Tyr,0.278377199241024,0.0023781721874148,G145Y,G145Y,0.5939,pathogenic,0.3764850178008225,0.4061,False,145,False,False,True
urn:mavedb:00000055-a-1#220,,,p.Gly145Ala,0.8215312487570459,0.0550879416328448,G145A,G145A,0.3174,benign,0.7244912935792717,0.6826,False,145,False,False,True
urn:mavedb:00000055-a-1#221,,,p.Gly145Arg,0.907124115486032,0.0108280657487812,G145R,G145R,0.3723,ambiguous,0.6644284742836614,0.6276999999999999,False,145,False,False,True
urn:mavedb:00000055-a-1#222,,,p.Gly145Asn,0.9310115782678792,0.018961826145068,G145N,G145N,0.3416,ambiguous,0.6990760527248762,0.6584,False,145,False,False,True
urn:mavedb:00000055-a-1#223,,,p.Gly145His,0.94800609722247,0.0041297145520643,G145H,G145H,0.4958,ambiguous,0.5056696999626534,0.5042,False,145,False,False,True
urn:mavedb:00000055-a-1#224,,,p.Gly145Phe,0.369445029793666,0.0270736500718336,G145F,G145F,0.8049,pathogenic,0.17447878918410814,0.19510000000000005,False,145,False,False,True
urn:mavedb:00000055-a-1#225,,,p.Gly145Leu,0.593403768104327,0.0415335071806322,G145L,G145L,0.7076,pathogenic,0.25111645619805945,0.2924,False,145,False,False,True
urn:mavedb:00000055-a-1#226,,,p.Gly145Val,0.0462914675991989,0.0132808754755131,G145V,G145V,0.5397,ambiguous,0.44665698200044257,0.46030000000000004,False,145,False,False,True
urn:mavedb:00000055-a-1#227,,,p.Gly145Ile,0.0224340104381747,0.0110953376449288,G145I,G145I,0.6684,pathogenic,0.2902114196724861,0.3316,False,145,False,False,True
urn:mavedb:00000055-a-1#228,,,p.Gly145Pro,0.0326681745958825,0.0008959953582002,G145P,G145P,0.9175,pathogenic,0.11795756354648164,0.08250000000000002,False,145,False,False,True
urn:mavedb:00000055-a-1#229,,,p.Gln144Ala,0.470889594209486,0.0253144980865487,Q144A,Q144A,0.3603,ambiguous,0.678277381840811,0.6396999999999999,False,144,False,False,True
urn:mavedb:00000055-a-1#230,,,p.Gln144Val,0.488767459274971,0.003917360189662,Q144V,Q144V,0.5838,pathogenic,0.389194595940997,0.4162,False,144,False,False,True
urn:mavedb:00000055-a-1#231,,,p.Gln144Phe,0.272083353000993,0.0311669127377784,Q144F,Q144F,0.8797,pathogenic,0.13365013332338938,0.12029999999999996,False,144,False,False,True
urn:mavedb:00000055-a-1#232,,,p.Gln144Ser,0.84810186127525,0.0193212560845443,Q144S,Q144S,0.3975,ambiguous,0.6341724718201159,0.6025,False,144,False,False,True
urn:mavedb:00000055-a-1#233,,,p.Gln144Trp,0.3988560749522479,0.111448387596845,Q144W,Q144W,0.833,pathogenic,0.1574717622527435,0.16700000000000004,False,144,False,False,True
urn:mavedb:00000055-a-1#234,,,p.Gln144Glu,0.137551483008228,0.0278477497041012,Q144E,Q144E,0.1257,benign,0.8638588719573201,0.8743,False,144,False,False,True
urn:mavedb:00000055-a-1#235,,,p.Gln144Gly,0.25963964482796,0.0109964847333661,Q144G,Q144G,0.3321,benign,0.7092599151924384,0.6678999999999999,False,144,False,False,True
urn:mavedb:00000055-a-1#236,,,p.Gln144Thr,0.5540727357322429,0.0082934426506658,Q144T,Q144T,0.3818,ambiguous,0.6532019284655043,0.6182000000000001,False,144,False,False,True
urn:mavedb:00000055-a-1#237,,,p.Gln144Ile,0.6670899830073821,0.0086055535267231,Q144I,Q144I,0.6965,pathogenic,0.2617088418801228,0.3035,False,144,False,False,True
urn:mavedb:00000055-a-1#238,,,p.Gln144Asp,0.053326546209696,0.0355084400235363,Q144D,Q144D,0.5347,ambiguous,0.453323486483417,0.46530000000000005,False,144,False,False,True
urn:mavedb:00000055-a-1#239,,,p.Gln144His,0.278371142897971,0.0361661733809229,Q144H,Q144H,0.6654,pathogenic,0.29339446408942116,0.3346,False,144,False,False,True
urn:mavedb:00000055-a-1#240,,,p.Gln144Asn,0.6917270638419231,0.0375617603661633,Q144N,Q144N,0.4632,ambiguous,0.5494791432433124,0.5367999999999999,False,144,False,False,True
urn:mavedb:00000055-a-1#241,,,p.Gln144Arg,0.878092972351196,0.0182898241257523,Q144R,Q144R,0.2928,benign,0.7485084764360534,0.7072,False,144,False,False,True
urn:mavedb:00000055-a-1#242,,,p.Gln144Leu,0.6594031324350551,0.0093089570330557,Q144L,Q144L,0.3305,benign,0.7109490416486036,0.6695,False,144,False,False,True
urn:mavedb:00000055-a-1#243,,,p.Gln144Tyr,0.056056450708207,0.0257742653980531,Q144Y,Q144Y,0.7936,pathogenic,0.18193105789643327,0.20640000000000003,False,144,False,False,True
urn:mavedb:00000055-a-1#244,,,p.Gln144Cys,0.278289075392383,0.0059450005790663,Q144C,Q144C,0.8952,pathogenic,0.12685583227354807,0.1048,False,144,False,False,True
urn:mavedb:00000055-a-1#245,,,p.Gln144Met,0.903507706186222,0.0183194844842133,Q144M,Q144M,0.4478,ambiguous,0.5698995368378608,0.5522,False,144,False,False,True
urn:mavedb:00000055-a-1#246,,,p.Gln144Lys,0.545463292302901,0.0165682989207167,Q144K,Q144K,0.2714,benign,0.7678746811802509,0.7286,False,144,False,False,True
urn:mavedb:00000055-a-1#247,,,p.Gln144Pro,0.0212443206975426,0.0272898532483314,Q144P,Q144P,0.8012,pathogenic,0.17687918451631185,0.19879999999999998,False,144,False,False,True
urn:mavedb:00000055-a-1#248,,,p.Glu143Arg,1.0186925144830898,0.0633560856665054,E143R,E143R,0.2014,benign,0.8214109962678188,0.7986,False,143,False,False,True
urn:mavedb:00000055-a-1#249,,,p.Glu143Ala,0.849458867717411,0.0186156722561138,E143A,E143A,0.1616,benign,0.8455569048878754,0.8384,False,143,False,False,True
urn:mavedb:00000055-a-1#250,,,p.Glu143Gln,0.951851654872866,0.0105460792426275,E143Q,E143Q,0.1116,benign,0.8702272886361384,0.8884,False,143,False,False,True
urn:mavedb:00000055-a-1#251,,,p.Glu143Tyr,0.814363256591952,0.0313938516662296,E143Y,E143Y,0.5515,ambiguous,0.43102296164524423,0.4485,False,143,False,False,True
urn:mavedb:00000055-a-1#252,,,p.Glu143Thr,1.05397328748207,0.0130501129835526,E143T,E143T,0.2769,benign,0.7630336559082443,0.7231000000000001,False,143,False,False,True
urn:mavedb:00000055-a-1#253,,,p.Glu143Trp,0.982366273302135,0.0200969261977048,E143W,E143W,0.8051,pathogenic,0.17435013045266323,0.19489999999999996,True,143,False,True,True
urn:mavedb:00000055-a-1#254,,,p.Glu143Ser,0.978004869641996,0.0753506517056541,E143S,E143S,0.2685,benign,0.7703892957731158,0.7315,False,143,False,False,True
urn:mavedb:00000055-a-1#255,,,p.Glu143Ile,0.96983449980366,0.0649460648499054,E143I,E143I,0.351,ambiguous,0.6887434477143298,0.649,False,143,False,False,True
urn:mavedb:00000055-a-1#256,,,p.Glu143His,0.8934977131819929,0.0365352061203646,E143H,E143H,0.4442,ambiguous,0.5746341473416804,0.5558000000000001,False,143,False,False,True
urn:mavedb:00000055-a-1#257,,,p.Glu143Phe,0.83593771807985,0.0206607758270218,E143F,E143F,0.7118,pathogenic,0.24720830243431569,0.2882,True,143,False,True,True
urn:mavedb:00000055-a-1#258,,,p.Glu143Met,1.07245714118913,0.0292139759558261,E143M,E143M,0.3724,ambiguous,0.6643114859451318,0.6275999999999999,False,143,False,False,True
urn:mavedb:00000055-a-1#259,,,p.Glu143Lys,0.9078228368400342,0.0021726849235762,E143K,E143K,0.1502,benign,0.8517078413924035,0.8498,False,143,False,False,True
urn:mavedb:00000055-a-1#260,,,p.Glu143Asn,0.908561532444423,0.0286711975326196,E143N,E143N,0.3483,ambiguous,0.6917369784754065,0.6517,False,143,False,False,True
urn:mavedb:00000055-a-1#261,,,p.Glu143Asp,1.04127252932709,0.034398725038281,E143D,E143D,0.2528,benign,0.7835498917975733,0.7472,False,143,False,False,True
urn:mavedb:00000055-a-1#262,,,p.Glu143Val,1.02730096205098,0.0189688870987076,E143V,E143V,0.2273,benign,0.8033154866184925,0.7726999999999999,False,143,False,False,True
urn:mavedb:00000055-a-1#263,,,p.Glu143Leu,0.977525653169928,0.0092282965623902,E143L,E143L,0.2818,benign,0.7586413305242854,0.7182,False,143,False,False,True
urn:mavedb:00000055-a-1#264,,,p.Glu143Gly,0.653859273044533,0.0336711573457634,E143G,E143G,0.1613,benign,0.8457229709234756,0.8387,False,143,False,False,True
urn:mavedb:00000055-a-1#265,,,p.Glu143Cys,0.675396873041029,0.0262938598804331,E143C,E143C,0.7603,pathogenic,0.20604965940250675,0.23970000000000002,False,143,False,False,True
urn:mavedb:00000055-a-1#266,,,p.Glu143Pro,0.209482194449621,0.0298240835324409,E143P,E143P,0.8848,pathogenic,0.13135708980087585,0.11519999999999997,False,143,False,False,True
urn:mavedb:00000055-a-1#267,,,p.Lys142Gln,0.5961889078358039,0.0074687518486333,K142Q,K142Q,0.1898,benign,0.828893080861668,0.8102,False,142,False,False,True
urn:mavedb:00000055-a-1#268,,,p.Lys142Met,0.8301143611922109,0.0042033619758419,K142M,K142M,0.2957,benign,0.7457743676813534,0.7042999999999999,False,142,False,False,True
urn:mavedb:00000055-a-1#269,,,p.Lys142Ser,0.519671444401721,0.0320426659866367,K142S,K142S,0.7363,pathogenic,0.2255060352916458,0.26370000000000005,False,142,False,False,True
urn:mavedb:00000055-a-1#270,,,p.Lys142Val,0.647609466088371,0.038464142475356,K142V,K142V,0.3455,ambiguous,0.694819628934483,0.6545000000000001,False,142,False,False,True
urn:mavedb:00000055-a-1#271,,,p.Lys142Tyr,0.7464549810187391,0.0377847807661644,K142Y,K142Y,0.6433,pathogenic,0.3176430197726288,0.3567,False,142,False,False,True
urn:mavedb:00000055-a-1#272,,,p.Lys142Cys,0.862681352286513,0.0155982479294933,K142C,K142C,0.7055,pathogenic,0.25309110823377634,0.2945,True,142,False,True,True
urn:mavedb:00000055-a-1#273,,,p.Lys142Ile,0.8063916019386551,0.0302690228977611,K142I,K142I,0.389,ambiguous,0.6445462230448409,0.611,False,142,False,False,True
urn:mavedb:00000055-a-1#275,,,p.Lys142Phe,0.69138541254695,0.0064868137231977,K142F,K142F,0.7969,pathogenic,0.17971731367369015,0.20309999999999995,False,142,False,False,True
urn:mavedb:00000055-a-1#276,,,p.Lys142Gly,0.0633136227254474,0.0121136053246756,K142G,K142G,0.7103,pathogenic,0.24859776908818843,0.28969999999999996,False,142,False,False,True
urn:mavedb:00000055-a-1#277,,,p.Lys142Asn,0.148967611286254,0.005625417381194,K142N,K142N,0.8028,pathogenic,0.17583646171737027,0.19720000000000004,False,142,False,False,True
urn:mavedb:00000055-a-1#278,,,p.Lys142Arg,1.00362957993885,0.0057327580505599,K142R,K142R,0.0774,benign,0.8839401201353139,0.9226,False,142,False,False,True
urn:mavedb:00000055-a-1#279,,,p.Lys142Thr,0.6468246885398901,0.0222270901141998,K142T,K142T,0.3584,ambiguous,0.680434903952818,0.6416,False,142,False,False,True
urn:mavedb:00000055-a-1#280,,,p.Lys142Glu,0.0316082778641561,0.0115850763864574,K142E,K142E,0.3598,ambiguous,0.6788461006989884,0.6402,False,142,False,False,True
urn:mavedb:00000055-a-1#281,,,p.Lys142His,0.593886465835852,0.0391608494811072,K142H,K142H,0.439,ambiguous,0.5814428764789075,0.5609999999999999,False,142,False,False,True
urn:mavedb:00000055-a-1#282,,,p.Lys142Ala,0.899444986112123,0.0219245693660713,K142A,K142A,0.5732,pathogenic,0.40273844876597376,0.42679999999999996,False,142,False,False,True
urn:mavedb:00000055-a-1#283,,,p.Lys142Asp,0.0238298471136208,0.0303279536061565,K142D,K142D,0.9114,pathogenic,0.1202930262981563,0.08860000000000001,False,142,False,False,True
urn:mavedb:00000055-a-1#284,,,p.Lys142Pro,0.0671762231950785,0.0114974076516625,K142P,K142P,0.9573,pathogenic,0.10439398346309398,0.04269999999999996,False,142,False,False,True
urn:mavedb:00000055-a-1#286,,,p.Leu141Arg,0.0824060516499913,0.0798452881528992,L141R,L141R,0.8135,pathogenic,0.16904664833088245,0.1865,False,141,False,False,True
urn:mavedb:00000055-a-1#287,,,p.Leu141Ile,0.937130730842656,0.0026045029475977,L141I,L141I,0.2408,benign,0.7930971544226084,0.7592,False,141,False,False,True
urn:mavedb:00000055-a-1#288,,,p.Leu141Met,0.509479682989233,0.0059732048255941,L141M,L141M,0.2386,benign,0.7947998563803518,0.7614,False,141,False,False,True
urn:mavedb:00000055-a-1#289,,,p.Leu141Cys,0.561642537118976,0.0018411773599168,L141C,L141C,0.6528,pathogenic,0.3070493283080533,0.34719999999999995,False,141,False,False,True
urn:mavedb:00000055-a-1#290,,,p.Leu141Ala,1.04935950164964,0.0467445275722153,L141A,L141A,0.6233,pathogenic,0.3407430918226331,0.37670000000000003,True,141,False,True,True
urn:mavedb:00000055-a-1#291,,,p.Leu141Gly,0.0552983134676629,0.0292701947265634,L141G,L141G,0.8851,pathogenic,0.1312239831649301,0.1149,False,141,False,False,True
urn:mavedb:00000055-a-1#292,,,p.Leu141Val,0.7227300691680371,0.004168173877635,L141V,L141V,0.2218,benign,0.8073222181158706,0.7782,False,141,False,False,True
urn:mavedb:00000055-a-1#293,,,p.Leu141Phe,0.8858634669995459,0.050423604050433,L141F,L141F,0.3821,ambiguous,0.6528437604799285,0.6179,False,141,False,False,True
urn:mavedb:00000055-a-1#294,,,p.Leu141Thr,0.0766101177099674,0.0023127473239686,L141T,L141T,0.7615,pathogenic,0.20512309673444795,0.23850000000000005,False,141,False,False,True
urn:mavedb:00000055-a-1#295,,,p.Leu141Ser,0.0707211731303759,0.0461399349293646,L141S,L141S,0.8864,pathogenic,0.13064945215117943,0.11360000000000003,False,141,False,False,True
urn:mavedb:00000055-a-1#296,,,p.Leu141Glu,0.0025680050639829,0.0182702932955715,L141E,L141E,0.9455,pathogenic,0.10812694016786187,0.05449999999999999,False,141,False,False,True
urn:mavedb:00000055-a-1#297,,,p.Leu141Asp,0.0969909310850577,0.0056595001435513,L141D,L141D,0.9908,pathogenic,0.09498456886646525,0.009199999999999986,False,141,False,False,True
urn:mavedb:00000055-a-1#298,,,p.Leu141Gln,0.0280723672824392,0.0049634628043896,L141Q,L141Q,0.7694,pathogenic,0.1991317574880827,0.23060000000000003,False,141,False,False,True
urn:mavedb:00000055-a-1#299,,,p.Leu141Tyr,0.0751426535516606,0.0435271512775828,L141Y,L141Y,0.8403,pathogenic,0.15339521436858197,0.15969999999999995,False,141,False,False,True
urn:mavedb:00000055-a-1#300,,,p.Leu141Trp,0.662788036258086,0.0137867384595102,L141W,L141W,0.6938,pathogenic,0.264342994618288,0.3062,False,141,False,False,True
urn:mavedb:00000055-a-1#301,,,p.Leu141His,0.0188509192018641,0.0088885222746281,L141H,L141H,0.8723,pathogenic,0.13708043003322506,0.12770000000000004,False,141,False,False,True
urn:mavedb:00000055-a-1#302,,,p.Leu141Asn,0.0266204627254427,0.0016329777367477,L141N,L141N,0.9563,pathogenic,0.10470143259679295,0.04369999999999996,False,141,False,False,True
urn:mavedb:00000055-a-1#303,,,p.Leu141Lys,0.0182820695382591,0.0096990558412238,L141K,L141K,0.9116,pathogenic,0.12021530217184402,0.08840000000000003,False,141,False,False,True
urn:mavedb:00000055-a-1#304,,,p.Leu141Pro,0.0342696516190211,0.0055671620126302,L141P,L141P,0.9455,pathogenic,0.10812694016786187,0.05449999999999999,False,141,False,False,True
urn:mavedb:00000055-a-1#305,,,p.Cys140Tyr,0.844644722142013,0.0164831101186251,C140Y,C140Y,0.3254,benign,0.7162823903529046,0.6746,False,140,False,False,True
urn:mavedb:00000055-a-1#306,,,p.Cys140Lys,1.10785596128061,0.0339286107853762,C140K,C140K,0.7141,pathogenic,0.24509139729830975,0.28590000000000004,True,140,False,True,True
urn:mavedb:00000055-a-1#307,,,p.Cys140Asn,0.982182531190264,0.0086610472040559,C140N,C140N,0.4228,ambiguous,0.6023957270026746,0.5771999999999999,False,140,False,False,True
urn:mavedb:00000055-a-1#308,,,p.Cys140Trp,0.919820274882876,0.0132708440039605,C140W,C140W,0.5685,pathogenic,0.4088051277506465,0.4315,False,140,False,False,True
urn:mavedb:00000055-a-1#309,,,p.Cys140Thr,0.7812413562958559,0.0218262560978743,C140T,C140T,0.4106,ambiguous,0.6178771123787221,0.5893999999999999,False,140,False,False,True
urn:mavedb:00000055-a-1#310,,,p.Cys140Met,1.06813524964217,0.0252656527924462,C140M,C140M,0.5778,pathogenic,0.39683652782142537,0.4222,False,140,False,True,True
urn:mavedb:00000055-a-1#311,,,p.Cys140Leu,1.09528625289307,0.0016565016977694,C140L,C140L,0.3907,ambiguous,0.6424846579355722,0.6093,False,140,False,False,True
urn:mavedb:00000055-a-1#313,,,p.Cys140Asp,1.02309782421824,0.0382027062883622,C140D,C140D,0.5959,pathogenic,0.37399256512452433,0.4041,False,140,False,True,True
urn:mavedb:00000055-a-1#314,,,p.Cys140Phe,0.98811278738341,0.0238046667909429,C140F,C140F,0.281,benign,0.7593635577473947,0.719,False,140,False,False,True
urn:mavedb:00000055-a-1#315,,,p.Cys140His,1.18340325795551,0.0530261394404853,C140H,C140H,0.438,ambiguous,0.5827479443596304,0.562,False,140,False,False,True
urn:mavedb:00000055-a-1#316,,,p.Cys140Ile,1.00024320910118,0.0228478398677295,C140I,C140I,0.4704,ambiguous,0.5398552961810762,0.5296000000000001,False,140,False,False,True
urn:mavedb:00000055-a-1#317,,,p.Cys140Val,0.872124042574811,0.0016148401221437,C140V,C140V,0.363,ambiguous,0.6751946476355871,0.637,False,140,False,False,True
urn:mavedb:00000055-a-1#318,,,p.Cys140Gln,1.0830114443569598,0.0194890609161946,C140Q,C140Q,0.5199,ambiguous,0.47316687099028976,0.48009999999999997,False,140,False,False,True
urn:mavedb:00000055-a-1#320,,,p.Cys140Arg,0.93143718582907,0.0428073252892677,C140R,C140R,0.4342,ambiguous,0.5876938990258397,0.5658000000000001,False,140,False,False,True
urn:mavedb:00000055-a-1#321,,,p.Cys140Gly,1.08678238922389,0.0255713392484416,C140G,C140G,0.2223,benign,0.806961672192863,0.7777000000000001,False,140,False,False,True
urn:mavedb:00000055-a-1#322,,,p.Cys140Glu,0.970013034183942,0.0120368053725634,C140E,C140E,0.7042,pathogenic,0.25432037781327405,0.29579999999999995,True,140,False,True,True
urn:mavedb:00000055-a-1#323,,,p.Cys140Ala,0.9491548927384592,0.0027437356954693,C140A,C140A,0.3382,benign,0.7027510334345296,0.6617999999999999,False,140,False,False,True
urn:mavedb:00000055-a-1#324,,,p.Arg139Lys,0.8718157559887421,0.011939609561148,R139K,R139K,0.1453,benign,0.854252606391898,0.8547,False,139,False,False,True
urn:mavedb:00000055-a-1#325,,,p.Arg139Ile,0.0274478984677799,0.010408746728116,R139I,R139I,0.3553,ambiguous,0.6839339157096528,0.6447,False,139,False,False,True
urn:mavedb:00000055-a-1#326,,,p.Arg139Asn,0.332865770697406,0.0476220863334374,R139N,R139N,0.6793,pathogenic,0.27887148518000154,0.3207,False,139,False,False,True
urn:mavedb:00000055-a-1#327,,,p.Arg139Val,0.124638144257809,0.0072523013253801,R139V,R139V,0.4062,ambiguous,0.623390142557097,0.5938,False,139,False,False,True
urn:mavedb:00000055-a-1#328,,,p.Arg139Thr,0.0949860538874361,0.0136135206969376,R139T,R139T,0.4174,ambiguous,0.6092822831792327,0.5826,False,139,False,False,True
urn:mavedb:00000055-a-1#329,,,p.Arg139Tyr,0.1432074310928049,0.0468874674735625,R139Y,R139Y,0.391,ambiguous,0.6421201579181607,0.609,False,139,False,False,True
urn:mavedb:00000055-a-1#330,,,p.Arg139Gly,0.621871187907052,0.0154181515203575,R139G,R139G,0.3159,benign,0.7260089130029497,0.6840999999999999,False,139,False,False,True
urn:mavedb:00000055-a-1#331,,,p.Arg139Glu,0.0592944260451439,0.006628222069133,R139E,R139E,0.4688,ambiguous,0.5419974256512733,0.5312,False,139,False,False,True
urn:mavedb:00000055-a-1#332,,,p.Arg139His,0.3369080315046389,0.0120872255515371,R139H,R139H,0.1457,benign,0.8540470654124452,0.8543000000000001,False,139,False,False,True
urn:mavedb:00000055-a-1#333,,,p.Arg139Met,0.349317909838456,0.0073579825532619,R139M,R139M,0.4411,ambiguous,0.5786976438730866,0.5589,False,139,False,False,True
urn:mavedb:00000055-a-1#334,,,p.Arg139Leu,0.114512444632781,0.002435313712159,R139L,R139L,0.2671,benign,0.7715938852826112,0.7329,False,139,False,False,True
urn:mavedb:00000055-a-1#335,,,p.Arg139Gln,0.727061800232034,0.0337611603809439,R139Q,R139Q,0.117,benign,0.8678401379091781,0.883,False,139,False,False,True
urn:mavedb:00000055-a-1#336,,,p.Arg139Ala,0.90678548985755,0.0255232318722945,R139A,R139A,0.4019,ambiguous,0.6287394706263394,0.5981000000000001,False,139,False,False,True
urn:mavedb:00000055-a-1#337,,,p.Arg139Ser,0.546932562928003,0.104311217603315,R139S,R139S,0.5347,ambiguous,0.453323486483417,0.46530000000000005,False,139,False,False,True
urn:mavedb:00000055-a-1#338,,,p.Arg139Cys,0.149752975982273,0.0246253911015613,R139C,R139C,0.1589,benign,0.8470432549070406,0.8411,False,139,False,False,True
urn:mavedb:00000055-a-1#339,,,p.Arg139Phe,0.0648994635027588,0.0291920604198781,R139F,R139F,0.5539,ambiguous,0.427862629410444,0.44610000000000005,False,139,False,False,True
urn:mavedb:00000055-a-1#340,,,p.Arg139Trp,0.0472915455205609,0.0241318856838274,R139W,R139W,0.2308,benign,0.800718878210344,0.7692,False,139,False,False,True
urn:mavedb:00000055-a-1#341,,,p.Arg139Pro,0.0698698961187321,0.0234000047573033,R139P,R139P,0.8694,pathogenic,0.13845866032862103,0.13060000000000005,False,139,False,False,True
urn:mavedb:00000055-a-1#342,,,p.Arg139Asp,0.6657110425610171,0.0193814908649535,R139D,R139D,0.801,pathogenic,0.17701003145790573,0.19899999999999995,False,139,False,False,True
urn:mavedb:00000055-a-1#343,,,p.Leu138Val,0.955091712521978,0.0049172140762405,L138V,L138V,0.3045,benign,0.7373181665104547,0.6955,False,138,False,False,True
urn:mavedb:00000055-a-1#344,,,p.Leu138Met,0.5601536052927321,0.0282120788198399,L138M,L138M,0.3623,ambiguous,0.6759957567232294,0.6376999999999999,False,138,False,False,True
urn:mavedb:00000055-a-1#345,,,p.Leu138Thr,0.212545508610697,0.0032878079681368,L138T,L138T,0.8127,pathogenic,0.16954336347618248,0.18730000000000002,False,138,False,False,True
urn:mavedb:00000055-a-1#346,,,p.Leu138Ala,0.406932104961264,0.0022065479329531,L138A,L138A,0.8563,pathogenic,0.14492910432186476,0.14370000000000005,False,138,False,False,True
urn:mavedb:00000055-a-1#347,,,p.Leu138Phe,0.488127139110175,0.0209382386725513,L138F,L138F,0.4227,ambiguous,0.6025237283377024,0.5772999999999999,False,138,False,False,True
urn:mavedb:00000055-a-1#348,,,p.Leu138Cys,0.0744285203799486,0.0112993330718422,L138C,L138C,0.864,pathogenic,0.1410768715381992,0.136,False,138,False,False,True
urn:mavedb:00000055-a-1#349,,,p.Leu138Ile,0.9044880254965552,0.005315984057923,L138I,L138I,0.2816,benign,0.7588220743883443,0.7183999999999999,False,138,False,False,True
urn:mavedb:00000055-a-1#350,,,p.Leu138Ser,0.0404336734639424,9.30210138961198e-05,L138S,L138S,0.9443,pathogenic,0.1085196536618717,0.05569999999999997,False,138,False,False,True
urn:mavedb:00000055-a-1#351,,,p.Leu138Gln,0.0602369301794009,0.0302790269734292,L138Q,L138Q,0.8925,pathogenic,0.12800224895978057,0.10750000000000004,False,138,False,False,True
urn:mavedb:00000055-a-1#352,,,p.Leu138Pro,0.025272935400026,0.003151197112698,L138P,L138P,0.9111,pathogenic,0.12040976014419336,0.08889999999999998,False,138,False,False,True
urn:mavedb:00000055-a-1#353,,,p.Leu138Gly,0.0341012676501427,0.0003282092797296,L138G,L138G,0.9362,pathogenic,0.11123566487628822,0.06379999999999997,False,138,False,False,True
urn:mavedb:00000055-a-1#354,,,p.Leu138His,0.11092730233593,0.0108317356802107,L138H,L138H,0.9228,pathogenic,0.1159864641442827,0.07720000000000005,False,138,False,False,True
urn:mavedb:00000055-a-1#355,,,p.Leu138Asp,0.0369664618391666,0.0103284837401456,L138D,L138D,0.9921,pathogenic,0.09465239485441299,0.007900000000000018,False,138,False,False,True
urn:mavedb:00000055-a-1#356,,,p.Leu138Trp,0.0395855723007355,0.0120139934106102,L138W,L138W,0.7173,pathogenic,0.2421735600547006,0.28269999999999995,False,138,False,False,True
urn:mavedb:00000055-a-1#357,,,p.Leu138Tyr,0.0449544290303145,0.0041509783465301,L138Y,L138Y,0.8367,pathogenic,0.15538848082950768,0.1633,False,138,False,False,True
urn:mavedb:00000055-a-1#358,,,p.Leu138Glu,0.3131515025761419,0.0169392356401618,L138E,L138E,0.9651,pathogenic,0.10205082763714113,0.03490000000000004,False,138,False,False,True
urn:mavedb:00000055-a-1#359,,,p.Leu138Lys,0.0229349232641058,0.0221140544630713,L138K,L138K,0.9342,pathogenic,0.11192405546154104,0.06579999999999997,False,138,False,False,True
urn:mavedb:00000055-a-1#360,,,p.Leu138Arg,0.155693063245728,0.0758673128566471,L138R,L138R,0.8877,pathogenic,0.13007858757374546,0.11229999999999996,False,138,False,False,True
urn:mavedb:00000055-a-1#361,,,p.Leu138Asn,0.0010564786148828,0.0029439085984042,L138N,L138N,0.9547,pathogenic,0.10519673369339722,0.04530000000000001,False,138,False,False,True
urn:mavedb:00000055-a-1#362,,,p.Gly137Leu,0.8161538577033821,0.0049160537454046,G137L,G137L,0.8449,pathogenic,0.15089607315831735,0.15510000000000002,True,137,False,True,True
urn:mavedb:00000055-a-1#363,,,p.Gly137Val,1.1063280314076298,0.0196636746057532,G137V,G137V,0.5647,pathogenic,0.41373562014635573,0.4353,False,137,False,False,True
urn:mavedb:00000055-a-1#364,,,p.Gly137Cys,1.03100468359961,0.0067100817474666,G137C,G137C,0.4615,ambiguous,0.5517451068238453,0.5385,False,137,False,False,True
urn:mavedb:00000055-a-1#365,,,p.Gly137Ala,0.9784288719714692,0.0204650903389838,G137A,G137A,0.1314,benign,0.8611577321429004,0.8686,False,137,False,False,True
urn:mavedb:00000055-a-1#366,,,p.Gly137Ser,0.9738998206268692,0.0361177779164025,G137S,G137S,0.2626,benign,0.7754245439134176,0.7374,False,137,False,False,True
urn:mavedb:00000055-a-1#367,,,p.Gly137Thr,0.932576346304837,0.0084566795960275,G137T,G137T,0.4235,ambiguous,0.6014992293949849,0.5765,False,137,False,False,True
urn:mavedb:00000055-a-1#368,,,p.Gly137Tyr,0.9273548162640248,0.0732660982349255,G137Y,G137Y,0.9347,pathogenic,0.111751288875401,0.06530000000000002,True,137,False,True,True
urn:mavedb:00000055-a-1#369,,,p.Gly137Asn,0.976854192093976,0.0360666614062481,G137N,G137N,0.8104,pathogenic,0.17098120182834087,0.1896,True,137,False,True,True
urn:mavedb:00000055-a-1#370,,,p.Gly137Pro,1.0524661460104,0.0277753425580534,G137P,G137P,0.339,benign,0.7018893458810588,0.661,False,137,False,False,True
urn:mavedb:00000055-a-1#371,,,p.Gly137Ile,0.860336913739547,0.0121548951171944,G137I,G137I,0.7994,pathogenic,0.1780608702205438,0.2006,True,137,False,True,True
urn:mavedb:00000055-a-1#372,,,p.Gly137Met,0.826004224112611,0.0226351980119818,G137M,G137M,0.8729,pathogenic,0.1367976832530105,0.1271,True,137,False,True,True
urn:mavedb:00000055-a-1#373,,,p.Gly137Arg,0.425935808748528,0.0078184986100311,G137R,G137R,0.9341,pathogenic,0.11195866245477758,0.06589999999999996,False,137,False,False,True
urn:mavedb:00000055-a-1#374,,,p.Gly137Glu,1.06544905270568,0.0202691410465038,G137E,G137E,0.8735,pathogenic,0.13651575683436606,0.12649999999999995,True,137,False,True,True
urn:mavedb:00000055-a-1#375,,,p.Gly137Trp,0.991764308844114,0.0144848472351389,G137W,G137W,0.9263,pathogenic,0.11471379698100459,0.07369999999999999,True,137,False,True,True
urn:mavedb:00000055-a-1#376,,,p.Gly137Phe,0.863554501371283,0.0225378085603773,G137F,G137F,0.9418,pathogenic,0.10934574713584848,0.05820000000000003,True,137,False,True,True
urn:mavedb:00000055-a-1#377,,,p.Gly137Asp,0.970230337965355,0.0102905283599853,G137D,G137D,0.8671,pathogenic,0.13956552600296476,0.13290000000000002,True,137,False,True,True
urn:mavedb:00000055-a-1#378,,,p.Gly137Lys,0.240206707521896,0.0009343736952803,G137K,G137K,0.9698,pathogenic,0.10068500638056804,0.030200000000000005,False,137,False,False,True
urn:mavedb:00000055-a-1#379,,,p.Gly137Gln,0.9879231325967952,0.006254953970414,G137Q,G137Q,0.9083,pathogenic,0.1215078584247,0.0917,True,137,False,True,True
urn:mavedb:00000055-a-1#380,,,p.Gly137His,1.02389814002148,0.0251268011758699,G137H,G137H,0.9377,pathogenic,0.11072403444905948,0.06230000000000002,True,137,False,True,True
urn:mavedb:00000055-a-1#383,,,p.Trp136Ser,0.947141010848251,0.0014125403007158,W136S,W136S,0.4517,ambiguous,0.5647524520237424,0.5483,False,136,False,False,True
urn:mavedb:00000055-a-1#384,,,p.Trp136Val,0.7369481499245941,0.0719180826663353,W136V,W136V,0.5632,ambiguous,0.41568787563742615,0.43679999999999997,False,136,False,False,True
urn:mavedb:00000055-a-1#385,,,p.Trp136Phe,1.05970086735302,0.0182718767307421,W136F,W136F,0.2413,benign,0.7927081277788063,0.7587,False,136,False,False,True
urn:mavedb:00000055-a-1#386,,,p.Trp136Thr,0.9241855364377508,0.0041400697571501,W136T,W136T,0.5716,pathogenic,0.4047996667268614,0.4284,False,136,False,False,True
urn:mavedb:00000055-a-1#387,,,p.Trp136Pro,0.796596181441126,0.0114927480015836,W136P,W136P,0.7335,pathogenic,0.2278917270452046,0.26649999999999996,False,136,False,False,True
urn:mavedb:00000055-a-1#388,,,p.Trp136Glu,1.1594659049595502,0.0222072132195284,W136E,W136E,0.8076,pathogenic,0.17275130202732278,0.19240000000000002,True,136,False,True,True
urn:mavedb:00000055-a-1#389,,,p.Trp136His,1.02702306307936,0.0289865185794024,W136H,W136H,0.6646,pathogenic,0.29424774482474797,0.33540000000000003,True,136,False,True,True
urn:mavedb:00000055-a-1#390,,,p.Trp136Ala,0.8511551402119699,0.0199467913975274,W136A,W136A,0.495,ambiguous,0.5067494937955582,0.505,False,136,False,False,True
urn:mavedb:00000055-a-1#391,,,p.Trp136Asn,1.02455772802122,0.0306978193978375,W136N,W136N,0.8252,pathogenic,0.16198031241068628,0.17479999999999996,True,136,False,True,True
urn:mavedb:00000055-a-1#392,,,p.Phe135Asp,1.1451854956389398,0.0175499623056069,F135D,F135D,0.9799,pathogenic,0.09786320613583141,0.020100000000000007,True,135,False,True,True
urn:mavedb:00000055-a-1#393,,,p.Phe135Arg,1.06546109101467,0.0100584783124682,F135R,F135R,0.9251,pathogenic,0.11514756845051885,0.07489999999999997,True,135,False,True,True
urn:mavedb:00000055-a-1#394,,,p.Phe135Gly,1.15985228817184,0.0048802308427436,F135G,F135G,0.9545,pathogenic,0.105258940272965,0.045499999999999985,True,135,False,True,True
urn:mavedb:00000055-a-1#395,,,p.Phe135Lys,0.654947305757225,0.0014100867366814,F135K,F135K,0.9813,pathogenic,0.09748396244810197,0.01870000000000005,False,135,False,False,True
urn:mavedb:00000055-a-1#396,,,p.Leu134Cys,0.9447085041263392,0.0227110998072523,L134C,L134C,0.7463,pathogenic,0.2171839516597549,0.25370000000000004,True,134,False,True,True
urn:mavedb:00000055-a-1#397,,,p.Leu134Met,0.929691397949908,0.0056725034915753,L134M,L134M,0.3004,benign,0.741287805547465,0.6996,False,134,False,False,True
urn:mavedb:00000055-a-1#398,,,p.Leu134Val,0.450012632582632,0.0245977510987083,L134V,L134V,0.2854,benign,0.7553666185318231,0.7146,False,134,False,False,True
urn:mavedb:00000055-a-1#399,,,p.Leu134Asn,0.0995136082877596,1.56560423310075e-05,L134N,L134N,0.904,pathogenic,0.12322471058807803,0.09599999999999997,False,134,False,False,True
urn:mavedb:00000055-a-1#400,,,p.Leu134Ser,0.19032025251289,0.0104311529724127,L134S,L134S,0.9217,pathogenic,0.11639118216599696,0.07830000000000004,False,134,False,False,True
urn:mavedb:00000055-a-1#401,,,p.Leu134Ile,0.25811812867739,0.0365869364455502,L134I,L134I,0.308,benign,0.7338884319417904,0.692,False,134,False,False,True
urn:mavedb:00000055-a-1#402,,,p.Leu134Gln,0.9329675466188952,0.0236651034561602,L134Q,L134Q,0.7639,pathogenic,0.2032830481449283,0.23609999999999998,True,134,False,True,True
urn:mavedb:00000055-a-1#403,,,p.Leu134Ala,0.152885102104348,0.0422612764394428,L134A,L134A,0.8351,pathogenic,0.15628502712843828,0.16490000000000005,False,134,False,False,True
urn:mavedb:00000055-a-1#404,,,p.Leu134His,0.0602964612557222,0.0155620476997216,L134H,L134H,0.8512,pathogenic,0.14755908775438126,0.14880000000000004,False,134,False,False,True
urn:mavedb:00000055-a-1#405,,,p.Leu134Thr,0.551787331012793,0.0149193076415779,L134T,L134T,0.7696,pathogenic,0.19898251297570724,0.23040000000000005,False,134,False,False,True
urn:mavedb:00000055-a-1#406,,,p.Leu134Tyr,0.0291349028740349,0.0015683872704455,L134Y,L134Y,0.7713,pathogenic,0.19771876589032678,0.22870000000000001,False,134,False,False,True
urn:mavedb:00000055-a-1#407,,,p.Leu134Gly,0.265473180437296,0.0701821915308529,L134G,L134G,0.9034,pathogenic,0.12346723736368774,0.09660000000000002,False,134,False,False,True
urn:mavedb:00000055-a-1#408,,,p.Leu134Arg,0.239549396785465,0.0191013884567949,L134R,L134R,0.7585,pathogenic,0.20744769561943815,0.24150000000000005,False,134,False,False,True
urn:mavedb:00000055-a-1#409,,,p.Leu134Glu,0.106299066495524,0.0271847858194192,L134E,L134E,0.9288,pathogenic,0.11381865284691706,0.07120000000000004,False,134,False,False,True
urn:mavedb:00000055-a-1#410,,,p.Leu134Phe,0.0548098211712605,0.002694900218806,L134F,L134F,0.5575,ambiguous,0.4231358877834814,0.4425,False,134,False,False,True
urn:mavedb:00000055-a-1#411,,,p.Leu134Lys,0.139753924657779,0.0366579734250621,L134K,L134K,0.862,pathogenic,0.142063905790844,0.138,False,134,False,False,True
urn:mavedb:00000055-a-1#412,,,p.His155Pro,0.6068191305114771,0.0110405719457272,H155P,H155P,0.1121,benign,0.8700089134559198,0.8879,False,155,False,False,True
urn:mavedb:00000055-a-1#413,,,p.His155Met,0.4576098564669349,0.0052162611547793,H155M,H155M,0.4857,ambiguous,0.5192931656735787,0.5143,False,155,False,False,True
urn:mavedb:00000055-a-1#414,,,p.His155Asn,0.4649025884916861,0.0678137534152253,H155N,H155N,0.1392,benign,0.8573393339511725,0.8608,False,155,False,False,True
urn:mavedb:00000055-a-1#416,,,p.His155Gly,0.410250689269335,0.0041765936534184,H155G,H155G,0.2732,benign,0.7663007191219267,0.7268,False,155,False,False,True
urn:mavedb:00000055-a-1#417,,,p.His155Tyr,0.563571404614168,0.0141519762539921,H155Y,H155Y,0.1152,benign,0.8686429101991242,0.8848,False,155,False,False,True
urn:mavedb:00000055-a-1#418,,,p.His155Gln,0.7058563027414828,0.0150393196518825,H155Q,H155Q,0.2586,benign,0.7787768632591865,0.7414000000000001,False,155,False,False,True
urn:mavedb:00000055-a-1#419,,,p.His155Asp,0.51796023323972,0.0085045438460636,H155D,H155D,0.1921,benign,0.8274393896933062,0.8079000000000001,False,155,False,False,True
urn:mavedb:00000055-a-1#420,,,p.His155Lys,0.622209153591277,0.0061095210281261,H155K,H155K,0.3166,benign,0.7253015414396861,0.6834,False,155,False,False,True
urn:mavedb:00000055-a-1#421,,,p.His155Val,0.495411227071972,0.0384889108932958,H155V,H155V,0.266,benign,0.7725360748984156,0.734,False,155,False,False,True
urn:mavedb:00000055-a-1#422,,,p.His155Arg,0.578864347254263,0.0303750053416389,H155R,H155R,0.1605,benign,0.8461646922841959,0.8395,False,155,False,False,True
urn:mavedb:00000055-a-1#423,,,p.His155Thr,0.649642244146816,0.0096600441681223,H155T,H155T,0.2803,benign,0.7599938697905498,0.7197,False,155,False,False,True
urn:mavedb:00000055-a-1#424,,,p.His155Cys,0.527736196351053,0.0062892509018969,H155C,H155C,0.17,benign,0.8408130458974368,0.83,False,155,False,False,True
urn:mavedb:00000055-a-1#425,,,p.His155Phe,0.9200491779159352,0.0574968282431282,H155F,H155F,0.2966,benign,0.7449205409025866,0.7034,False,155,False,False,True
urn:mavedb:00000055-a-1#426,,,p.His155Ile,0.398718464511938,0.0818297461996203,H155I,H155I,0.3007,benign,0.7409991059162248,0.6993,False,155,False,False,True
urn:mavedb:00000055-a-1#427,,,p.His155Trp,0.949763667246104,0.0365387687416739,H155W,H155W,0.33,benign,0.711475339519867,0.6699999999999999,False,155,False,False,True
urn:mavedb:00000055-a-1#428,,,p.His155Leu,0.281359574423176,0.111602444210434,H155L,H155L,0.1517,benign,0.8509170495101515,0.8483,False,155,False,False,True
urn:mavedb:00000055-a-1#429,,,p.Asn154Ser,1.02049331295822,0.0031917915152607,N154S,N154S,0.0656,benign,0.8881451048259286,0.9344,False,154,False,False,True
urn:mavedb:00000055-a-1#430,,,p.Asn154Thr,1.02018333391491,0.0342066754812136,N154T,N154T,0.0954,benign,0.8770170862636204,0.9046,False,154,False,False,True
urn:mavedb:00000055-a-1#431,,,p.Asn154Val,1.05210616182213,0.015927934056293,N154V,N154V,0.1449,benign,0.8544577593997628,0.8551,False,154,False,False,True
urn:mavedb:00000055-a-1#432,,,p.Asn154Asp,0.704832163207393,0.0418009636933976,N154D,N154D,0.0691,benign,0.8869244154343315,0.9309000000000001,False,154,False,False,True
urn:mavedb:00000055-a-1#434,,,p.Asn154Ile,1.00757251857445,0.0020159606234417,N154I,N154I,0.1484,benign,0.8526494772029786,0.8516,False,154,False,False,True
urn:mavedb:00000055-a-1#435,,,p.Asn154Leu,0.941003292272975,0.0198394192436951,N154L,N154L,0.1456,benign,0.8540984870574293,0.8544,False,154,False,False,True
urn:mavedb:00000055-a-1#436,,,p.Asn154Arg,0.8048079976670429,0.056598072058704,N154R,N154R,0.1232,benign,0.8650202525592193,0.8768,False,154,False,False,True
urn:mavedb:00000055-a-1#437,,,p.Asn154Tyr,0.820702010365127,0.0385426084171278,N154Y,N154Y,0.1027,benign,0.8740252413464062,0.8973,False,154,False,False,True
urn:mavedb:00000055-a-1#438,,,p.Asn154Gly,1.1472564235331202,0.0406873217648721,N154G,N154G,0.1354,benign,0.8592174024085034,0.8646,False,154,False,False,True
urn:mavedb:00000055-a-1#439,,,p.Asn154Glu,0.8328586030009191,0.0178272496298382,N154E,N154E,0.1366,benign,0.858628008327342,0.8634,False,154,False,False,True
urn:mavedb:00000055-a-1#440,,,p.Asn154Ala,0.8867210194254319,0.0114461575874669,N154A,N154A,0.122,benign,0.8655727186039792,0.878,False,154,False,False,True
urn:mavedb:00000055-a-1#441,,,p.Asn154Phe,0.805873086925798,0.0381811766892629,N154F,N154F,0.3063,benign,0.7355590128056841,0.6937,False,154,False,False,True
urn:mavedb:00000055-a-1#442,,,p.Asn154Trp,0.779476563312833,0.0791668075619739,N154W,N154W,0.3508,ambiguous,0.6889658929221291,0.6492,False,154,False,False,True
urn:mavedb:00000055-a-1#443,,,p.Asn154Pro,1.14898429307302,0.0132313484787054,N154P,N154P,0.1667,benign,0.8426984698953499,0.8333,False,154,False,False,True
urn:mavedb:00000055-a-1#444,,,p.Asn154Cys,0.9502108741977892,0.0199803023649823,N154C,N154C,0.1309,benign,0.8613976600985448,0.8691,False,154,False,False,True
urn:mavedb:00000055-a-1#445,,,p.Asn154Met,1.11693727660224,0.0255500236070953,N154M,N154M,0.2528,benign,0.7835498917975733,0.7472,False,154,False,False,True
urn:mavedb:00000055-a-1#446,,,p.Asn154Gln,1.0304327792106802,0.0542506161714159,N154Q,N154Q,0.1359,benign,0.8589722328357673,0.8641,False,154,False,False,True
urn:mavedb:00000055-a-1#447,,,p.Asn154Lys,1.19361813181542,0.0065226871117619,N154K,N154K,0.1222,benign,0.8654808650595853,0.8778,False,154,False,False,True
urn:mavedb:00000055-a-1#448,,,p.Leu153Cys,1.00679574961333,0.0056570304790784,L153C,L153C,0.223,benign,0.8064556669419186,0.777,False,153,False,False,True
urn:mavedb:00000055-a-1#449,,,p.Leu153Asn,0.7992498109694008,0.0144980901517917,L153N,L153N,0.2151,benign,0.8120826007552964,0.7848999999999999,False,153,False,False,True
urn:mavedb:00000055-a-1#450,,,p.Leu153Ser,0.5874129937575849,0.0111605007597355,L153S,L153S,0.1533,benign,0.8500673986344843,0.8467,False,153,False,False,True
urn:mavedb:00000055-a-1#451,,,p.Leu153Glu,0.6242551647266861,0.0144805547416269,L153E,L153E,0.1715,benign,0.8399466342242332,0.8285,False,153,False,False,True
urn:mavedb:00000055-a-1#453,,,p.Leu153Trp,0.9676244091133952,0.0334544142231016,L153W,L153W,0.1086,benign,0.8715262702896942,0.8914,False,153,False,False,True
urn:mavedb:00000055-a-1#454,,,p.Leu153Met,1.11831855325891,0.0012607605114729,L153M,L153M,0.103,benign,0.8738999374088959,0.897,False,153,False,False,True
urn:mavedb:00000055-a-1#455,,,p.Leu153Thr,0.628675115424897,0.0315406711797615,L153T,L153T,0.1316,benign,0.8610615990721494,0.8684000000000001,False,153,False,False,True
urn:mavedb:00000055-a-1#456,,,p.Leu153Gly,0.630809083838146,0.0435388133163575,L153G,L153G,0.2242,benign,0.8055848563915996,0.7758,False,153,False,False,True
urn:mavedb:00000055-a-1#457,,,p.Leu153Lys,0.7668905059868051,0.0101682477952798,L153K,L153K,0.1227,benign,0.8652508392076957,0.8773,False,153,False,False,True
urn:mavedb:00000055-a-1#458,,,p.Leu153Pro,0.514496126626068,0.0131936952042428,L153P,L153P,0.1251,benign,0.8641388909904534,0.8749,False,153,False,False,True
urn:mavedb:00000055-a-1#459,,,p.Leu153His,0.824406787937239,0.0355271741583468,L153H,L153H,0.137,benign,0.8584307906101656,0.863,False,153,False,False,True
urn:mavedb:00000055-a-1#461,,,p.Leu153Gln,0.8305833127540949,0.0272417615816785,L153Q,L153Q,0.1073,benign,0.8720831988790552,0.8927,False,153,False,False,True
urn:mavedb:00000055-a-1#462,,,p.Leu153Phe,0.902546107779322,0.0167711010616478,L153F,L153F,0.0881,benign,0.8799011365200418,0.9119,False,153,False,False,True
urn:mavedb:00000055-a-1#463,,,p.Leu153Ala,0.6466947621847221,0.0264479724383063,L153A,L153A,0.1506,benign,0.8514975066382029,0.8493999999999999,False,153,False,False,True
urn:mavedb:00000055-a-1#464,,,p.Leu153Tyr,0.942834549699241,0.0527270881386906,L153Y,L153Y,0.1875,benign,0.8303321838219535,0.8125,False,153,False,False,True
urn:mavedb:00000055-a-1#465,,,p.Leu153Asp,0.520474475471715,0.0216219706419806,L153D,L153D,0.2957,benign,0.7457743676813534,0.7042999999999999,False,153,False,False,True
urn:mavedb:00000055-a-1#466,,,p.Leu153Val,0.7840539008360631,0.0005358963929157,L153V,L153V,0.0819,benign,0.8822682654116364,0.9181,False,153,False,False,True
urn:mavedb:00000055-a-1#470,,,p.Asp152Met,0.304145212124527,0.0993574348838485,D152M,D152M,0.4516,ambiguous,0.5648846510596065,0.5484,False,152,False,False,True
urn:mavedb:00000055-a-1#471,,,p.Asp152Ser,0.8865561496932,0.0187866323651353,D152S,D152S,0.1211,benign,0.8659849529170143,0.8789,False,152,False,False,True
urn:mavedb:00000055-a-1#472,,,p.Asp152Cys,0.6759095944546459,0.042252372100065,D152C,D152C,0.3279,benign,0.7136776845305447,0.6720999999999999,False,152,False,False,True
urn:mavedb:00000055-a-1#473,,,p.Asp152Arg,0.5439648273793211,0.0820927648650362,D152R,D152R,0.2173,benign,0.8105340030438319,0.7827,False,152,False,False,True
urn:mavedb:00000055-a-1#474,,,p.Asp152Leu,0.0150569838209094,0.0052143982237579,D152L,D152L,0.2714,benign,0.7678746811802509,0.7286,False,152,False,False,True
urn:mavedb:00000055-a-1#475,,,p.Asp152His,0.9685120823273728,0.0095139761249879,D152H,D152H,0.1529,benign,0.8502804071964005,0.8471,False,152,False,False,True
urn:mavedb:00000055-a-1#476,,,p.Asp152Gln,0.8460454787562571,0.011615085335141,D152Q,D152Q,0.1912,benign,0.8280099680043814,0.8088,False,152,False,False,True
urn:mavedb:00000055-a-1#477,,,p.Asp152Asn,0.982148593180334,0.0259340459042957,D152N,D152N,0.0967,benign,0.8764922704206556,0.9033,False,152,False,False,True
urn:mavedb:00000055-a-1#478,,,p.Asp152Tyr,0.128703613093267,0.0866418226091424,D152Y,D152Y,0.1311,benign,0.8613017582567509,0.8689,False,152,False,False,True
urn:mavedb:00000055-a-1#479,,,p.Asp152Lys,0.760380539824932,0.017383620073176,D152K,D152K,0.2161,benign,0.8113804456571271,0.7839,False,152,False,False,True
urn:mavedb:00000055-a-1#480,,,p.Asp152Phe,0.0304783409740417,0.0297827476044955,D152F,D152F,0.3774,ambiguous,0.6584296541388782,0.6226,False,152,False,False,True
urn:mavedb:00000055-a-1#481,,,p.Asp152Val,0.5648766848698079,0.0405732781419071,D152V,D152V,0.1463,benign,0.8537380253854584,0.8537,False,152,False,False,True
urn:mavedb:00000055-a-1#482,,,p.Asp152Glu,1.16325774356732,0.0030818786235393,D152E,D152E,0.129,benign,0.8623041293301075,0.871,False,152,False,False,True
urn:mavedb:00000055-a-1#483,,,p.Asp152Trp,0.0317612480450503,0.0033687560352679,D152W,D152W,0.6104,pathogenic,0.35618062197859185,0.38959999999999995,False,152,False,False,True
urn:mavedb:00000055-a-1#484,,,p.Asp152Ile,0.0293520590195299,0.0050961284157018,D152I,D152I,0.2357,benign,0.7970219345272213,0.7643,False,152,False,False,True
urn:mavedb:00000055-a-1#485,,,p.Asp152Ala,0.7692788819622549,0.011713080868876,D152A,D152A,0.1434,benign,0.8552236364873481,0.8566,False,152,False,False,True
urn:mavedb:00000055-a-1#491,,,p.Glu151Asp,0.91389636239464,0.075153874435771,E151D,E151D,0.1349,benign,0.8594619855560125,0.8651,False,151,False,False,True
urn:mavedb:00000055-a-1#492,,,p.Glu151Arg,0.910273371583104,0.0505932790273409,E151R,E151R,0.226,benign,0.8042706351459483,0.774,False,151,False,False,True
urn:mavedb:00000055-a-1#493,,,p.Glu151Ser,0.900697421485635,0.0668551069121086,E151S,E151S,0.2338,benign,0.7984640143630474,0.7662,False,151,False,False,True
urn:mavedb:00000055-a-1#494,,,p.Glu151Leu,0.920785962586453,0.0245209940305488,E151L,E151L,0.3947,ambiguous,0.6376077451584231,0.6053,False,151,False,False,True
urn:mavedb:00000055-a-1#495,,,p.Glu151Asn,1.07736409637284,0.0337324468772034,E151N,E151N,0.2732,benign,0.7663007191219267,0.7268,False,151,False,False,True
urn:mavedb:00000055-a-1#496,,,p.Glu151Cys,0.9412552889205172,0.0499307024820116,E151C,E151C,0.6952,pathogenic,0.26297433241687707,0.30479999999999996,True,151,False,True,True
urn:mavedb:00000055-a-1#497,,,p.Glu151Tyr,0.65297392575637,0.0496367876453071,E151Y,E151Y,0.5103,ambiguous,0.48609942385478133,0.4897,False,151,False,False,True
urn:mavedb:00000055-a-1#498,,,p.Glu151Ala,0.8125465261681479,0.0251264857265395,E151A,E151A,0.1675,benign,0.8422439987396619,0.8325,False,151,False,False,True
urn:mavedb:00000055-a-1#499,,,p.Glu151Phe,0.947185182434232,0.0121112824878717,E151F,E151F,0.6811,pathogenic,0.2770331549760673,0.31889999999999996,True,151,False,True,True
urn:mavedb:00000055-a-1#501,,,p.Glu151Val,0.77344573681409,0.0045352722944477,E151V,E151V,0.2387,benign,0.7947227792046517,0.7613,False,151,False,False,True
urn:mavedb:00000055-a-1#503,,,p.Glu151Pro,1.08603873076269,0.0495665022229875,E151P,E151P,0.321,benign,0.7208211746197491,0.679,False,151,False,False,True
urn:mavedb:00000055-a-1#504,,,p.Glu151Thr,0.4920563801855329,0.0420395050567258,E151T,E151T,0.2331,benign,0.7989925671507445,0.7669,False,151,False,False,True
urn:mavedb:00000055-a-1#506,,,p.Lys150Asn,0.966260216895634,0.0101179156295127,K150N,K150N,0.2559,benign,0.781011702287221,0.7441,False,150,False,False,True
urn:mavedb:00000055-a-1#507,,,p.Lys150Thr,0.7999178454841921,0.0313351535432412,K150T,K150T,0.1074,benign,0.8720404855563222,0.8926000000000001,False,150,False,False,True
urn:mavedb:00000055-a-1#508,,,p.Lys150Gln,0.9685630956841752,0.0175895286172429,K150Q,K150Q,0.0938,benign,0.8776583225084765,0.9062,False,150,False,False,True
urn:mavedb:00000055-a-1#509,,,p.Lys150Asp,0.480897242188847,0.0219471884617029,K150D,K150D,0.2952,benign,0.7462476294749829,0.7048,False,150,False,False,True
urn:mavedb:00000055-a-1#510,,,p.Lys150Ala,0.5528500860270021,0.0458107181078229,K150A,K150A,0.1816,benign,0.8339576711916147,0.8184,False,150,False,False,True
urn:mavedb:00000055-a-1#511,,,p.Lys150Glu,0.7887178365550379,0.0066595319038778,K150E,K150E,0.0977,benign,0.8760862286928767,0.9023,False,150,False,False,True
urn:mavedb:00000055-a-1#512,,,p.Lys150Pro,0.0046545757589428,0.0033046370866729,K150P,K150P,0.4492,ambiguous,0.5680539457899698,0.5508,False,150,False,False,True
urn:mavedb:00000055-a-1#513,,,p.Lys150Gly,0.8953291515091001,0.0598182236754786,K150G,K150G,0.1951,benign,0.8255212108158919,0.8049,False,150,False,False,True
urn:mavedb:00000055-a-1#514,,,p.Lys150Arg,0.902716043462291,0.0044464746046463,K150R,K150R,0.0699,benign,0.8866422897998152,0.9301,False,150,False,False,True
urn:mavedb:00000055-a-1#515,,,p.Lys150Tyr,0.506425052995094,0.0298539056087338,K150Y,K150Y,0.4431,ambiguous,0.5760775035851465,0.5569,False,150,False,False,True
urn:mavedb:00000055-a-1#516,,,p.Lys150Leu,0.658689526348285,0.0215427212634802,K150L,K150L,0.203,benign,0.8203492847713191,0.7969999999999999,False,150,False,False,True
urn:mavedb:00000055-a-1#517,,,p.Lys150Trp,0.139639539398203,0.0321065312612409,K150W,K150W,0.4903,ambiguous,0.5130913049259552,0.5097,False,150,False,False,True
urn:mavedb:00000055-a-1#518,,,p.Lys150Val,0.831841414471543,0.0011766867699007,K150V,K150V,0.2239,benign,0.8058029588261979,0.7761,False,150,False,False,True
urn:mavedb:00000055-a-1#519,,,p.Lys150His,0.9870804688836172,0.0239287545461963,K150H,K150H,0.2199,benign,0.808685568192934,0.7801,False,150,False,False,True
urn:mavedb:00000055-a-1#520,,,p.Lys150Cys,0.7846732484023909,0.0343052772823559,K150C,K150C,0.4009,ambiguous,0.6299779116607496,0.5991,False,150,False,False,True
urn:mavedb:00000055-a-1#521,,,p.Lys150Met,0.944599821944424,0.0483802888109748,K150M,K150M,0.1833,benign,0.8329227440128936,0.8167,False,150,False,False,True
urn:mavedb:00000055-a-1#522,,,p.Lys150Ser,0.9062822150247628,0.0043811715467588,K150S,K150S,0.2026,benign,0.8206153942109939,0.7974,False,150,False,False,True
urn:mavedb:00000055-a-1#523,,,p.Lys150Phe,0.522783496767826,0.0063230326154187,K150F,K150F,0.574,pathogenic,0.4017094368357828,0.42600000000000005,False,150,False,False,True
urn:mavedb:00000055-a-1#524,,,p.Phe149Met,1.09316301866744,0.0590749775560613,F149M,F149M,0.7996,pathogenic,0.17792911986152593,0.20040000000000002,True,149,False,True,True
urn:mavedb:00000055-a-1#525,,,p.Phe149Asn,0.78047136891753,0.0229184477108418,F149N,F149N,0.9194,pathogenic,0.11724480182636408,0.0806,False,149,False,False,True
urn:mavedb:00000055-a-1#526,,,p.Phe149Asp,0.560585284291461,0.0002700310980706,F149D,F149D,0.9384,pathogenic,0.11048663302748118,0.06159999999999999,False,149,False,False,True
urn:mavedb:00000055-a-1#527,,,p.Phe149Ala,0.745592939389866,0.099467551265298,F149A,F149A,0.8876,pathogenic,0.1301223704690047,0.11240000000000006,False,149,False,False,True
urn:mavedb:00000055-a-1#528,,,p.Phe149Ile,0.6143755757054339,0.0089227253338865,F149I,F149I,0.738,pathogenic,0.22406944881791435,0.262,False,149,False,False,True
urn:mavedb:00000055-a-1#529,,,p.Phe149Glu,0.8506678524718709,0.057962009982232,F149E,F149E,0.9101,pathogenic,0.1208001552395026,0.08989999999999998,True,149,False,True,True
urn:mavedb:00000055-a-1#530,,,p.Phe149Arg,0.6366129535245739,0.0512105775957954,F149R,F149R,0.8526,pathogenic,0.14683082385832102,0.14739999999999998,False,149,False,False,True
urn:mavedb:00000055-a-1#531,,,p.Phe149Gln,0.8217427044720329,0.0011921826034943,F149Q,F149Q,0.8753,pathogenic,0.1356748822838025,0.12470000000000003,True,149,False,True,True
urn:mavedb:00000055-a-1#532,,,p.Phe149Tyr,0.876245699407677,0.0019511782481239,F149Y,F149Y,0.4123,ambiguous,0.6157367483574941,0.5877,False,149,False,False,True
urn:mavedb:00000055-a-1#533,,,p.Phe149His,0.69197399345224,0.0314781128765028,F149H,F149H,0.7967,pathogenic,0.1798505959094725,0.20330000000000004,False,149,False,False,True
urn:mavedb:00000055-a-1#534,,,p.Phe149Leu,0.663707602003354,0.040797850573251,F149L,F149L,0.911,pathogenic,0.12044871083309654,0.08899999999999997,False,149,False,False,True
urn:mavedb:00000055-a-1#535,,,p.Phe149Cys,0.7101317998289971,0.0087923187115944,F149C,F149C,0.7389,pathogenic,0.223312529814148,0.2611,False,149,False,False,True
urn:mavedb:00000055-a-1#536,,,p.Phe149Pro,0.24645837299582,0.0183867771379083,F149P,F149P,0.9873,pathogenic,0.09589055582063583,0.012700000000000045,False,149,False,False,True
urn:mavedb:00000055-a-1#538,,,p.Phe149Gly,0.9593544557094672,0.0662113309896285,F149G,F149G,0.8927,pathogenic,0.12791680112094475,0.10729999999999995,True,149,False,True,True
urn:mavedb:00000055-a-1#540,,,p.Phe149Thr,0.7027526937612378,0.0330858571869789,F149T,F149T,0.8888,pathogenic,0.12959839886218677,0.11119999999999997,False,149,False,False,True
urn:mavedb:00000055-a-1#541,,,p.Phe149Ser,0.8017092628658001,0.0539829130726455,F149S,F149S,0.839,pathogenic,0.1541111925335532,0.16100000000000003,True,149,False,True,True
urn:mavedb:00000055-a-1#542,,,p.Phe149Lys,0.729972002386351,0.0579406051786387,F149K,F149K,0.9304,pathogenic,0.11325177666607844,0.0696,False,149,False,False,True
urn:mavedb:00000055-a-1#545,,,p.Pro148Tyr,0.137564796343215,0.0202987242083676,P148Y,P148Y,0.9409,pathogenic,0.10964578520195054,0.05910000000000004,False,148,False,False,True
urn:mavedb:00000055-a-1#546,,,p.Pro148Leu,0.221667070946052,0.0561723156088229,P148L,P148L,0.5843,pathogenic,0.38856075665100065,0.41569999999999996,False,148,False,False,True
urn:mavedb:00000055-a-1#547,,,p.Pro148Val,-0.0023192773285051,0.002657019237225,P148V,P148V,0.5307,ambiguous,0.4586717882518158,0.46930000000000005,False,148,False,False,True
urn:mavedb:00000055-a-1#548,,,p.Pro148Ile,0.0307637765670611,0.003355175291531,P148I,P148I,0.6433,pathogenic,0.3176430197726288,0.3567,False,148,False,False,True
urn:mavedb:00000055-a-1#549,,,p.Pro148Met,0.0256099816801689,0.0253067009454317,P148M,P148M,0.8789,pathogenic,0.13401504708298562,0.12109999999999999,False,148,False,False,True
urn:mavedb:00000055-a-1#550,,,p.Pro148His,0.0054143487110885,0.0271668688516881,P148H,P148H,0.8783,pathogenic,0.13428966887311922,0.12170000000000003,False,148,False,False,True
urn:mavedb:00000055-a-1#551,,,p.Pro148Cys,0.0592572718624356,0.0419973893261889,P148C,P148C,0.8821,pathogenic,0.1325639146671646,0.1179,False,148,False,False,True
urn:mavedb:00000055-a-1#552,,,p.Pro148Gln,0.0368151892136486,0.007546340620452,P148Q,P148Q,0.9083,pathogenic,0.1215078584247,0.0917,False,148,False,False,True
urn:mavedb:00000055-a-1#553,,,p.Pro148Ser,0.014395154192799,0.00417276816465,P148S,P148S,0.8191,pathogenic,0.16561845275125642,0.18089999999999995,False,148,False,False,True
urn:mavedb:00000055-a-1#554,,,p.Pro148Glu,0.0871704741564861,0.072504303152924,P148E,P148E,0.9249,pathogenic,0.11522012381386348,0.07509999999999994,False,148,False,False,True
urn:mavedb:00000055-a-1#555,,,p.Pro148Phe,0.0304126247814809,0.0108045689654358,P148F,P148F,0.9299,pathogenic,0.1134284236324214,0.07010000000000005,False,148,False,False,True
urn:mavedb:00000055-a-1#556,,,p.Pro148Asp,0.0683332363839461,0.0262096194480999,P148D,P148D,0.9601,pathogenic,0.10354170751040695,0.03990000000000005,False,148,False,False,True
urn:mavedb:00000055-a-1#557,,,p.Pro148Gly,0.0826695282357433,0.0160172876288358,P148G,P148G,0.8902,pathogenic,0.12899101078760522,0.10980000000000001,False,148,False,False,True
urn:mavedb:00000055-a-1#558,,,p.Pro148Thr,0.0306959294524846,0.0021576927618455,P148T,P148T,0.6455,pathogenic,0.3151674032599165,0.35450000000000004,False,148,False,False,True
urn:mavedb:00000055-a-1#559,,,p.Pro148Asn,0.0925713860232377,0.0202253399416776,P148N,P148N,0.9583,pathogenic,0.10408815177509526,0.04169999999999996,False,148,False,False,True
urn:mavedb:00000055-a-1#560,,,p.Pro148Trp,0.0337575265695088,0.0227243325849265,P148W,P148W,0.9696,pathogenic,0.1007424336636046,0.030399999999999983,False,148,False,False,True
urn:mavedb:00000055-a-1#561,,,p.Pro148Lys,0.0576508657646065,0.049809352778815,P148K,P148K,0.9442,pathogenic,0.10855249098995293,0.05579999999999996,False,148,False,False,True
urn:mavedb:00000055-a-1#562,,,p.Pro148Arg,0.0481092822254479,0.0374625995015376,P148R,P148R,0.8394,pathogenic,0.15389043377315714,0.16059999999999997,False,148,False,False,True
urn:mavedb:00000055-a-1#564,,,p.Asp147Thr,0.709668318083131,0.0073267702097243,D147T,D147T,0.3715,ambiguous,0.6653634566970986,0.6285000000000001,False,147,False,False,True
urn:mavedb:00000055-a-1#565,,,p.Asp147Cys,0.678501668578576,0.0237478395941231,D147C,D147C,0.466,ambiguous,0.5457414784705285,0.534,False,147,False,False,True
urn:mavedb:00000055-a-1#566,,,p.Asp147Pro,0.0124282865701024,0.010177762789078,D147P,D147P,0.8621,pathogenic,0.14201432978738374,0.13790000000000002,False,147,False,False,True
urn:mavedb:00000055-a-1#567,,,p.Leu134Trp,0.0337775638310969,0.0029963677165377,L134W,L134W,0.6828,pathogenic,0.27530596225198245,0.31720000000000004,False,134,False,False,True
urn:mavedb:00000055-a-1#568,,,p.Leu134Pro,0.0245457760895058,0.0033577496991191,L134P,L134P,0.9033,pathogenic,0.1235077295793445,0.09670000000000001,False,134,False,False,True
urn:mavedb:00000055-a-1#569,,,p.Leu134Asp,0.839329153749665,0.0011901707567936,L134D,L134D,0.9801,pathogenic,0.09780885395300953,0.01990000000000003,True,134,False,True,True
urn:mavedb:00000055-a-1#571,,,p.Gln133Phe,0.7451965050878149,0.0254920409576577,Q133F,Q133F,0.6922,pathogenic,0.26591456791471735,0.30779999999999996,False,133,False,False,True
urn:mavedb:00000055-a-1#572,,,p.Gln133Ser,0.97484457160455,0.0110404600480748,Q133S,Q133S,0.247,benign,0.7882194034411283,0.753,False,133,False,False,True
urn:mavedb:00000055-a-1#573,,,p.Gln133Asn,1.06119061443391,0.005327390495027,Q133N,Q133N,0.3084,benign,0.7334940629584289,0.6916,False,133,False,False,True
urn:mavedb:00000055-a-1#574,,,p.Gln133Glu,1.02063244601283,0.011108575397611,Q133E,Q133E,0.0911,benign,0.8787287578851619,0.9089,False,133,False,False,True
urn:mavedb:00000055-a-1#575,,,p.Gln133Ala,0.8147926175766971,0.0181663930172513,Q133A,Q133A,0.2416,benign,0.7924743470790406,0.7584,False,133,False,False,True
urn:mavedb:00000055-a-1#576,,,p.Gln133Gly,0.580444550320354,0.0223038440366075,Q133G,Q133G,0.2291,benign,0.8019846590398072,0.7709,False,133,False,False,True
urn:mavedb:00000055-a-1#577,,,p.Gln133Arg,0.791763706699851,0.0429816846008222,Q133R,Q133R,0.0844,benign,0.8813227428647326,0.9156,False,133,False,False,True
urn:mavedb:00000055-a-1#578,,,p.Gln133Met,0.7635072656101121,0.0133644067213747,Q133M,Q133M,0.389,ambiguous,0.6445462230448409,0.611,False,133,False,False,True
urn:mavedb:00000055-a-1#579,,,p.Gln133Asp,0.902134921907896,0.0086658455595574,Q133D,Q133D,0.302,benign,0.7397448575099264,0.698,False,133,False,False,True
urn:mavedb:00000055-a-1#580,,,p.Gln133His,0.7221372794039069,0.0073745341637817,Q133H,Q133H,0.2077,benign,0.8171883070620973,0.7923,False,133,False,False,True
urn:mavedb:00000055-a-1#581,,,p.Gln133Trp,0.521340439643479,0.0194204985892944,Q133W,Q133W,0.4957,ambiguous,0.5058046780180824,0.5043,False,133,False,False,True
urn:mavedb:00000055-a-1#582,,,p.Gln133Tyr,0.616291092633816,0.0180838682115694,Q133Y,Q133Y,0.442,ambiguous,0.5775192502306695,0.558,False,133,False,False,True
urn:mavedb:00000055-a-1#583,,,p.Gln133Leu,0.7992870111475641,0.0111179802566489,Q133L,Q133L,0.185,benign,0.831879977505329,0.815,False,133,False,False,True
urn:mavedb:00000055-a-1#584,,,p.Gln133Thr,1.07996211072421,0.0338721452247868,Q133T,Q133T,0.2118,benign,0.8143790565912863,0.7882,False,133,False,False,True
urn:mavedb:00000055-a-1#585,,,p.Gln133Lys,0.99337634548152,0.0001809860036374,Q133K,Q133K,0.0821,benign,0.8821930657944116,0.9178999999999999,False,133,False,False,True
urn:mavedb:00000055-a-1#586,,,p.Gln133Cys,0.866787914843927,0.0515232354361981,Q133C,Q133C,0.4528,ambiguous,0.563297514213013,0.5472,False,133,False,False,True
urn:mavedb:00000055-a-1#587,,,p.Gln133Val,0.774218882109137,0.0422172230637806,Q133V,Q133V,0.2838,benign,0.7568270334377041,0.7162,False,133,False,False,True
urn:mavedb:00000055-a-1#588,,,p.Gln133Ile,0.312933846230001,0.0208809006585853,Q133I,Q133I,0.443,ambiguous,0.5762086384059047,0.5569999999999999,False,133,False,False,True
urn:mavedb:00000055-a-1#589,,,p.Gln133Pro,0.196806446107666,0.0090674548350519,Q133P,Q133P,0.4208,ambiguous,0.604952407281994,0.5791999999999999,False,133,False,False,True
urn:mavedb:00000055-a-1#590,,,p.Asp132Lys,0.939833067165187,0.0118087527958484,D132K,D132K,0.2158,benign,0.8115913986630126,0.7842,False,132,False,False,True
urn:mavedb:00000055-a-1#591,,,p.Asp132Ser,0.988316604555364,0.0064284743049302,D132S,D132S,0.0999,benign,0.8751857405579043,0.9001,False,132,False,False,True
urn:mavedb:00000055-a-1#592,,,p.Asp132His,0.8735800946101401,0.0269007745468929,D132H,D132H,0.1143,benign,0.8690416417214738,0.8857,False,132,False,False,True
urn:mavedb:00000055-a-1#593,,,p.Asp132Val,0.214482462768487,0.0019123075317615,D132V,D132V,0.2396,benign,0.7940277208960368,0.7604,False,132,False,False,True
urn:mavedb:00000055-a-1#594,,,p.Asp132Arg,0.93084404961558,0.0129536013798259,D132R,D132R,0.2051,benign,0.8189447354036117,0.7948999999999999,False,132,False,False,True
urn:mavedb:00000055-a-1#595,,,p.Asp132Glu,1.02495969382827,0.0332253954284106,D132E,D132E,0.1035,benign,0.8736906806395097,0.8965,False,132,False,False,True
urn:mavedb:00000055-a-1#596,,,p.Asp132Asn,1.04213460670807,0.0238798825929137,D132N,D132N,0.1002,benign,0.8750621765521966,0.8998,False,132,False,False,True
urn:mavedb:00000055-a-1#597,,,p.Asp132Tyr,0.6156569536334929,0.0221506716997685,D132Y,D132Y,0.16,benign,0.8464399411590051,0.84,False,132,False,False,True
urn:mavedb:00000055-a-1#598,,,p.Asp132Met,0.2625865032835,0.005649025849198,D132M,D132M,0.5553,ambiguous,0.4260224479941519,0.4447,False,132,False,False,True
urn:mavedb:00000055-a-1#599,,,p.Asp132Leu,0.0963087798788213,0.0107444528119967,D132L,D132L,0.3081,benign,0.7337898857779391,0.6919,False,132,False,False,True
urn:mavedb:00000055-a-1#600,,,p.Asp132Trp,0.53898640524517,0.0170413200032491,D132W,D132W,0.588,pathogenic,0.38388512925974966,0.41200000000000003,False,132,False,False,True
urn:mavedb:00000055-a-1#601,,,p.Asp132Thr,0.776790369240038,0.0198797630117041,D132T,D132T,0.2212,benign,0.807753899205904,0.7787999999999999,False,132,False,False,True
urn:mavedb:00000055-a-1#602,,,p.Asp132Phe,0.194316587095333,0.0272412686230472,D132F,D132F,0.4921,ambiguous,0.5106630036405828,0.5079,False,132,False,False,True
urn:mavedb:00000055-a-1#603,,,p.Asp132Gln,0.726689101475829,0.0008483145867086,D132Q,D132Q,0.1656,benign,0.8433206608922091,0.8344,False,132,False,False,True
urn:mavedb:00000055-a-1#604,,,p.Asp132Pro,0.9186434561990772,0.0014162836906073,D132P,D132P,0.2281,benign,0.8027252010407222,0.7719,False,132,False,False,True
urn:mavedb:00000055-a-1#605,,,p.Asp132Ala,0.788473361373025,0.0203885333957764,D132A,D132A,0.1529,benign,0.8502804071964005,0.8471,False,132,False,False,True
urn:mavedb:00000055-a-1#606,,,p.Asp132Gly,1.00610253837562,0.0129925434231499,D132G,D132G,0.1073,benign,0.8720831988790552,0.8927,False,132,False,False,True
urn:mavedb:00000055-a-1#607,,,p.Asp132Cys,0.626230614656513,0.0343994481959633,D132C,D132C,0.3565,ambiguous,0.682582586588122,0.6435,False,132,False,False,True
urn:mavedb:00000055-a-1#608,,,p.Asp132Ile,0.0513961975780575,0.0286488049501735,D132I,D132I,0.3679,ambiguous,0.6695503953631107,0.6321,False,132,False,False,True
urn:mavedb:00000055-a-1#609,,,p.Leu131Arg,0.8996709673789449,0.0272977524709227,L131R,L131R,0.0881,benign,0.8799011365200418,0.9119,False,131,False,False,True
urn:mavedb:00000055-a-1#610,,,p.Leu131Tyr,0.891908108324859,0.0247341042404247,L131Y,L131Y,0.2279,benign,0.8028729513228869,0.7721,False,131,False,False,True
urn:mavedb:00000055-a-1#611,,,p.Leu131Thr,1.02315143230896,0.0044483382955562,L131T,L131T,0.0995,benign,0.8753502043605842,0.9005,False,131,False,False,True
urn:mavedb:00000055-a-1#612,,,p.Leu131Ile,0.992634098369146,0.03014968302604,L131I,L131I,0.105,benign,0.8730597745086742,0.895,False,131,False,False,True
urn:mavedb:00000055-a-1#613,,,p.Leu131Met,1.05135686861572,0.0076462887478481,L131M,L131M,0.1086,benign,0.8715262702896942,0.8914,False,131,False,False,True
urn:mavedb:00000055-a-1#614,,,p.Leu131Phe,0.929177482233978,0.0040294308379014,L131F,L131F,0.1338,benign,0.859998009216195,0.8662,False,131,False,False,True
urn:mavedb:00000055-a-1#615,,,p.Leu131Val,1.05071468156514,0.0499995274186866,L131V,L131V,0.0806,benign,0.8827551981736358,0.9194,False,131,False,False,True
urn:mavedb:00000055-a-1#616,,,p.Leu131Gly,1.04953162775267,0.0165149552627099,L131G,L131G,0.1899,benign,0.8288301808443937,0.8101,False,131,False,False,True
urn:mavedb:00000055-a-1#617,,,p.Leu131His,1.03624149819069,0.01481294139417,L131H,L131H,0.136,benign,0.8589231284618007,0.864,False,131,False,False,True
urn:mavedb:00000055-a-1#618,,,p.Leu131Cys,1.00845488836707,0.0055479348663612,L131C,L131C,0.2773,benign,0.7626779044244105,0.7227,False,131,False,False,True
urn:mavedb:00000055-a-1#619,,,p.Leu131Ala,1.11639043232079,0.0455108362501834,L131A,L131A,0.0835,benign,0.8816645178693711,0.9165,False,131,False,False,True
urn:mavedb:00000055-a-1#620,,,p.Leu131Asn,1.01452231698143,0.0238630601891566,L131N,L131N,0.2112,benign,0.814793198588838,0.7888,False,131,False,False,True
urn:mavedb:00000055-a-1#621,,,p.Leu131Asp,1.13380929825801,0.025304310811215,L131D,L131D,0.2501,benign,0.7857364741433591,0.7499,False,131,False,False,True
urn:mavedb:00000055-a-1#622,,,p.Leu131Lys,0.846616519191552,0.0120444466274733,L131K,L131K,0.1016,benign,0.8744830880834863,0.8984,False,131,False,False,True
urn:mavedb:00000055-a-1#623,,,p.Leu131Trp,0.877157012564907,0.0146901634340753,L131W,L131W,0.153,benign,0.8502271923470283,0.847,False,131,False,False,True
urn:mavedb:00000055-a-1#624,,,p.Leu131Gln,0.893358772766379,0.0003907444112782,L131Q,L131Q,0.09,benign,0.8791606965465184,0.91,False,131,False,False,True
urn:mavedb:00000055-a-1#625,,,p.Leu131Ser,1.1519025945492,0.0035572049179742,L131S,L131S,0.1104,benign,0.870749194628775,0.8896,False,131,False,False,True
urn:mavedb:00000055-a-1#626,,,p.Leu131Glu,0.579979388427343,1.61942430373778e-05,L131E,L131E,0.1333,benign,0.860240722557629,0.8667,False,131,False,False,True
urn:mavedb:00000055-a-1#627,,,p.Leu131Pro,0.940089063925382,0.0198601974575283,L131P,L131P,0.0648,benign,0.8884210311130147,0.9352,False,131,False,False,True
urn:mavedb:00000055-a-1#628,,,p.Pro130Tyr,0.3882058807485349,0.008266860792742,P130Y,P130Y,0.2857,benign,0.7550919025191186,0.7142999999999999,False,130,False,False,True
urn:mavedb:00000055-a-1#629,,,p.Pro130Ser,0.7814450598790109,0.0293062504593261,P130S,P130S,0.082,benign,0.8822306751842238,0.918,False,130,False,False,True
urn:mavedb:00000055-a-1#630,,,p.Pro130Arg,0.708262534053649,0.0224731482079057,P130R,P130R,0.0959,benign,0.8768156395296189,0.9041,False,130,False,False,True
urn:mavedb:00000055-a-1#631,,,p.Pro130Gln,0.884528107973729,0.0090229935730955,P130Q,P130Q,0.101,benign,0.8747317649807036,0.899,False,130,False,False,True
urn:mavedb:00000055-a-1#632,,,p.Pro130Thr,0.903109133860222,0.0108934377121244,P130T,P130T,0.0982,benign,0.8758824428802986,0.9018,False,130,False,False,True
urn:mavedb:00000055-a-1#633,,,p.Pro130Gly,0.867722876200389,0.0251022386025198,P130G,P130G,0.1745,benign,0.8381960536928684,0.8255,False,130,False,False,True
urn:mavedb:00000055-a-1#634,,,p.Pro130Asp,0.855704799495453,0.0020988311898876,P130D,P130D,0.1965,benign,0.8246174682622184,0.8035,False,130,False,False,True
urn:mavedb:00000055-a-1#635,,,p.Pro130Met,0.599146575539023,0.0410197383328992,P130M,P130M,0.2931,benign,0.7482268494644345,0.7069,False,130,False,False,True
urn:mavedb:00000055-a-1#636,,,p.Pro130Lys,0.972909279285359,0.0525962874093916,P130K,P130K,0.1481,benign,0.8528056437091971,0.8519,False,130,False,False,True
urn:mavedb:00000055-a-1#637,,,p.Pro130Ile,0.351566197492768,0.0005532030595105,P130I,P130I,0.3021,benign,0.7396481604555478,0.6979,False,130,False,False,True
urn:mavedb:00000055-a-1#638,,,p.Pro130Leu,0.3174993147580859,0.0202561775658949,P130L,P130L,0.1268,benign,0.8633433823923825,0.8732,False,130,False,False,True
urn:mavedb:00000055-a-1#639,,,p.Pro130Phe,0.223737406382341,0.0223063667945279,P130F,P130F,0.3525,ambiguous,0.6870715442820332,0.6475,False,130,False,False,True
urn:mavedb:00000055-a-1#640,,,p.Pro130Glu,0.836643150502047,0.0211937710009687,P130E,P130E,0.165,benign,0.8436587199716573,0.835,False,130,False,False,True
urn:mavedb:00000055-a-1#641,,,p.Pro130Val,0.579541213126759,0.0266155897471106,P130V,P130V,0.1842,benign,0.832371669882219,0.8158,False,130,False,False,True
urn:mavedb:00000055-a-1#642,,,p.Pro130Ala,0.926428964680122,0.0247724878494131,P130A,P130A,0.0757,benign,0.884561762931806,0.9243,False,130,False,False,True
urn:mavedb:00000055-a-1#643,,,p.Pro130Asn,1.00070052491317,0.0099230509543825,P130N,P130N,0.2106,benign,0.815206298946447,0.7894,False,130,False,False,True
urn:mavedb:00000055-a-1#644,,,p.Pro130His,0.8886435417448569,0.0276299962538295,P130H,P130H,0.1061,benign,0.872594108609408,0.8939,False,130,False,False,True
urn:mavedb:00000055-a-1#645,,,p.Pro130Cys,0.7416946962845491,0.0222100718811551,P130C,P130C,0.2326,benign,0.7993692029798517,0.7674,False,130,False,False,True
urn:mavedb:00000055-a-1#646,,,p.Pro130Trp,0.0314075799289663,0.0081812021903322,P130W,P130W,0.4225,ambiguous,0.6027796784992056,0.5775,False,130,False,False,True
urn:mavedb:00000055-a-1#648,,,p.Pro129Trp,0.458780544876976,0.0456183650660084,P129W,P129W,0.8028,pathogenic,0.17583646171737027,0.19720000000000004,False,129,False,False,True
urn:mavedb:00000055-a-1#649,,,p.Pro129Arg,0.5569270287482629,0.0131917054425155,P129R,P129R,0.347,ambiguous,0.6931709750396631,0.653,False,129,False,False,True
urn:mavedb:00000055-a-1#650,,,p.Pro129Lys,0.9388527358023008,0.0306859839589067,P129K,P129K,0.529,ambiguous,0.46094847731083616,0.471,False,129,False,False,True
urn:mavedb:00000055-a-1#651,,,p.Pro129Met,0.5211854320575561,0.0099387214856403,P129M,P129M,0.6265,pathogenic,0.3369770747574048,0.37350000000000005,False,129,False,False,True
urn:mavedb:00000055-a-1#652,,,p.Pro129Tyr,0.7857998893355469,0.0001072923293116,P129Y,P129Y,0.672,pathogenic,0.28642689159479656,0.32799999999999996,False,129,False,False,True
urn:mavedb:00000055-a-1#653,,,p.Pro129Asp,0.0829030746257735,0.0116937042506866,P129D,P129D,0.846,pathogenic,0.1503063244913897,0.15400000000000003,False,129,False,False,True
urn:mavedb:00000055-a-1#654,,,p.Pro129Leu,0.306736780436607,0.0174421842079263,P129L,P129L,0.2605,benign,0.7771906888805142,0.7395,False,129,False,False,True
urn:mavedb:00000055-a-1#655,,,p.Pro129Gly,0.7611901472889109,0.0413148318802724,P129G,P129G,0.6131,pathogenic,0.35291645571500846,0.3869,False,129,False,False,True
urn:mavedb:00000055-a-1#656,,,p.Pro129Gln,0.6685931010310129,0.0021770346549056,P129Q,P129Q,0.4251,ambiguous,0.5994469121962621,0.5749,False,129,False,False,True
urn:mavedb:00000055-a-1#657,,,p.Pro129His,0.169648312009205,0.0052440786170796,P129H,P129H,0.46,ambiguous,0.5537422843404736,0.54,False,129,False,False,True
urn:mavedb:00000055-a-1#658,,,p.Pro129Glu,0.630067788040601,0.0238248860477039,P129E,P129E,0.6393,pathogenic,0.3221780802704784,0.3607,False,129,False,False,True
urn:mavedb:00000055-a-1#659,,,p.Pro129Ile,0.154321552157044,0.0149876882216512,P129I,P129I,0.5089,ambiguous,0.4879878543105289,0.4911,False,129,False,False,True
urn:mavedb:00000055-a-1#660,,,p.Pro129Ser,0.227715844449656,0.0171318217067362,P129S,P129S,0.4583,ambiguous,0.556003154381035,0.5417000000000001,False,129,False,False,True
urn:mavedb:00000055-a-1#661,,,p.Pro129Asn,0.168568743377728,0.024063552894975,P129N,P129N,0.8048,pathogenic,0.174543160445857,0.19520000000000004,False,129,False,False,True
urn:mavedb:00000055-a-1#662,,,p.Pro129Thr,0.3601394880245079,0.0114787903742326,P129T,P129T,0.3629,ambiguous,0.6753091721463904,0.6371,False,129,False,False,True
urn:mavedb:00000055-a-1#663,,,p.Pro129Phe,0.3412079312550869,0.0196376259016267,P129F,P129F,0.7085,pathogenic,0.2502743738372239,0.2915,False,129,False,False,True
urn:mavedb:00000055-a-1#664,,,p.Pro129Cys,0.14857335667654,0.0345331730396771,P129C,P129C,0.6839,pathogenic,0.2741930411257177,0.31610000000000005,False,129,False,False,True
urn:mavedb:00000055-a-1#665,,,p.Pro129Ala,0.71999274556852,0.0052218789927874,P129A,P129A,0.2737,benign,0.7658617166723012,0.7263,False,129,False,False,True
urn:mavedb:00000055-a-1#666,,,p.Leu128Thr,0.8990977938247059,0.0750212358318502,L128T,L128T,0.5877,pathogenic,0.38426325164250574,0.4123,False,128,False,True,True
urn:mavedb:00000055-a-1#667,,,p.Leu128Phe,0.852960593052246,0.0032109229546617,L128F,L128F,0.095,benign,0.8771778795060812,0.905,False,128,False,False,True
urn:mavedb:00000055-a-1#668,,,p.Leu128Cys,0.8389155144914799,0.0049000578460115,L128C,L128C,0.5654,pathogenic,0.4128257149835511,0.4346,False,128,False,False,True
urn:mavedb:00000055-a-1#669,,,p.Leu128Pro,0.0852761917329941,0.0242257333605651,L128P,L128P,0.6702,pathogenic,0.2883143488986213,0.3298,False,128,False,False,True
urn:mavedb:00000055-a-1#670,,,p.Leu128Gly,0.5277930737197479,0.0340238478237337,L128G,L128G,0.7891,pathogenic,0.18500012110582992,0.21089999999999998,False,128,False,False,True
urn:mavedb:00000055-a-1#671,,,p.Leu128Val,0.848892761665407,0.0150796593271149,L128V,L128V,0.1751,benign,0.8378430828636445,0.8249,False,128,False,False,True
urn:mavedb:00000055-a-1#672,,,p.Leu128Met,0.8733612598587801,0.0331803972689457,L128M,L128M,0.1312,benign,0.8612537726736864,0.8688,False,128,False,False,True
urn:mavedb:00000055-a-1#673,,,p.Leu128Tyr,0.282450995223122,0.0009274533592372,L128Y,L128Y,0.386,ambiguous,0.6481677833939091,0.614,False,128,False,False,True
urn:mavedb:00000055-a-1#674,,,p.Leu128Ala,0.5190293395611699,0.008171286621514,L128A,L128A,0.634,pathogenic,0.3282534778368677,0.366,False,128,False,False,True
urn:mavedb:00000055-a-1#675,,,p.Leu128Trp,0.387812568383316,0.00628684805779,L128W,L128W,0.3106,benign,0.7313162555075609,0.6894,False,128,False,False,True
urn:mavedb:00000055-a-1#676,,,p.Leu128Asn,0.0629657436442738,0.0001608843724586,L128N,L128N,0.7586,pathogenic,0.20736976872077068,0.24139999999999995,False,128,False,False,True
urn:mavedb:00000055-a-1#677,,,p.Leu128Ile,0.7648624378779251,0.0177315741491226,L128I,L128I,0.1143,benign,0.8690416417214738,0.8857,False,128,False,False,True
urn:mavedb:00000055-a-1#678,,,p.Leu128Gln,0.0086784306932354,0.0027378941331085,L128Q,L128Q,0.6719,pathogenic,0.2865314975039086,0.32809999999999995,False,128,False,False,True
urn:mavedb:00000055-a-1#679,,,p.Leu128Asp,0.0325818738159597,0.0117169888493322,L128D,L128D,0.9072,pathogenic,0.12194351986001636,0.0928,False,128,False,False,True
urn:mavedb:00000055-a-1#680,,,p.Leu128Ser,0.451381211119792,0.0391974066869507,L128S,L128S,0.7826,pathogenic,0.1895367240181205,0.21740000000000004,False,128,False,False,True
urn:mavedb:00000055-a-1#681,,,p.Leu128His,0.0766931577293544,0.0257205585073175,L128H,L128H,0.6952,pathogenic,0.26297433241687707,0.30479999999999996,False,128,False,False,True
urn:mavedb:00000055-a-1#682,,,p.Leu128Lys,0.0515561648787072,0.0191229828267514,L128K,L128K,0.741,pathogenic,0.22155614003197005,0.259,False,128,False,False,True
urn:mavedb:00000055-a-1#683,,,p.Leu128Glu,0.0474904903693769,0.0118082315658201,L128E,L128E,0.8217,pathogenic,0.16405560032045144,0.17830000000000001,False,128,False,False,True
urn:mavedb:00000055-a-1#684,,,p.Leu128Arg,0.0238919083474234,0.0037906404932726,L128R,L128R,0.6949,pathogenic,0.26326710879467385,0.30510000000000004,False,128,False,False,True
urn:mavedb:00000055-a-1#685,,,p.Glu127Ser,1.0550677585023,0.0083376500450405,E127S,E127S,0.1186,benign,0.8671205881047281,0.8814,False,127,False,False,True
urn:mavedb:00000055-a-1#686,,,p.Glu127Met,0.831596089827864,0.0613091662595724,E127M,E127M,0.2712,benign,0.7680489431257654,0.7288,False,127,False,False,True
urn:mavedb:00000055-a-1#687,,,p.Glu127Arg,0.857087534682546,0.0002915197226453,E127R,E127R,0.1258,benign,0.8638121228044613,0.8742,False,127,False,False,True
urn:mavedb:00000055-a-1#688,,,p.Glu127Gln,1.01163317648048,0.0059468085004662,E127Q,E127Q,0.0853,benign,0.8809794003585726,0.9147,False,127,False,False,True
urn:mavedb:00000055-a-1#689,,,p.Glu127Val,0.782984437039861,0.0199159450875405,E127V,E127V,0.1298,benign,0.861923470689945,0.8702,False,127,False,False,True
urn:mavedb:00000055-a-1#690,,,p.Glu127Ile,0.704259934403857,0.0103474566020608,E127I,E127I,0.2344,benign,0.7980097956533243,0.7656000000000001,False,127,False,False,True
urn:mavedb:00000055-a-1#691,,,p.Glu127Pro,0.023141638308452,0.0376125605745873,E127P,E127P,0.5972,pathogenic,0.37237694591423354,0.40280000000000005,False,127,False,False,True
urn:mavedb:00000055-a-1#692,,,p.Glu127Gly,0.946700722903163,0.0129345249928207,E127G,E127G,0.101,benign,0.8747317649807036,0.899,False,127,False,False,True
urn:mavedb:00000055-a-1#693,,,p.Glu127Cys,0.931646840681563,0.0348940078159293,E127C,E127C,0.4792,ambiguous,0.5280436110812359,0.5207999999999999,False,127,False,False,True
urn:mavedb:00000055-a-1#694,,,p.Glu127Tyr,0.7557084121945201,0.0344828018135668,E127Y,E127Y,0.3232,benign,0.7185590569917025,0.6768000000000001,False,127,False,False,True
urn:mavedb:00000055-a-1#695,,,p.Glu127Lys,1.11495469597017,0.0246804900737867,E127K,E127K,0.0891,benign,0.8795123187612995,0.9109,False,127,False,False,True
urn:mavedb:00000055-a-1#696,,,p.Glu127His,1.06188591914362,0.0606464001876892,E127H,E127H,0.2025,benign,0.8206818505170537,0.7975,False,127,False,False,True
urn:mavedb:00000055-a-1#697,,,p.Glu127Asp,1.0407474652194,0.0120429045371851,E127D,E127D,0.0952,benign,0.8770975233080016,0.9048,False,127,False,False,True
urn:mavedb:00000055-a-1#698,,,p.Glu127Phe,0.8482434239035891,0.0310469514866784,E127F,E127F,0.4872,ambiguous,0.5172715115410617,0.5127999999999999,False,127,False,False,True
urn:mavedb:00000055-a-1#699,,,p.Glu127Leu,0.795203390931444,0.0344978811280489,E127L,E127L,0.2387,benign,0.7947227792046517,0.7613,False,127,False,False,True
urn:mavedb:00000055-a-1#700,,,p.Glu127Asn,1.15305666103039,0.0159509668715731,E127N,E127N,0.1317,benign,0.8610134978141307,0.8683,False,127,False,False,True
urn:mavedb:00000055-a-1#701,,,p.Glu127Trp,0.569598774037218,0.0323699076460521,E127W,E127W,0.6568,pathogenic,0.30266489717574974,0.34319999999999995,False,127,False,False,True
urn:mavedb:00000055-a-1#702,,,p.Glu127Thr,1.1104731717736598,0.0147162190579181,E127T,E127T,0.1272,benign,0.8631552493003246,0.8728,False,127,False,False,True
urn:mavedb:00000055-a-1#703,,,p.Glu127Ala,1.01007193368072,0.0241851237342915,E127A,E127A,0.0936,benign,0.8777381145753042,0.9064,False,127,False,False,True
urn:mavedb:00000055-a-1#704,,,p.Glu126Ser,0.974816737389445,0.0138837726271743,E126S,E126S,0.1573,benign,0.8479153370520984,0.8427,False,126,False,False,True
urn:mavedb:00000055-a-1#705,,,p.Glu126Pro,0.739059065926713,0.0039444505906073,E126P,E126P,0.3994,ambiguous,0.631831547256692,0.6006,False,126,False,False,True
urn:mavedb:00000055-a-1#706,,,p.Glu126Ile,0.909377558307199,0.0074635663552922,E126I,E126I,0.4287,ambiguous,0.594813385909489,0.5712999999999999,False,126,False,False,True
urn:mavedb:00000055-a-1#707,,,p.Glu126Thr,0.9401383280477792,0.0243476710409298,E126T,E126T,0.2011,benign,0.8216092587097863,0.7988999999999999,False,126,False,False,True
urn:mavedb:00000055-a-1#708,,,p.Glu126Gly,0.9915965761033888,0.0152653889089997,E126G,E126G,0.1002,benign,0.8750621765521966,0.8998,False,126,False,False,True
urn:mavedb:00000055-a-1#709,,,p.Glu126Leu,0.758227496486392,0.0045728987187148,E126L,E126L,0.3487,ambiguous,0.6912947874464398,0.6513,False,126,False,False,True
urn:mavedb:00000055-a-1#710,,,p.Glu126Tyr,0.815035765784861,0.006012405171091,E126Y,E126Y,0.4884,ambiguous,0.5156536814319977,0.5116,False,126,False,False,True
urn:mavedb:00000055-a-1#711,,,p.Glu126Asn,0.98297286487273,0.0092332079796918,E126N,E126N,0.1916,benign,0.827756654658793,0.8084,False,126,False,False,True
urn:mavedb:00000055-a-1#712,,,p.Glu126Phe,0.636366207718578,0.0257715043972006,E126F,E126F,0.6851,pathogenic,0.2729831422425834,0.31489999999999996,False,126,False,False,True
urn:mavedb:00000055-a-1#713,,,p.Glu126Trp,0.523054991972815,0.0242280598582487,E126W,E126W,0.6957,pathogenic,0.26248698838284584,0.3043,False,126,False,False,True
urn:mavedb:00000055-a-1#714,,,p.Glu126Arg,0.743372874033431,0.0707399942543131,E126R,E126R,0.1718,benign,0.8397726434042643,0.8282,False,126,False,False,True
urn:mavedb:00000055-a-1#715,,,p.Glu126Ala,0.941836927019386,0.0180457069425382,E126A,E126A,0.1481,benign,0.8528056437091971,0.8519,False,126,False,False,True
urn:mavedb:00000055-a-1#716,,,p.Glu126Cys,0.8652913071513421,0.0308637782891071,E126C,E126C,0.6469,pathogenic,0.3135989736824115,0.35309999999999997,True,126,False,True,True
urn:mavedb:00000055-a-1#717,,,p.Glu126His,0.858326549614207,0.0402477629530849,E126H,E126H,0.3081,benign,0.7337898857779391,0.6919,False,126,False,False,True
urn:mavedb:00000055-a-1#718,,,p.Glu126Lys,0.974489611958471,0.0243515459892406,E126K,E126K,0.1223,benign,0.8654349047043602,0.8777,False,126,False,False,True
urn:mavedb:00000055-a-1#719,,,p.Glu126Met,0.7984559167229821,0.0111964788769443,E126M,E126M,0.4275,ambiguous,0.5963602892645333,0.5725,False,126,False,False,True
urn:mavedb:00000055-a-1#720,,,p.Glu126Val,0.9277137463643852,0.0013429341117006,E126V,E126V,0.254,benign,0.7825708795655101,0.746,False,126,False,False,True
urn:mavedb:00000055-a-1#721,,,p.Glu126Asp,1.01610956099327,0.0020672897069159,E126D,E126D,0.1001,benign,0.8751033851562477,0.8999,False,126,False,False,True
urn:mavedb:00000055-a-1#723,,,p.Trp125Tyr,0.113140943328459,0.0005894382780513,W125Y,W125Y,0.7683,pathogenic,0.1999547445169062,0.23170000000000002,False,125,False,False,True
urn:mavedb:00000055-a-1#724,,,p.Trp125Lys,0.0223342646638741,0.0311215743793489,W125K,W125K,0.9854,pathogenic,0.09638958184743027,0.014599999999999946,False,125,False,False,True
urn:mavedb:00000055-a-1#725,,,p.Trp125Ile,0.0252696660546966,0.0171422644574893,W125I,W125I,0.9185,pathogenic,0.11758156514512082,0.08150000000000002,False,125,False,False,True
urn:mavedb:00000055-a-1#726,,,p.Trp125Met,0.0614572328824905,0.0021349839387856,W125M,W125M,0.921,pathogenic,0.11664991825116588,0.07899999999999996,False,125,False,False,True
urn:mavedb:00000055-a-1#727,,,p.Trp125Cys,0.0048157634101115,0.004019974983876,W125C,W125C,0.9708,pathogenic,0.10039878561504614,0.029200000000000004,False,125,False,False,True
urn:mavedb:00000055-a-1#728,,,p.Trp125Phe,0.0209806698061076,0.0256331733247266,W125F,W125F,0.5399,ambiguous,0.4463907949347726,0.46009999999999995,False,125,False,False,True
urn:mavedb:00000055-a-1#729,,,p.Trp125Val,0.0573168906741674,0.0076644946899796,W125V,W125V,0.892,pathogenic,0.12821623972363388,0.10799999999999998,False,125,False,False,True
urn:mavedb:00000055-a-1#730,,,p.Trp125His,0.0371279440223567,0.0257093636541943,W125H,W125H,0.9718,pathogenic,0.10011408578205797,0.028200000000000003,False,125,False,False,True
urn:mavedb:00000055-a-1#731,,,p.Trp125Ala,0.0482743864692602,0.0036005134721817,W125A,W125A,0.9312,pathogenic,0.11297008723965336,0.06879999999999997,False,125,False,False,True
urn:mavedb:00000055-a-1#732,,,p.Trp125Glu,0.052843118021662,0.0047625753777035,W125E,W125E,0.9741,pathogenic,0.09946501002603506,0.025900000000000034,False,125,False,False,True
urn:mavedb:00000055-a-1#733,,,p.Trp125Thr,0.0421991372094588,0.0161768210726128,W125T,W125T,0.9456,pathogenic,0.10809432501952045,0.054400000000000004,False,125,False,False,True
urn:mavedb:00000055-a-1#734,,,p.Trp125Leu,0.0278352719064692,0.0191636315849397,W125L,W125L,0.7667,pathogenic,0.20115829756744225,0.23329999999999995,False,125,False,False,True
urn:mavedb:00000055-a-1#735,,,p.Trp125Asp,0.0481780254543989,0.0056700917270396,W125D,W125D,0.9874,pathogenic,0.09586443248779317,0.012599999999999945,False,125,False,False,True
urn:mavedb:00000055-a-1#736,,,p.Trp125Pro,0.0398670946659087,0.0047129598411937,W125P,W125P,0.9731,pathogenic,0.09974623827274773,0.026900000000000035,False,125,False,False,True
urn:mavedb:00000055-a-1#737,,,p.Trp125Ser,0.0421668823675409,0.0091583361236799,W125S,W125S,0.9037,pathogenic,0.12334588262719898,0.09630000000000005,False,125,False,False,True
urn:mavedb:00000055-a-1#738,,,p.Trp125Arg,0.0458222857810925,0.0089782557692448,W125R,W125R,0.9659,pathogenic,0.10181593219603705,0.03410000000000002,False,125,False,False,True
urn:mavedb:00000055-a-1#739,,,p.Trp125Gly,0.0774014492501767,0.0319442382578487,W125G,W125G,0.8207,pathogenic,0.16465454901549806,0.17930000000000001,False,125,False,False,True
urn:mavedb:00000055-a-1#740,,,p.Trp125Gln,0.0222748945438704,0.007832504419661,W125Q,W125Q,0.9796,pathogenic,0.09794484377082412,0.020399999999999974,False,125,False,False,True
urn:mavedb:00000055-a-1#741,,,p.Trp125Asn,0.0641535662327309,0.0116713643151934,W125N,W125N,0.9898,pathogenic,0.09524167898920818,0.010199999999999987,False,125,False,False,True
urn:mavedb:00000055-a-1#742,,,p.Pro124Cys,1.00863799551301,0.001572937138463,P124C,P124C,0.2776,benign,0.7624107635154558,0.7223999999999999,False,124,False,False,True
urn:mavedb:00000055-a-1#743,,,p.Pro124Gln,1.03099412666425,0.0048040064341781,P124Q,P124Q,0.1374,benign,0.8582331955249975,0.8626,False,124,False,False,True
urn:mavedb:00000055-a-1#744,,,p.Pro124Leu,0.683074972990013,0.0571635362371522,P124L,P124L,0.1178,benign,0.8674810681280813,0.8822,False,124,False,False,True
urn:mavedb:00000055-a-1#745,,,p.Pro124Lys,0.943894162790177,0.0343970776661563,P124K,P124K,0.1864,benign,0.8310153179146468,0.8136,False,124,False,False,True
urn:mavedb:00000055-a-1#746,,,p.Pro124Tyr,0.7961850103285449,0.0277311526181585,P124Y,P124Y,0.3771,ambiguous,0.6587843417464214,0.6229,False,124,False,False,True
urn:mavedb:00000055-a-1#747,,,p.Pro124Asp,0.958776560175734,0.0563637712159118,P124D,P124D,0.2882,benign,0.7527916975656843,0.7118,False,124,False,False,True
urn:mavedb:00000055-a-1#748,,,p.Pro124Asn,0.8366251450033921,6.890514003805551e-05,P124N,P124N,0.2653,benign,0.773133693025026,0.7347,False,124,False,False,True
urn:mavedb:00000055-a-1#749,,,p.Pro124His,0.8826457965082299,0.0012991982750404,P124H,P124H,0.1451,benign,0.8543552313605189,0.8549,False,124,False,False,True
urn:mavedb:00000055-a-1#750,,,p.Pro124Phe,0.6797318393338659,0.0531277140148225,P124F,P124F,0.4484,ambiguous,0.5691088604011246,0.5516,False,124,False,False,True
urn:mavedb:00000055-a-1#751,,,p.Pro124Gly,0.856155503486136,0.0058678481488206,P124G,P124G,0.26,benign,0.7776091862946792,0.74,False,124,False,False,True
urn:mavedb:00000055-a-1#752,,,p.Pro124Arg,1.0290639216562,0.0032239704441812,P124R,P124R,0.1026,benign,0.8740669676865753,0.8974,False,124,False,False,True
urn:mavedb:00000055-a-1#753,,,p.Pro124Thr,0.738799814589465,0.0067189589444715,P124T,P124T,0.1267,benign,0.8633903587362585,0.8733,False,124,False,False,True
urn:mavedb:00000055-a-1#754,,,p.Pro124Ala,0.91317315144289,0.0429193878981052,P124A,P124A,0.0886,benign,0.8797069737018436,0.9114,False,124,False,False,True
urn:mavedb:00000055-a-1#755,,,p.Pro124Val,0.927694149759928,0.0085790589792848,P124V,P124V,0.2502,benign,0.7856558890168074,0.7498,False,124,False,False,True
urn:mavedb:00000055-a-1#756,,,p.Pro124Ile,0.89289936692621,0.0207862124729205,P124I,P124I,0.3867,ambiguous,0.6473246522133811,0.6133,False,124,False,False,True
urn:mavedb:00000055-a-1#757,,,p.Pro124Ser,1.03200827690281,0.0281851360286975,P124S,P124S,0.1074,benign,0.8720404855563222,0.8926000000000001,False,124,False,False,True
urn:mavedb:00000055-a-1#758,,,p.Pro124Glu,0.7469735265328009,0.0494336027519227,P124E,P124E,0.2318,benign,0.7999702585872605,0.7682,False,124,False,False,True
urn:mavedb:00000055-a-1#759,,,p.Pro124Met,0.947097271616477,0.0124344719478744,P124M,P124M,0.3369,benign,0.7041473036898814,0.6631,False,124,False,False,True
urn:mavedb:00000055-a-1#760,,,p.Pro124Trp,0.08566384014271,0.0158093931941096,P124W,P124W,0.4874,ambiguous,0.5170019031048355,0.5126,False,124,False,False,True
urn:mavedb:00000055-a-1#761,,,p.Val123His,1.05275021286373,0.0095178633222488,V123H,V123H,0.3347,benign,0.7064989784685165,0.6653,False,123,False,False,True
urn:mavedb:00000055-a-1#762,,,p.Val123Tyr,1.11696232074573,0.1176817690145769,V123Y,V123Y,0.3198,benign,0.7220489045166135,0.6802,False,123,False,False,True
urn:mavedb:00000055-a-1#763,,,p.Trp120Arg,0.0214906434701663,0.0312530090561886,W120R,W120R,0.9815,pathogenic,0.09743001695379284,0.01849999999999996,False,120,False,False,True
urn:mavedb:00000055-a-1#764,,,p.Trp120Ser,0.0625351009030379,0.0285988331328118,W120S,W120S,0.9616,pathogenic,0.10309029200848607,0.03839999999999999,False,120,False,False,True
urn:mavedb:00000055-a-1#765,,,p.Trp120Pro,0.1126641894957,0.0483098463728304,W120P,W120P,0.9943,pathogenic,0.09409554478946931,0.005700000000000038,False,120,False,False,True
urn:mavedb:00000055-a-1#766,,,p.Trp120Cys,0.0355542678633524,0.0067369963194346,W120C,W120C,0.9807,pathogenic,0.09764614675814032,0.019299999999999984,False,120,False,False,True
urn:mavedb:00000055-a-1#767,,,p.Trp120Lys,0.0154651108103182,0.0074033502450286,W120K,W120K,0.9937,pathogenic,0.09424675642903445,0.006299999999999972,False,120,False,False,True
urn:mavedb:00000055-a-1#768,,,p.Trp120His,0.0324934727658997,0.0100953916576798,W120H,W120H,0.9873,pathogenic,0.09589055582063583,0.012700000000000045,False,120,False,False,True
urn:mavedb:00000055-a-1#769,,,p.Trp120Leu,0.889062887883073,0.119947498009184,W120L,W120L,0.908,pathogenic,0.12162643555123674,0.09199999999999997,True,120,False,True,True
urn:mavedb:00000055-a-1#770,,,p.Trp120Gln,0.0897114348760284,0.0239699002484438,W120Q,W120Q,0.992,pathogenic,0.09467786394887504,0.008000000000000007,False,120,False,False,True
urn:mavedb:00000055-a-1#771,,,p.Trp120Ala,0.0260335472453391,0.0094116423464207,W120A,W120A,0.9774,pathogenic,0.0985475465961504,0.022599999999999953,False,120,False,False,True
urn:mavedb:00000055-a-1#772,,,p.Trp120Thr,0.0424214060850179,0.0062740741509289,W120T,W120T,0.9769,pathogenic,0.09868551754744866,0.02310000000000001,False,120,False,False,True
urn:mavedb:00000055-a-1#773,,,p.Trp120Gly,0.0119848427865626,0.01102657559178,W120G,W120G,0.9074,pathogenic,0.12186412882483816,0.09260000000000002,False,120,False,False,True
urn:mavedb:00000055-a-1#774,,,p.Trp120Asp,0.0257101111026179,0.001676383723592,W120D,W120D,0.9935,pathogenic,0.09429726949120015,0.00649999999999995,False,120,False,False,True
urn:mavedb:00000055-a-1#775,,,p.Trp120Glu,0.0388658489259853,0.0289738019177713,W120E,W120E,0.9901,pathogenic,0.09516440016542235,0.00990000000000002,False,120,False,False,True
urn:mavedb:00000055-a-1#776,,,p.Ser119Leu,0.946573494223433,0.0188489854629366,S119L,S119L,0.1624,benign,0.845112938587731,0.8376,False,119,False,False,True
urn:mavedb:00000055-a-1#777,,,p.Ser119Ile,0.8749064469113259,0.0128837311388531,S119I,S119I,0.2024,benign,0.8207482784140795,0.7976,False,119,False,False,True
urn:mavedb:00000055-a-1#778,,,p.Ser119His,0.977502489633192,0.0269119039084244,S119H,S119H,0.2242,benign,0.8055848563915996,0.7758,False,119,False,False,True
urn:mavedb:00000055-a-1#779,,,p.Ser119Gly,1.0151981315994798,0.0211863083835739,S119G,S119G,0.0506,benign,0.8931324935028458,0.9494,False,119,False,False,True
urn:mavedb:00000055-a-1#780,,,p.Ser119Phe,0.8433294699545991,0.0112432629425444,S119F,S119F,0.2249,benign,0.8050749130842325,0.7751,False,119,False,False,True
urn:mavedb:00000055-a-1#781,,,p.Ser119Ala,0.911381500018463,0.0072774982673458,S119A,S119A,0.1001,benign,0.8751033851562477,0.8999,False,119,False,False,True
urn:mavedb:00000055-a-1#782,,,p.Ser119Thr,0.8459075905265241,0.0151031821337294,S119T,S119T,0.1078,benign,0.8718694202508966,0.8922,False,119,False,False,True
urn:mavedb:00000055-a-1#783,,,p.Trp136Leu,0.8710832865971991,0.0151471205593978,W136L,W136L,0.4161,ambiguous,0.6109322094630036,0.5839,False,136,False,False,True
urn:mavedb:00000055-a-1#784,,,p.Trp136Cys,1.0009683802344,0.0349359142061308,W136C,W136C,0.7204,pathogenic,0.23937734583168696,0.27959999999999996,True,136,False,True,True
urn:mavedb:00000055-a-1#785,,,p.Trp136Tyr,0.942896562016315,0.005860378396044,W136Y,W136Y,0.4323,ambiguous,0.5901587249769231,0.5677,False,136,False,False,True
urn:mavedb:00000055-a-1#786,,,p.Trp136Asp,0.948241085627984,0.0011172776903398,W136D,W136D,0.8721,pathogenic,0.1371748615642743,0.1279,True,136,False,True,True
urn:mavedb:00000055-a-1#787,,,p.Trp136Ile,0.942372773586403,0.0108831495763813,W136I,W136I,0.6651,pathogenic,0.2937142244366639,0.3349,True,136,False,True,True
urn:mavedb:00000055-a-1#788,,,p.Trp136Met,0.971977410465488,0.0042652207205893,W136M,W136M,0.7159,pathogenic,0.24344618657889044,0.2841,True,136,False,True,True
urn:mavedb:00000055-a-1#789,,,p.Trp136Arg,0.813651997986158,0.0150137846877573,W136R,W136R,0.7896,pathogenic,0.18465623219264443,0.21040000000000003,True,136,False,True,True
urn:mavedb:00000055-a-1#790,,,p.Trp136Lys,0.925447705546851,0.017380477358444,W136K,W136K,0.8811,pathogenic,0.13301495632855825,0.1189,True,136,False,True,True
urn:mavedb:00000055-a-1#791,,,p.Trp136Gly,1.01178989180677,0.0187066157818673,W136G,W136G,0.3725,ambiguous,0.6641944719737582,0.6275,False,136,False,False,True
urn:mavedb:00000055-a-1#792,,,p.Phe135Ser,0.9380010123958492,0.0162212742953018,F135S,F135S,0.9023,pathogenic,0.12391377130712321,0.09770000000000001,True,135,False,True,True
urn:mavedb:00000055-a-1#793,,,p.Phe135Cys,1.04033156550683,0.0119510330942697,F135C,F135C,0.8572,pathogenic,0.14447153230255066,0.14280000000000004,True,135,False,True,True
urn:mavedb:00000055-a-1#794,,,p.Phe135Ala,0.9088613210369092,0.0003751249552287,F135A,F135A,0.951,pathogenic,0.1063582130989888,0.049000000000000044,True,135,False,True,True
urn:mavedb:00000055-a-1#795,,,p.Phe135Leu,0.8112020032700858,0.0306564701611819,F135L,F135L,0.9835,pathogenic,0.09689373647810087,0.01649999999999996,True,135,False,True,True
urn:mavedb:00000055-a-1#796,,,p.Phe135Tyr,1.07897306104873,0.0243452645889264,F135Y,F135Y,0.4582,ambiguous,0.5561360585128138,0.5418000000000001,False,135,False,False,True
urn:mavedb:00000055-a-1#797,,,p.Phe135Val,1.02061045810009,0.0197404960089412,F135V,F135V,0.9229,pathogenic,0.11594978446619189,0.07709999999999995,True,135,False,True,True
urn:mavedb:00000055-a-1#798,,,p.Phe135Met,1.05796287920447,0.0089052286546661,F135M,F135M,0.9463,pathogenic,0.10786649563441351,0.05369999999999997,True,135,False,True,True
urn:mavedb:00000055-a-1#799,,,p.Phe135Ile,0.9592823023149808,0.0430875800747103,F135I,F135I,0.9274,pathogenic,0.11431851528456155,0.0726,True,135,False,True,True
urn:mavedb:00000055-a-1#800,,,p.Phe135Thr,1.13051301673866,0.0431292490374455,F135T,F135T,0.9661,pathogenic,0.10175736403341477,0.03390000000000004,True,135,False,True,True
urn:mavedb:00000055-a-1#801,,,p.Phe135Gln,0.941859356414386,0.0131566829620313,F135Q,F135Q,0.9566,pathogenic,0.10460902759165665,0.043399999999999994,True,135,False,True,True
urn:mavedb:00000055-a-1#802,,,p.Phe135Glu,1.14781798499431,0.0065667669211224,F135E,F135E,0.9834,pathogenic,0.09692041387339023,0.016599999999999948,True,135,False,True,True
urn:mavedb:00000055-a-1#803,,,p.Phe135Trp,1.06836634206854,0.0103989772863246,F135W,F135W,0.6733,pathogenic,0.28506972730467195,0.3267,True,135,False,True,True
urn:mavedb:00000055-a-1#804,,,p.Phe135His,0.970576961867468,0.0213007492240734,F135H,F135H,0.8648,pathogenic,0.1406846940177257,0.1352,True,135,False,True,True
urn:mavedb:00000055-a-1#805,,,p.Phe135Asn,1.0685296436903,0.011454865373511,F135N,F135N,0.936,pathogenic,0.11130418344047914,0.06399999999999995,True,135,False,True,True
urn:mavedb:00000055-a-1#806,,,p.Phe135Pro,0.9602372545131608,0.0058438597004983,F135P,F135P,0.9892,pathogenic,0.09539661247063341,0.010800000000000032,True,135,False,True,True
urn:mavedb:00000055-a-1#807,,,p.Ser119Cys,0.834629763243899,0.0394865803605249,S119C,S119C,0.094,benign,0.877578450043473,0.906,False,119,False,False,True
urn:mavedb:00000055-a-1#808,,,p.Ser119Val,0.811133226569066,0.0102786640825596,S119V,S119V,0.23,benign,0.8013156168284469,0.77,False,119,False,False,True
urn:mavedb:00000055-a-1#809,,,p.Ser119Glu,1.02748090744932,0.006162815249724,S119E,S119E,0.32,benign,0.7218445850038959,0.6799999999999999,False,119,False,False,True
urn:mavedb:00000055-a-1#810,,,p.Ser119Asp,1.0479876804538002,0.0030378963931911,S119D,S119D,0.2419,benign,0.7922402927198422,0.7581,False,119,False,False,True
urn:mavedb:00000055-a-1#811,,,p.Ser119Trp,0.714671197761538,0.0245190900547125,S119W,S119W,0.273,benign,0.7664761020640694,0.727,False,119,False,False,True
urn:mavedb:00000055-a-1#812,,,p.Ser119Lys,0.948383731681685,0.0126485875427914,S119K,S119K,0.3188,benign,0.7230686870732905,0.6812,False,119,False,False,True
urn:mavedb:00000055-a-1#813,,,p.Ser119Asn,1.07604747729169,0.00553164150821,S119N,S119N,0.1282,benign,0.8626833197253921,0.8718,False,119,False,False,True
urn:mavedb:00000055-a-1#814,,,p.Ser119Tyr,0.85393219715488,0.004291633164609,S119Y,S119Y,0.1796,benign,0.8351652433125039,0.8204,False,119,False,False,True
urn:mavedb:00000055-a-1#815,,,p.Ser119Arg,0.8640287061175379,0.0052574477569992,S119R,S119R,0.2479,benign,0.7875015863997459,0.7521,False,119,False,False,True
urn:mavedb:00000055-a-1#816,,,p.Ser119Gln,0.974147903644404,0.0121788255924319,S119Q,S119Q,0.2858,benign,0.7550002681909048,0.7142,False,119,False,False,True
urn:mavedb:00000055-a-1#817,,,p.Ser119Met,0.8061600658555579,0.0007979498535723,S119M,S119M,0.2064,benign,0.8180689421035667,0.7936,False,119,False,False,True
urn:mavedb:00000055-a-1#818,,,p.Ser119Pro,1.04450970756156,0.0257750631674172,S119P,S119P,0.7992,pathogenic,0.17819273373637667,0.20079999999999998,True,119,False,True,True
urn:mavedb:00000055-a-1#819,,,p.Glu118Phe,0.919420667606532,0.0165299871765529,E118F,E118F,0.7318,pathogenic,0.22935206490586185,0.2682,True,118,False,True,True
urn:mavedb:00000055-a-1#820,,,p.Glu118Tyr,0.989362326814149,0.0178619299457738,E118Y,E118Y,0.6091,pathogenic,0.35775831902559346,0.3909,True,118,False,True,True
urn:mavedb:00000055-a-1#821,,,p.Glu118Trp,0.8121085836711021,0.0676336015430046,E118W,E118W,0.8757,pathogenic,0.1354890170577359,0.12429999999999997,True,118,False,True,True
urn:mavedb:00000055-a-1#822,,,p.Glu118Leu,0.928300969047598,0.0280605413731307,E118L,E118L,0.368,ambiguous,0.6694345471628925,0.632,False,118,False,False,True
urn:mavedb:00000055-a-1#823,,,p.Glu118Val,0.89487127549288,0.0059040981238968,E118V,E118V,0.2065,benign,0.8180013730124616,0.7935,False,118,False,False,True
urn:mavedb:00000055-a-1#824,,,p.Glu118Ala,0.8885541077823101,0.0316676791964251,E118A,E118A,0.1681,benign,0.8419020548146295,0.8319,False,118,False,False,True
urn:mavedb:00000055-a-1#825,,,p.Glu118Met,0.985731773641402,0.0137228842713304,E118M,E118M,0.4471,ambiguous,0.5708214336840801,0.5529,False,118,False,False,True
urn:mavedb:00000055-a-1#826,,,p.Glu118Ser,1.04463680005313,0.0032418533980899,E118S,E118S,0.2868,benign,0.7540822111583271,0.7132000000000001,False,118,False,False,True
urn:mavedb:00000055-a-1#827,,,p.Glu118Gln,0.921979973146271,0.0107646249738738,E118Q,E118Q,0.1744,benign,0.8382547894011609,0.8256,False,118,False,False,True
urn:mavedb:00000055-a-1#828,,,p.Glu118Asp,1.1436648798552098,0.0473655597777315,E118D,E118D,0.1959,benign,0.8250054580473387,0.8041,False,118,False,False,True
urn:mavedb:00000055-a-1#829,,,p.Glu118His,0.922145620934771,0.0240858910607108,E118H,E118H,0.5208,ambiguous,0.471956388918764,0.47919999999999996,False,118,False,False,True
urn:mavedb:00000055-a-1#830,,,p.Glu118Thr,0.974987888531403,0.0652641251354603,E118T,E118T,0.2935,benign,0.7478509116473784,0.7065,False,118,False,False,True
urn:mavedb:00000055-a-1#831,,,p.Glu118Cys,0.9267104290544532,0.0258824228701083,E118C,E118C,0.7806,pathogenic,0.19095742202075439,0.21940000000000004,True,118,False,True,True
urn:mavedb:00000055-a-1#832,,,p.Glu118Asn,0.940415898450751,0.0138228507733729,E118N,E118N,0.4278,ambiguous,0.5959737854923529,0.5722,False,118,False,False,True
urn:mavedb:00000055-a-1#833,,,p.Glu118Ile,0.936139797669512,0.0130186495194256,E118I,E118I,0.3202,benign,0.7216401445829559,0.6798,False,118,False,False,True
urn:mavedb:00000055-a-1#834,,,p.Glu118Lys,1.01552785224814,0.0065173938959411,E118K,E118K,0.2068,benign,0.8177984937819668,0.7932,False,118,False,False,True
urn:mavedb:00000055-a-1#835,,,p.Glu118Arg,0.950819883701904,0.0142647162814902,E118R,E118R,0.3227,benign,0.7190744542513808,0.6773,False,118,False,False,True
urn:mavedb:00000055-a-1#836,,,p.Glu118Gly,0.980252538297741,0.0052825561810939,E118G,E118G,0.231,benign,0.8005693940829662,0.769,False,118,False,False,True
urn:mavedb:00000055-a-1#837,,,p.Glu118Pro,0.8384239434116579,0.0203792889053565,E118P,E118P,0.9176,pathogenic,0.11791987742824407,0.08240000000000003,True,118,False,True,True
urn:mavedb:00000055-a-1#838,,,p.Asn117Asp,0.7715023687097902,0.0061642959896986,N117D,N117D,0.6605,pathogenic,0.29865015241757864,0.3395,False,117,False,False,True
urn:mavedb:00000055-a-1#839,,,p.Asn117Cys,1.01237671640954,0.0225439079228237,N117C,N117C,0.1177,benign,0.8675260288882919,0.8823,False,117,False,False,True
urn:mavedb:00000055-a-1#840,,,p.Asn117Ser,0.926825009323404,0.0061422187064511,N117S,N117S,0.3298,benign,0.7116856511013787,0.6702,False,117,False,False,True
urn:mavedb:00000055-a-1#841,,,p.Asn117Met,1.02302917799171,0.0106611763632409,N117M,N117M,0.4882,ambiguous,0.5159233490542596,0.5118,False,117,False,False,True
urn:mavedb:00000055-a-1#842,,,p.Asn117Leu,1.08869924309883,0.0105334792182906,N117L,N117L,0.4866,ambiguous,0.518080261573826,0.5134000000000001,False,117,False,False,True
urn:mavedb:00000055-a-1#843,,,p.Asn117Ala,0.879830384736113,0.0477032909484081,N117A,N117A,0.6041,pathogenic,0.3638623797630263,0.39590000000000003,True,117,False,True,True
urn:mavedb:00000055-a-1#844,,,p.Asn117Val,1.03884339041928,0.0020234151182022,N117V,N117V,0.376,ambiguous,0.6600829335022494,0.624,False,117,False,False,True
urn:mavedb:00000055-a-1#845,,,p.Asn117Thr,0.916983321294046,0.0343514584980315,N117T,N117T,0.341,ambiguous,0.6997270085638941,0.659,False,117,False,False,True
urn:mavedb:00000055-a-1#846,,,p.Asn117Gly,1.01150505852244,0.0080350215853134,N117G,N117G,0.7211,pathogenic,0.23875008909792994,0.27890000000000004,True,117,False,True,True
urn:mavedb:00000055-a-1#847,,,p.Asn117Glu,0.8591559046434699,0.0458600034487324,N117E,N117E,0.8641,pathogenic,0.1410277671642326,0.13590000000000002,True,117,False,True,True
urn:mavedb:00000055-a-1#848,,,p.Asn117Gln,1.0109654557226,0.0127329788567681,N117Q,N117Q,0.838,pathogenic,0.15466487383941724,0.16200000000000003,True,117,False,True,True
urn:mavedb:00000055-a-1#849,,,p.Asn117Ile,0.906038743445451,0.0096406568724697,N117I,N117I,0.4117,ambiguous,0.6164928175413027,0.5883,False,117,False,False,True
urn:mavedb:00000055-a-1#850,,,p.Asn117Lys,0.9175530268681872,0.0373568435154364,N117K,N117K,0.9061,pathogenic,0.12238160367025472,0.09389999999999998,True,117,False,True,True
urn:mavedb:00000055-a-1#851,,,p.Asn117Pro,0.6662839315848579,0.0368843138438596,N117P,N117P,0.9616,pathogenic,0.10309029200848607,0.03839999999999999,False,117,False,False,True
urn:mavedb:00000055-a-1#852,,,p.Asn117Tyr,1.08899941595103,0.0187822398867245,N117Y,N117Y,0.5784,pathogenic,0.39606941600954587,0.4216,False,117,False,True,True
urn:mavedb:00000055-a-1#853,,,p.Asn117Trp,1.0314482995536802,0.0986519161771712,N117W,N117W,0.9494,pathogenic,0.10686750649715418,0.05059999999999998,True,117,False,True,True
urn:mavedb:00000055-a-1#854,,,p.Asn117Phe,1.06567930649986,0.0037227863276925,N117F,N117F,0.8983,pathogenic,0.12555843055844723,0.10170000000000001,True,117,False,True,True
urn:mavedb:00000055-a-1#855,,,p.Asn117Arg,1.01553182730179,0.04440650389281,N117R,N117R,0.8976,pathogenic,0.12584964204324445,0.10240000000000005,True,117,False,True,True
urn:mavedb:00000055-a-1#856,,,p.Asn117His,1.06320786356403,0.0163942811192263,N117H,N117H,0.5109,ambiguous,0.4852902426251067,0.4891,False,117,False,False,True
urn:mavedb:00000055-a-1#857,,,p.Lys116Leu,0.777497749489681,0.0008475083555746,K116L,K116L,0.8478,pathogenic,0.1493477841545942,0.1522,False,116,False,False,True
urn:mavedb:00000055-a-1#858,,,p.Lys116Phe,0.798394151301608,0.0284422096726743,K116F,K116F,0.976,pathogenic,0.09893479729618229,0.02400000000000002,False,116,False,False,True
urn:mavedb:00000055-a-1#859,,,p.Lys116Arg,0.929881155372334,0.0059928832151063,K116R,K116R,0.2149,benign,0.8122226817164534,0.7851,False,116,False,False,True
urn:mavedb:00000055-a-1#860,,,p.Lys116Asn,0.9421288072537572,0.0250758732065969,K116N,K116N,0.8607,pathogenic,0.14271055033134947,0.13929999999999998,True,116,False,True,True
urn:mavedb:00000055-a-1#861,,,p.Lys116Tyr,0.8482519289225959,0.0150245495690154,K116Y,K116Y,0.8868,pathogenic,0.13047341182977307,0.11319999999999997,True,116,False,True,True
urn:mavedb:00000055-a-1#862,,,p.Lys116Ala,0.979301437080705,0.0117307774037668,K116A,K116A,0.8571,pathogenic,0.14452227733433504,0.14290000000000003,True,116,False,True,True
urn:mavedb:00000055-a-1#863,,,p.Lys116His,0.9771497115672522,0.02086658169205,K116H,K116H,0.7797,pathogenic,0.19160056912692164,0.22030000000000005,True,116,False,True,True
urn:mavedb:00000055-a-1#864,,,p.Lys116Ser,1.0197895806673198,0.004855426950437,K116S,K116S,0.9147,pathogenic,0.11902059964142729,0.08530000000000004,True,116,False,True,True
urn:mavedb:00000055-a-1#865,,,p.Lys116Gln,0.828713156133103,0.0296558758717179,K116Q,K116Q,0.6547,pathogenic,0.30496103431706695,0.34530000000000005,True,116,False,True,True
urn:mavedb:00000055-a-1#866,,,p.Lys116Val,0.9411048429459228,0.0363197698100799,K116V,K116V,0.8071,pathogenic,0.1730696767131304,0.19289999999999996,True,116,False,True,True
urn:mavedb:00000055-a-1#867,,,p.Lys116Trp,0.7346329624966129,0.009014332701903,K116W,K116W,0.9358,pathogenic,0.11137277306249946,0.06420000000000003,False,116,False,False,True
urn:mavedb:00000055-a-1#868,,,p.Lys116Ile,0.996933206537215,0.0069941111242511,K116I,K116I,0.8328,pathogenic,0.1575853800039545,0.16720000000000002,True,116,False,True,True
urn:mavedb:00000055-a-1#869,,,p.Lys116Thr,0.682326729451826,0.0216745910318688,K116T,K116T,0.7771,pathogenic,0.1934719578973053,0.2229,False,116,False,False,True
urn:mavedb:00000055-a-1#870,,,p.Lys116Cys,0.930435805040575,0.0347462432382015,K116C,K116C,0.8851,pathogenic,0.1312239831649301,0.1149,True,116,False,True,True
urn:mavedb:00000055-a-1#871,,,p.Lys116Met,0.878710567764494,0.0153053636724363,K116M,K116M,0.7157,pathogenic,0.24362848910531737,0.2843,True,116,False,True,True
urn:mavedb:00000055-a-1#872,,,p.Lys116Glu,0.8053003877969102,0.0717115848777302,K116E,K116E,0.6818,pathogenic,0.2763208968014637,0.31820000000000004,True,116,False,True,True
urn:mavedb:00000055-a-1#873,,,p.Lys116Asp,1.00576718157075,0.0001971515117198,K116D,K116D,0.9112,pathogenic,0.1203708291640372,0.08879999999999999,True,116,False,True,True
urn:mavedb:00000055-a-1#874,,,p.Lys116Pro,0.7732931693035892,0.0097287981781605,K116P,K116P,0.975,pathogenic,0.0992131854943467,0.025000000000000022,False,116,False,False,True
urn:mavedb:00000055-a-1#875,,,p.Lys116Gly,0.871854028602952,0.0144019674048587,K116G,K116G,0.8514,pathogenic,0.1474547562566513,0.14859999999999995,True,116,False,True,True
urn:mavedb:00000055-a-1#876,,,p.Glu115Lys,0.8451742705908969,0.0740773360531073,E115K,E115K,0.1799,benign,0.8349847938811196,0.8201,False,115,False,False,True
urn:mavedb:00000055-a-1#877,,,p.Glu115Met,0.931292786953916,0.0335494465461529,E115M,E115M,0.4751,ambiguous,0.5335526143349012,0.5248999999999999,False,115,False,False,True
urn:mavedb:00000055-a-1#878,,,p.Glu115Thr,0.760670831419905,0.0249278352948315,E115T,E115T,0.2666,benign,0.7720226193608042,0.7334,False,115,False,False,True
urn:mavedb:00000055-a-1#879,,,p.Glu115Ile,0.767609432652,0.0418928981827263,E115I,E115I,0.4439,ambiguous,0.5750279479415112,0.5561,False,115,False,False,True
urn:mavedb:00000055-a-1#880,,,p.Glu115Leu,0.8458617512650609,0.0304759483984829,E115L,E115L,0.3652,ambiguous,0.6726683593787474,0.6348,False,115,False,False,True
urn:mavedb:00000055-a-1#881,,,p.Glu115Asp,1.02198349042109,0.0265248645136976,E115D,E115D,0.1215,benign,0.8658019610408196,0.8785000000000001,False,115,False,False,True
urn:mavedb:00000055-a-1#882,,,p.Glu115Tyr,0.86013180463246,0.0217748410402397,E115Y,E115Y,0.5108,ambiguous,0.48542509969222947,0.48919999999999997,False,115,False,False,True
urn:mavedb:00000055-a-1#883,,,p.Glu115Ser,0.9337594623520772,0.0197335004638545,E115S,E115S,0.2564,benign,0.7805995417793296,0.7436,False,115,False,False,True
urn:mavedb:00000055-a-1#884,,,p.Glu115Gly,0.7863906895442879,0.0250020720166396,E115G,E115G,0.1386,benign,0.8576381409281617,0.8613999999999999,False,115,False,False,True
urn:mavedb:00000055-a-1#885,,,p.Glu115Gln,0.968434058377402,0.0468549755449334,E115Q,E115Q,0.1567,benign,0.8482407035736664,0.8432999999999999,False,115,False,False,True
urn:mavedb:00000055-a-1#886,,,p.Glu115Ala,0.943301382963044,0.0009770992603851,E115A,E115A,0.2024,benign,0.8207482784140795,0.7976,False,115,False,False,True
urn:mavedb:00000055-a-1#887,,,p.Glu115Cys,0.853020434872223,0.0719418111758836,E115C,E115C,0.7274,pathogenic,0.23317350579506047,0.27259999999999995,True,115,False,True,True
urn:mavedb:00000055-a-1#888,,,p.Glu115Val,0.804301274191839,0.0134238148295597,E115V,E115V,0.2856,benign,0.7551835056857327,0.7143999999999999,False,115,False,False,True
urn:mavedb:00000055-a-1#889,,,p.Glu115His,0.106001601839093,0.0415964588956265,E115H,E115H,0.2875,benign,0.753437717512129,0.7125,False,115,False,False,True
urn:mavedb:00000055-a-1#890,,,p.Glu115Phe,0.738597198402583,0.0169640332791237,E115F,E115F,0.688,pathogenic,0.27007734438571956,0.31200000000000006,False,115,False,False,True
urn:mavedb:00000055-a-1#891,,,p.Glu115Asn,0.897715554022105,0.0243018838562281,E115N,E115N,0.2511,benign,0.7849292410765606,0.7489,False,115,False,False,True
urn:mavedb:00000055-a-1#892,,,p.Glu115Arg,0.743442426744593,0.0197522784308075,E115R,E115R,0.2676,benign,0.7711643742245641,0.7323999999999999,False,115,False,False,True
urn:mavedb:00000055-a-1#893,,,p.Glu115Pro,0.583954025016022,0.0041971123753042,E115P,E115P,0.7604,pathogenic,0.20597227910396315,0.23960000000000004,False,115,False,False,True
urn:mavedb:00000055-a-1#894,,,p.Glu115Trp,0.771591074000477,0.0229570833120812,E115W,E115W,0.7451,pathogenic,0.21816629064831078,0.2549,False,115,False,False,True
urn:mavedb:00000055-a-1#895,,,p.Pro114Phe,0.842640190803501,0.0446519211593868,P114F,P114F,0.8226,pathogenic,0.16351883540185594,0.1774,True,114,False,True,True
urn:mavedb:00000055-a-1#896,,,p.Pro114Leu,0.816396778744592,0.0498361217200989,P114L,P114L,0.2627,benign,0.7753401008637519,0.7373000000000001,False,114,False,False,True
urn:mavedb:00000055-a-1#897,,,p.Pro114Thr,0.944244693726847,0.0121447650107613,P114T,P114T,0.2955,benign,0.7459637655400283,0.7045,False,114,False,False,True
urn:mavedb:00000055-a-1#898,,,p.Pro114Lys,0.8849707035987758,0.0215601861861136,P114K,P114K,0.4579,ambiguous,0.5565347111334732,0.5421,False,114,False,False,True
urn:mavedb:00000055-a-1#899,,,p.Pro114Cys,0.91950009976889,0.0263605418506048,P114C,P114C,0.7519,pathogenic,0.2126582653083216,0.2481,True,114,False,True,True
urn:mavedb:00000055-a-1#900,,,p.Pro114Tyr,0.855885143422442,0.0523622520768448,P114Y,P114Y,0.7762,pathogenic,0.194124399618401,0.2238,True,114,False,True,True
urn:mavedb:00000055-a-1#901,,,p.Pro114Met,0.957678734915043,0.0006145182548505,P114M,P114M,0.5578,ambiguous,0.4227427645072616,0.44220000000000004,False,114,False,False,True
urn:mavedb:00000055-a-1#902,,,p.Pro114Val,0.869656464957556,0.0476552284570623,P114V,P114V,0.4525,ambiguous,0.5636944507050425,0.5475,False,114,False,False,True
urn:mavedb:00000055-a-1#903,,,p.Pro114Trp,0.7856590844806701,0.0355576924916552,P114W,P114W,0.7927,pathogenic,0.18254021182227326,0.20730000000000004,False,114,False,False,True
urn:mavedb:00000055-a-1#904,,,p.Pro114Ile,0.990485284580038,0.0156972525106005,P114I,P114I,0.6185,pathogenic,0.34644012296973364,0.38149999999999995,True,114,False,True,True
urn:mavedb:00000055-a-1#905,,,p.Pro114Gln,0.909527988912375,0.0483062055706606,P114Q,P114Q,0.4192,ambiguous,0.60699261420073,0.5808,False,114,False,False,True
urn:mavedb:00000055-a-1#906,,,p.Pro114Asp,0.9764012336166252,0.0045916075691278,P114D,P114D,0.7558,pathogenic,0.20956322629937096,0.24419999999999997,True,114,False,True,True
urn:mavedb:00000055-a-1#907,,,p.Pro114Gly,0.8612507895158771,0.0574097982812491,P114G,P114G,0.6062,pathogenic,0.36129178146684954,0.39380000000000004,True,114,False,True,True
urn:mavedb:00000055-a-1#908,,,p.Pro114Ser,1.04812929963711,0.0090105148242268,P114S,P114S,0.4224,ambiguous,0.6029076272868021,0.5776,False,114,False,False,True
urn:mavedb:00000055-a-1#909,,,p.Pro114Glu,0.922338346640625,0.0204654328750849,P114E,P114E,0.4812,ambiguous,0.5253531232753964,0.5187999999999999,False,114,False,False,True
urn:mavedb:00000055-a-1#910,,,p.Pro114Ala,0.7059195086673291,0.0179043689598141,P114A,P114A,0.2212,benign,0.807753899205904,0.7787999999999999,False,114,False,False,True
urn:mavedb:00000055-a-1#911,,,p.Pro114Arg,0.928301939940678,0.0114108974506605,P114R,P114R,0.3511,ambiguous,0.6886321831100612,0.6489,False,114,False,False,True
urn:mavedb:00000055-a-1#912,,,p.Pro114Asn,0.989227958433594,0.0088891234648984,P114N,P114N,0.7567,pathogenic,0.20885558229110696,0.24329999999999996,True,114,False,True,True
urn:mavedb:00000055-a-1#913,,,p.Pro114His,0.980432074655337,0.0245409147010429,P114H,P114H,0.5532,ambiguous,0.42878365371003824,0.4468,False,114,False,False,True
urn:mavedb:00000055-a-1#914,,,p.Glu113Arg,0.9124368351464058,0.0372096518040173,E113R,E113R,0.8547,pathogenic,0.14574739360810185,0.14529999999999998,True,113,False,True,True
urn:mavedb:00000055-a-1#915,,,p.Glu113Gly,0.857911390161682,0.0501257518581871,E113G,E113G,0.8726,pathogenic,0.13693895398880368,0.12739999999999996,True,113,False,True,True
urn:mavedb:00000055-a-1#916,,,p.Glu113Asn,1.03082433711788,0.0215021996271681,E113N,E113N,0.9665,pathogenic,0.10164041414697111,0.033499999999999974,True,113,False,True,True
urn:mavedb:00000055-a-1#917,,,p.Glu113Met,1.1413309427096598,0.0028693839644313,E113M,E113M,0.9616,pathogenic,0.10309029200848607,0.03839999999999999,True,113,False,True,True
urn:mavedb:00000055-a-1#918,,,p.Glu113Val,1.03367681207104,0.003399637786758,E113V,E113V,0.9092,pathogenic,0.12115320250079994,0.09079999999999999,True,113,False,True,True
urn:mavedb:00000055-a-1#919,,,p.Glu113Trp,0.824707740862637,0.010268236473506,E113W,E113W,0.9866,pathogenic,0.09607381374703794,0.013399999999999967,True,113,False,True,True
urn:mavedb:00000055-a-1#920,,,p.Glu113Phe,0.877282234701924,0.0276728099146967,E113F,E113F,0.9785,pathogenic,0.09824530734485282,0.021499999999999964,True,113,False,True,True
urn:mavedb:00000055-a-1#921,,,p.Glu113Thr,0.983434061875622,0.0293246555525462,E113T,E113T,0.9468,pathogenic,0.10770427008714398,0.053200000000000025,True,113,False,True,True
urn:mavedb:00000055-a-1#922,,,p.Glu113Asp,1.02003687670902,0.0055652405855711,E113D,E113D,0.9067,pathogenic,0.1221423479311116,0.09330000000000005,True,113,False,True,True
urn:mavedb:00000055-a-1#923,,,p.Glu113Cys,0.8603732671244492,0.0159018555710566,E113C,E113C,0.9408,pathogenic,0.10967920962385,0.05920000000000003,True,113,False,True,True
urn:mavedb:00000055-a-1#924,,,p.Glu113Pro,0.8917170841781129,0.003175108750786,E113P,E113P,0.9603,pathogenic,0.10348131168046962,0.03969999999999996,True,113,False,True,True
urn:mavedb:00000055-a-1#925,,,p.Glu113Leu,1.07619070715136,0.0012878696119725,E113L,E113L,0.9399,pathogenic,0.10998081330768378,0.06010000000000004,True,113,False,True,True
urn:mavedb:00000055-a-1#926,,,p.Glu113Lys,1.04749733145849,0.0285795575968517,E113K,E113K,0.8687,pathogenic,0.13879423602824245,0.13129999999999997,True,113,False,True,True
urn:mavedb:00000055-a-1#927,,,p.Glu113Ile,1.08707510887994,0.023122681604897,E113I,E113I,0.9515,pathogenic,0.10619993375689052,0.04849999999999999,True,113,False,True,True
urn:mavedb:00000055-a-1#928,,,p.Glu113Gln,0.953557012097336,0.0298176452901795,E113Q,E113Q,0.6957,pathogenic,0.26248698838284584,0.3043,True,113,False,True,True
urn:mavedb:00000055-a-1#929,,,p.Glu113Tyr,0.7622064563665829,0.0033167986469565,E113Y,E113Y,0.9584,pathogenic,0.10405765728580643,0.04159999999999997,False,113,False,False,True
urn:mavedb:00000055-a-1#930,,,p.Glu113His,1.08586702611377,0.0191707582571496,E113H,E113H,0.9423,pathogenic,0.10917966601233617,0.057699999999999974,True,113,False,True,True
urn:mavedb:00000055-a-1#931,,,p.Glu113Ala,1.04926045760897,0.0076918111562522,E113A,E113A,0.8203,pathogenic,0.16489487962622212,0.17969999999999997,True,113,False,True,True
urn:mavedb:00000055-a-1#932,,,p.Glu113Ser,0.7672283755520749,0.0320738703050189,E113S,E113S,0.8883,pathogenic,0.1298163433015413,0.11170000000000002,False,113,False,False,True
urn:mavedb:00000055-a-1#933,,,p.Val112Cys,1.07528598673013,0.0352962511585705,V112C,V112C,0.4553,ambiguous,0.559985858902258,0.5447,False,112,False,False,True
urn:mavedb:00000055-a-1#934,,,p.Val112Gln,1.05798094486588,0.0129185938038897,V112Q,V112Q,0.2336,benign,0.7986151798311447,0.7664,False,112,False,False,True
urn:mavedb:00000055-a-1#935,,,p.Val112Lys,1.00400215736021,0.0396496050319273,V112K,V112K,0.2358,benign,0.7969457341271072,0.7642,False,112,False,False,True
urn:mavedb:00000055-a-1#936,,,p.Val112Glu,0.969327102502445,0.0001890902371611,V112E,V112E,0.2627,benign,0.7753401008637519,0.7373000000000001,False,112,False,False,True
urn:mavedb:00000055-a-1#937,,,p.Val112Arg,1.12736054633586,0.0025138944737535,V112R,V112R,0.1508,benign,0.8513921912896281,0.8492,False,112,False,False,True
urn:mavedb:00000055-a-1#938,,,p.Val112Asn,1.06165798783612,0.0191459806667774,V112N,V112N,0.2803,benign,0.7599938697905498,0.7197,False,112,False,False,True
urn:mavedb:00000055-a-1#939,,,p.Val112Ser,0.8912492278351651,0.0969616395949032,V112S,V112S,0.2262,benign,0.8041240165070969,0.7738,False,112,False,False,True
urn:mavedb:00000055-a-1#940,,,p.Val112Met,0.856583214257886,0.142382238212933,V112M,V112M,0.1165,benign,0.8680638422264535,0.8835,False,112,False,False,True
urn:mavedb:00000055-a-1#941,,,p.Val112Thr,1.03161858547733,0.0072431615300589,V112T,V112T,0.145,benign,0.8544065074923419,0.855,False,112,False,False,True
urn:mavedb:00000055-a-1#942,,,p.Val112Ala,0.8854996975017281,0.0006474490777068,V112A,V112A,0.15,benign,0.8518128609239484,0.85,False,112,False,False,True
urn:mavedb:00000055-a-1#943,,,p.Val112Leu,1.1443586684211398,0.0799774756069492,V112L,V112L,0.1517,benign,0.8509170495101515,0.8483,False,112,False,False,True
urn:mavedb:00000055-a-1#944,,,p.Val112Ile,1.01201239026721,0.0215268808873103,V112I,V112I,0.103,benign,0.8738999374088959,0.897,False,112,False,False,True
urn:mavedb:00000055-a-1#946,,,p.Val112Trp,0.6431969556758671,0.0407911423924619,V112W,V112W,0.7062,pathogenic,0.2524313680541599,0.29379999999999995,False,112,False,False,True
urn:mavedb:00000055-a-1#947,,,p.Val112Pro,1.12005394948061,0.0299029342257919,V112P,V112P,0.5128,ambiguous,0.48272848845893823,0.48719999999999997,False,112,False,False,True
urn:mavedb:00000055-a-1#948,,,p.Val112Phe,0.6158508314864871,0.0208135322245856,V112F,V112F,0.2,benign,0.822334041589561,0.8,False,112,False,False,True
urn:mavedb:00000055-a-1#949,,,p.Val112Tyr,0.8473802335925409,0.0350367111829581,V112Y,V112Y,0.5258,ambiguous,0.46523938645729673,0.47419999999999995,False,112,False,False,True
urn:mavedb:00000055-a-1#950,,,p.Val112Gly,0.937480837387628,0.0307111936660843,V112G,V112G,0.2108,benign,0.8150687144875005,0.7892,False,112,False,False,True
urn:mavedb:00000055-a-1#951,,,p.Val112Asp,0.686346631084078,0.0034533731696222,V112D,V112D,0.4357,ambiguous,0.5857441045353867,0.5643,False,112,False,False,True
urn:mavedb:00000055-a-1#952,,,p.Asn111Thr,0.799360117315534,0.0173438498786666,N111T,N111T,0.3934,ambiguous,0.6391967310171044,0.6066,False,111,False,False,True
urn:mavedb:00000055-a-1#953,,,p.Asn111Phe,0.555780294249682,0.0117133075462927,N111F,N111F,0.9443,pathogenic,0.1085196536618717,0.05569999999999997,False,111,False,False,True
urn:mavedb:00000055-a-1#954,,,p.Asn111Asp,0.81652895573248,0.0065387370623306,N111D,N111D,0.6903,pathogenic,0.26779102891984996,0.3097,True,111,False,True,True
urn:mavedb:00000055-a-1#955,,,p.Asn111Gln,0.745567726606364,0.0455421809492727,N111Q,N111Q,0.8861,pathogenic,0.13078171016021345,0.1139,False,111,False,False,True
urn:mavedb:00000055-a-1#956,,,p.Asn111Cys,1.03052140391981,0.0341281346332744,N111C,N111C,0.5347,ambiguous,0.453323486483417,0.46530000000000005,False,111,False,False,True
urn:mavedb:00000055-a-1#957,,,p.Asn111Val,1.0668264341699498,0.0650947358288374,N111V,N111V,0.308,benign,0.7338884319417904,0.692,False,111,False,False,True
urn:mavedb:00000055-a-1#958,,,p.Asn111Ile,0.624983161410803,0.0075258398074364,N111I,N111I,0.2799,benign,0.7603533622095833,0.7201,False,111,False,False,True
urn:mavedb:00000055-a-1#959,,,p.Asn111Met,0.454727064999527,0.0275720086860067,N111M,N111M,0.5995,pathogenic,0.36952731142364964,0.40049999999999997,False,111,False,False,True
urn:mavedb:00000055-a-1#960,,,p.Asn111Arg,0.790727047237116,0.0397031439786717,N111R,N111R,0.8448,pathogenic,0.15094983663490746,0.1552,False,111,False,False,True
urn:mavedb:00000055-a-1#961,,,p.Asn111Ser,1.30453582406211,0.0185066183802295,N111S,N111S,0.4926,ambiguous,0.5099883591662667,0.5074000000000001,False,111,False,False,True
urn:mavedb:00000055-a-1#963,,,p.Asn111Lys,0.842170846146636,0.0042561631267961,N111K,N111K,0.8561,pathogenic,0.14503105211994877,0.14390000000000003,True,111,False,True,True
urn:mavedb:00000055-a-1#964,,,p.Asn111Leu,1.00184282120088,0.0358133214180312,N111L,N111L,0.4437,ambiguous,0.5752904160627927,0.5563,False,111,False,False,True
urn:mavedb:00000055-a-1#965,,,p.Asn111Glu,0.897924778949081,0.0355995270839596,N111E,N111E,0.8679,pathogenic,0.1391791388903276,0.1321,True,111,False,True,True
urn:mavedb:00000055-a-1#966,,,p.Asn111Pro,0.728654299493638,0.030837356796848,N111P,N111P,0.8136,pathogenic,0.16898468208535322,0.1864,False,111,False,False,True
urn:mavedb:00000055-a-1#967,,,p.Asn111His,0.648260534462968,0.0241534256069982,N111H,N111H,0.6864,pathogenic,0.27167736894374395,0.3136,False,111,False,False,True
urn:mavedb:00000055-a-1#968,,,p.Asn111Tyr,0.576408126593417,0.0284524952967419,N111Y,N111Y,0.6353,pathogenic,0.326756353373504,0.3647,False,111,False,False,True
urn:mavedb:00000055-a-1#969,,,p.Asn111Trp,0.393702824364507,0.0225503115144993,N111W,N111W,0.9639,pathogenic,0.10240504544210581,0.03610000000000002,False,111,False,False,True
urn:mavedb:00000055-a-1#970,,,p.Asn111Gly,0.678476958800883,0.0178686872130602,N111G,N111G,0.8181,pathogenic,0.16622439491167557,0.18189999999999995,False,111,False,False,True
urn:mavedb:00000055-a-1#972,,,p.Lys110Asp,0.70178474061022,0.00147210234385,K110D,K110D,0.4975,ambiguous,0.5033749367201737,0.5025,False,110,False,False,True
urn:mavedb:00000055-a-1#973,,,p.Lys110Ser,0.20175785016587,0.0156897611762228,K110S,K110S,0.2964,benign,0.7451104974189802,0.7036,False,110,False,False,True
urn:mavedb:00000055-a-1#974,,,p.Lys110Ala,0.8691427280148779,0.0009606038185134,K110A,K110A,0.2215,benign,0.8075381914192731,0.7785,False,110,False,False,True
urn:mavedb:00000055-a-1#975,,,p.Lys110Asn,0.7888246265244458,0.0200348077354655,K110N,K110N,0.3631,ambiguous,0.6750800963695514,0.6369,False,110,False,False,True
urn:mavedb:00000055-a-1#976,,,p.Lys110Leu,0.788500795396525,0.0311991344990728,K110L,K110L,0.2178,benign,0.8101800748436301,0.7822,False,110,False,False,True
urn:mavedb:00000055-a-1#977,,,p.Lys110Gln,0.977833621845366,0.0016405293301903,K110Q,K110Q,0.0937,benign,0.8776982285876642,0.9063,False,110,False,False,True
urn:mavedb:00000055-a-1#978,,,p.Lys110Cys,0.689823020270388,0.0186016493828382,K110C,K110C,0.381,ambiguous,0.6541559693442104,0.619,False,110,False,False,True
urn:mavedb:00000055-a-1#979,,,p.Lys110Tyr,0.763284891094758,0.0230892059477801,K110Y,K110Y,0.4925,ambiguous,0.5101232917521694,0.5075000000000001,False,110,False,False,True
urn:mavedb:00000055-a-1#980,,,p.Lys110Thr,0.7239893563677942,0.0460549886974426,K110T,K110T,0.1212,benign,0.865939238421682,0.8788,False,110,False,False,True
urn:mavedb:00000055-a-1#981,,,p.Lys110Trp,0.470376718000759,0.0079576082904724,K110W,K110W,0.5455,ambiguous,0.4389536733543015,0.4545,False,110,False,False,True
urn:mavedb:00000055-a-1#982,,,p.Lys110Gly,0.6641606400429,0.0151854301838008,K110G,K110G,0.3462,ambiguous,0.6940510531837751,0.6537999999999999,False,110,False,False,True
urn:mavedb:00000055-a-1#983,,,p.Lys110Met,0.857190808450636,0.0306272003730086,K110M,K110M,0.1521,benign,0.8507052321326446,0.8479,False,110,False,False,True
urn:mavedb:00000055-a-1#984,,,p.Lys110Ile,0.6546676521555269,0.0035975377975366,K110I,K110I,0.1705,benign,0.8405248972049493,0.8295,False,110,False,False,True
urn:mavedb:00000055-a-1#985,,,p.Lys110Arg,0.764401742648125,0.0457746308917227,K110R,K110R,0.0746,benign,0.8849611250700634,0.9254,False,110,False,False,True
urn:mavedb:00000055-a-1#986,,,p.Lys110His,1.05609137029584,0.03760999785308,K110H,K110H,0.2607,benign,0.7770230731892855,0.7393000000000001,False,110,False,False,True
urn:mavedb:00000055-a-1#987,,,p.Lys110Glu,0.678739696575958,0.0109954888342397,K110E,K110E,0.1059,benign,0.8726789646170667,0.8941,False,110,False,False,True
urn:mavedb:00000055-a-1#988,,,p.Lys110Val,0.9286346381680342,0.0379983594016652,K110V,K110V,0.145,benign,0.8544065074923419,0.855,False,110,False,False,True
urn:mavedb:00000055-a-1#989,,,p.Lys110Phe,0.637107240817018,0.0166297997247524,K110F,K110F,0.567,pathogenic,0.4107487220424885,0.43300000000000005,False,110,False,False,True
urn:mavedb:00000055-a-1#990,,,p.Lys110Pro,0.665485303355577,0.0144969985716352,K110P,K110P,0.7909,pathogenic,0.18376549906031076,0.20909999999999995,False,110,False,False,True
urn:mavedb:00000055-a-1#991,,,p.Pro109Tyr,0.620437394465667,0.0043519840776509,P109Y,P109Y,0.931,pathogenic,0.11304040064457532,0.06899999999999995,False,109,False,False,True
urn:mavedb:00000055-a-1#992,,,p.Pro109Met,0.935488959523762,0.0197035885044515,P109M,P109M,0.7248,pathogenic,0.23545996372464095,0.2752,True,109,False,True,True
urn:mavedb:00000055-a-1#993,,,p.Pro109Val,0.683904615470313,0.015953050672668,P109V,P109V,0.389,ambiguous,0.6445462230448409,0.611,False,109,False,False,True
urn:mavedb:00000055-a-1#994,,,p.Pro109Glu,0.5847039812608089,0.0226876033178924,P109E,P109E,0.8872,pathogenic,0.13029771810841578,0.11280000000000001,False,109,False,False,True
urn:mavedb:00000055-a-1#995,,,p.Pro109Leu,0.669545075283236,0.0200627760348672,P109L,P109L,0.3639,ambiguous,0.6741627244059607,0.6361,False,109,False,False,True
urn:mavedb:00000055-a-1#996,,,p.Pro109Ala,0.721932536158994,0.0364386972681613,P109A,P109A,0.1957,benign,0.8251345640213037,0.8043,False,109,False,False,True
urn:mavedb:00000055-a-1#997,,,p.Pro109Phe,0.663506895234231,0.0044219794811968,P109F,P109F,0.9173,pathogenic,0.11803299339629975,0.0827,False,109,False,False,True
urn:mavedb:00000055-a-1#998,,,p.Pro109Ser,0.668369423320615,0.0019298124572853,P109S,P109S,0.7055,pathogenic,0.25309110823377634,0.2945,False,109,False,False,True
urn:mavedb:00000055-a-1#999,,,p.Pro109Ile,0.6818649888446011,0.0421869753973117,P109I,P109I,0.5582,ambiguous,0.4222187891889578,0.44179999999999997,False,109,False,False,True
urn:mavedb:00000055-a-1#1000,,,p.Pro109His,0.6015581004705849,0.0240994064936712,P109H,P109H,0.884,pathogenic,0.13171300169970168,0.11599999999999999,False,109,False,False,True
urn:mavedb:00000055-a-1#1001,,,p.Pro109Trp,0.547748579013085,0.0530762291386699,P109W,P109W,0.9513,pathogenic,0.10626319564311495,0.048699999999999966,False,109,False,False,True
urn:mavedb:00000055-a-1#1002,,,p.Pro109Thr,0.619666839498523,0.0220207703025728,P109T,P109T,0.5333,ambiguous,0.4551939558457645,0.4667,False,109,False,False,True
urn:mavedb:00000055-a-1#1003,,,p.Asp106Tyr,0.8614262733760429,0.0081145741525689,D106Y,D106Y,0.1367,benign,0.8585787392482102,0.8633,False,106,False,False,True
urn:mavedb:00000055-a-1#1004,,,p.Asp106Thr,0.985151959904187,0.0077467810820476,D106T,D106T,0.1573,benign,0.8479153370520984,0.8427,False,106,False,False,True
urn:mavedb:00000055-a-1#1005,,,p.Asp106Gly,0.942241573986892,0.0263817048770924,D106G,D106G,0.1079,benign,0.8718266008805168,0.8921,False,106,False,False,True
urn:mavedb:00000055-a-1#1006,,,p.Asp106Phe,0.761839159025567,0.0011788806740561,D106F,D106F,0.3667,ambiguous,0.6709385278066045,0.6333,False,106,False,False,True
urn:mavedb:00000055-a-1#1007,,,p.Asp106Cys,0.907860456008175,0.0003501659864583,D106C,D106C,0.2565,benign,0.7805170170794412,0.7435,False,106,False,False,True
urn:mavedb:00000055-a-1#1008,,,p.Asp106Lys,0.7361629821527141,0.0271853917316857,D106K,D106K,0.1802,benign,0.8348041024964369,0.8198,False,106,False,False,True
urn:mavedb:00000055-a-1#1009,,,p.Asp106Pro,0.636777001528465,0.0191620505467123,D106P,D106P,0.2021,benign,0.8209473917136118,0.7979,False,106,False,False,True
urn:mavedb:00000055-a-1#1010,,,p.His105Lys,0.907714292483777,0.0202870595693327,H105K,H105K,0.1336,benign,0.8600951644814142,0.8664000000000001,False,105,False,False,True
urn:mavedb:00000055-a-1#1011,,,p.His105Cys,0.916235333961381,0.0139241975147811,H105C,H105C,0.0903,benign,0.8790431330949914,0.9097,False,105,False,False,True
urn:mavedb:00000055-a-1#1012,,,p.His105Asp,0.7791103567255201,0.0078461067957415,H105D,H105D,0.1595,benign,0.8467145550528732,0.8405,False,105,False,False,True
urn:mavedb:00000055-a-1#1014,,,p.His105Glu,0.8201902646279059,0.0199820341932879,H105E,H105E,0.152,benign,0.8507582236348933,0.848,False,105,False,False,True
urn:mavedb:00000055-a-1#1015,,,p.His105Val,0.859233046693396,0.0130063609362978,H105V,H105V,0.1478,benign,0.8529615899851728,0.8522000000000001,False,105,False,False,True
urn:mavedb:00000055-a-1#1016,,,p.His105Tyr,1.10318689624226,0.0026044720659885,H105Y,H105Y,0.0753,benign,0.8847072463370033,0.9247,False,105,False,False,True
urn:mavedb:00000055-a-1#1017,,,p.His105Trp,0.756673023563129,0.0069211060762669,H105W,H105W,0.1728,benign,0.8391909638854229,0.8271999999999999,False,105,False,False,True
urn:mavedb:00000055-a-1#1018,,,p.His105Pro,0.65267153334594,0.0229361903897944,H105P,H105P,0.2401,benign,0.7936405160254061,0.7599,False,105,False,False,True
urn:mavedb:00000055-a-1#1019,,,p.His105Arg,1.13993146614119,0.0416794657227791,H105R,H105R,0.0724,benign,0.8857531142617202,0.9276,False,105,False,False,True
urn:mavedb:00000055-a-1#1020,,,p.His105Asn,0.957793376304638,0.09036210557138,H105N,H105N,0.1164,benign,0.8681085172682985,0.8835999999999999,False,105,False,False,True
urn:mavedb:00000055-a-1#1021,,,p.His105Ile,0.94155007444464,0.1208340009953319,H105I,H105I,0.196,benign,0.8249408630853067,0.804,False,105,False,False,True
urn:mavedb:00000055-a-1#1022,,,p.His105Met,0.618515476059434,0.106548374900608,H105M,H105M,0.2994,benign,0.7422481258752363,0.7006,False,105,False,False,True
urn:mavedb:00000055-a-1#1023,,,p.Val123Gln,0.6083624915647651,0.0065397228971414,V123Q,V123Q,0.254,benign,0.7825708795655101,0.746,False,123,False,False,True
urn:mavedb:00000055-a-1#1024,,,p.Val123Ile,0.523605112383188,0.042357161442883,V123I,V123I,0.0883,benign,0.8798235303838478,0.9117,False,123,False,False,True
urn:mavedb:00000055-a-1#1025,,,p.Val123Phe,0.965658955780082,0.0614457152731374,V123F,V123F,0.1058,benign,0.8727213610085206,0.8942,False,123,False,False,True
urn:mavedb:00000055-a-1#1026,,,p.Val123Ala,0.6442723881049771,0.0099298156488948,V123A,V123A,0.327,benign,0.714617528387572,0.673,False,123,False,False,True
urn:mavedb:00000055-a-1#1027,,,p.Val123Asn,0.02899880035588,0.0142320364320003,V123N,V123N,0.4463,ambiguous,0.5718742837169136,0.5537000000000001,False,123,False,False,True
urn:mavedb:00000055-a-1#1028,,,p.Val123Thr,0.8889747722727179,0.0499074290683143,V123T,V123T,0.323,benign,0.7187653061149434,0.677,False,123,False,False,True
urn:mavedb:00000055-a-1#1029,,,p.Val123Trp,1.0298191186322,0.0310984669177728,V123W,V123W,0.581,pathogenic,0.3927526853905754,0.41900000000000004,False,123,False,True,True
urn:mavedb:00000055-a-1#1030,,,p.Val123Cys,0.7465454922194921,0.0156849077313032,V123C,V123C,0.493,ambiguous,0.5094486110950023,0.507,False,123,False,False,True
urn:mavedb:00000055-a-1#1031,,,p.Val123Met,0.928501901156537,0.0009969506714064,V123M,V123M,0.1917,benign,0.8276932570911605,0.8083,False,123,False,False,True
urn:mavedb:00000055-a-1#1032,,,p.Val123Lys,0.873832707957988,0.0104987159194801,V123K,V123K,0.2152,benign,0.812012516542486,0.7847999999999999,False,123,False,False,True
urn:mavedb:00000055-a-1#1033,,,p.Val123Leu,0.820970887397828,0.043502715557827,V123L,V123L,0.2181,benign,0.8099673663028192,0.7819,False,123,False,False,True
urn:mavedb:00000055-a-1#1034,,,p.Val123Arg,0.9167814100225772,0.0059127879837613,V123R,V123R,0.1588,benign,0.847097949570606,0.8412,False,123,False,False,True
urn:mavedb:00000055-a-1#1035,,,p.Val123Ser,0.4569147786602089,0.0004118126159607,V123S,V123S,0.3822,ambiguous,0.6527243224566857,0.6178,False,123,False,False,True
urn:mavedb:00000055-a-1#1036,,,p.Val123Glu,0.0529509918293527,0.0236893762176033,V123E,V123E,0.4297,ambiguous,0.5935225043507728,0.5703,False,123,False,False,True
urn:mavedb:00000055-a-1#1037,,,p.Val123Asp,0.0547172507207215,0.0102457405868453,V123D,V123D,0.6766,pathogenic,0.2816473123735341,0.3234,False,123,False,False,True
urn:mavedb:00000055-a-1#1038,,,p.Val123Gly,0.0387763357825708,0.0015545093278632,V123G,V123G,0.3145,benign,0.7274191829288277,0.6855,False,123,False,False,True
urn:mavedb:00000055-a-1#1039,,,p.Val123Pro,0.0525027650012673,0.0018104252116492,V123P,V123P,0.9363,pathogenic,0.11120143222178144,0.06369999999999998,False,123,False,False,True
urn:mavedb:00000055-a-1#1042,,,p.Trp122Tyr,0.0104002447249931,0.0077422814276944,W122Y,W122Y,0.8436,pathogenic,0.151596952714794,0.15639999999999998,False,122,False,False,True
urn:mavedb:00000055-a-1#1043,,,p.Trp122Phe,0.8217045919487099,0.0374095076728265,W122F,W122F,0.6488,pathogenic,0.3114791094818397,0.35119999999999996,True,122,False,True,True
urn:mavedb:00000055-a-1#1044,,,p.Trp122Gln,0.0196473543020817,0.0093539571490293,W122Q,W122Q,0.9972,pathogenic,0.09337157398999274,0.0028000000000000247,False,122,False,False,True
urn:mavedb:00000055-a-1#1045,,,p.Trp122Met,0.0341651642828475,0.0035832141165519,W122M,W122M,0.9794,pathogenic,0.09799934184772749,0.02059999999999995,False,122,False,False,True
urn:mavedb:00000055-a-1#1046,,,p.Trp122Glu,0.0102298665331258,0.0413392236194068,W122E,W122E,0.9917,pathogenic,0.09475435386639017,0.008299999999999974,False,122,False,False,True
urn:mavedb:00000055-a-1#1047,,,p.Trp122Ser,0.0244813777099108,0.0077830716354797,W122S,W122S,0.9768,pathogenic,0.09871315606522701,0.0232,False,122,False,False,True
urn:mavedb:00000055-a-1#1048,,,p.Trp122Leu,0.0353002274957417,0.0070389782193672,W122L,W122L,0.9492,pathogenic,0.1069314691406063,0.050799999999999956,False,122,False,False,True
urn:mavedb:00000055-a-1#1049,,,p.Trp122Ile,0.0766324744896583,0.0341781920187797,W122I,W122I,0.9746,pathogenic,0.09932495804411609,0.025399999999999978,False,122,False,False,True
urn:mavedb:00000055-a-1#1050,,,p.Trp122Gly,0.263147755175362,0.0474676994629611,W122G,W122G,0.9234,pathogenic,0.11576666758396173,0.0766,False,122,False,False,True
urn:mavedb:00000055-a-1#1051,,,p.Trp122Thr,0.0890100179251817,0.0105781393649595,W122T,W122T,0.9822,pathogenic,0.09724166317586556,0.017800000000000038,False,122,False,False,True
urn:mavedb:00000055-a-1#1052,,,p.Trp122Pro,0.0253967340610223,0.0032514182828417,W122P,W122P,0.9931,pathogenic,0.09439845970290325,0.006900000000000017,False,122,False,False,True
urn:mavedb:00000055-a-1#1053,,,p.Trp122Asp,-0.0098433747855238,0.0194456356150897,W122D,W122D,0.9893,pathogenic,0.09537075538012024,0.010700000000000043,False,122,False,False,True
urn:mavedb:00000055-a-1#1054,,,p.Trp122Cys,0.0304150222271908,0.0151064145937008,W122C,W122C,0.9916,pathogenic,0.09477987807219979,0.008399999999999963,False,122,False,False,True
urn:mavedb:00000055-a-1#1055,,,p.Trp122Lys,0.0403634599230338,0.0206461640119399,W122K,W122K,0.9961,pathogenic,0.09364484558117347,0.0039000000000000146,False,122,False,False,True
urn:mavedb:00000055-a-1#1056,,,p.Trp122His,0.0219694221201921,0.0159847768603315,W122H,W122H,0.9886,pathogenic,0.09555204825734522,0.011399999999999966,False,122,False,False,True
urn:mavedb:00000055-a-1#1057,,,p.Trp122Arg,0.0415153447709267,0.0113144036105486,W122R,W122R,0.9931,pathogenic,0.09439845970290325,0.006900000000000017,False,122,False,False,True
urn:mavedb:00000055-a-1#1058,,,p.Trp122Ala,0.0529207542746547,0.0148346011253069,W122A,W122A,0.9839,pathogenic,0.09678717017521207,0.016100000000000003,False,122,False,False,True
urn:mavedb:00000055-a-1#1059,,,p.Trp122Asn,0.0598132731472109,0.0045397021184692,W122N,W122N,0.9922,pathogenic,0.09462693952134703,0.007800000000000029,False,122,False,False,True
urn:mavedb:00000055-a-1#1060,,,p.Glu121Leu,0.919230800438134,0.0214171696081551,E121L,E121L,0.2931,benign,0.7482268494644345,0.7069,False,121,False,False,True
urn:mavedb:00000055-a-1#1061,,,p.Glu121Ile,1.0683914211580998,0.0835521079369831,E121I,E121I,0.2473,benign,0.7879804065876361,0.7527,False,121,False,False,True
urn:mavedb:00000055-a-1#1062,,,p.Glu121Trp,0.754711816468412,0.0155919480981416,E121W,E121W,0.744,pathogenic,0.21907066809045278,0.256,False,121,False,False,True
urn:mavedb:00000055-a-1#1063,,,p.Glu121Met,0.9133639784522628,0.019623384180581,E121M,E121M,0.3061,benign,0.7357549671723946,0.6939,False,121,False,False,True
urn:mavedb:00000055-a-1#1064,,,p.Glu121Tyr,0.9384222734377372,0.0297554569133605,E121Y,E121Y,0.488,ambiguous,0.5161930052260684,0.512,False,121,False,False,True
urn:mavedb:00000055-a-1#1065,,,p.Glu121Gly,0.9442308489372,0.0139608579028257,E121G,E121G,0.2028,benign,0.8204823963467436,0.7972,False,121,False,False,True
urn:mavedb:00000055-a-1#1066,,,p.Glu121Val,0.668460144888977,0.0470742929702522,E121V,E121V,0.1514,benign,0.8510756526029962,0.8486,False,121,False,False,True
urn:mavedb:00000055-a-1#1067,,,p.Glu121Gln,1.02034493040585,0.0058295678826001,E121Q,E121Q,0.0914,benign,0.8786105393156355,0.9086,False,121,False,False,True
urn:mavedb:00000055-a-1#1068,,,p.Glu121Arg,1.05768056862141,0.0158780951967954,E121R,E121R,0.1494,benign,0.8521273288923745,0.8506,False,121,False,False,True
urn:mavedb:00000055-a-1#1069,,,p.Glu121Phe,0.869963459348692,0.0621419833897034,E121F,E121F,0.5948,pathogenic,0.3753623882032257,0.4052,False,121,False,True,True
urn:mavedb:00000055-a-1#1070,,,p.Glu121Ser,1.02067443036659,0.0002231994511478,E121S,E121S,0.2107,benign,0.8151375211696483,0.7893,False,121,False,False,True
urn:mavedb:00000055-a-1#1071,,,p.Glu121Asn,1.00218020450638,0.0189064008253114,E121N,E121N,0.3019,benign,0.7398415236590832,0.6980999999999999,False,121,False,False,True
urn:mavedb:00000055-a-1#1072,,,p.Glu121Thr,0.940936943485325,0.0480779474482037,E121T,E121T,0.1724,benign,0.8394239516740312,0.8276,False,121,False,False,True
urn:mavedb:00000055-a-1#1073,,,p.Glu121Lys,0.925727029647608,0.0353136898704866,E121K,E121K,0.1088,benign,0.8714402700575742,0.8912,False,121,False,False,True
urn:mavedb:00000055-a-1#1074,,,p.Glu121His,1.06094988986498,0.0054302753961487,E121H,E121H,0.3046,benign,0.7372206977007366,0.6954,False,121,False,False,True
urn:mavedb:00000055-a-1#1075,,,p.Glu121Cys,0.996433956515004,0.0144873931254167,E121C,E121C,0.5605,ambiguous,0.41921019051637726,0.4395,False,121,False,False,True
urn:mavedb:00000055-a-1#1076,,,p.Glu121Asp,0.8744505586131228,0.0557578371161283,E121D,E121D,0.2191,benign,0.8092564311120503,0.7809,False,121,False,False,True
urn:mavedb:00000055-a-1#1077,,,p.Glu121Ala,0.907965009084366,0.0276524509322081,E121A,E121A,0.1551,benign,0.8491039268416826,0.8449,False,121,False,False,True
urn:mavedb:00000055-a-1#1078,,,p.Glu121Pro,0.0443723100843281,0.0295429092569028,E121P,E121P,0.9443,pathogenic,0.1085196536618717,0.05569999999999997,False,121,False,False,True
urn:mavedb:00000055-a-1#1079,,,p.Trp120Asn,0.0197446229071086,0.0246292130969067,W120N,W120N,0.9946,pathogenic,0.09402012289152152,0.00539999999999996,False,120,False,False,True
urn:mavedb:00000055-a-1#1080,,,p.Trp120Phe,0.784730410288357,0.0049378969320026,W120F,W120F,0.7795,pathogenic,0.19174381440012933,0.22050000000000003,False,120,False,False,True
urn:mavedb:00000055-a-1#1081,,,p.Trp120Met,0.72492331383366,0.0100481435792324,W120M,W120M,0.9732,pathogenic,0.09971804784499447,0.026800000000000046,False,120,False,False,True
urn:mavedb:00000055-a-1#1082,,,p.Trp120Ile,0.597155317347557,0.0228220486018119,W120I,W120I,0.9653,pathogenic,0.10199201024435527,0.03469999999999995,False,120,False,False,True
urn:mavedb:00000055-a-1#1083,,,p.Trp120Val,0.2233732007738829,0.0327167129054601,W120V,W120V,0.956,pathogenic,0.10479398382776009,0.04400000000000004,False,120,False,False,True
urn:mavedb:00000055-a-1#1084,,,p.Trp120Tyr,0.875112059549266,0.0442721885182763,W120Y,W120Y,0.9207,pathogenic,0.11676108888533958,0.07930000000000004,True,120,False,True,True
urn:mavedb:00000055-a-1#1085,,,p.His105Gly,0.8305811371817758,0.0088006944092272,H105G,H105G,0.1686,benign,0.8416163861768552,0.8314,False,105,False,False,True
urn:mavedb:00000055-a-1#1086,,,p.His105Gln,0.978155854765249,0.074305756656139,H105Q,H105Q,0.1152,benign,0.8686429101991242,0.8848,False,105,False,False,True
urn:mavedb:00000055-a-1#1087,,,p.His105Ala,0.9484674502111428,0.0021776711697828,H105A,H105A,0.1495,benign,0.8520749790419049,0.8505,False,105,False,False,True
urn:mavedb:00000055-a-1#1088,,,p.His105Ser,0.93928874597778,0.0060611359317844,H105S,H105S,0.1386,benign,0.8576381409281617,0.8613999999999999,False,105,False,False,True
urn:mavedb:00000055-a-1#1089,,,p.His105Leu,0.856190842555567,0.0071374073120493,H105L,H105L,0.1004,benign,0.8749796974974359,0.8996,False,105,False,False,True
urn:mavedb:00000055-a-1#1090,,,p.His105Phe,0.8365509221861641,0.0820295862342089,H105F,H105F,0.1739,benign,0.8385480708265345,0.8261000000000001,False,105,False,False,True
urn:mavedb:00000055-a-1#1091,,,p.Thr104Phe,0.8855002561684542,0.0189285163038044,T104F,T104F,0.2115,benign,0.8145862578734082,0.7885,False,104,False,False,True
urn:mavedb:00000055-a-1#1092,,,p.Thr104Pro,0.633331445959496,0.0033580642744924,T104P,T104P,0.2063,benign,0.818136482545242,0.7937,False,104,False,False,True
urn:mavedb:00000055-a-1#1093,,,p.Thr104Asp,1.06867967198336,0.0211317765046637,T104D,T104D,0.171,benign,0.8402360936242413,0.829,False,104,False,False,True
urn:mavedb:00000055-a-1#1094,,,p.Thr104Tyr,0.714571844524575,0.0583811458564329,T104Y,T104Y,0.2243,benign,0.8055120963071662,0.7757000000000001,False,104,False,False,True
urn:mavedb:00000055-a-1#1096,,,p.Thr104Gly,1.14568033633307,0.0241628167779248,T104G,T104G,0.1552,benign,0.8490501633650924,0.8448,False,104,False,False,True
urn:mavedb:00000055-a-1#1097,,,p.Thr104Trp,0.6853343799955961,0.0304801815157157,T104W,T104W,0.3713,ambiguous,0.6655969450914017,0.6287,False,104,False,False,True
urn:mavedb:00000055-a-1#1098,,,p.Thr104Gln,0.9790979247015128,0.0257273698419449,T104Q,T104Q,0.1463,benign,0.8537380253854584,0.8537,False,104,False,False,True
urn:mavedb:00000055-a-1#1099,,,p.Thr104Leu,0.958311899377991,0.0398591840786501,T104L,T104L,0.1034,benign,0.8737325737183529,0.8966,False,104,False,False,True
urn:mavedb:00000055-a-1#1100,,,p.Thr104Cys,0.8183738557963119,0.0351727334215167,T104C,T104C,0.2492,benign,0.7864603593459508,0.7508,False,104,False,False,True
urn:mavedb:00000055-a-1#1101,,,p.Thr104Ala,1.04790639217656,0.0333697969550267,T104A,T104A,0.088,benign,0.8799399101164369,0.912,False,104,False,False,True
urn:mavedb:00000055-a-1#1102,,,p.Thr104Asn,1.02330599653745,0.021379202673408,T104N,T104N,0.0895,benign,0.8793562398127719,0.9105,False,104,False,False,True
urn:mavedb:00000055-a-1#1103,,,p.Thr104Glu,0.992812201529166,0.0031017371033198,T104E,T104E,0.1512,benign,0.8511812643349116,0.8488,False,104,False,False,True
urn:mavedb:00000055-a-1#1104,,,p.Thr104Val,0.918618692178725,0.0026077236105546,T104V,T104V,0.1764,benign,0.8370750334843798,0.8236,False,104,False,False,True
urn:mavedb:00000055-a-1#1105,,,p.Thr104Lys,0.891557540445659,0.0756369965181356,T104K,T104K,0.1516,benign,0.8509699419509007,0.8484,False,104,False,False,True
urn:mavedb:00000055-a-1#1106,,,p.Thr104Arg,0.794770392213902,0.0224236936311593,T104R,T104R,0.1202,benign,0.8663953807426547,0.8798,False,104,False,False,True
urn:mavedb:00000055-a-1#1108,,,p.Thr104His,0.8284348366346569,0.0281115500159973,T104H,T104H,0.1653,benign,0.8434898065517498,0.8347,False,104,False,False,True
urn:mavedb:00000055-a-1#1109,,,p.Thr104Met,0.978404036385602,0.057545295030634,T104M,T104M,0.1078,benign,0.8718694202508966,0.8922,False,104,False,False,True
urn:mavedb:00000055-a-1#1116,,,p.Val103Cys,1.22032703130422,0.0404970469693166,V103C,V103C,0.4114,ambiguous,0.6168705882710739,0.5886,False,103,False,False,True
urn:mavedb:00000055-a-1#1117,,,p.Val103Ile,1.01557729130059,0.0120400021832408,V103I,V103I,0.0835,benign,0.8816645178693711,0.9165,False,103,False,False,True
urn:mavedb:00000055-a-1#1118,,,p.Val103Arg,0.929476106706004,0.0897355090501732,V103R,V103R,0.1328,benign,0.8604828536970789,0.8672,False,103,False,False,True
urn:mavedb:00000055-a-1#1120,,,p.Val103His,1.03864986417002,0.0275735495307125,V103H,V103H,0.2869,benign,0.753990234094614,0.7131000000000001,False,103,False,False,True
urn:mavedb:00000055-a-1#1121,,,p.Val103Asn,1.08080278572786,0.0356313479250666,V103N,V103N,0.1633,benign,0.8446115191704923,0.8367,False,103,False,False,True
urn:mavedb:00000055-a-1#1122,,,p.Val103Ala,0.846074145201644,0.0633331029775701,V103A,V103A,0.1047,benign,0.8731863328561332,0.8953,False,103,False,False,True
urn:mavedb:00000055-a-1#1123,,,p.Val103Met,1.05562408409785,0.0442209250084321,V103M,V103M,0.1012,benign,0.8746489554764192,0.8988,False,103,False,False,True
urn:mavedb:00000055-a-1#1124,,,p.Val103Gly,0.941761111877355,0.0073938792532204,V103G,V103G,0.1164,benign,0.8681085172682985,0.8835999999999999,False,103,False,False,True
urn:mavedb:00000055-a-1#1127,,,p.Asp102Val,0.5827771588225931,0.0300244002743912,D102V,D102V,0.3356,benign,0.7055386419196865,0.6644,False,102,False,False,True
urn:mavedb:00000055-a-1#1128,,,p.Asp102His,0.2212890055956919,0.0189643028814529,D102H,D102H,0.5206,ambiguous,0.47222535035119195,0.47940000000000005,False,102,False,False,True
urn:mavedb:00000055-a-1#1129,,,p.Asp102Thr,0.267017971721246,0.0523410876771613,D102T,D102T,0.5671,pathogenic,0.41061904028963164,0.43289999999999995,False,102,False,False,True
urn:mavedb:00000055-a-1#1130,,,p.Asp102Asn,0.587881678383098,0.0040065544816088,D102N,D102N,0.1936,benign,0.8264834315015737,0.8064,False,102,False,False,True
urn:mavedb:00000055-a-1#1131,,,p.Asp102Lys,0.17775725685501,0.0159577312301315,D102K,D102K,0.7795,pathogenic,0.19174381440012933,0.22050000000000003,False,102,False,False,True
urn:mavedb:00000055-a-1#1132,,,p.Asp102Gln,0.3516115309868319,0.0037293178749064,D102Q,D102Q,0.7103,pathogenic,0.24859776908818843,0.28969999999999996,False,102,False,False,True
urn:mavedb:00000055-a-1#1133,,,p.Asp102Met,0.472339366685704,0.0671358452631372,D102M,D102M,0.7814,pathogenic,0.19038773443574863,0.21860000000000002,False,102,False,False,True
urn:mavedb:00000055-a-1#1135,,,p.Asp102Leu,0.432025242170576,0.0033854114842978,D102L,D102L,0.5475,ambiguous,0.4363055492949574,0.4525,False,102,False,False,True
urn:mavedb:00000055-a-1#1136,,,p.Asp102Ser,0.5537182292054119,0.0343794982010228,D102S,D102S,0.281,benign,0.7593635577473947,0.719,False,102,False,False,True
urn:mavedb:00000055-a-1#1137,,,p.Asp102Gly,0.0883840127491473,0.003263555970314,D102G,D102G,0.5762,pathogenic,0.3988852443616517,0.42379999999999995,False,102,False,False,True
urn:mavedb:00000055-a-1#1138,,,p.Asp102Pro,0.3864452762436189,0.0262828038986455,D102P,D102P,0.8564,pathogenic,0.14487816660836433,0.14359999999999995,False,102,False,False,True
urn:mavedb:00000055-a-1#1139,,,p.Asp102Tyr,0.0743953908622874,0.0335968335899622,D102Y,D102Y,0.381,ambiguous,0.6541559693442104,0.619,False,102,False,False,True
urn:mavedb:00000055-a-1#1140,,,p.Asp102Phe,0.0358693185784088,0.0412123367253127,D102F,D102F,0.8164,pathogenic,0.16726070297796472,0.18359999999999999,False,102,False,False,True
urn:mavedb:00000055-a-1#1143,,,p.Asp102Cys,0.5358815070598291,0.0251679757444886,D102C,D102C,0.6684,pathogenic,0.2902114196724861,0.3316,False,102,False,False,True
urn:mavedb:00000055-a-1#1144,,,p.Asp102Ala,0.643280726473221,0.0078279603049087,D102A,D102A,0.3725,ambiguous,0.6641944719737582,0.6275,False,102,False,False,True
urn:mavedb:00000055-a-1#1149,,,p.Val101Cys,0.5499170932642529,0.0234224558699974,V101C,V101C,0.8446,pathogenic,0.15105743867794919,0.15539999999999998,False,101,False,False,True
urn:mavedb:00000055-a-1#1150,,,p.Val101Gln,0.489941662621301,0.0291379796681791,V101Q,V101Q,0.8457,pathogenic,0.15046686539493942,0.1543,False,101,False,False,True
urn:mavedb:00000055-a-1#1151,,,p.Val101Arg,0.0148394127676194,0.0098854263198394,V101R,V101R,0.7921,pathogenic,0.18294760583872105,0.20789999999999997,False,101,False,False,True
urn:mavedb:00000055-a-1#1152,,,p.Val101Tyr,-0.0206895741090966,0.0222809974345445,V101Y,V101Y,0.8506,pathogenic,0.14787267110762548,0.14939999999999998,False,101,False,False,True
urn:mavedb:00000055-a-1#1155,,,p.Val101Trp,0.0631657740307429,0.0223713330848,V101W,V101W,0.9288,pathogenic,0.11381865284691706,0.07120000000000004,False,101,False,False,True
urn:mavedb:00000055-a-1#1156,,,p.Val101Gly,0.034949744882509,0.0581304153959897,V101G,V101G,0.4201,ambiguous,0.6058455651503599,0.5799000000000001,False,101,False,False,True
urn:mavedb:00000055-a-1#1157,,,p.Val101Met,0.185961220528234,0.0463318590778252,V101M,V101M,0.3589,ambiguous,0.6798680859806584,0.6411,False,101,False,False,True
urn:mavedb:00000055-a-1#1158,,,p.Val101Phe,-0.0268170331825811,0.017946146002284,V101F,V101F,0.5172,ambiguous,0.4768005862897852,0.4828,False,101,False,False,True
urn:mavedb:00000055-a-1#1159,,,p.Val101Glu,0.6962233919629571,0.0651944928974656,V101E,V101E,0.7618,pathogenic,0.2048921377818872,0.23819999999999997,False,101,False,False,True
urn:mavedb:00000055-a-1#1160,,,p.Val101Asn,0.0034582006524854,0.0007082473008153,V101N,V101N,0.7976,pathogenic,0.1792517215859204,0.20240000000000002,False,101,False,False,True
urn:mavedb:00000055-a-1#1162,,,p.Glu100Cys,0.4518239569181879,0.0312714384171164,E100C,E100C,0.8041,pathogenic,0.1749945419526613,0.19589999999999996,False,100,False,False,True
urn:mavedb:00000055-a-1#1163,,,p.Glu100Arg,0.0961531776048312,0.0370688470065403,E100R,E100R,0.2907,benign,0.7504720285474692,0.7093,False,100,False,False,True
urn:mavedb:00000055-a-1#1164,,,p.Glu100Phe,0.0279480790173355,0.0199564872699682,E100F,E100F,0.7213,pathogenic,0.23857115346988644,0.27869999999999995,False,100,False,False,True
urn:mavedb:00000055-a-1#1165,,,p.Glu100Pro,0.0018145914245888,0.0012267191482347,E100P,E100P,0.9469,pathogenic,0.10767187585333408,0.053100000000000036,False,100,False,False,True
urn:mavedb:00000055-a-1#1166,,,p.Glu100Lys,0.1005857731672269,0.0200818320029783,E100K,E100K,0.2031,benign,0.8202826863263099,0.7968999999999999,False,100,False,False,True
urn:mavedb:00000055-a-1#1167,,,p.Glu100Val,0.535224206476016,0.0069725001666782,E100V,E100V,0.2408,benign,0.7930971544226084,0.7592,False,100,False,False,True
urn:mavedb:00000055-a-1#1168,,,p.Glu100Leu,0.0908946427698256,0.0627233341174054,E100L,E100L,0.495,ambiguous,0.5067494937955582,0.505,False,100,False,False,True
urn:mavedb:00000055-a-1#1169,,,p.Glu100Asp,0.9024090633559309,0.0153618003393928,E100D,E100D,0.2007,benign,0.8218732121693171,0.7993,False,100,False,False,True
urn:mavedb:00000055-a-1#1170,,,p.Glu100Gln,0.693536176685708,0.0493189853360898,E100Q,E100Q,0.1738,benign,0.8386066477398696,0.8262,False,100,False,False,True
urn:mavedb:00000055-a-1#1171,,,p.Glu100Thr,0.6845482920081372,0.0127050580420027,E100T,E100T,0.2969,benign,0.7446353734355533,0.7031000000000001,False,100,False,False,True
urn:mavedb:00000055-a-1#1172,,,p.Glu100Ser,0.905234665294702,0.0078260615011931,E100S,E100S,0.3472,ambiguous,0.6929506716919466,0.6528,False,100,False,False,True
urn:mavedb:00000055-a-1#1173,,,p.Glu100Tyr,0.0705690544098352,0.0236770909497443,E100Y,E100Y,0.6017,pathogenic,0.36681221890898397,0.3983,False,100,False,False,True
urn:mavedb:00000055-a-1#1174,,,p.Glu100Met,0.4780419313874379,0.0180176500808774,E100M,E100M,0.4921,ambiguous,0.5106630036405828,0.5079,False,100,False,False,True
urn:mavedb:00000055-a-1#1175,,,p.Glu100Ala,0.604534414562911,0.0210591438994038,E100A,E100A,0.281,benign,0.7593635577473947,0.719,False,100,False,False,True
urn:mavedb:00000055-a-1#1176,,,p.Glu100Trp,0.0441977370826108,0.0869109382814612,E100W,E100W,0.8504,pathogenic,0.14797739538909674,0.14959999999999996,False,100,False,False,True
urn:mavedb:00000055-a-1#1177,,,p.Glu100Ile,0.434314225030392,0.0940374972307749,E100I,E100I,0.3796,ambiguous,0.6558217649006877,0.6204000000000001,False,100,False,False,True
urn:mavedb:00000055-a-1#1178,,,p.Glu100His,0.538119839602573,0.026917668969639,E100H,E100H,0.4703,ambiguous,0.5399892336552238,0.5297000000000001,False,100,False,False,True
urn:mavedb:00000055-a-1#1179,,,p.Glu100Asn,0.597307987654844,0.0066459307458364,E100N,E100N,0.4061,ambiguous,0.6235149821991773,0.5939,False,100,False,False,True
urn:mavedb:00000055-a-1#1180,,,p.Glu100Gly,0.0149865442151673,0.0106697726525381,E100G,E100G,0.4119,ambiguous,0.6162408725405437,0.5881000000000001,False,100,False,False,True
urn:mavedb:00000055-a-1#1181,,,p.Gly99Cys,0.0652606798849119,0.0338665736546004,G99C,G99C,0.7021,pathogenic,0.2563172008228823,0.29790000000000005,False,99,False,False,True
urn:mavedb:00000055-a-1#1182,,,p.Gly99Ala,1.03298088494407,0.0586441685281907,G99A,G99A,0.2316,benign,0.8001202223816446,0.7684,False,99,False,False,True
urn:mavedb:00000055-a-1#1183,,,p.Gly99Ser,0.3898962231395379,0.0312763143983433,G99S,G99S,0.5215,ambiguous,0.4710151835506279,0.47850000000000004,False,99,False,False,True
urn:mavedb:00000055-a-1#1184,,,p.Gly99Phe,0.0158005191986586,0.0143901083539934,G99F,G99F,0.9904,pathogenic,0.09508724638123774,0.009600000000000053,False,99,False,False,True
urn:mavedb:00000055-a-1#1185,,,p.Gly99Gln,0.053919747361208,0.0161034797865697,G99Q,G99Q,0.9827,pathogenic,0.097107557576543,0.017299999999999982,False,99,False,False,True
urn:mavedb:00000055-a-1#1186,,,p.Gly99Asn,0.0326966592802451,0.0150267997010259,G99N,G99N,0.9814,pathogenic,0.09745698246248692,0.01859999999999995,False,99,False,False,True
urn:mavedb:00000055-a-1#1187,,,p.Gly99Lys,0.249055111824076,0.132384308929553,G99K,G99K,0.9913,pathogenic,0.09485653348170126,0.008700000000000041,False,99,False,False,True
urn:mavedb:00000055-a-1#1188,,,p.Gly99Leu,0.0355574067921684,0.004405777108946,G99L,G99L,0.9601,pathogenic,0.10354170751040695,0.03990000000000005,False,99,False,False,True
urn:mavedb:00000055-a-1#1189,,,p.Gly99Pro,0.0315286882009946,0.0208714267789571,G99P,G99P,0.9974,pathogenic,0.09332206307511375,0.0026000000000000467,False,99,False,False,True
urn:mavedb:00000055-a-1#1190,,,p.Gly99Ile,0.0602130696128124,0.0298606498170611,G99I,G99I,0.9501,pathogenic,0.10664416464061403,0.049900000000000055,False,99,False,False,True
urn:mavedb:00000055-a-1#1191,,,p.Gly99Asp,0.0588161952350442,0.0220050438908937,G99D,G99D,0.9692,pathogenic,0.10085747180991556,0.03080000000000005,False,99,False,False,True
urn:mavedb:00000055-a-1#1192,,,p.Gly99Glu,0.0138885269467931,0.0331761441173985,G99E,G99E,0.9688,pathogenic,0.10097275510566263,0.031200000000000006,False,99,False,False,True
urn:mavedb:00000055-a-1#1193,,,p.Gly99Met,0.0769387675099706,0.0063116798559323,G99M,G99M,0.9658,pathogenic,0.10184523960708532,0.03420000000000001,False,99,False,False,True
urn:mavedb:00000055-a-1#1194,,,p.Gly99His,0.0522537457132833,0.0294816128771067,G99H,G99H,0.993,pathogenic,0.09442379147888727,0.007000000000000006,False,99,False,False,True
urn:mavedb:00000055-a-1#1195,,,p.Gly99Thr,0.0052704228400578,0.0187940516335224,G99T,G99T,0.7678,pathogenic,0.20033002905880393,0.23219999999999996,False,99,False,False,True
urn:mavedb:00000055-a-1#1196,,,p.Gly99Tyr,0.106900890279271,0.0257495993122996,G99Y,G99Y,0.9855,pathogenic,0.09636318986270288,0.014499999999999957,False,99,False,False,True
urn:mavedb:00000055-a-1#1197,,,p.Gly99Val,0.0215878230882657,0.0342093190706685,G99V,G99V,0.8127,pathogenic,0.16954336347618248,0.18730000000000002,False,99,False,False,True
urn:mavedb:00000055-a-1#1198,,,p.Gly99Trp,0.0113604977626952,0.0378916377955472,G99W,G99W,0.9755,pathogenic,0.0990738053735358,0.024499999999999966,False,99,False,False,True
urn:mavedb:00000055-a-1#1199,,,p.Gly99Arg,0.0382286608599707,0.0323375339825505,G99R,G99R,0.9745,pathogenic,0.0993529385244992,0.025499999999999967,False,99,False,False,True
urn:mavedb:00000055-a-1#1200,,,p.Lys98Ile,0.6339102430941129,0.0058276246625541,K98I,K98I,0.5619,ambiguous,0.41738249801748495,0.43810000000000004,False,98,False,False,True
urn:mavedb:00000055-a-1#1201,,,p.Lys98Gly,0.186969698743756,0.0029628837358676,K98G,K98G,0.8401,pathogenic,0.15350508529455237,0.15990000000000004,False,98,False,False,True
urn:mavedb:00000055-a-1#1202,,,p.Lys98Glu,0.392035384533733,0.0293781179368263,K98E,K98E,0.3638,ambiguous,0.674277489307624,0.6362,False,98,False,False,True
urn:mavedb:00000055-a-1#1203,,,p.Lys98Arg,0.917447711893629,0.032987486982384,K98R,K98R,0.1075,benign,0.8719977510402195,0.8925,False,98,False,False,True
urn:mavedb:00000055-a-1#1204,,,p.Lys98Trp,0.4573542510313789,0.007984006118429,K98W,K98W,0.8221,pathogenic,0.16381677076343149,0.17789999999999995,False,98,False,False,True
urn:mavedb:00000055-a-1#1205,,,p.Lys98Ser,0.7005734026352739,0.0615248162116327,K98S,K98S,0.7975,pathogenic,0.17931814948294622,0.2025,False,98,False,False,True
urn:mavedb:00000055-a-1#1206,,,p.Lys98Cys,0.616473859222574,0.0048168413596002,K98C,K98C,0.7934,pathogenic,0.18206622473413614,0.2066,False,98,False,False,True
urn:mavedb:00000055-a-1#1207,,,p.Lys98Val,0.265399805055752,0.0670709471671068,K98V,K98V,0.5404,ambiguous,0.445725494144129,0.4596,False,98,False,False,True
urn:mavedb:00000055-a-1#1208,,,p.Lys98Asn,0.56842861905434,0.0112168311315255,K98N,K98N,0.8282,pathogenic,0.1602273565957358,0.17179999999999995,False,98,False,False,True
urn:mavedb:00000055-a-1#1209,,,p.Lys98Leu,0.434000537312641,0.009565494879713,K98L,K98L,0.5453,ambiguous,0.4392187260244884,0.4547,False,98,False,False,True
urn:mavedb:00000055-a-1#1210,,,p.Lys98Phe,0.12183266771232,0.0039770886787939,K98F,K98F,0.9095,pathogenic,0.12103534162700237,0.09050000000000002,False,98,False,False,True
urn:mavedb:00000055-a-1#1211,,,p.Lys98Gln,0.91306829087808,0.0235833305664968,K98Q,K98Q,0.2428,benign,0.7915364866793242,0.7572,False,98,False,False,True
urn:mavedb:00000055-a-1#1212,,,p.Lys98Ala,0.8393454642722141,0.0275273558618835,K98A,K98A,0.6718,pathogenic,0.28663613319067993,0.32820000000000005,True,98,False,True,True
urn:mavedb:00000055-a-1#1213,,,p.Lys98Met,0.400606843244686,0.0574140432405451,K98M,K98M,0.3677,ambiguous,0.6697820131920335,0.6323,False,98,False,False,True
urn:mavedb:00000055-a-1#1214,,,p.Lys98His,0.711604641443987,0.0515365836562761,K98H,K98H,0.5349,ambiguous,0.4530564080664042,0.46509999999999996,False,98,False,False,True
urn:mavedb:00000055-a-1#1215,,,p.Lys98Thr,0.475062725333246,0.0357609056871494,K98T,K98T,0.3966,ambiguous,0.6352785651754672,0.6033999999999999,False,98,False,False,True
urn:mavedb:00000055-a-1#1216,,,p.Lys98Tyr,0.496013729384076,0.0007554436409958,K98Y,K98Y,0.8009,pathogenic,0.1770754972059425,0.19910000000000005,False,98,False,False,True
urn:mavedb:00000055-a-1#1217,,,p.Lys98Asp,0.0587829217115869,0.0031278574751031,K98D,K98D,0.9135,pathogenic,0.119480837955755,0.08650000000000002,False,98,False,False,True
urn:mavedb:00000055-a-1#1218,,,p.Lys98Pro,-0.0045003654371757,0.0043135360232904,K98P,K98P,0.989,pathogenic,0.0954483685170513,0.01100000000000001,False,98,False,False,True
urn:mavedb:00000055-a-1#1219,,,p.Met97Val,0.311696103604793,0.0321178863058196,M97V,M97V,0.2108,benign,0.8150687144875005,0.7892,False,97,False,False,True
urn:mavedb:00000055-a-1#1220,,,p.Met97Leu,0.392719489947309,0.0353067454383665,M97L,M97L,0.323,benign,0.7187653061149434,0.677,False,97,False,False,True
urn:mavedb:00000055-a-1#1221,,,p.Met97Thr,-0.0058774724303472,0.0123884658495567,M97T,M97T,0.898,pathogenic,0.12568311091795084,0.10199999999999998,False,97,False,False,True
urn:mavedb:00000055-a-1#1222,,,p.Met97Cys,0.0444973317780102,0.0052887997218229,M97C,M97C,0.8284,pathogenic,0.1601113364359013,0.17159999999999997,False,97,False,False,True
urn:mavedb:00000055-a-1#1223,,,p.Met97Gly,0.030632040987251,0.0010936090647909,M97G,M97G,0.9737,pathogenic,0.099577321189078,0.02629999999999999,False,97,False,False,True
urn:mavedb:00000055-a-1#1224,,,p.Met97Ala,0.0444645866171472,0.0006364813483765,M97A,M97A,0.9256,pathogenic,0.11496650550825986,0.07440000000000002,False,97,False,False,True
urn:mavedb:00000055-a-1#1225,,,p.Met97Trp,0.0202088779896767,0.0041118203331599,M97W,M97W,0.9563,pathogenic,0.10470143259679295,0.04369999999999996,False,97,False,False,True
urn:mavedb:00000055-a-1#1226,,,p.Met97Ile,0.0364096072024132,0.0074667722441766,M97I,M97I,0.8184,pathogenic,0.16604232880838515,0.18159999999999998,False,97,False,False,True
urn:mavedb:00000055-a-1#1227,,,p.Met97Arg,0.0150254334232535,0.0308473926062305,M97R,M97R,0.9182,pathogenic,0.11769416351547068,0.08179999999999998,False,97,False,False,True
urn:mavedb:00000055-a-1#1228,,,p.Met97Phe,0.0290490803860797,0.0247012992787904,M97F,M97F,0.682,pathogenic,0.27611766722507397,0.31799999999999995,False,97,False,False,True
urn:mavedb:00000055-a-1#1229,,,p.Met97Glu,0.0363502364548175,0.013500104462601,M97E,M97E,0.9732,pathogenic,0.09971804784499447,0.026800000000000046,False,97,False,False,True
urn:mavedb:00000055-a-1#1230,,,p.Met97Tyr,0.0282003882508213,0.0207645780298482,M97Y,M97Y,0.9428,pathogenic,0.10901401704471653,0.05720000000000003,False,97,False,False,True
urn:mavedb:00000055-a-1#1231,,,p.Met97Ser,0.0392319371211882,0.0047589051001336,M97S,M97S,0.9487,pathogenic,0.10709166935282319,0.05130000000000001,False,97,False,False,True
urn:mavedb:00000055-a-1#1232,,,p.Met97Asp,-0.0004559768836861,0.0083838443688997,M97D,M97D,0.998,pathogenic,0.09317385210922682,0.0020000000000000018,False,97,False,False,True
urn:mavedb:00000055-a-1#1233,,,p.Met97Pro,0.0281467158554243,0.0510754213861541,M97P,M97P,0.9939,pathogenic,0.09419629799287946,0.006099999999999994,False,97,False,False,True
urn:mavedb:00000055-a-1#1234,,,p.Met97His,0.121881428866851,0.0032138219735165,M97H,M97H,0.9686,pathogenic,0.10103048882561358,0.031399999999999983,False,97,False,False,True
urn:mavedb:00000055-a-1#1235,,,p.Met97Asn,0.0190919380385161,0.0010964316903544,M97N,M97N,0.9797,pathogenic,0.09791761663528141,0.020299999999999985,False,97,False,False,True
urn:mavedb:00000055-a-1#1236,,,p.Met97Lys,0.0207776697388183,0.0044220211941745,M97K,M97K,0.9203,pathogenic,0.1169095817347178,0.0797,False,97,False,False,True
urn:mavedb:00000055-a-1#1237,,,p.Met97Gln,0.152696484103804,0.0125498021811586,M97Q,M97Q,0.85,pathogenic,0.1481871390760517,0.15000000000000002,False,97,False,False,True
urn:mavedb:00000055-a-1#1238,,,p.Leu96Val,0.969367104837303,0.0093674135946527,L96V,L96V,0.1473,benign,0.853221011624343,0.8527,False,96,False,False,True
urn:mavedb:00000055-a-1#1239,,,p.Leu96Ile,1.00364189602596,0.0085452199090598,L96I,L96I,0.1035,benign,0.8736906806395097,0.8965,False,96,False,False,True
urn:mavedb:00000055-a-1#1240,,,p.Leu96Cys,0.899917344540364,0.0044187934131693,L96C,L96C,0.6294,pathogenic,0.33358665796699605,0.37060000000000004,True,96,False,True,True
urn:mavedb:00000055-a-1#1241,,,p.Leu96Ala,0.713913603376619,0.0023853939901217,L96A,L96A,0.7397,pathogenic,0.2226418192798254,0.2603,False,96,False,False,True
urn:mavedb:00000055-a-1#1242,,,p.Leu96Gln,0.289707268827141,0.0570079680258617,L96Q,L96Q,0.7752,pathogenic,0.194852148887393,0.2248,False,96,False,False,True
urn:mavedb:00000055-a-1#1243,,,p.Leu96Met,0.906798458931414,0.0351694461754736,L96M,L96M,0.177,benign,0.8367190321850556,0.823,False,96,False,False,True
urn:mavedb:00000055-a-1#1244,,,p.Leu96Trp,0.8851068781159499,0.011802976106365,L96W,L96W,0.4928,ambiguous,0.5097184886276577,0.5072,False,96,False,False,True
urn:mavedb:00000055-a-1#1245,,,p.Leu96Thr,0.8464734945952951,0.0073332957536853,L96T,L96T,0.7451,pathogenic,0.21816629064831078,0.2549,True,96,False,True,True
urn:mavedb:00000055-a-1#1246,,,p.Leu96Tyr,0.93747381380405,0.006224444091063,L96Y,L96Y,0.5792,pathogenic,0.39504759271800594,0.42079999999999995,False,96,False,True,True
urn:mavedb:00000055-a-1#1247,,,p.Leu96Phe,0.879310949115977,0.0312430247823865,L96F,L96F,0.1276,benign,0.862966751473788,0.8724000000000001,False,96,False,False,True
urn:mavedb:00000055-a-1#1248,,,p.Leu96His,0.664668507291122,0.0239939902361855,L96H,L96H,0.721,pathogenic,0.2388396036750638,0.279,False,96,False,False,True
urn:mavedb:00000055-a-1#1249,,,p.Leu96Lys,0.0255797288473562,0.0017111171327615,L96K,L96K,0.9226,pathogenic,0.11605987986468609,0.07740000000000002,False,96,False,False,True
urn:mavedb:00000055-a-1#1250,,,p.Leu96Asp,-0.0019456679143798,0.0289302255165406,L96D,L96D,0.9822,pathogenic,0.09724166317586556,0.017800000000000038,False,96,False,False,True
urn:mavedb:00000055-a-1#1251,,,p.Leu96Ser,0.0550201983471915,0.0025879862297769,L96S,L96S,0.8676,pathogenic,0.13932385990034793,0.13239999999999996,False,96,False,False,True
urn:mavedb:00000055-a-1#1252,,,p.Leu96Asn,0.0279661669821723,0.0133311274154917,L96N,L96N,0.8813,pathogenic,0.1329245712623991,0.11870000000000003,False,96,False,False,True
urn:mavedb:00000055-a-1#1253,,,p.Leu96Gly,0.0294132952465729,0.00518663447664,L96G,L96G,0.903,pathogenic,0.12362932824905833,0.09699999999999998,False,96,False,False,True
urn:mavedb:00000055-a-1#1254,,,p.Leu96Glu,0.0894940663148182,0.0270891619241151,L96E,L96E,0.9298,pathogenic,0.11346380769457144,0.07020000000000004,False,96,False,False,True
urn:mavedb:00000055-a-1#1255,,,p.Leu96Pro,0.104515161725006,0.0538392884930621,L96P,L96P,0.9183,pathogenic,0.11765661158921768,0.0817,False,96,False,False,True
urn:mavedb:00000055-a-1#1256,,,p.Leu96Arg,0.0394866849438808,0.0018257261637016,L96R,L96R,0.8534,pathogenic,0.14641682294300928,0.14659999999999995,False,96,False,False,True
urn:mavedb:00000055-a-1#1257,,,p.Ile95Val,1.10853863252812,0.0087511679452502,I95V,I95V,0.1226,benign,0.8652968892094184,0.8774,False,95,False,False,True
urn:mavedb:00000055-a-1#1258,,,p.Ile95Thr,0.0164786467569664,0.0217115734205258,I95T,I95T,0.9334,pathogenic,0.11220141331398026,0.06659999999999999,False,95,False,False,True
urn:mavedb:00000055-a-1#1259,,,p.Ile95Cys,0.0157856645484384,0.0045274950570888,I95C,I95C,0.8942,pathogenic,0.1272786389914794,0.1058,False,95,False,False,True
urn:mavedb:00000055-a-1#1260,,,p.Ile95Leu,0.922012583528854,0.0108399631053422,I95L,I95L,0.2236,benign,0.8060207946384567,0.7764,False,95,False,False,True
urn:mavedb:00000055-a-1#1261,,,p.Ile95Met,0.0409046086795065,0.001728806907535,I95M,I95M,0.3824,ambiguous,0.6524853734524863,0.6175999999999999,False,95,False,False,True
urn:mavedb:00000055-a-1#1262,,,p.Ile95Phe,0.0350797080090917,0.0189321612072663,I95F,I95F,0.6387,pathogenic,0.3228620835142895,0.36129999999999995,False,95,False,False,True
urn:mavedb:00000055-a-1#1263,,,p.Ile95Ala,-0.0034473413279358,0.0066721073745433,I95A,I95A,0.904,pathogenic,0.12322471058807803,0.09599999999999997,False,95,False,False,True
urn:mavedb:00000055-a-1#1264,,,p.Ile95His,0.0699644145767691,0.0083568518932042,I95H,I95H,0.9835,pathogenic,0.09689373647810087,0.01649999999999996,False,95,False,False,True
urn:mavedb:00000055-a-1#1265,,,p.Ile95Pro,0.0081651631329626,0.0098114153660971,I95P,I95P,0.9624,pathogenic,0.10285099803805212,0.03759999999999997,False,95,False,False,True
urn:mavedb:00000055-a-1#1266,,,p.Ile95Asn,0.0518720752248773,0.0098046297155328,I95N,I95N,0.9388,pathogenic,0.11035136203350618,0.06120000000000003,False,95,False,False,True
urn:mavedb:00000055-a-1#1267,,,p.Ile95Glu,0.0378660034417349,0.0124525630925113,I95E,I95E,0.992,pathogenic,0.09467786394887504,0.008000000000000007,False,95,False,False,True
urn:mavedb:00000055-a-1#1268,,,p.Ile95Ser,0.0816682979138652,0.0065154161370684,I95S,I95S,0.933,pathogenic,0.11234052312121012,0.06699999999999995,False,95,False,False,True
urn:mavedb:00000055-a-1#1269,,,p.Ile95Tyr,0.0919469928163391,0.0082481782071064,I95Y,I95Y,0.9494,pathogenic,0.10686750649715418,0.05059999999999998,False,95,False,False,True
urn:mavedb:00000055-a-1#1270,,,p.Ile95Gln,0.0707123838294683,0.0005052653059075,I95Q,I95Q,0.983,pathogenic,0.0970272669355303,0.017000000000000015,False,95,False,False,True
urn:mavedb:00000055-a-1#1271,,,p.Ile95Arg,0.0602297400591618,0.00145051378785,I95R,I95R,0.972,pathogenic,0.10005732771039333,0.028000000000000025,False,95,False,False,True
urn:mavedb:00000055-a-1#1272,,,p.Ile95Asp,0.0250367382627872,0.0071134442332491,I95D,I95D,0.9953,pathogenic,0.09384461407994565,0.0047000000000000375,False,95,False,False,True
urn:mavedb:00000055-a-1#1273,,,p.Ile95Trp,0.0474128274645439,0.0035215397376751,I95W,I95W,0.9794,pathogenic,0.09799934184772749,0.02059999999999995,False,95,False,False,True
urn:mavedb:00000055-a-1#1274,,,p.Ile95Gly,0.0283871478397575,0.0073820322948981,I95G,I95G,0.9758,pathogenic,0.09899035593727232,0.0242,False,95,False,False,True
urn:mavedb:00000055-a-1#1275,,,p.Ile95Lys,0.0408363407781219,0.0226581931858078,I95K,I95K,0.9844,pathogenic,0.096654284166473,0.015599999999999947,False,95,False,False,True
urn:mavedb:00000055-a-1#1279,,,p.Thr94Ser,0.795726946152865,0.0697453939974724,T94S,T94S,0.433,ambiguous,0.5892512779575114,0.567,False,94,False,False,True
urn:mavedb:00000055-a-1#1280,,,p.Thr94Ala,0.541240270447779,0.0220658568070805,T94A,T94A,0.4681,ambiguous,0.5429340097243822,0.5319,False,94,False,False,True
urn:mavedb:00000055-a-1#1281,,,p.Thr94Asp,0.7106882588152741,0.0322914371176729,T94D,T94D,0.8655,pathogenic,0.14034276947691393,0.13449999999999995,False,94,False,False,True
urn:mavedb:00000055-a-1#1282,,,p.Thr94Met,1.02995891276131,0.0135262675567654,T94M,T94M,0.3937,ambiguous,0.638830380586306,0.6063000000000001,False,94,False,False,True
urn:mavedb:00000055-a-1#1284,,,p.Thr94Trp,0.8549300355074191,0.025134088525854,T94W,T94W,0.9213,pathogenic,0.11653891795543454,0.07869999999999999,True,94,False,True,True
urn:mavedb:00000055-a-1#1286,,,p.Val93Leu,0.0992810110150249,0.0607955348010789,V93L,V93L,0.5483,ambiguous,0.43524754797625753,0.4517,False,93,False,False,True
urn:mavedb:00000055-a-1#1287,,,p.Val93Asp,0.0348787174619475,0.0210923694659527,V93D,V93D,0.9795,pathogenic,0.09797208550602662,0.020499999999999963,False,93,False,False,True
urn:mavedb:00000055-a-1#1288,,,p.Val93Trp,0.0280913635073855,0.0116567682084028,V93W,V93W,0.9928,pathogenic,0.09447449614438622,0.007199999999999984,False,93,False,False,True
urn:mavedb:00000055-a-1#1289,,,p.Val93Asn,0.0951387254690584,0.0377974098589165,V93N,V93N,0.9361,pathogenic,0.11126991527997487,0.06389999999999996,False,93,False,False,True
urn:mavedb:00000055-a-1#1290,,,p.Val93Thr,0.2200701054228289,0.0070972689738636,V93T,V93T,0.7861,pathogenic,0.18707866130973072,0.21389999999999998,False,93,False,False,True
urn:mavedb:00000055-a-1#1291,,,p.Val93Ile,1.0095342348325,0.0093710968290778,V93I,V93I,0.0822,benign,0.8821554372343182,0.9178,False,93,False,False,True
urn:mavedb:00000055-a-1#1292,,,p.Val93Tyr,0.0477048695606359,0.0080030961126715,V93Y,V93Y,0.9774,pathogenic,0.0985475465961504,0.022599999999999953,False,93,False,False,True
urn:mavedb:00000055-a-1#1293,,,p.Val93Lys,0.0735631085622298,0.0490723186673513,V93K,V93K,0.9774,pathogenic,0.0985475465961504,0.022599999999999953,False,93,False,False,True
urn:mavedb:00000055-a-1#1294,,,p.Val93Ala,0.121207383983368,0.0065496951518511,V93A,V93A,0.8292,pathogenic,0.1596483062972623,0.17079999999999995,False,93,False,False,True
urn:mavedb:00000055-a-1#1295,,,p.Val93Ser,0.0056145632687498,0.001839127724504,V93S,V93S,0.8948,pathogenic,0.12702470270744826,0.10519999999999996,False,93,False,False,True
urn:mavedb:00000055-a-1#1296,,,p.Val93His,0.0304702024545638,0.003554904491788,V93H,V93H,0.9877,pathogenic,0.095786146898769,0.012299999999999978,False,93,False,False,True
urn:mavedb:00000055-a-1#1297,,,p.Val93Phe,0.0135720481352375,0.0149784201033724,V93F,V93F,0.7972,pathogenic,0.17951760365325636,0.20279999999999998,False,93,False,False,True
urn:mavedb:00000055-a-1#1298,,,p.Val93Glu,0.0526259590919133,0.0390761046814479,V93E,V93E,0.9647,pathogenic,0.10216864982981252,0.0353,False,93,False,False,True
urn:mavedb:00000055-a-1#1299,,,p.Val93Gln,-0.0032122139534731,0.0079287510094425,V93Q,V93Q,0.9612,pathogenic,0.10321031948092921,0.038799999999999946,False,93,False,False,True
urn:mavedb:00000055-a-1#1300,,,p.Val93Arg,0.0058123903390463,0.0570402840874236,V93R,V93R,0.9622,pathogenic,0.10291072655269883,0.037799999999999945,False,93,False,False,True
urn:mavedb:00000055-a-1#1301,,,p.Pro109Cys,0.627782110714292,0.0455484268637287,P109C,P109C,0.7909,pathogenic,0.18376549906031076,0.20909999999999995,False,109,False,False,True
urn:mavedb:00000055-a-1#1302,,,p.Pro109Gln,0.743051825204527,0.0172238575643822,P109Q,P109Q,0.8111,pathogenic,0.1705420591340556,0.18889999999999996,False,109,False,False,True
urn:mavedb:00000055-a-1#1303,,,p.Pro109Lys,0.6446448969077471,0.0103687492719222,P109K,P109K,0.8807,pathogenic,0.1331959920152901,0.11929999999999996,False,109,False,False,True
urn:mavedb:00000055-a-1#1304,,,p.Pro109Gly,0.687185287045685,0.0034666001072126,P109G,P109G,0.7603,pathogenic,0.20604965940250675,0.23970000000000002,False,109,False,False,True
urn:mavedb:00000055-a-1#1305,,,p.Pro109Asn,0.822400488771005,0.0045923346588637,P109N,P109N,0.9475,pathogenic,0.10747786595301154,0.05249999999999999,True,109,False,True,True
urn:mavedb:00000055-a-1#1306,,,p.Pro109Asp,0.756223461872826,0.0439911752413308,P109D,P109D,0.9706,pathogenic,0.10045590786897027,0.02939999999999998,False,109,False,False,True
urn:mavedb:00000055-a-1#1307,,,p.Pro109Arg,0.666254461038531,0.0186016876153876,P109R,P109R,0.7772,pathogenic,0.19339961231050662,0.2228,False,109,False,False,True
urn:mavedb:00000055-a-1#1308,,,p.Glu108Pro,0.864601583792359,0.0481876225514353,E108P,E108P,0.5486,ambiguous,0.43485098520023996,0.4514,False,108,False,False,True
urn:mavedb:00000055-a-1#1310,,,p.Glu108Cys,0.9769435924877472,0.0210820209196267,E108C,E108C,0.6557,pathogenic,0.3038660626704604,0.34430000000000005,True,108,False,True,True
urn:mavedb:00000055-a-1#1311,,,p.Glu108Ala,0.6822155453769689,0.0119969430465699,E108A,E108A,0.1818,benign,0.8338363208065178,0.8182,False,108,False,False,True
urn:mavedb:00000055-a-1#1312,,,p.Glu108Ile,0.541418426653292,0.0904962256408118,E108I,E108I,0.2427,benign,0.7916148091057009,0.7573,False,108,False,False,True
urn:mavedb:00000055-a-1#1313,,,p.Glu108Tyr,0.712894764210828,0.0341811573253814,E108Y,E108Y,0.4922,ambiguous,0.5105280784852567,0.5078,False,108,False,False,True
urn:mavedb:00000055-a-1#1314,,,p.Glu108Thr,0.6117844409701451,0.0098354035419867,E108T,E108T,0.1999,benign,0.8223997613088759,0.8001,False,108,False,False,True
urn:mavedb:00000055-a-1#1315,,,p.Glu108Lys,0.728893993313514,0.0219133491106917,E108K,E108K,0.1359,benign,0.8589722328357673,0.8641,False,108,False,False,True
urn:mavedb:00000055-a-1#1316,,,p.Glu108Met,0.374432043862162,0.0019638199010126,E108M,E108M,0.3507,ambiguous,0.6890770735067762,0.6493,False,108,False,False,True
urn:mavedb:00000055-a-1#1317,,,p.Glu108Gly,0.717940392263034,0.0308040201215464,E108G,E108G,0.2219,benign,0.8072501679867934,0.7781,False,108,False,False,True
urn:mavedb:00000055-a-1#1318,,,p.Glu108Arg,0.784168693849778,0.0443467575474472,E108R,E108R,0.2117,benign,0.8144481526468295,0.7883,False,108,False,False,True
urn:mavedb:00000055-a-1#1320,,,p.Glu108His,0.781976704055793,0.0632566560718584,E108H,E108H,0.3621,ambiguous,0.6762244036994156,0.6379,False,108,False,False,True
urn:mavedb:00000055-a-1#1321,,,p.Glu108Asp,0.897667035035308,0.0523911275487223,E108D,E108D,0.1775,benign,0.8364216309613847,0.8225,False,108,False,False,True
urn:mavedb:00000055-a-1#1322,,,p.Glu108Ser,0.7833499719159269,0.0267920428531274,E108S,E108S,0.234,benign,0.7983127285338601,0.766,False,108,False,False,True
urn:mavedb:00000055-a-1#1323,,,p.Glu108Val,0.754448775561808,0.0083304508980853,E108V,E108V,0.1518,benign,0.8508641323157998,0.8482000000000001,False,108,False,False,True
urn:mavedb:00000055-a-1#1324,,,p.Glu108Asn,0.645777363806095,0.0733366947169524,E108N,E108N,0.304,benign,0.7378050479520707,0.696,False,108,False,False,True
urn:mavedb:00000055-a-1#1325,,,p.Glu108Leu,0.600742955650459,0.0028260135333007,E108L,E108L,0.2793,benign,0.7608916655390335,0.7207,False,108,False,False,True
urn:mavedb:00000055-a-1#1326,,,p.Glu108Trp,0.7333025665981909,0.0172463247133559,E108W,E108W,0.7855,pathogenic,0.18749750606239052,0.21450000000000002,False,108,False,False,True
urn:mavedb:00000055-a-1#1328,,,p.Ser107Ile,0.786648601191169,0.0726886193502079,S107I,S107I,0.169,benign,0.8413873823503634,0.831,False,107,False,False,True
urn:mavedb:00000055-a-1#1329,,,p.Ser107Asp,1.13757402587794,0.0073163282847932,S107D,S107D,0.2378,benign,0.7954153836642637,0.7622,False,107,False,False,True
urn:mavedb:00000055-a-1#1330,,,p.Ser107Pro,0.9377518609427592,0.0063055594066861,S107P,S107P,0.0949,benign,0.8772180273077758,0.9051,False,107,False,False,True
urn:mavedb:00000055-a-1#1331,,,p.Ser107Tyr,0.9784591191384742,0.0324991909100928,S107Y,S107Y,0.1779,benign,0.8361832292365685,0.8221,False,107,False,False,True
urn:mavedb:00000055-a-1#1332,,,p.Ser107Phe,1.04586285754192,0.02767293327255,S107F,S107F,0.2202,benign,0.8084710093484484,0.7798,False,107,False,False,True
urn:mavedb:00000055-a-1#1333,,,p.Ser107Glu,0.758247565705353,0.0448599646780119,S107E,S107E,0.248,benign,0.7874216758606603,0.752,False,107,False,False,True
urn:mavedb:00000055-a-1#1334,,,p.Ser107Trp,0.8723106748637521,0.0290199655609433,S107W,S107W,0.2133,benign,0.813339136231154,0.7867,False,107,False,False,True
urn:mavedb:00000055-a-1#1335,,,p.Ser107Gly,0.9454215659379448,0.0088960256754901,S107G,S107G,0.1038,benign,0.873564876099102,0.8962,False,107,False,False,True
urn:mavedb:00000055-a-1#1336,,,p.Ser107Met,0.9873284385835353,0.0099694783773489,S107M,S107M,0.1962,benign,0.8248115891783231,0.8038,False,107,False,False,True
urn:mavedb:00000055-a-1#1337,,,p.Ser107Leu,0.8322941299105291,0.0769518368813739,S107L,S107L,0.097,benign,0.8763706717509416,0.903,False,107,False,False,True
urn:mavedb:00000055-a-1#1338,,,p.Ser107Val,0.8877343007091729,0.0196963711459449,S107V,S107V,0.1492,benign,0.8522319548832546,0.8508,False,107,False,False,True
urn:mavedb:00000055-a-1#1339,,,p.Ser107Cys,1.00284850999615,0.0285556736141863,S107C,S107C,0.0948,benign,0.8772581549219151,0.9052,False,107,False,False,True
urn:mavedb:00000055-a-1#1340,,,p.Ser107Arg,0.77967508182645,0.0155854893574455,S107R,S107R,0.3132,benign,0.7287233702727419,0.6868000000000001,False,107,False,False,True
urn:mavedb:00000055-a-1#1341,,,p.Ser107Ala,0.9829724254948308,0.0122233785475071,S107A,S107A,0.0775,benign,0.8839033840773514,0.9225,False,107,False,False,True
urn:mavedb:00000055-a-1#1342,,,p.Ser107His,0.920816830077257,0.0243725015693186,S107H,S107H,0.2631,benign,0.7750020185821226,0.7369,False,107,False,False,True
urn:mavedb:00000055-a-1#1343,,,p.Ser107Asn,0.92174534084236,0.0191500181040257,S107N,S107N,0.1805,benign,0.8346231689648086,0.8195,False,107,False,False,True
urn:mavedb:00000055-a-1#1344,,,p.Ser107Lys,0.8923222925921992,0.0141996474361085,S107K,S107K,0.3767,ambiguous,0.6592569081773668,0.6233,False,107,False,False,True
urn:mavedb:00000055-a-1#1345,,,p.Ser107Thr,0.908282233133422,0.0198298179948865,S107T,S107T,0.0978,benign,0.8760455123864784,0.9022,False,107,False,False,True
urn:mavedb:00000055-a-1#1346,,,p.Ser107Gln,0.969895819206895,0.0187815585655567,S107Q,S107Q,0.3026,benign,0.7391642116964421,0.6974,False,107,False,False,True
urn:mavedb:00000055-a-1#1347,,,p.Asp106Glu,0.7506762437236228,0.0235986426742645,D106E,D106E,0.1188,benign,0.8670302472625386,0.8812,False,106,False,False,True
urn:mavedb:00000055-a-1#1348,,,p.Asp106Asn,0.896845837043544,0.0147357684776148,D106N,D106N,0.1023,benign,0.8741920219028793,0.8976999999999999,False,106,False,False,True
urn:mavedb:00000055-a-1#1349,,,p.Asp106Trp,0.7937004158424631,0.0073861465072238,D106W,D106W,0.6187,pathogenic,0.34620161268028066,0.3813,False,106,False,False,True
urn:mavedb:00000055-a-1#1350,,,p.Asp106His,0.7432686322481609,0.0484261482108622,D106H,D106H,0.1431,benign,0.8553761604221144,0.8569,False,106,False,False,True
urn:mavedb:00000055-a-1#1351,,,p.Asp106Met,0.8403047891998091,0.003983189349554,D106M,D106M,0.4322,ambiguous,0.5902882981211434,0.5678000000000001,False,106,False,False,True
urn:mavedb:00000055-a-1#1352,,,p.Asp106Ser,0.7057323034486871,0.0145607800899939,D106S,D106S,0.0983,benign,0.8758416243934651,0.9017,False,106,False,False,True
urn:mavedb:00000055-a-1#1353,,,p.Asp106Ala,0.997793321122913,0.0125023169852664,D106A,D106A,0.1005,benign,0.8749384270306394,0.8995,False,106,False,False,True
urn:mavedb:00000055-a-1#1354,,,p.Asp106Gln,0.9484401326389807,0.0023845481925935,D106Q,D106Q,0.1649,benign,0.8437149728715617,0.8351,False,106,False,False,True
urn:mavedb:00000055-a-1#1355,,,p.Asp106Ile,0.890040707302354,0.0088531798510576,D106I,D106I,0.1904,benign,0.8285152668626211,0.8096,False,106,False,False,True
urn:mavedb:00000055-a-1#1356,,,p.Asp106Arg,0.940925559701245,0.0182789162964526,D106R,D106R,0.169,benign,0.8413873823503634,0.831,False,106,False,False,True
urn:mavedb:00000055-a-1#1357,,,p.Asp106Leu,0.826535435886443,0.0124926776337771,D106L,D106L,0.187,benign,0.8306431100533936,0.813,False,106,False,False,True
urn:mavedb:00000055-a-1#1358,,,p.Asp106Val,0.8706396566519399,0.0215484527579591,D106V,D106V,0.1213,benign,0.8658935016159373,0.8787,False,106,False,False,True
urn:mavedb:00000055-a-1#1359,,,p.Val93Pro,0.0268322371289323,0.0066066374502573,V93P,V93P,0.9782,pathogenic,0.098327559747081,0.02180000000000004,False,93,False,False,True
urn:mavedb:00000055-a-1#1361,,,p.Val93Gly,0.0712076412630048,0.0264699050973181,V93G,V93G,0.8879,pathogenic,0.12999108654408015,0.11209999999999998,False,93,False,False,True
urn:mavedb:00000055-a-1#1362,,,p.Tyr92Lys,0.406947550648049,0.0041705360369773,Y92K,Y92K,0.9671,pathogenic,0.101465454561803,0.03290000000000004,False,92,False,False,True
urn:mavedb:00000055-a-1#1363,,,p.Tyr92Arg,0.6349739684701601,0.000303280294198,Y92R,Y92R,0.9091,pathogenic,0.12119252916815787,0.09089999999999998,False,92,False,False,True
urn:mavedb:00000055-a-1#1364,,,p.Tyr92Gly,0.838821519824971,0.0042952707935195,Y92G,Y92G,0.8023,pathogenic,0.1761615394028314,0.1977,True,92,False,True,True
urn:mavedb:00000055-a-1#1365,,,p.Tyr92Ala,1.07409286941355,0.000884886673711,Y92A,Y92A,0.8743,pathogenic,0.1361411280426798,0.12570000000000003,True,92,False,True,True
urn:mavedb:00000055-a-1#1366,,,p.Tyr92Ser,1.22515662828969,0.0163431596472223,Y92S,Y92S,0.6105,pathogenic,0.35605942294507065,0.38949999999999996,True,92,False,True,True
urn:mavedb:00000055-a-1#1367,,,p.Tyr92Ile,0.9524974760802072,0.0247580196459776,Y92I,Y92I,0.8829,pathogenic,0.1322046688325849,0.11709999999999998,True,92,False,True,True
urn:mavedb:00000055-a-1#1368,,,p.Tyr92Pro,0.140054173084538,0.0038950922227101,Y92P,Y92P,0.987,pathogenic,0.09596901032211319,0.013000000000000012,False,92,False,False,True
urn:mavedb:00000055-a-1#1369,,,p.Tyr92Phe,0.629526828373371,0.0475349029341784,Y92F,Y92F,0.2993,benign,0.7423439876211482,0.7007,False,92,False,False,True
urn:mavedb:00000055-a-1#1370,,,p.Tyr92Leu,0.45596737152259,0.0597328617460583,Y92L,Y92L,0.846,pathogenic,0.1503063244913897,0.15400000000000003,False,92,False,False,True
urn:mavedb:00000055-a-1#1371,,,p.Tyr92Cys,0.964372747706722,0.0048868106981595,Y92C,Y92C,0.5203,ambiguous,0.4726288297929265,0.4797,False,92,False,False,True
urn:mavedb:00000055-a-1#1372,,,p.Tyr92His,0.9558537828899292,0.0565877144823508,Y92H,Y92H,0.7883,pathogenic,0.18555184735317065,0.2117,True,92,False,True,True
urn:mavedb:00000055-a-1#1373,,,p.Tyr92Val,0.941970020728206,0.0014676526114129,Y92V,Y92V,0.7645,pathogenic,0.2028257551831722,0.23550000000000004,True,92,False,True,True
urn:mavedb:00000055-a-1#1374,,,p.Tyr92Asn,0.967875625940774,0.0030787668196356,Y92N,Y92N,0.7508,pathogenic,0.213539640654049,0.24919999999999998,True,92,False,True,True
urn:mavedb:00000055-a-1#1375,,,p.Tyr92Thr,0.9900278874209052,0.0017149933491941,Y92T,Y92T,0.8364,pathogenic,0.1555560821006226,0.16359999999999997,True,92,False,True,True
urn:mavedb:00000055-a-1#1376,,,p.Tyr92Gln,0.8868018270307959,0.0423504285091034,Y92Q,Y92Q,0.9554,pathogenic,0.10497952575564451,0.04459999999999997,True,92,False,True,True
urn:mavedb:00000055-a-1#1377,,,p.Tyr92Met,0.879344169362048,0.0003420167189662,Y92M,Y92M,0.9127,pathogenic,0.11978922410582214,0.08730000000000004,True,92,False,True,True
urn:mavedb:00000055-a-1#1378,,,p.Tyr92Asp,0.976105808959542,0.0114369223913502,Y92D,Y92D,0.8136,pathogenic,0.16898468208535322,0.1864,True,92,False,True,True
urn:mavedb:00000055-a-1#1379,,,p.Tyr92Trp,0.976828874449596,0.0947780761114394,Y92W,Y92W,0.6947,pathogenic,0.26346244714621225,0.3053,True,92,False,True,True
urn:mavedb:00000055-a-1#1380,,,p.Tyr92Glu,0.8775989282416959,0.0029818432092233,Y92E,Y92E,0.9719,pathogenic,0.10008569918010435,0.028100000000000014,True,92,False,True,True
urn:mavedb:00000055-a-1#1382,,,p.His91Glu,0.035565044477833,0.0070468228724977,H91E,H91E,0.9748,pathogenic,0.09926904190875434,0.0252,False,91,False,False,True
urn:mavedb:00000055-a-1#1383,,,p.His91Cys,0.135260314982574,0.0327042149193383,H91C,H91C,0.7487,pathogenic,0.21523257414864655,0.25129999999999997,False,91,False,False,True
urn:mavedb:00000055-a-1#1384,,,p.His91Ser,0.0443934534078274,0.0261763999473357,H91S,H91S,0.9199,pathogenic,0.1170583782872071,0.08009999999999995,False,91,False,False,True
urn:mavedb:00000055-a-1#1385,,,p.His91Met,0.0254711814900858,0.0069213642648393,H91M,H91M,0.9746,pathogenic,0.09932495804411609,0.025399999999999978,False,91,False,False,True
urn:mavedb:00000055-a-1#1386,,,p.His91Gln,0.067602194019422,0.0464567455272439,H91Q,H91Q,0.8723,pathogenic,0.13708043003322506,0.12770000000000004,False,91,False,False,True
urn:mavedb:00000055-a-1#1387,,,p.His91Ala,0.0530691005506204,0.0168787912892099,H91A,H91A,0.9719,pathogenic,0.10008569918010435,0.028100000000000014,False,91,False,False,True
urn:mavedb:00000055-a-1#1388,,,p.His91Thr,0.0525059452539385,0.0481348332589658,H91T,H91T,0.9769,pathogenic,0.09868551754744866,0.02310000000000001,False,91,False,False,True
urn:mavedb:00000055-a-1#1389,,,p.His91Tyr,0.056077777498722,0.0224244654505637,H91Y,H91Y,0.8106,pathogenic,0.1708555947722577,0.1894,False,91,False,False,True
urn:mavedb:00000055-a-1#1390,,,p.His91Asn,0.0608406102958343,0.0077987167203671,H91N,H91N,0.8469,pathogenic,0.1498260473578634,0.1531,False,91,False,False,True
urn:mavedb:00000055-a-1#1391,,,p.His91Phe,0.179914666023981,0.0487038571131818,H91F,H91F,0.9264,pathogenic,0.11467776987474128,0.0736,False,91,False,False,True
urn:mavedb:00000055-a-1#1392,,,p.His91Gly,0.0475426710412696,0.0437870845061987,H91G,H91G,0.9687,pathogenic,0.10100161428708468,0.031299999999999994,False,91,False,False,True
urn:mavedb:00000055-a-1#1393,,,p.His91Ile,0.12812044826478,0.0078532493917196,H91I,H91I,0.9756,pathogenic,0.09904597402227434,0.024399999999999977,False,91,False,False,True
urn:mavedb:00000055-a-1#1394,,,p.His91Leu,0.0139973394032458,0.0458390586825047,H91L,H91L,0.8514,pathogenic,0.1474547562566513,0.14859999999999995,False,91,False,False,True
urn:mavedb:00000055-a-1#1395,,,p.His91Pro,0.4866707393822879,0.033750806568453,H91P,H91P,0.9142,pathogenic,0.11921202491648814,0.08579999999999999,False,91,False,False,True
urn:mavedb:00000055-a-1#1397,,,p.His91Arg,0.1498039630718,0.0043587149315702,H91R,H91R,0.9089,pathogenic,0.12127124211483796,0.09109999999999996,False,91,False,False,True
urn:mavedb:00000055-a-1#1398,,,p.His91Trp,0.0702009470580212,0.0175890535409461,H91W,H91W,0.9028,pathogenic,0.12371049579469076,0.09719999999999995,False,91,False,False,True
urn:mavedb:00000055-a-1#1399,,,p.His91Asp,0.248579676134071,0.0020851548063289,H91D,H91D,0.9628,pathogenic,0.10273173061982177,0.03720000000000001,False,91,False,False,True
urn:mavedb:00000055-a-1#1405,,,p.Tyr90Ile,1.02573066843252,0.0300328757801497,Y90I,Y90I,0.7488,pathogenic,0.21515165117177681,0.2512,True,90,False,True,True
urn:mavedb:00000055-a-1#1406,,,p.Tyr90Asn,1.23204986966512,0.0085644604689332,Y90N,Y90N,0.6766,pathogenic,0.2816473123735341,0.3234,True,90,False,True,True
urn:mavedb:00000055-a-1#1407,,,p.Tyr90Ala,0.939377810989841,0.0498428428716413,Y90A,Y90A,0.8866,pathogenic,0.1305613886330868,0.11339999999999995,True,90,False,True,True
urn:mavedb:00000055-a-1#1408,,,p.Tyr90Cys,1.0156750401395,0.002531371489204,Y90C,Y90C,0.4234,ambiguous,0.6016273526591542,0.5766,False,90,False,False,True
urn:mavedb:00000055-a-1#1411,,,p.Tyr90Met,0.9531109365216128,0.116587037299999,Y90M,Y90M,0.8679,pathogenic,0.1391791388903276,0.1321,True,90,False,True,True
urn:mavedb:00000055-a-1#1414,,,p.Tyr90Gln,1.07943257111126,0.0186261134583163,Y90Q,Y90Q,0.9055,pathogenic,0.12262158328095321,0.09450000000000003,True,90,False,True,True
urn:mavedb:00000055-a-1#1415,,,p.Tyr90Asp,0.6309779911152651,0.0248294944645599,Y90D,Y90D,0.8195,pathogenic,0.1653768310351915,0.1805,False,90,False,False,True
urn:mavedb:00000055-a-1#1420,,,p.Asn89Arg,1.13897156929434,0.0361621462859419,N89R,N89R,0.3177,benign,0.7241869496981271,0.6823,False,89,False,False,True
urn:mavedb:00000055-a-1#1421,,,p.Asn89Cys,1.02229849586085,0.078807887662872,N89C,N89C,0.3727,ambiguous,0.6639603671830698,0.6273,False,89,False,False,True
urn:mavedb:00000055-a-1#1422,,,p.Asn89Ser,0.991783792012102,0.0396149025743437,N89S,N89S,0.1384,benign,0.8577375534581535,0.8616,False,89,False,False,True
urn:mavedb:00000055-a-1#1423,,,p.Asn89Lys,0.91250127878308,0.028660010445631,N89K,N89K,0.2776,benign,0.7624107635154558,0.7223999999999999,False,89,False,False,True
urn:mavedb:00000055-a-1#1424,,,p.Asn89Gln,0.879032420758024,0.0031227753144546,N89Q,N89Q,0.3044,benign,0.7374156044835601,0.6956,False,89,False,False,True
urn:mavedb:00000055-a-1#1425,,,p.Asn89Phe,0.622653651570565,0.0483831036188979,N89F,N89F,0.7063,pathogenic,0.2523372437434839,0.29369999999999996,False,89,False,False,True
urn:mavedb:00000055-a-1#1426,,,p.Asn89Ile,0.305898617569401,0.0178344848232633,N89I,N89I,0.4454,ambiguous,0.5730577749895472,0.5546,False,89,False,False,True
urn:mavedb:00000055-a-1#1427,,,p.Asn89Pro,0.7952980962233109,0.0291046901867341,N89P,N89P,0.7099,pathogenic,0.24896947655344515,0.2901,False,89,False,False,True
urn:mavedb:00000055-a-1#1429,,,p.Asn89Asp,0.967224443115714,0.0314929397194282,N89D,N89D,0.0998,benign,0.8752268873715928,0.9002,False,89,False,False,True
urn:mavedb:00000055-a-1#1430,,,p.Asn89Trp,0.732198837287766,0.0534544051266103,N89W,N89W,0.7772,pathogenic,0.19339961231050662,0.2228,False,89,False,False,True
urn:mavedb:00000055-a-1#1431,,,p.Asn89Met,0.8343080238915419,0.0105342814666717,N89M,N89M,0.4725,ambiguous,0.5370410013352053,0.5275000000000001,False,89,False,False,True
urn:mavedb:00000055-a-1#1433,,,p.Asn89Glu,1.04139551593999,0.0028850720627223,N89E,N89E,0.3065,benign,0.7353629353101371,0.6935,False,89,False,False,True
urn:mavedb:00000055-a-1#1434,,,p.Asn89Ala,1.0975926345172,0.0119100071439928,N89A,N89A,0.3091,benign,0.7328027349047377,0.6909000000000001,False,89,False,False,True
urn:mavedb:00000055-a-1#1435,,,p.Asn89Thr,0.743177711016193,0.0466007892681193,N89T,N89T,0.2656,benign,0.7728777573133274,0.7343999999999999,False,89,False,False,True
urn:mavedb:00000055-a-1#1439,,,p.Glu88Gln,1.3396150889994598,0.0005732393270439,E88Q,E88Q,0.1967,benign,0.8244879142046861,0.8033,False,88,False,False,True
urn:mavedb:00000055-a-1#1440,,,p.Glu88Met,1.2327070741579098,0.0566749598620986,E88M,E88M,0.5644,pathogenic,0.41412580427252627,0.4356,False,88,False,False,True
urn:mavedb:00000055-a-1#1441,,,p.Glu88Trp,1.00373832828074,0.0155257589319822,E88W,E88W,0.8182,pathogenic,0.16616367919348218,0.18179999999999996,True,88,False,True,True
urn:mavedb:00000055-a-1#1442,,,p.Glu88Asp,0.7648227697325408,0.0644369204476832,E88D,E88D,0.1636,benign,0.8444439178993773,0.8364,False,88,False,False,True
urn:mavedb:00000055-a-1#1443,,,p.Glu88Leu,0.984635815784098,0.0460072527137375,E88L,E88L,0.4754,ambiguous,0.5331498389711752,0.5246,False,88,False,False,True
urn:mavedb:00000055-a-1#1444,,,p.Glu88Ser,0.8712525527668891,0.043169208163317,E88S,E88S,0.3474,ambiguous,0.6927302549612634,0.6526000000000001,False,88,False,False,True
urn:mavedb:00000055-a-1#1446,,,p.Glu88Lys,1.06203079414372,0.0626028830881374,E88K,E88K,0.2528,benign,0.7835498917975733,0.7472,False,88,False,False,True
urn:mavedb:00000055-a-1#1447,,,p.Glu88Asn,0.94191530229486,0.0240442789573986,E88N,E88N,0.3462,ambiguous,0.6940510531837751,0.6537999999999999,False,88,False,False,True
urn:mavedb:00000055-a-1#1448,,,p.Glu88Thr,0.93225230281952,0.0207610023287051,E88T,E88T,0.3709,ambiguous,0.666063612528933,0.6291,False,88,False,False,True
urn:mavedb:00000055-a-1#1449,,,p.Glu88Val,0.8658043727989658,0.0315673854379172,E88V,E88V,0.2938,benign,0.74756863194584,0.7061999999999999,False,88,False,False,True
urn:mavedb:00000055-a-1#1450,,,p.Glu88Arg,1.02305156692206,0.0164051799156664,E88R,E88R,0.3478,ambiguous,0.6922890816363068,0.6522,False,88,False,False,True
urn:mavedb:00000055-a-1#1451,,,p.Glu88Ile,1.03079562667604,0.0105820230521495,E88I,E88I,0.4863,ambiguous,0.5184845930521016,0.5137,False,88,False,False,True
urn:mavedb:00000055-a-1#1452,,,p.Glu88Ala,0.755750329642304,0.0145286394677639,E88A,E88A,0.2417,benign,0.7923963593709105,0.7583,False,88,False,False,True
urn:mavedb:00000055-a-1#1453,,,p.Glu88Gly,0.897535591561745,0.0304996338451036,E88G,E88G,0.1946,benign,0.8258426482634865,0.8054,False,88,False,False,True
urn:mavedb:00000055-a-1#1454,,,p.Glu88Phe,0.630299754991179,0.0048478490101414,E88F,E88F,0.7799,pathogenic,0.19145744160997363,0.22009999999999996,False,88,False,False,True
urn:mavedb:00000055-a-1#1456,,,p.Lys87Trp,0.22273591696539,0.0317096233698685,K87W,K87W,0.6048,pathogenic,0.3630044155375412,0.3952,False,87,False,False,True
urn:mavedb:00000055-a-1#1457,,,p.Lys87Ile,0.804423290208557,0.0177118602084056,K87I,K87I,0.3138,benign,0.7281220783244892,0.6861999999999999,False,87,False,False,True
urn:mavedb:00000055-a-1#1458,,,p.Lys87Pro,0.954190213014998,0.0195700098231122,K87P,K87P,0.2866,benign,0.754266071821929,0.7134,False,87,False,False,True
urn:mavedb:00000055-a-1#1460,,,p.Lys87His,0.9557571695906178,0.0016898251178222,K87H,K87H,0.2638,benign,0.7744091804868339,0.7362,False,87,False,False,True
urn:mavedb:00000055-a-1#1461,,,p.Lys87Phe,0.6691689799666429,0.0018125305062059,K87F,K87F,0.6878,pathogenic,0.27027691964084777,0.31220000000000003,False,87,False,False,True
urn:mavedb:00000055-a-1#1462,,,p.Lys87Met,0.675842771208889,0.0084930910067973,K87M,K87M,0.1855,benign,0.8315717845244384,0.8145,False,87,False,False,True
urn:mavedb:00000055-a-1#1463,,,p.Lys87Thr,0.9871422276743193,0.0383047469637141,K87T,K87T,0.1049,benign,0.8731019816133216,0.8951,False,87,False,False,True
urn:mavedb:00000055-a-1#1464,,,p.Lys87Gly,0.781121598604227,0.010733704877566,K87G,K87G,0.1744,benign,0.8382547894011609,0.8256,False,87,False,False,True
urn:mavedb:00000055-a-1#1465,,,p.Lys87Tyr,0.548392987102022,0.0076756500403484,K87Y,K87Y,0.506,ambiguous,0.49190087468664073,0.494,False,87,False,False,True
urn:mavedb:00000055-a-1#1466,,,p.Lys87Val,0.846919541227592,0.123393879931741,K87V,K87V,0.2533,benign,0.7831425088622812,0.7466999999999999,False,87,False,False,True
urn:mavedb:00000055-a-1#1467,,,p.Lys87Asp,0.8476004827173829,0.0643554323389956,K87D,K87D,0.175,benign,0.8379019776313252,0.825,False,87,False,False,True
urn:mavedb:00000055-a-1#1469,,,p.Lys87Ser,0.776972939682092,0.0122476236578245,K87S,K87S,0.1741,benign,0.8384308376501953,0.8259,False,87,False,False,True
urn:mavedb:00000055-a-1#1470,,,p.Lys87Leu,0.626000474813119,0.0660860270354628,K87L,K87L,0.27,benign,0.7690919002245236,0.73,False,87,False,False,True
urn:mavedb:00000055-a-1#1471,,,p.Lys87Gln,0.789001488134726,0.0133099351147054,K87Q,K87Q,0.1046,benign,0.8732284770104336,0.8954,False,87,False,False,True
urn:mavedb:00000055-a-1#1472,,,p.Lys87Asn,0.815587889748919,0.0144168035045691,K87N,K87N,0.1724,benign,0.8394239516740312,0.8276,False,87,False,False,True
urn:mavedb:00000055-a-1#1473,,,p.Lys87Ala,0.8839120105085542,0.0243097878183721,K87A,K87A,0.1646,benign,0.8438835769573889,0.8354,False,87,False,False,True
urn:mavedb:00000055-a-1#1474,,,p.Glu86Arg,0.7439349005426529,0.0648465464996422,E86R,E86R,0.1343,benign,0.8597547126665545,0.8657,False,86,False,False,True
urn:mavedb:00000055-a-1#1475,,,p.Glu86Leu,0.671861813538852,0.0457429002376181,E86L,E86L,0.2595,benign,0.7780269099006348,0.7404999999999999,False,86,False,False,True
urn:mavedb:00000055-a-1#1476,,,p.Glu86Val,0.960169708071695,0.0408831470201179,E86V,E86V,0.1819,benign,0.8337756050883244,0.8181,False,86,False,False,True
urn:mavedb:00000055-a-1#1477,,,p.Glu86His,0.991759588641187,0.0135925550387309,E86H,E86H,0.3148,benign,0.7271174847559103,0.6852,False,86,False,False,True
urn:mavedb:00000055-a-1#1478,,,p.Glu86Met,0.809734160992252,0.0118047317851796,E86M,E86M,0.3482,ambiguous,0.6918474556377774,0.6517999999999999,False,86,False,False,True
urn:mavedb:00000055-a-1#1479,,,p.Glu86Ile,0.94489500646221,0.0864987668841557,E86I,E86I,0.3106,benign,0.7313162555075609,0.6894,False,86,False,False,True
urn:mavedb:00000055-a-1#1480,,,p.Glu86Gln,0.994562293920938,0.0315033851877864,E86Q,E86Q,0.0993,benign,0.8754323128902419,0.9007000000000001,False,86,False,False,True
urn:mavedb:00000055-a-1#1481,,,p.Glu86Asp,0.9168641521032042,0.0031735993707794,E86D,E86D,0.1834,benign,0.8328616221511427,0.8166,False,86,False,False,True
urn:mavedb:00000055-a-1#1482,,,p.Glu86Trp,0.7915085307184621,0.0164958091825538,E86W,E86W,0.6699,pathogenic,0.28862986076233726,0.33009999999999995,False,86,False,False,True
urn:mavedb:00000055-a-1#1483,,,p.Glu86Asn,1.01515741748419,0.0535145433972366,E86N,E86N,0.328,benign,0.7135731084052034,0.6719999999999999,False,86,False,False,True
urn:mavedb:00000055-a-1#1485,,,p.Glu86Lys,1.03315132918564,0.0866025665766687,E86K,E86K,0.0993,benign,0.8754323128902419,0.9007000000000001,False,86,False,False,True
urn:mavedb:00000055-a-1#1486,,,p.Glu86Thr,0.901154176053748,0.0317971931231402,E86T,E86T,0.1972,benign,0.8241635382826298,0.8028,False,86,False,False,True
urn:mavedb:00000055-a-1#1487,,,p.Glu86Pro,0.8945707701297291,0.0188363431668757,E86P,E86P,0.1594,benign,0.8467694017186791,0.8406,False,86,False,False,True
urn:mavedb:00000055-a-1#1488,,,p.Glu86Tyr,0.6620445065916639,0.0310748381613629,E86Y,E86Y,0.4661,ambiguous,0.5456078692554499,0.5339,False,86,False,False,True
urn:mavedb:00000055-a-1#1489,,,p.Glu86Phe,0.799533525442561,0.0229579539050094,E86F,E86F,0.6237,pathogenic,0.34027092660493885,0.37629999999999997,False,86,False,False,True
urn:mavedb:00000055-a-1#1490,,,p.Glu86Ser,0.91949338320628,0.0289799913562597,E86S,E86S,0.1967,benign,0.8244879142046861,0.8033,False,86,False,False,True
urn:mavedb:00000055-a-1#1491,,,p.Glu86Gly,0.969316376493664,0.0363166631489831,E86G,E86G,0.1266,benign,0.8634373123246475,0.8734,False,86,False,False,True
urn:mavedb:00000055-a-1#1493,,,p.Ile85Gly,0.9980669127122628,0.0034672071973054,I85G,I85G,0.605,pathogenic,0.36275948402652997,0.395,True,85,False,True,True
urn:mavedb:00000055-a-1#1494,,,p.Ile85Thr,1.09132709970742,0.0086324783119932,I85T,I85T,0.1783,benign,0.8359443996795485,0.8217,False,85,False,False,True
urn:mavedb:00000055-a-1#1495,,,p.Ile85Lys,0.8397966301509421,0.0291282441586171,I85K,I85K,0.2917,benign,0.7495387144675019,0.7082999999999999,False,85,False,False,True
urn:mavedb:00000055-a-1#1496,,,p.Ile85Val,0.98443127563845,0.0191813443204367,I85V,I85V,0.0886,benign,0.8797069737018436,0.9114,False,85,False,False,True
urn:mavedb:00000055-a-1#1497,,,p.Ile85Gln,1.09956817003671,0.0321770890879929,I85Q,I85Q,0.2763,benign,0.7635663480525263,0.7237,False,85,False,False,True
urn:mavedb:00000055-a-1#1498,,,p.Ile85Leu,1.03726575508403,0.0094035715039797,I85L,I85L,0.1397,benign,0.8570896747602155,0.8603000000000001,False,85,False,False,True
urn:mavedb:00000055-a-1#1499,,,p.Ile85Tyr,0.941551154123261,0.0321965257817936,I85Y,I85Y,0.4239,ambiguous,0.6009865631299631,0.5761000000000001,False,85,False,False,True
urn:mavedb:00000055-a-1#1500,,,p.Ile85Phe,1.0108246664218,0.0027590294781882,I85F,I85F,0.1912,benign,0.8280099680043814,0.8088,False,85,False,False,True
urn:mavedb:00000055-a-1#1501,,,p.Ile85Ser,0.9635664147777,0.0039975757717753,I85S,I85S,0.1988,benign,0.8231208154836881,0.8012,False,85,False,False,True
urn:mavedb:00000055-a-1#1502,,,p.Ile85Trp,0.8469432693880279,0.0599466995764577,I85W,I85W,0.5019,ambiguous,0.4974350277785889,0.4981,False,85,False,False,True
urn:mavedb:00000055-a-1#1503,,,p.Ile85Glu,1.21163358402259,0.0712594083802264,I85E,I85E,0.3545,ambiguous,0.6848325967400836,0.6455,False,85,False,False,True
urn:mavedb:00000055-a-1#1504,,,p.Ile85Asn,0.942963323948597,0.0608812252934156,I85N,I85N,0.2292,benign,0.8019104405896752,0.7708,False,85,False,False,True
urn:mavedb:00000055-a-1#1505,,,p.Ile85Cys,0.92949420384053,0.0229651486630662,I85C,I85C,0.4859,ambiguous,0.5190236550746253,0.5141,False,85,False,False,True
urn:mavedb:00000055-a-1#1506,,,p.Ile85His,1.05381133972243,0.0084774275766056,I85H,I85H,0.3395,benign,0.7013498475824214,0.6605,False,85,False,False,True
urn:mavedb:00000055-a-1#1507,,,p.Ile85Arg,0.7544591904119681,0.0106104070175138,I85R,I85R,0.1802,benign,0.8348041024964369,0.8198,False,85,False,False,True
urn:mavedb:00000055-a-1#1508,,,p.Ile85Asp,1.223848974414,0.0613194520104409,I85D,I85D,0.372,ambiguous,0.6647792853759666,0.628,False,85,False,False,True
urn:mavedb:00000055-a-1#1509,,,p.Ile85Pro,0.513805511456685,0.0316382073292955,I85P,I85P,0.6986,pathogenic,0.25967560926322286,0.3014,False,85,False,False,True
urn:mavedb:00000055-a-1#1510,,,p.Ile85Ala,1.11688838978499,0.0015529276538672,I85A,I85A,0.2588,benign,0.7786104234657261,0.7412000000000001,False,85,False,False,True
urn:mavedb:00000055-a-1#1511,,,p.Ile85Met,0.946964938008703,0.0225036272829841,I85M,I85M,0.1318,benign,0.8609653733969344,0.8682,False,85,False,False,True
urn:mavedb:00000055-a-1#1513,,,p.Phe84Leu,1.0986058399136802,0.0647726561287097,F84L,F84L,0.6988,pathogenic,0.259482678857928,0.3012,True,84,False,True,True
urn:mavedb:00000055-a-1#1514,,,p.Phe84Asn,0.526284964282655,0.0042450601951717,F84N,F84N,0.668,pathogenic,0.2906342927108364,0.33199999999999996,False,84,False,False,True
urn:mavedb:00000055-a-1#1515,,,p.Phe84Met,0.953353955361486,0.0015130821668278,F84M,F84M,0.4513,ambiguous,0.5652811794594439,0.5487,False,84,False,False,True
urn:mavedb:00000055-a-1#1516,,,p.Phe84Ala,0.951627881262,0.0661730395893727,F84A,F84A,0.5414,ambiguous,0.4443956174696584,0.4586,False,84,False,False,True
urn:mavedb:00000055-a-1#1517,,,p.Phe84Glu,0.080204375772232,0.0171510638519261,F84E,F84E,0.7948,pathogenic,0.18112246171965707,0.20520000000000005,False,84,False,False,True
urn:mavedb:00000055-a-1#1518,,,p.Phe84Val,0.6688535661857379,0.116274782930925,F84V,F84V,0.1047,benign,0.8731863328561332,0.8953,False,84,False,False,True
urn:mavedb:00000055-a-1#1519,,,p.Phe84Asp,0.064192751577643,0.0099522399219361,F84D,F84D,0.7856,pathogenic,0.18742762582879657,0.21440000000000003,False,84,False,False,True
urn:mavedb:00000055-a-1#1520,,,p.Phe84Trp,1.0290215615409,0.0212050034790341,F84W,F84W,0.3706,ambiguous,0.666413342033004,0.6294,False,84,False,False,True
urn:mavedb:00000055-a-1#1521,,,p.Phe84Ile,0.8577821343467021,0.0032962326333362,F84I,F84I,0.1115,benign,0.8702708990408216,0.8885,False,84,False,False,True
urn:mavedb:00000055-a-1#1522,,,p.Phe84Gly,0.019712975407097,0.007173957381214,F84G,F84G,0.7789,pathogenic,0.19217425717800418,0.22109999999999996,False,84,False,False,True
urn:mavedb:00000055-a-1#1523,,,p.Phe84Cys,1.04953437921547,0.021993183978247,F84C,F84C,0.2123,benign,0.8140331416601007,0.7877000000000001,False,84,False,False,True
urn:mavedb:00000055-a-1#1524,,,p.Phe84Tyr,0.817583432361141,0.0236988696238733,F84Y,F84Y,0.1219,benign,0.8656186118093416,0.8781,False,84,False,False,True
urn:mavedb:00000055-a-1#1525,,,p.Phe84Lys,0.6723179567642871,0.0022751656845913,F84K,F84K,0.7011,pathogenic,0.25727287512101626,0.29890000000000005,False,84,False,False,True
urn:mavedb:00000055-a-1#1526,,,p.Phe84Pro,0.547636671327866,0.0054831471682738,F84P,F84P,0.905,pathogenic,0.1228221204939188,0.09499999999999997,False,84,False,False,True
urn:mavedb:00000055-a-1#1527,,,p.Phe84Arg,0.65972792248196,0.01709600430215,F84R,F84R,0.4951,ambiguous,0.5066145235627313,0.5049,False,84,False,False,True
urn:mavedb:00000055-a-1#1529,,,p.Phe84Gln,0.2235840479520079,0.0072491792104456,F84Q,F84Q,0.7069,pathogenic,0.2517731505355655,0.2931,False,84,False,False,True
urn:mavedb:00000055-a-1#1530,,,p.Phe84Thr,0.7279017113662758,0.0584897073126117,F84T,F84T,0.4668,ambiguous,0.5446723785532894,0.5332,False,84,False,False,True
urn:mavedb:00000055-a-1#1531,,,p.Phe84His,1.19396902697554,0.0002384999282051,F84H,F84H,0.4841,ambiguous,0.5214487351028328,0.5159,False,84,False,False,True
urn:mavedb:00000055-a-1#1532,,,p.Ser83Asn,1.11481051325989,0.014716865236152,S83N,S83N,0.5065,ambiguous,0.49122611206210565,0.49350000000000005,False,83,False,False,True
urn:mavedb:00000055-a-1#1533,,,p.Ser83Val,0.693966101615911,0.051573721741678,S83V,S83V,0.3505,ambiguous,0.6892993505904678,0.6495,False,83,False,False,True
urn:mavedb:00000055-a-1#1534,,,p.Ser83Ile,0.662356165956916,0.0057840043475452,S83I,S83I,0.4668,ambiguous,0.5446723785532894,0.5332,False,83,False,False,True
urn:mavedb:00000055-a-1#1535,,,p.Ser83Leu,0.8170659312840072,0.0336173429524545,S83L,S83L,0.3601,ambiguous,0.6785049506198466,0.6399,False,83,False,False,True
urn:mavedb:00000055-a-1#1536,,,p.Ser83Arg,0.5517278095820021,0.0465492919632977,S83R,S83R,0.9536,pathogenic,0.10553968148586099,0.0464,False,83,False,False,True
urn:mavedb:00000055-a-1#1537,,,p.Ser83Trp,0.539110706407317,0.0265551031934635,S83W,S83W,0.7858,pathogenic,0.18728795270829585,0.21419999999999995,False,83,False,False,True
urn:mavedb:00000055-a-1#1538,,,p.Ser83Ala,0.725524238748382,0.0033389611071851,S83A,S83A,0.1321,benign,0.8608208611096724,0.8679,False,83,False,False,True
urn:mavedb:00000055-a-1#1539,,,p.Ser83Lys,0.501235184045392,0.0225892332258316,S83K,S83K,0.9795,pathogenic,0.09797208550602662,0.020499999999999963,False,83,False,False,True
urn:mavedb:00000055-a-1#1540,,,p.Ser83Cys,0.843371938036543,0.015750701568431,S83C,S83C,0.1143,benign,0.8690416417214738,0.8857,False,83,False,False,True
urn:mavedb:00000055-a-1#1541,,,p.Ser83Asp,1.06171963386102,0.0211581481672502,S83D,S83D,0.8493,pathogenic,0.14855513869857206,0.15069999999999995,True,83,False,True,True
urn:mavedb:00000055-a-1#1542,,,p.Ser83Gly,0.737303825498785,0.0627518523141019,S83G,S83G,0.1975,benign,0.8239685759350045,0.8025,False,83,False,False,True
urn:mavedb:00000055-a-1#1543,,,p.Ser83Gln,1.25810273218275,0.0423844575248139,S83Q,S83Q,0.8896,pathogenic,0.129250805371225,0.11040000000000005,True,83,False,True,True
urn:mavedb:00000055-a-1#1544,,,p.Ser83Met,0.90027535751185,0.0081159752344295,S83M,S83M,0.5022,ambiguous,0.49703004312364857,0.4978,False,83,False,False,True
urn:mavedb:00000055-a-1#1545,,,p.Ser83His,0.76968545422378,0.0316287145524178,S83H,S83H,0.7737,pathogenic,0.1959493374182184,0.22629999999999995,False,83,False,False,True
urn:mavedb:00000055-a-1#1546,,,p.Ser83Glu,1.0074086974592,0.0172770223025462,S83E,S83E,0.9101,pathogenic,0.1208001552395026,0.08989999999999998,True,83,False,True,True
urn:mavedb:00000055-a-1#1547,,,p.Ser83Pro,0.615862506541391,0.0137285516109312,S83P,S83P,0.888,pathogenic,0.1299473683934865,0.11199999999999999,False,83,False,False,True
urn:mavedb:00000055-a-1#1548,,,p.Ser83Phe,0.6748404790842509,0.0721987971851979,S83F,S83F,0.7235,pathogenic,0.23661109132247726,0.27649999999999997,False,83,False,False,True
urn:mavedb:00000055-a-1#1550,,,p.Ser83Tyr,0.74297243500901,0.0074315321661881,S83Y,S83Y,0.6054,pathogenic,0.36226988999849946,0.39459999999999995,False,83,False,False,True
urn:mavedb:00000055-a-1#1551,,,p.Asn82Gly,0.0292744394613487,0.0170288983737266,N82G,N82G,0.842,pathogenic,0.15246540351226634,0.15800000000000003,False,82,False,False,True
urn:mavedb:00000055-a-1#1552,,,p.Asn82Asp,0.742014624667698,0.0140470639628149,N82D,N82D,0.5078,ambiguous,0.48947192151474317,0.49219999999999997,False,82,False,False,True
urn:mavedb:00000055-a-1#1553,,,p.Asn82Gln,0.682280414526917,0.0795563509847641,N82Q,N82Q,0.9172,pathogenic,0.1180707371436557,0.08279999999999998,False,82,False,False,True
urn:mavedb:00000055-a-1#1554,,,p.Asn82Glu,0.301510122829349,0.0006361051628288,N82E,N82E,0.8705,pathogenic,0.13793360999762283,0.12949999999999995,False,82,False,False,True
urn:mavedb:00000055-a-1#1555,,,p.Val81Ile,0.65462523375299,0.000499449384586,V81I,V81I,0.1485,benign,0.852597372723978,0.8515,False,81,False,False,True
urn:mavedb:00000055-a-1#1556,,,p.Val81His,0.317664267294311,0.0258363043733243,V81H,V81H,0.9169,pathogenic,0.11818408377018716,0.08309999999999995,False,81,False,False,True
urn:mavedb:00000055-a-1#1557,,,p.Val81Tyr,0.689458609708859,0.0590600735567014,V81Y,V81Y,0.879,pathogenic,0.13396935488996758,0.121,False,81,False,False,True
urn:mavedb:00000055-a-1#1558,,,p.Val81Cys,0.9757740667817548,0.0073868809065674,V81C,V81C,0.7663,pathogenic,0.2014603878599443,0.23370000000000002,True,81,False,True,True
urn:mavedb:00000055-a-1#1559,,,p.Val81Leu,0.830760572135986,0.020856499232281,V81L,V81L,0.5131,ambiguous,0.48232409914717456,0.4869,False,81,False,False,True
urn:mavedb:00000055-a-1#1561,,,p.Val81Phe,0.740510695063946,0.0393920943619886,V81F,V81F,0.5333,ambiguous,0.4551939558457645,0.4667,False,81,False,False,True
urn:mavedb:00000055-a-1#1562,,,p.Val81Ser,0.680059136815097,0.0332804647793335,V81S,V81S,0.5793,pathogenic,0.39491994499165567,0.42069999999999996,False,81,False,False,True
urn:mavedb:00000055-a-1#1563,,,p.Val81Glu,0.0551082941349244,0.0578950950847799,V81E,V81E,0.7869,pathogenic,0.1865218304240397,0.21309999999999996,False,81,False,False,True
urn:mavedb:00000055-a-1#1564,,,p.Val81Trp,0.408415794915006,0.0540714340537609,V81W,V81W,0.9501,pathogenic,0.10664416464061403,0.049900000000000055,False,81,False,False,True
urn:mavedb:00000055-a-1#1565,,,p.Val81Thr,0.953645718093202,0.0231763906892179,V81T,V81T,0.3922,ambiguous,0.6406600892984827,0.6078,False,81,False,False,True
urn:mavedb:00000055-a-1#1566,,,p.Val81Met,0.691344143902549,0.0582401570253539,V81M,V81M,0.466,ambiguous,0.5457414784705285,0.534,False,81,False,False,True
urn:mavedb:00000055-a-1#1567,,,p.Val81Lys,0.1195943963662219,0.0087153631133138,V81K,V81K,0.8727,pathogenic,0.13689184094224555,0.12729999999999997,False,81,False,False,True
urn:mavedb:00000055-a-1#1568,,,p.Val81Asp,0.0173163376861552,0.0148312353553151,V81D,V81D,0.9115,pathogenic,0.1202541543965291,0.08850000000000002,False,81,False,False,True
urn:mavedb:00000055-a-1#1570,,,p.Val81Pro,0.0171339937825392,0.0250974826698146,V81P,V81P,0.9649,pathogenic,0.10210970747994277,0.03510000000000002,False,81,False,False,True
urn:mavedb:00000055-a-1#1571,,,p.Val80Ile,0.929226227256505,0.0038673428095298,V80I,V80I,0.1547,benign,0.849318730630357,0.8452999999999999,False,80,False,False,True
urn:mavedb:00000055-a-1#1572,,,p.Val80Ala,1.03926100544445,0.0199721582372936,V80A,V80A,0.2051,benign,0.8189447354036117,0.7948999999999999,False,80,False,False,True
urn:mavedb:00000055-a-1#1573,,,p.Val80Thr,0.459271070908081,0.0443605108466073,V80T,V80T,0.2477,benign,0.7876613156011368,0.7523,False,80,False,False,True
urn:mavedb:00000055-a-1#1574,,,p.Val80Phe,0.1553955926270649,0.027540990738486,V80F,V80F,0.657,pathogenic,0.30244687608993903,0.34299999999999997,False,80,False,False,True
urn:mavedb:00000055-a-1#1575,,,p.Thr94Leu,1.00561230869249,0.0252368231048804,T94L,T94L,0.5845,pathogenic,0.38830735260689336,0.4155,False,94,False,True,True
urn:mavedb:00000055-a-1#1576,,,p.Thr94Glu,0.7279285638634669,0.0406042863316374,T94E,T94E,0.929,pathogenic,0.11374753751718794,0.07099999999999995,False,94,False,False,True
urn:mavedb:00000055-a-1#1577,,,p.Thr94His,0.946712557915615,0.0626220814505017,T94H,T94H,0.7715,pathogenic,0.19757065752793102,0.22850000000000004,True,94,False,True,True
urn:mavedb:00000055-a-1#1578,,,p.Thr94Lys,0.608757789049469,0.0111814207899879,T94K,T94K,0.9057,pathogenic,0.12254150954057107,0.09430000000000005,False,94,False,False,True
urn:mavedb:00000055-a-1#1579,,,p.Thr94Gln,0.885626673092294,0.0106778471213656,T94Q,T94Q,0.8433,pathogenic,0.15175929642633362,0.15669999999999995,True,94,False,True,True
urn:mavedb:00000055-a-1#1580,,,p.Thr94Tyr,0.834483078489457,0.0020994527318401,T94Y,T94Y,0.8568,pathogenic,0.14467465680558428,0.1432,True,94,False,True,True
urn:mavedb:00000055-a-1#1581,,,p.Thr94Asn,0.8717340584448309,0.0255595472567862,T94N,T94N,0.5857,pathogenic,0.38678851828911265,0.4143,False,94,False,True,True
urn:mavedb:00000055-a-1#1582,,,p.Thr94Phe,0.9101183969839058,0.0102842533297064,T94F,T94F,0.8546,pathogenic,0.14579874246078103,0.14539999999999997,True,94,False,True,True
urn:mavedb:00000055-a-1#1583,,,p.Thr94Ile,0.8670499870362199,0.0199376226837955,T94I,T94I,0.6967,pathogenic,0.2615146138485777,0.3033,True,94,False,True,True
urn:mavedb:00000055-a-1#1585,,,p.Val80Met,0.0341208017106814,0.001556783668477,V80M,V80M,0.4677,ambiguous,0.5434690326679146,0.5323,False,80,False,False,True
urn:mavedb:00000055-a-1#1586,,,p.Val80Leu,0.133044785269848,0.0083672124706297,V80L,V80L,0.554,ambiguous,0.4277311049397663,0.44599999999999995,False,80,False,False,True
urn:mavedb:00000055-a-1#1587,,,p.Val80Cys,1.03645692106193,0.0146315710114071,V80C,V80C,0.7963,pathogenic,0.1801175019383351,0.2037,True,80,False,True,True
urn:mavedb:00000055-a-1#1588,,,p.Val80Tyr,0.0515143780913144,0.0103192515207836,V80Y,V80Y,0.9549,pathogenic,0.10513459257099345,0.04510000000000003,False,80,False,False,True
urn:mavedb:00000055-a-1#1589,,,p.Val80Ser,0.0361817881315026,0.0149541269179781,V80S,V80S,0.5116,ambiguous,0.48434631856800203,0.48839999999999995,False,80,False,False,True
urn:mavedb:00000055-a-1#1590,,,p.Val80Gln,0.0470172644507764,0.0010365227754745,V80Q,V80Q,0.9226,pathogenic,0.11605987986468609,0.07740000000000002,False,80,False,False,True
urn:mavedb:00000055-a-1#1591,,,p.Val80His,0.0872065428894044,0.0215371120212332,V80H,V80H,0.9678,pathogenic,0.10126203883729504,0.032200000000000006,False,80,False,False,True
urn:mavedb:00000055-a-1#1592,,,p.Val80Trp,-0.0299451104518333,0.0301868567515854,V80W,V80W,0.9843,pathogenic,0.09668083279353906,0.015700000000000047,False,80,False,False,True
urn:mavedb:00000055-a-1#1593,,,p.Val80Arg,0.0078057908937362,0.0191529659406178,V80R,V80R,0.9187,pathogenic,0.11750659519306199,0.08130000000000004,False,80,False,False,True
urn:mavedb:00000055-a-1#1594,,,p.Val80Asn,0.0169832938172321,0.008777735205258,V80N,V80N,0.902,pathogenic,0.12403598149443851,0.09799999999999998,False,80,False,False,True
urn:mavedb:00000055-a-1#1595,,,p.Val80Gly,0.0251370216197102,0.0046880393977955,V80G,V80G,0.5662,pathogenic,0.4117867299317199,0.43379999999999996,False,80,False,False,True
urn:mavedb:00000055-a-1#1596,,,p.Val80Lys,0.10503722793101,0.0086196655269219,V80K,V80K,0.9576,pathogenic,0.104302064455977,0.04239999999999999,False,80,False,False,True
urn:mavedb:00000055-a-1#1597,,,p.Val80Pro,0.0361014120990439,0.0084573975898749,V80P,V80P,0.9501,pathogenic,0.10664416464061403,0.049900000000000055,False,80,False,False,True
urn:mavedb:00000055-a-1#1598,,,p.Val80Glu,0.0028209381684145,0.0083088485090532,V80E,V80E,0.9365,pathogenic,0.11113302012976398,0.0635,False,80,False,False,True
urn:mavedb:00000055-a-1#1599,,,p.Val80Asp,0.0560670080321124,0.0303163249666246,V80D,V80D,0.9591,pathogenic,0.10384464610047428,0.04090000000000005,False,80,False,False,True
urn:mavedb:00000055-a-1#1601,,,p.Ser79Val,0.0281290252422831,0.0045293319241083,S79V,S79V,0.6063,pathogenic,0.361169619413694,0.39370000000000005,False,79,False,False,True
urn:mavedb:00000055-a-1#1602,,,p.Ser79Ala,0.1190077052174739,0.0251054857405201,S79A,S79A,0.1265,benign,0.8634842431656339,0.8734999999999999,False,79,False,False,True
urn:mavedb:00000055-a-1#1603,,,p.Ser79Leu,0.0415184980693095,0.0219983482011179,S79L,S79L,0.4631,ambiguous,0.5496125067164271,0.5368999999999999,False,79,False,False,True
urn:mavedb:00000055-a-1#1604,,,p.Ser79Lys,0.4017195922232029,0.0267007060577424,S79K,S79K,0.9475,pathogenic,0.10747786595301154,0.05249999999999999,False,79,False,False,True
urn:mavedb:00000055-a-1#1605,,,p.Ser79His,0.6536489148143511,0.0408719991361092,S79H,S79H,0.6721,pathogenic,0.28632231546945525,0.32789999999999997,False,79,False,False,True
urn:mavedb:00000055-a-1#1606,,,p.Ser79Gly,0.0796369331712742,0.0029545352268336,S79G,S79G,0.1498,benign,0.8519177819757752,0.8502000000000001,False,79,False,False,True
urn:mavedb:00000055-a-1#1607,,,p.Ser79Trp,0.216859675946056,0.0154091486663441,S79W,S79W,0.6736,pathogenic,0.28475725175419264,0.3264,False,79,False,False,True
urn:mavedb:00000055-a-1#1608,,,p.Ser79Phe,0.0056870390694916,0.0004909369969787,S79F,S79F,0.6294,pathogenic,0.33358665796699605,0.37060000000000004,False,79,False,False,True
urn:mavedb:00000055-a-1#1609,,,p.Ser79Cys,0.0067505084981523,0.0107449309414536,S79C,S79C,0.1645,benign,0.8439397268066963,0.8355,False,79,False,False,True
urn:mavedb:00000055-a-1#1610,,,p.Ser79Tyr,0.114407443339648,0.0089626297855396,S79Y,S79Y,0.5192,ambiguous,0.47410862745538956,0.4808,False,79,False,False,True
urn:mavedb:00000055-a-1#1611,,,p.Ser79Asn,0.354053346578351,0.0028119616732257,S79N,S79N,0.5723,pathogenic,0.40389736340073273,0.42769999999999997,False,79,False,False,True
urn:mavedb:00000055-a-1#1612,,,p.Ser79Glu,0.0434027203424854,0.0012250024875372,S79E,S79E,0.8861,pathogenic,0.13078171016021345,0.1139,False,79,False,False,True
urn:mavedb:00000055-a-1#1613,,,p.Ser79Met,0.0486755208975764,0.0043504398043352,S79M,S79M,0.5884,pathogenic,0.3833812392944839,0.41159999999999997,False,79,False,False,True
urn:mavedb:00000055-a-1#1614,,,p.Ser79Arg,0.4371013190923879,0.0203386440478485,S79R,S79R,0.9098,pathogenic,0.12091765927827028,0.09019999999999995,False,79,False,False,True
urn:mavedb:00000055-a-1#1615,,,p.Ser79Asp,0.0576397930111378,0.0279416389715547,S79D,S79D,0.7809,pathogenic,0.19074356888794974,0.21909999999999996,False,79,False,False,True
urn:mavedb:00000055-a-1#1616,,,p.Ser79Thr,0.7426955333162572,0.0216906887913179,S79T,S79T,0.159,benign,0.846988534929067,0.841,False,79,False,False,True
urn:mavedb:00000055-a-1#1617,,,p.Ser79Gln,0.198319069668898,0.0122945158980789,S79Q,S79Q,0.8494,pathogenic,0.148502493361797,0.15059999999999996,False,79,False,False,True
urn:mavedb:00000055-a-1#1618,,,p.Ser79Ile,0.0307750439314341,0.010117111398086,S79I,S79I,0.7738,pathogenic,0.19587598349290303,0.22619999999999996,False,79,False,False,True
urn:mavedb:00000055-a-1#1619,,,p.Ser79Pro,0.0492984334139764,0.0058107446882595,S79P,S79P,0.9245,pathogenic,0.1153654580603045,0.07550000000000001,False,79,False,False,True
urn:mavedb:00000055-a-1#1620,,,p.Ala78His,0.587191554158346,0.0072331785751257,A78H,A78H,0.818,pathogenic,0.1662851376564496,0.18200000000000005,False,78,False,False,True
urn:mavedb:00000055-a-1#1621,,,p.Ala78Ile,0.659242431062528,0.0001446158113592,A78I,A78I,0.4054,ambiguous,0.6243882831047493,0.5946,False,78,False,False,True
urn:mavedb:00000055-a-1#1622,,,p.Ala78Ser,0.8825293815244019,0.0215345232644382,A78S,A78S,0.176,benign,0.837311834975864,0.8240000000000001,False,78,False,False,True
urn:mavedb:00000055-a-1#1623,,,p.Ala78Thr,0.932812148396058,0.0206612084568083,A78T,A78T,0.2208,benign,0.8080410968049628,0.7792,False,78,False,False,True
urn:mavedb:00000055-a-1#1624,,,p.Ala78Cys,0.828458818384928,0.0342538016095777,A78C,A78C,0.3739,ambiguous,0.662553592033427,0.6261,False,78,False,False,True
urn:mavedb:00000055-a-1#1625,,,p.Ala78Met,0.101623765017738,0.0421348700974414,A78M,A78M,0.525,ambiguous,0.4663131391906253,0.475,False,78,False,False,True
urn:mavedb:00000055-a-1#1626,,,p.Ala78Glu,0.341565272496025,0.0179976684946133,A78E,A78E,0.8381,pathogenic,0.1546093908474726,0.16190000000000004,False,78,False,False,True
urn:mavedb:00000055-a-1#1627,,,p.Ala78Asn,0.383764504526842,0.0559365495819311,A78N,A78N,0.8183,pathogenic,0.16610299049475719,0.18169999999999997,False,78,False,False,True
urn:mavedb:00000055-a-1#1628,,,p.Ala78Phe,0.0439276113719046,0.0345501277554588,A78F,A78F,0.5813,pathogenic,0.3923707713851769,0.41869999999999996,False,78,False,False,True
urn:mavedb:00000055-a-1#1629,,,p.Ala78Leu,0.4197897583246789,0.0136492756813523,A78L,A78L,0.3435,ambiguous,0.6970078560436659,0.6565,False,78,False,False,True
urn:mavedb:00000055-a-1#1630,,,p.Ala78Gln,0.6659066279256539,0.0116975808249939,A78Q,A78Q,0.7732,pathogenic,0.1963165532988579,0.2268,False,78,False,False,True
urn:mavedb:00000055-a-1#1631,,,p.Ala78Trp,0.0829838980027295,0.0382926997021699,A78W,A78W,0.9037,pathogenic,0.12334588262719898,0.09630000000000005,False,78,False,False,True
urn:mavedb:00000055-a-1#1632,,,p.Ala78Asp,0.251117211234337,0.0543523079483712,A78D,A78D,0.8691,pathogenic,0.13860233990145526,0.13090000000000002,False,78,False,False,True
urn:mavedb:00000055-a-1#1633,,,p.Ala78Val,0.843082615326263,0.0056289897390644,A78V,A78V,0.1874,benign,0.8303944238790447,0.8126,False,78,False,False,True
urn:mavedb:00000055-a-1#1634,,,p.Ala78Tyr,0.116976911387973,0.0560647898722639,A78Y,A78Y,0.7776,pathogenic,0.1931105256008112,0.22240000000000004,False,78,False,False,True
urn:mavedb:00000055-a-1#1635,,,p.Ala78Lys,0.0834452928575251,0.0086315455646663,A78K,A78K,0.9203,pathogenic,0.1169095817347178,0.0797,False,78,False,False,True
urn:mavedb:00000055-a-1#1636,,,p.Ala78Arg,0.0135568941694027,0.007416173924388,A78R,A78R,0.7999,pathogenic,0.1777317063807609,0.20009999999999994,False,78,False,False,True
urn:mavedb:00000055-a-1#1637,,,p.Ala78Gly,0.5482342436610661,0.0164639173037129,A78G,A78G,0.2355,benign,0.7971742448168279,0.7645,False,78,False,False,True
urn:mavedb:00000055-a-1#1638,,,p.Ala78Pro,0.0268472708596701,0.0140363012026793,A78P,A78P,0.772,pathogenic,0.1972009089053121,0.22799999999999998,False,78,False,False,True
urn:mavedb:00000055-a-1#1639,,,p.Phe77Thr,0.0308343622030479,0.0120640208423299,F77T,F77T,0.848,pathogenic,0.1492417763651066,0.15200000000000002,False,77,False,False,True
urn:mavedb:00000055-a-1#1640,,,p.Phe77Tyr,0.292242259910169,0.007802012221249,F77Y,F77Y,0.2485,benign,0.7870216636525872,0.7515000000000001,False,77,False,False,True
urn:mavedb:00000055-a-1#1641,,,p.Phe77Val,0.092707266225806,0.013963618377741,F77V,F77V,0.4593,ambiguous,0.5546735709860261,0.5407,False,77,False,False,True
urn:mavedb:00000055-a-1#1642,,,p.Phe77Pro,0.0325808782032059,0.0198317346152983,F77P,F77P,0.9606,pathogenic,0.10339083759460259,0.03939999999999999,False,77,False,False,True
urn:mavedb:00000055-a-1#1643,,,p.Phe77Cys,0.116041169469049,0.0170111604544352,F77C,F77C,0.65,pathogenic,0.31014544763749635,0.35,False,77,False,False,True
urn:mavedb:00000055-a-1#1644,,,p.Phe77Ile,0.116877745733953,0.0001739016098367,F77I,F77I,0.4932,ambiguous,0.5091787267623478,0.5067999999999999,False,77,False,False,True
urn:mavedb:00000055-a-1#1645,,,p.Phe77Trp,0.0258371064841181,0.0185542112946623,F77W,F77W,0.6067,pathogenic,0.3606811974678122,0.3933,False,77,False,False,True
urn:mavedb:00000055-a-1#1646,,,p.Phe77Leu,0.7580476557584499,0.0050540959615621,F77L,F77L,0.8808,pathogenic,0.133150699879056,0.11919999999999997,False,77,False,False,True
urn:mavedb:00000055-a-1#1647,,,p.Phe77Met,0.0954338733727392,0.013401696293288,F77M,F77M,0.7482,pathogenic,0.21563765006350483,0.2518,False,77,False,False,True
urn:mavedb:00000055-a-1#1648,,,p.Phe77Lys,0.0545668762887018,0.0050523086037471,F77K,F77K,0.9414,pathogenic,0.10947892382061017,0.058599999999999985,False,77,False,False,True
urn:mavedb:00000055-a-1#1649,,,p.Phe77Gln,0.0411638236130007,0.0205512050317614,F77Q,F77Q,0.9365,pathogenic,0.11113302012976398,0.0635,False,77,False,False,True
urn:mavedb:00000055-a-1#1650,,,p.Phe77Arg,0.0592546737211151,0.0151314030626294,F77R,F77R,0.8813,pathogenic,0.1329245712623991,0.11870000000000003,False,77,False,False,True
urn:mavedb:00000055-a-1#1651,,,p.Phe77Ala,0.0692901298017824,0.0051644920686996,F77A,F77A,0.8719,pathogenic,0.13726938450522252,0.1281,False,77,False,False,True
urn:mavedb:00000055-a-1#1652,,,p.Phe77Asn,0.0844019150428809,0.013074917383625,F77N,F77N,0.9357,pathogenic,0.11140709453929862,0.06430000000000002,False,77,False,False,True
urn:mavedb:00000055-a-1#1653,,,p.Phe77His,0.0935325497698496,0.0268898375088096,F77H,F77H,0.822,pathogenic,0.16387643802531673,0.17800000000000005,False,77,False,False,True
urn:mavedb:00000055-a-1#1654,,,p.Phe77Gly,0.0331397659705274,0.0214641295623232,F77G,F77G,0.9346,pathogenic,0.1117858064341707,0.06540000000000001,False,77,False,False,True
urn:mavedb:00000055-a-1#1655,,,p.Phe77Glu,0.2981504321750139,0.0289891918753389,F77E,F77E,0.969,pathogenic,0.10091508278590974,0.031000000000000028,False,77,False,False,True
urn:mavedb:00000055-a-1#1656,,,p.Phe77Ser,0.0431744592959306,0.0068363339931094,F77S,F77S,0.8629,pathogenic,0.14161857276281697,0.1371,False,77,False,False,True
urn:mavedb:00000055-a-1#1657,,,p.Phe77Asp,0.0434281928888406,0.0199186022532819,F77D,F77D,0.9649,pathogenic,0.10210970747994277,0.03510000000000002,False,77,False,False,True
urn:mavedb:00000055-a-1#1658,,,p.His76Cys,1.0221775460244,0.0350709367265674,H76C,H76C,0.0956,benign,0.8769365683088692,0.9044,False,76,False,False,True
urn:mavedb:00000055-a-1#1659,,,p.His76Thr,0.714396183797165,0.0129535762093039,H76T,H76T,0.1481,benign,0.8528056437091971,0.8519,False,76,False,False,True
urn:mavedb:00000055-a-1#1660,,,p.His76Tyr,0.909275511132984,0.0124733156133687,H76Y,H76Y,0.1049,benign,0.8731019816133216,0.8951,False,76,False,False,True
urn:mavedb:00000055-a-1#1661,,,p.His76Gln,1.07434069824796,0.0155888270341544,H76Q,H76Q,0.1122,benign,0.8699651737318647,0.8878,False,76,False,False,True
urn:mavedb:00000055-a-1#1662,,,p.His76Met,0.811570879110225,0.0132384068674729,H76M,H76M,0.3881,ambiguous,0.645634914538282,0.6119,False,76,False,False,True
urn:mavedb:00000055-a-1#1663,,,p.His76Ile,1.03208217419807,0.0378441946783013,H76I,H76I,0.2087,benign,0.8165075924871283,0.7913,False,76,False,False,True
urn:mavedb:00000055-a-1#1664,,,p.His76Lys,0.9362649513469532,0.0276168539938261,H76K,H76K,0.1592,benign,0.846879018999009,0.8408,False,76,False,False,True
urn:mavedb:00000055-a-1#1665,,,p.His76Glu,0.8503136963968331,0.0101704288897095,H76E,H76E,0.211,benign,0.81493101438383,0.789,False,76,False,False,True
urn:mavedb:00000055-a-1#1666,,,p.His76Arg,0.8601236890062159,0.0118615702616726,H76R,H76R,0.0603,benign,0.8899519717015182,0.9397,False,76,False,False,True
urn:mavedb:00000055-a-1#1667,,,p.His76Ala,1.02637276095619,0.0345921733083561,H76A,H76A,0.2161,benign,0.8113804456571271,0.7839,False,76,False,False,True
urn:mavedb:00000055-a-1#1668,,,p.His76Asp,0.7634888861532361,0.0136145337222948,H76D,H76D,0.2448,benign,0.7899636386263873,0.7552,False,76,False,False,True
urn:mavedb:00000055-a-1#1669,,,p.His76Trp,0.611524286306461,0.0162108952754977,H76W,H76W,0.2152,benign,0.812012516542486,0.7847999999999999,False,76,False,False,True
urn:mavedb:00000055-a-1#1670,,,p.His76Asn,0.8626716602131991,0.0102954332967857,H76N,H76N,0.185,benign,0.831879977505329,0.815,False,76,False,False,True
urn:mavedb:00000055-a-1#1671,,,p.His76Val,0.9796871237912308,0.0028739334773509,H76V,H76V,0.1652,benign,0.8435461368193414,0.8348,False,76,False,False,True
urn:mavedb:00000055-a-1#1672,,,p.His76Phe,0.8311598110020079,0.0071416369097238,H76F,H76F,0.2512,benign,0.7848483488282232,0.7488,False,76,False,False,True
urn:mavedb:00000055-a-1#1673,,,p.His76Gly,0.7815915454814508,0.0169796047757976,H76G,H76G,0.2351,benign,0.7974785034718012,0.7649,False,76,False,False,True
urn:mavedb:00000055-a-1#1674,,,p.His76Leu,0.801515498352604,0.0002799478678241,H76L,H76L,0.1367,benign,0.8585787392482102,0.8633,False,76,False,False,True
urn:mavedb:00000055-a-1#1675,,,p.His76Ser,0.945065022282011,0.0077697008659855,H76S,H76S,0.1652,benign,0.8435461368193414,0.8348,False,76,False,False,True
urn:mavedb:00000055-a-1#1676,,,p.His76Pro,0.0741420591360271,0.0070892348693746,H76P,H76P,0.6878,pathogenic,0.27027691964084777,0.31220000000000003,False,76,False,False,True
urn:mavedb:00000055-a-1#1677,,,p.Val75Pro,0.180289823799843,0.059809931866064,V75P,V75P,0.5375,ambiguous,0.449587498509842,0.4625,False,75,False,False,False
urn:mavedb:00000055-a-1#1678,,,p.Val75Ala,0.58582142247831,0.0173518873570642,V75A,V75A,0.5213,ambiguous,0.4712840737505591,0.4787,False,75,False,False,False
urn:mavedb:00000055-a-1#1679,,,p.Val75Met,0.517188874885021,0.0233082613707705,V75M,V75M,0.3554,ambiguous,0.6838214563798689,0.6446000000000001,False,75,False,False,False
urn:mavedb:00000055-a-1#1680,,,p.Val75Leu,0.911354690840437,0.0446620724517059,V75L,V75L,0.3083,benign,0.7335927012828698,0.6917,False,75,False,False,False
urn:mavedb:00000055-a-1#1681,,,p.Val75Ser,0.0226663630099838,0.0040433596310062,V75S,V75S,0.6647,pathogenic,0.2941409821327337,0.33530000000000004,False,75,False,False,False
urn:mavedb:00000055-a-1#1682,,,p.Val75Ile,0.976981701572607,0.0393427340432875,V75I,V75I,0.0864,benign,0.8805576223980349,0.9136,False,75,False,False,False
urn:mavedb:00000055-a-1#1683,,,p.Val75Cys,0.625695245317909,0.022065074475495,V75C,V75C,0.7562,pathogenic,0.20924841299149227,0.24380000000000002,False,75,False,False,False
urn:mavedb:00000055-a-1#1684,,,p.Val75Thr,0.657500524018631,0.013696032244948,V75T,V75T,0.4835,ambiguous,0.5222568247071467,0.5165,False,75,False,False,False
urn:mavedb:00000055-a-1#1685,,,p.Val75His,0.0749546400794886,0.0083919054511753,V75H,V75H,0.9242,pathogenic,0.11547465457061454,0.07579999999999998,False,75,False,False,False
urn:mavedb:00000055-a-1#1686,,,p.Val75Phe,0.0194255207610204,0.0108675809850192,V75F,V75F,0.4723,ambiguous,0.5373091586782311,0.5277000000000001,False,75,False,False,False
urn:mavedb:00000055-a-1#1687,,,p.Val75Gln,0.0233323227979553,0.0011680189597656,V75Q,V75Q,0.8395,pathogenic,0.153835307715804,0.16049999999999998,False,75,False,False,False
urn:mavedb:00000055-a-1#1688,,,p.Val75Tyr,0.0024937879939688,0.0052430890743253,V75Y,V75Y,0.8615,pathogenic,0.14231214095395767,0.13849999999999996,False,75,False,False,False
urn:mavedb:00000055-a-1#1689,,,p.Val75Trp,0.0088570998497061,0.0031535712588867,V75W,V75W,0.9291,pathogenic,0.1137120073105231,0.07089999999999996,False,75,False,False,False
urn:mavedb:00000055-a-1#1690,,,p.Val75Glu,0.0392952004799795,0.0217250664445834,V75E,V75E,0.8423,pathogenic,0.15230207767063697,0.15769999999999995,False,75,False,False,False
urn:mavedb:00000055-a-1#1691,,,p.Val75Gly,0.0372854484635141,0.038191236703916,V75G,V75G,0.5437,ambiguous,0.4413406789197468,0.45630000000000004,False,75,False,False,False
urn:mavedb:00000055-a-1#1692,,,p.Val75Lys,0.0286974674223439,0.0025617316179862,V75K,V75K,0.8574,pathogenic,0.14437011437912373,0.14259999999999995,False,75,False,False,False
urn:mavedb:00000055-a-1#1693,,,p.Val75Asp,0.027715855814906,0.0122746234439674,V75D,V75D,0.8688,pathogenic,0.1387462273263136,0.13119999999999998,False,75,False,False,False
urn:mavedb:00000055-a-1#1694,,,p.Val75Asn,0.0391032417286679,0.0012114498225196,V75N,V75N,0.7757,pathogenic,0.1944879036928337,0.22430000000000005,False,75,False,False,False
urn:mavedb:00000055-a-1#1695,,,p.Val75Arg,0.0436681060769021,0.006159554763757,V75R,V75R,0.7899,pathogenic,0.18445024554526163,0.21009999999999995,False,75,False,False,False
urn:mavedb:00000055-a-1#1696,,,p.Asn74Ser,0.9439819105769248,0.0210591453593648,N74S,N74S,0.1724,benign,0.8394239516740312,0.8276,False,74,False,False,False
urn:mavedb:00000055-a-1#1697,,,p.Asn74Arg,0.626583623327107,0.0418444204179012,N74R,N74R,0.296,benign,0.7454900380758828,0.704,False,74,False,False,False
urn:mavedb:00000055-a-1#1698,,,p.Asn74His,0.9169859729392692,0.0169069619382789,N74H,N74H,0.1486,benign,0.8525452437433486,0.8513999999999999,False,74,False,False,False
urn:mavedb:00000055-a-1#1699,,,p.Asn74Gly,0.818570405598996,0.0043592789666885,N74G,N74G,0.3331,benign,0.7082003716518329,0.6669,False,74,False,False,False
urn:mavedb:00000055-a-1#1700,,,p.Asn74Val,0.0626149998551731,0.0066588350147307,N74V,N74V,0.4386,ambiguous,0.5819650749709816,0.5614,False,74,False,False,False
urn:mavedb:00000055-a-1#1701,,,p.Asn74Asp,1.05656540970721,0.0304361735440028,N74D,N74D,0.1239,benign,0.8646964871865022,0.8761,False,74,False,False,False
urn:mavedb:00000055-a-1#1702,,,p.Asn74Trp,0.1745971177068949,0.0107429722033256,N74W,N74W,0.765,pathogenic,0.20244550724061683,0.235,False,74,False,False,False
urn:mavedb:00000055-a-1#1703,,,p.Asn74Thr,0.7230129870568921,0.0313407809253779,N74T,N74T,0.2751,benign,0.7646283664076098,0.7249,False,74,False,False,False
urn:mavedb:00000055-a-1#1704,,,p.Asn74Lys,0.824989063995578,0.0219353621935119,N74K,N74K,0.2702,benign,0.7689183852577377,0.7298,False,74,False,False,False
urn:mavedb:00000055-a-1#1705,,,p.Asn74Met,0.434547401744753,0.000552226428757,N74M,N74M,0.5104,ambiguous,0.4859645539260187,0.48960000000000004,False,74,False,False,False
urn:mavedb:00000055-a-1#1706,,,p.Asn74Gln,0.790877056594601,0.005577988328873,N74Q,N74Q,0.343,ambiguous,0.697553123910061,0.657,False,74,False,False,False
urn:mavedb:00000055-a-1#1707,,,p.Asn74Glu,0.854569909935185,0.0150439896261241,N74E,N74E,0.3342,benign,0.7070314721108072,0.6658,False,74,False,False,False
urn:mavedb:00000055-a-1#1708,,,p.Asn74Phe,0.489339801545176,0.0620330055510714,N74F,N74F,0.7044,pathogenic,0.25413091786695036,0.2956,False,74,False,False,False
urn:mavedb:00000055-a-1#1709,,,p.Asn74Tyr,0.606843517862396,0.0315982408080101,N74Y,N74Y,0.2213,benign,0.8076820261035594,0.7787,False,74,False,False,False
urn:mavedb:00000055-a-1#1710,,,p.Asn74Ala,0.694145169604065,0.0251589979818447,N74A,N74A,0.3446,ambiguous,0.6958057457218717,0.6554,False,74,False,False,False
urn:mavedb:00000055-a-1#1711,,,p.Asn74Cys,0.8468594360699101,0.0101439698295361,N74C,N74C,0.432,ambiguous,0.5905473975961469,0.5680000000000001,False,74,False,False,False
urn:mavedb:00000055-a-1#1712,,,p.Asn74Leu,0.118866142337085,0.0229990313636743,N74L,N74L,0.5264,ambiguous,0.4644343324644533,0.4736,False,74,False,False,False
urn:mavedb:00000055-a-1#1713,,,p.Asn74Pro,0.0067111960192818,0.001569954542433,N74P,N74P,0.7802,pathogenic,0.19124297103515614,0.2198,False,74,False,False,False
urn:mavedb:00000055-a-1#1714,,,p.Asn74Ile,0.0340512408270606,0.0030692967260452,N74I,N74I,0.48,ambiguous,0.5269676465881146,0.52,False,74,False,False,False
urn:mavedb:00000055-a-1#1715,,,p.Lys73Phe,0.4958615496857089,0.0380008507099864,K73F,K73F,0.7497,pathogenic,0.2144247268084109,0.25029999999999997,False,73,False,False,False
urn:mavedb:00000055-a-1#1716,,,p.Lys73Asn,0.7612583660298,0.0238153591903593,K73N,K73N,0.3753,ambiguous,0.6609077255797136,0.6247,False,73,False,False,False
urn:mavedb:00000055-a-1#1717,,,p.Lys73Ser,0.8839666599279972,0.030048826050262,K73S,K73S,0.3642,ambiguous,0.6738182698258122,0.6357999999999999,False,73,False,False,False
urn:mavedb:00000055-a-1#1718,,,p.Lys73Leu,0.740352101743886,0.0185498443745215,K73L,K73L,0.3253,benign,0.7163861900015154,0.6747000000000001,False,73,False,False,False
urn:mavedb:00000055-a-1#1719,,,p.Lys73Ile,0.90148014961339,0.0061319770235374,K73I,K73I,0.3385,benign,0.702428118542178,0.6615,False,73,False,False,False
urn:mavedb:00000055-a-1#1720,,,p.Lys73His,0.752157451551846,0.0098297259657408,K73H,K73H,0.2739,benign,0.7656858976385218,0.7261,False,73,False,False,False
urn:mavedb:00000055-a-1#1721,,,p.Lys73Glu,0.6839503909480269,0.0300202982212278,K73E,K73E,0.1465,benign,0.8536348175072467,0.8535,False,73,False,False,False
urn:mavedb:00000055-a-1#1722,,,p.Lys73Arg,0.9664353876799712,0.004870959069493,K73R,K73R,0.082,benign,0.8822306751842238,0.918,False,73,False,False,False
urn:mavedb:00000055-a-1#1723,,,p.Lys73Thr,1.00203678293184,0.0284755863232366,K73T,K73T,0.1513,benign,0.8511284708300487,0.8487,False,73,False,False,False
urn:mavedb:00000055-a-1#1724,,,p.Lys73Asp,0.722946716411092,0.0140116221765323,K73D,K73D,0.5612,ambiguous,0.41829599583125354,0.43879999999999997,False,73,False,False,False
urn:mavedb:00000055-a-1#1725,,,p.Lys73Cys,1.00683502973146,0.0198203672447841,K73C,K73C,0.4966,ambiguous,0.5045898408254241,0.5034000000000001,False,73,False,False,False
urn:mavedb:00000055-a-1#1726,,,p.Lys73Gln,0.847917840246498,0.003939816849838,K73Q,K73Q,0.1162,benign,0.8681978015951756,0.8838,False,73,False,False,False
urn:mavedb:00000055-a-1#1727,,,p.Lys73Met,0.727251615955403,0.044116978224149,K73M,K73M,0.2446,benign,0.7901214723704176,0.7554,False,73,False,False,False
urn:mavedb:00000055-a-1#1728,,,p.Lys73Ala,0.815126632355856,0.0136538578021466,K73A,K73A,0.3599,ambiguous,0.6787324110989281,0.6401,False,73,False,False,False
urn:mavedb:00000055-a-1#1729,,,p.Lys73Trp,0.318376693330898,0.0035708499376607,K73W,K73W,0.6552,pathogenic,0.3044131915573485,0.3448,False,73,False,False,False
urn:mavedb:00000055-a-1#1730,,,p.Lys73Tyr,0.677541336322609,0.0213691414880024,K73Y,K73Y,0.5847,pathogenic,0.388054024027188,0.4153,False,73,False,False,False
urn:mavedb:00000055-a-1#1731,,,p.Lys73Gly,0.539099428984091,0.0311477309108097,K73G,K73G,0.3984,ambiguous,0.6330645961469132,0.6016,False,73,False,False,False
urn:mavedb:00000055-a-1#1732,,,p.Lys73Val,1.00009585871256,0.0088264380442605,K73V,K73V,0.3024,benign,0.7393578838870507,0.6976,False,73,False,False,False
urn:mavedb:00000055-a-1#1733,,,p.Lys73Pro,0.0280488305319979,0.002529869155608,K73P,K73P,0.8852,pathogenic,0.13117965789738545,0.11480000000000001,False,73,False,False,False
urn:mavedb:00000055-a-1#1734,,,p.Leu72Val,0.854819478376562,0.0177423859638917,L72V,L72V,0.1633,benign,0.8446115191704923,0.8367,False,72,False,False,False
urn:mavedb:00000055-a-1#1735,,,p.Leu72Ile,0.9721580955497572,0.019602228244491,L72I,L72I,0.1189,benign,0.8669850436714417,0.8811,False,72,False,False,False
urn:mavedb:00000055-a-1#1736,,,p.Leu72Met,0.665130069787906,0.0424596058104786,L72M,L72M,0.3173,benign,0.7245926808419295,0.6827,False,72,False,False,False
urn:mavedb:00000055-a-1#1737,,,p.Leu72Cys,0.21726253985848,0.0352914828537092,L72C,L72C,0.8485,pathogenic,0.14897719035410184,0.15149999999999997,False,72,False,False,False
urn:mavedb:00000055-a-1#1738,,,p.Leu72Pro,0.0006647693801555,0.0033425563101486,L72P,L72P,0.8371,pathogenic,0.15516537156371485,0.16290000000000004,False,72,False,False,False
urn:mavedb:00000055-a-1#1739,,,p.Leu72Thr,0.0925369833588949,0.0014367473696568,L72T,L72T,0.8622,pathogenic,0.14196477744160854,0.13780000000000003,False,72,False,False,False
urn:mavedb:00000055-a-1#1740,,,p.Leu72Ala,0.0120870688070486,0.0151730347120657,L72A,L72A,0.8861,pathogenic,0.13078171016021345,0.1139,False,72,False,False,False
urn:mavedb:00000055-a-1#1741,,,p.Leu72Phe,0.0338188495233233,8.166925838093951e-05,L72F,L72F,0.6416,pathogenic,0.31956509604718203,0.35840000000000005,False,72,False,False,False
urn:mavedb:00000055-a-1#1742,,,p.Leu72His,0.0246360601910164,0.0184021119254164,L72H,L72H,0.9566,pathogenic,0.10460902759165665,0.043399999999999994,False,72,False,False,False
urn:mavedb:00000055-a-1#1743,,,p.Leu72Gly,0.015060074651368,0.0161446386325136,L72G,L72G,0.9594,pathogenic,0.10375359639356194,0.04059999999999997,False,72,False,False,False
urn:mavedb:00000055-a-1#1744,,,p.Leu72Lys,0.03130238043612,0.0192275042420674,L72K,L72K,0.9494,pathogenic,0.10686750649715418,0.05059999999999998,False,72,False,False,False
urn:mavedb:00000055-a-1#1745,,,p.Leu72Asn,0.0729382245939264,0.0202587707250283,L72N,L72N,0.9775,pathogenic,0.09851999668519246,0.022499999999999964,False,72,False,False,False
urn:mavedb:00000055-a-1#1746,,,p.Leu72Asp,0.0298941753704323,0.0074371450556464,L72D,L72D,0.9955,pathogenic,0.09379459077227872,0.0044999999999999485,False,72,False,False,False
urn:mavedb:00000055-a-1#1747,,,p.Leu72Gln,0.0480595555335592,0.0022175929543115,L72Q,L72Q,0.91,pathogenic,0.1208393034534817,0.08999999999999997,False,72,False,False,False
urn:mavedb:00000055-a-1#1748,,,p.Leu72Tyr,0.108894992186548,0.022410398037159,L72Y,L72Y,0.9554,pathogenic,0.10497952575564451,0.04459999999999997,False,72,False,False,False
urn:mavedb:00000055-a-1#1749,,,p.Leu72Ser,-0.0220837283751813,0.0044234227328155,L72S,L72S,0.9668,pathogenic,0.10155286464226038,0.03320000000000001,False,72,False,False,False
urn:mavedb:00000055-a-1#1750,,,p.Leu72Arg,0.0115456383758135,0.0019854404385746,L72R,L72R,0.8926,pathogenic,0.12795951444367784,0.10740000000000005,False,72,False,False,False
urn:mavedb:00000055-a-1#1751,,,p.Leu72Trp,0.0432948977418079,0.0021409144563652,L72W,L72W,0.8762,pathogenic,0.13525719309515716,0.12380000000000002,False,72,False,False,False
urn:mavedb:00000055-a-1#1752,,,p.Leu72Glu,0.0234791641413221,0.0031943533070945,L72E,L72E,0.9701,pathogenic,0.10059898003527279,0.029900000000000038,False,72,False,False,False
urn:mavedb:00000055-a-1#1754,,,p.His71Asn,0.956134303050181,0.0083276428865043,H71N,H71N,0.182,benign,0.8337148623435504,0.8180000000000001,False,71,False,False,False
urn:mavedb:00000055-a-1#1755,,,p.His71Glu,0.929293774465676,0.0380197532380729,H71E,H71E,0.2608,benign,0.7769392188941378,0.7392000000000001,False,71,False,False,False
urn:mavedb:00000055-a-1#1756,,,p.His71Met,0.927168877327766,0.0167122136816892,H71M,H71M,0.4156,ambiguous,0.6115659547948072,0.5844,False,71,False,False,False
urn:mavedb:00000055-a-1#1757,,,p.His71Leu,0.8135847395059841,0.0033304316378768,H71L,H71L,0.1069,benign,0.8722538403978666,0.8931,False,71,False,False,False
urn:mavedb:00000055-a-1#1758,,,p.His71Ala,0.653813263740764,0.0643887563581657,H71A,H71A,0.2827,benign,0.7578264399452993,0.7173,False,71,False,False,False
urn:mavedb:00000055-a-1#1759,,,p.His71Gly,0.644431989293845,0.0127467649203832,H71G,H71G,0.3448,ambiguous,0.6955868084426515,0.6552,False,71,False,False,False
urn:mavedb:00000055-a-1#1760,,,p.His71Lys,1.1868072398789098,0.0002871222698056,H71K,H71K,0.1629,benign,0.8448346284362852,0.8371,False,71,False,False,False
urn:mavedb:00000055-a-1#1761,,,p.His71Ile,0.811501533118984,0.0043474951007369,H71I,H71I,0.2355,benign,0.7971742448168279,0.7645,False,71,False,False,False
urn:mavedb:00000055-a-1#1762,,,p.His71Thr,0.648945630236187,0.120237121646857,H71T,H71T,0.2555,benign,0.7813408752538101,0.7444999999999999,False,71,False,False,False
urn:mavedb:00000055-a-1#1763,,,p.His71Ser,0.74447738299295,0.0879879832478799,H71S,H71S,0.2467,benign,0.7884581249193096,0.7533,False,71,False,False,False
urn:mavedb:00000055-a-1#1764,,,p.His71Gln,0.9670256662782892,0.0119233257529562,H71Q,H71Q,0.1539,benign,0.8497471392652541,0.8461,False,71,False,False,False
urn:mavedb:00000055-a-1#1765,,,p.His71Tyr,0.8839428458602329,0.0117428639717047,H71Y,H71Y,0.0964,benign,0.8766136861043674,0.9036,False,71,False,False,False
urn:mavedb:00000055-a-1#1766,,,p.His71Asp,0.5814142957184,0.0026068010368295,H71D,H71D,0.3039,benign,0.737902331698887,0.6960999999999999,False,71,False,False,False
urn:mavedb:00000055-a-1#1767,,,p.His71Arg,0.6748413119715129,0.0049234772869072,H71R,H71R,0.0726,benign,0.8856814847154384,0.9274,False,71,False,False,False
urn:mavedb:00000055-a-1#1768,,,p.His71Phe,0.7102475864393141,0.0074729585985757,H71F,H71F,0.2193,benign,0.809113891741111,0.7807,False,71,False,False,False
urn:mavedb:00000055-a-1#1769,,,p.His71Cys,0.8170164173957289,0.008490915809292,H71C,H71C,0.1212,benign,0.865939238421682,0.8788,False,71,False,False,False
urn:mavedb:00000055-a-1#1770,,,p.His71Pro,1.03011077568911,0.0220921404755104,H71P,H71P,0.2264,benign,0.8039772789126918,0.7736000000000001,False,71,False,False,False
urn:mavedb:00000055-a-1#1771,,,p.His71Trp,0.612569811229577,0.0166086135717987,H71W,H71W,0.2186,benign,0.8096122655642514,0.7814,False,71,False,False,False
urn:mavedb:00000055-a-1#1772,,,p.His71Val,0.392977070405784,0.0008072745840138,H71V,H71V,0.194,benign,0.8262274525795588,0.806,False,71,False,False,False
urn:mavedb:00000055-a-1#1774,,,p.Leu70Met,0.7079341996741321,0.0139766864415134,L70M,L70M,0.3287,benign,0.7128402419254715,0.6713,False,70,False,False,False
urn:mavedb:00000055-a-1#1775,,,p.Leu70Ile,0.9240885176362208,0.0324028519867939,L70I,L70I,0.1137,benign,0.8693064835514918,0.8863,False,70,False,False,False
urn:mavedb:00000055-a-1#1776,,,p.Leu70Cys,0.388649151818659,0.0317241347325892,L70C,L70C,0.7458,pathogenic,0.2175927203169702,0.2542,False,70,False,False,False
urn:mavedb:00000055-a-1#1777,,,p.Leu70Val,0.8704150091909179,0.0249241511643168,L70V,L70V,0.1281,benign,0.8627306154947775,0.8719,False,70,False,False,False
urn:mavedb:00000055-a-1#1778,,,p.Leu70Thr,0.0249191637015909,0.024105709256587,L70T,L70T,0.8494,pathogenic,0.148502493361797,0.15059999999999996,False,70,False,False,False
urn:mavedb:00000055-a-1#1779,,,p.Leu70Phe,0.310543535683341,0.06733488947045,L70F,L70F,0.5472,ambiguous,0.43670248578698695,0.4528,False,70,False,False,False
urn:mavedb:00000055-a-1#1780,,,p.Leu70Arg,-0.001928765883133,0.0086947013539609,L70R,L70R,0.8437,pathogenic,0.1515428883961033,0.1563,False,70,False,False,False
urn:mavedb:00000055-a-1#1781,,,p.Arg62His,0.0538329964196202,0.0340024767580945,R62H,R62H,0.7228,pathogenic,0.23723311094877098,0.2772,False,62,True,False,True
urn:mavedb:00000055-a-1#1782,,,p.Arg62Lys,0.6617169279718821,0.034627629479704,R62K,R62K,0.6382,pathogenic,0.323432827282582,0.3618,False,62,True,False,True
urn:mavedb:00000055-a-1#1783,,,p.Arg62Tyr,0.0894097505145235,0.0284475470521144,R62Y,R62Y,0.9552,pathogenic,0.1050415034914103,0.04479999999999995,False,62,True,False,True
urn:mavedb:00000055-a-1#1784,,,p.Arg62Leu,0.0153907768870657,0.007157477242435,R62L,R62L,0.8831,pathogenic,0.13211507731929434,0.1169,False,62,True,False,True
urn:mavedb:00000055-a-1#1785,,,p.Arg62Gln,0.0543192648956381,0.0048029771011272,R62Q,R62Q,0.6086,pathogenic,0.35836616445353947,0.39139999999999997,False,62,True,False,True
urn:mavedb:00000055-a-1#1786,,,p.Arg62Pro,0.0039671460914773,0.0063586720409311,R62P,R62P,0.9864,pathogenic,0.09612630018968323,0.013599999999999945,False,62,True,False,True
urn:mavedb:00000055-a-1#1787,,,p.Arg62Ile,0.0398312388728265,0.0231748512547796,R62I,R62I,0.9408,pathogenic,0.10967920962385,0.05920000000000003,False,62,True,False,True
urn:mavedb:00000055-a-1#1788,,,p.Arg62Trp,0.0236862149874206,0.0020992815440192,R62W,R62W,0.7542,pathogenic,0.21082736199857166,0.24580000000000002,False,62,True,False,True
urn:mavedb:00000055-a-1#1789,,,p.Arg62Ala,0.076206664339478,0.008427815592627,R62A,R62A,0.9622,pathogenic,0.10291072655269883,0.037799999999999945,False,62,True,False,True
urn:mavedb:00000055-a-1#1790,,,p.Arg62Thr,0.0226283723383121,0.0078932041259901,R62T,R62T,0.9472,pathogenic,0.10757479476881841,0.05279999999999996,False,62,True,False,True
urn:mavedb:00000055-a-1#1791,,,p.Arg62Asn,0.0162944841358004,0.0063765668888701,R62N,R62N,0.9761,pathogenic,0.09890704024981853,0.023900000000000032,False,62,True,False,True
urn:mavedb:00000055-a-1#1792,,,p.Arg62Ser,0.0712750762279597,0.0257137539512404,R62S,R62S,0.9797,pathogenic,0.09791761663528141,0.020299999999999985,False,62,True,False,True
urn:mavedb:00000055-a-1#1793,,,p.Arg62Glu,0.0239154301948757,0.003869340222668,R62E,R62E,0.8591,pathogenic,0.14351193698901193,0.14090000000000003,False,62,True,False,True
urn:mavedb:00000055-a-1#1794,,,p.Arg62Phe,0.0206157375535739,0.0061579777884468,R62F,R62F,0.9865,pathogenic,0.09610004990193693,0.013499999999999956,False,62,True,False,True
urn:mavedb:00000055-a-1#1795,,,p.Arg62Asp,0.0408399953523495,0.0092208808758115,R62D,R62D,0.9779,pathogenic,0.09840994440961653,0.02210000000000001,False,62,True,False,True
urn:mavedb:00000055-a-1#1796,,,p.Gln61Ser,0.943885680335283,0.0043358660100599,Q61S,Q61S,0.2678,benign,0.770992352207348,0.7322,False,61,True,False,True
urn:mavedb:00000055-a-1#1797,,,p.Gln61Val,1.00258250509906,0.0067734526502574,Q61V,Q61V,0.1578,benign,0.847643505614071,0.8422000000000001,False,61,True,False,True
urn:mavedb:00000055-a-1#1798,,,p.Gln61Ala,0.9424078188153192,0.046240408798112,Q61A,Q61A,0.1608,benign,0.8459992377682138,0.8392,False,61,True,False,True
urn:mavedb:00000055-a-1#1799,,,p.Gln61Tyr,1.13026038952761,0.0241908835028714,Q61Y,Q61Y,0.395,ambiguous,0.63724051597347,0.605,False,61,True,False,True
urn:mavedb:00000055-a-1#1800,,,p.Gln61Leu,0.943033422606933,0.072410346079722,Q61L,Q61L,0.1003,benign,0.8750209473352738,0.8996999999999999,False,61,True,False,True
urn:mavedb:00000055-a-1#1801,,,p.Asn82Pro,0.0666799839570673,0.028976853013499,N82P,N82P,0.9399,pathogenic,0.10998081330768378,0.06010000000000004,False,82,False,False,True
urn:mavedb:00000055-a-1#1802,,,p.Asn82Arg,0.126100610420653,0.0382486189984898,N82R,N82R,0.9579,pathogenic,0.10421029082241817,0.042100000000000026,False,82,False,False,True
urn:mavedb:00000055-a-1#1803,,,p.Asn82Cys,0.0484313408349364,0.043111331638031,N82C,N82C,0.7006,pathogenic,0.25775187412476364,0.2994,False,82,False,False,True
urn:mavedb:00000055-a-1#1804,,,p.Asn82Tyr,0.0091032596028856,0.0140742201405167,N82Y,N82Y,0.8578,pathogenic,0.14416756686966478,0.1422,False,82,False,False,True
urn:mavedb:00000055-a-1#1805,,,p.Asn82Thr,0.0989925710579099,0.0095160368590722,N82T,N82T,0.5959,pathogenic,0.37399256512452433,0.4041,False,82,False,False,True
urn:mavedb:00000055-a-1#1806,,,p.Asn82His,0.0908352544182238,0.0092166067475809,N82H,N82H,0.6709,pathogenic,0.2875791933508603,0.32909999999999995,False,82,False,False,True
urn:mavedb:00000055-a-1#1807,,,p.Asn82Val,0.0486226997463636,0.0026175782970733,N82V,N82V,0.9011,pathogenic,0.12440371647229798,0.09889999999999999,False,82,False,False,True
urn:mavedb:00000055-a-1#1808,,,p.Asn82Ser,0.8081405551734309,0.0362749534599418,N82S,N82S,0.2766,benign,0.7633001422382648,0.7234,False,82,False,False,True
urn:mavedb:00000055-a-1#1809,,,p.Asn82Trp,0.0028299735149842,0.0061565620389922,N82W,N82W,0.9872,pathogenic,0.09591669323285183,0.012800000000000034,False,82,False,False,True
urn:mavedb:00000055-a-1#1810,,,p.Asn82Ile,0.0332580021809537,0.0089864158716881,N82I,N82I,0.9145,pathogenic,0.11909711142680125,0.08550000000000002,False,82,False,False,True
urn:mavedb:00000055-a-1#1811,,,p.Asn82Met,0.006379896705044,0.005277355773091,N82M,N82M,0.9295,pathogenic,0.11357006935791429,0.07050000000000001,False,82,False,False,True
urn:mavedb:00000055-a-1#1812,,,p.Asn82Leu,0.0179397615417418,0.0106972914045832,N82L,N82L,0.8985,pathogenic,0.12547541400011092,0.10150000000000003,False,82,False,False,True
urn:mavedb:00000055-a-1#1813,,,p.Asn82Lys,0.0620572765030027,0.0047229972594066,N82K,N82K,0.9721,pathogenic,0.1000289713659309,0.027900000000000036,False,82,False,False,True
urn:mavedb:00000055-a-1#1814,,,p.Asn82Phe,0.0339626825731519,0.0006349340691139,N82F,N82F,0.9845,pathogenic,0.09662774981326835,0.015499999999999958,False,82,False,False,True
urn:mavedb:00000055-a-1#1815,,,p.Asn82Ala,0.0582425712500697,0.033840719915304,N82A,N82A,0.891,pathogenic,0.12864581540060946,0.10899999999999999,False,82,False,False,True
urn:mavedb:00000055-a-1#1818,,,p.Val81Ala,0.7398892553784939,0.0105564376551695,V81A,V81A,0.493,ambiguous,0.5094486110950023,0.507,False,81,False,False,True
urn:mavedb:00000055-a-1#1819,,,p.Gln61Gly,0.7638829979591949,0.0110597074812954,Q61G,Q61G,0.2583,benign,0.7790262910434732,0.7417,False,61,True,False,True
urn:mavedb:00000055-a-1#1820,,,p.Gln61Ile,0.649564625363495,0.0136481455313996,Q61I,Q61I,0.2273,benign,0.8033154866184925,0.7726999999999999,False,61,True,False,True
urn:mavedb:00000055-a-1#1821,,,p.Gln61Met,1.0742203678758,0.010386953468028,Q61M,Q61M,0.2529,benign,0.7834684767706267,0.7471,False,61,True,False,True
urn:mavedb:00000055-a-1#1822,,,p.Gln61Phe,1.08189782747564,0.0041455613860258,Q61F,Q61F,0.4867,ambiguous,0.5179454778838256,0.5133,False,61,True,False,True
urn:mavedb:00000055-a-1#1823,,,p.Gln61Cys,1.14307627346228,0.0011287829120302,Q61C,Q61C,0.3693,ambiguous,0.6679261430572098,0.6307,False,61,True,False,True
urn:mavedb:00000055-a-1#1824,,,p.Gln61Thr,1.0090640411514,0.0341936722642607,Q61T,Q61T,0.2126,benign,0.8138252447713284,0.7874,False,61,True,False,True
urn:mavedb:00000055-a-1#1825,,,p.Gln61Arg,0.924933818702821,0.0551146217661199,Q61R,Q61R,0.0772,benign,0.8840135358557173,0.9228,False,61,True,False,True
urn:mavedb:00000055-a-1#1826,,,p.Gln61Trp,0.9176035842477068,0.0088870161198327,Q61W,Q61W,0.3576,ambiguous,0.6813403948184265,0.6424000000000001,False,61,True,False,True
urn:mavedb:00000055-a-1#1827,,,p.Gln61Glu,0.9055124755383372,0.0173762765690052,Q61E,Q61E,0.0919,benign,0.8784131101027076,0.9081,False,61,True,False,True
urn:mavedb:00000055-a-1#1828,,,p.Gln61Asp,0.5786213718846899,0.0356177630513349,Q61D,Q61D,0.6267,pathogenic,0.33674256105923134,0.37329999999999997,False,61,True,False,True
urn:mavedb:00000055-a-1#1829,,,p.Gln61His,1.0362966531269,0.0441803722109272,Q61H,Q61H,0.2639,benign,0.7743243652388802,0.7361,False,61,True,False,True
urn:mavedb:00000055-a-1#1830,,,p.Gln61Lys,1.1450557189487,0.0060184364266576,Q61K,Q61K,0.0886,benign,0.8797069737018436,0.9114,False,61,True,False,True
urn:mavedb:00000055-a-1#1831,,,p.Gln61Asn,0.7537083445466719,0.0219562915653884,Q61N,Q61N,0.4638,ambiguous,0.5486787784447125,0.5362,False,61,True,False,True
urn:mavedb:00000055-a-1#1832,,,p.Gln61Pro,0.0355361384328962,0.0066489491371085,Q61P,Q61P,0.591,pathogenic,0.38011364286657373,0.40900000000000003,False,61,True,False,True
urn:mavedb:00000055-a-1#1834,,,p.Ala60Phe,-0.0128456569543413,0.0127389372878014,A60F,A60F,0.9613,pathogenic,0.10318028879278585,0.03869999999999996,False,60,True,False,True
urn:mavedb:00000055-a-1#1835,,,p.Ala60Gly,0.281208311253991,0.0227768888827444,A60G,A60G,0.1904,benign,0.8285152668626211,0.8096,False,60,True,False,True
urn:mavedb:00000055-a-1#1836,,,p.Ala60Val,0.382723489718742,0.0315757881663919,A60V,A60V,0.7145,pathogenic,0.24472492230984055,0.2855,False,60,True,False,True
urn:mavedb:00000055-a-1#1837,,,p.Ala60Cys,0.438259373220661,0.0003421581330349,A60C,A60C,0.7082,pathogenic,0.250554788038011,0.29179999999999995,False,60,True,False,True
urn:mavedb:00000055-a-1#1838,,,p.Ala60Ser,0.3984167595518499,0.0774609469879769,A60S,A60S,0.2469,benign,0.7882990078600347,0.7531,False,60,True,False,True
urn:mavedb:00000055-a-1#1839,,,p.Ala60Thr,0.0064884720925649,0.0089761875971251,A60T,A60T,0.6345,pathogenic,0.32767713111386226,0.36550000000000005,False,60,True,False,True
urn:mavedb:00000055-a-1#1840,,,p.Ala60Ile,0.0080976018918218,0.0047467135907979,A60I,A60I,0.9202,pathogenic,0.11694675238103719,0.07979999999999998,False,60,True,False,True
urn:mavedb:00000055-a-1#1841,,,p.Ala60His,0.0109055618779989,0.0072180688206338,A60H,A60H,0.9824,pathogenic,0.09718797771583838,0.01759999999999995,False,60,True,False,True
urn:mavedb:00000055-a-1#1842,,,p.Ala60Leu,0.0009395510486471,0.0288882241131305,A60L,A60L,0.8263,pathogenic,0.1613348017868689,0.17369999999999997,False,60,True,False,True
urn:mavedb:00000055-a-1#1843,,,p.Ala60Met,-0.0332682811323795,0.0080270831304906,A60M,A60M,0.9176,pathogenic,0.11791987742824407,0.08240000000000003,False,60,True,False,True
urn:mavedb:00000055-a-1#1844,,,p.Ala60Tyr,0.039944397395768,0.0005775441526588,A60Y,A60Y,0.9858,pathogenic,0.09628409908095474,0.01419999999999999,False,60,True,False,True
urn:mavedb:00000055-a-1#1845,,,p.Ala60Gln,-0.0140623174068947,0.0086583154576495,A60Q,A60Q,0.9448,pathogenic,0.10835572390763895,0.05520000000000003,False,60,True,False,True
urn:mavedb:00000055-a-1#1846,,,p.Ala60Glu,0.133056045113209,0.0476113395403809,A60E,A60E,0.9736,pathogenic,0.09960543647909696,0.02639999999999998,False,60,True,False,True
urn:mavedb:00000055-a-1#1847,,,p.Ala60Lys,0.0010345565881471,0.0072212315809559,A60K,A60K,0.9903,pathogenic,0.09511295042703516,0.009700000000000042,False,60,True,False,True
urn:mavedb:00000055-a-1#1848,,,p.Ala60Trp,0.0314916628884762,0.0102938770540676,A60W,A60W,0.9934,pathogenic,0.09432254652338765,0.00660000000000005,False,60,True,False,True
urn:mavedb:00000055-a-1#1849,,,p.Ala60Asn,0.0691116149042145,0.0240359905499471,A60N,A60N,0.9739,pathogenic,0.0995211356220621,0.026100000000000012,False,60,True,False,True
urn:mavedb:00000055-a-1#1850,,,p.Ala60Arg,0.0448673370059668,0.0115337605120077,A60R,A60R,0.9515,pathogenic,0.10619993375689052,0.04849999999999999,False,60,True,False,True
urn:mavedb:00000055-a-1#1851,,,p.Ala60Asp,0.0294635713354696,0.0247529520352607,A60D,A60D,0.9823,pathogenic,0.09721481323794952,0.01770000000000005,False,60,True,False,True
urn:mavedb:00000055-a-1#1852,,,p.Ala60Pro,0.0246740885295846,0.0109547057823573,A60P,A60P,0.9541,pathogenic,0.10538355003810254,0.04590000000000005,False,60,True,False,True
urn:mavedb:00000055-a-1#1853,,,p.Cys59Thr,0.7119321178466421,0.0176214643630583,C59T,C59T,0.6566,pathogenic,0.3028830330203104,0.34340000000000004,False,59,True,False,True
urn:mavedb:00000055-a-1#1854,,,p.Cys59Arg,0.7833876372914821,0.0597119102812812,C59R,C59R,0.9519,pathogenic,0.10607360912105446,0.04810000000000003,False,59,True,False,True
urn:mavedb:00000055-a-1#1855,,,p.Cys59Gly,0.5629645173474761,0.0159542869505117,C59G,C59G,0.3114,benign,0.7305206472908535,0.6886,False,59,True,False,True
urn:mavedb:00000055-a-1#1856,,,p.Cys59Ser,0.7004809334610461,0.0319959466484247,C59S,C59S,0.7082,pathogenic,0.250554788038011,0.29179999999999995,False,59,True,False,True
urn:mavedb:00000055-a-1#1858,,,p.Cys59Ala,1.01633504212167,0.0604879959943267,C59A,C59A,0.5407,ambiguous,0.4453264290139739,0.45930000000000004,False,59,True,False,True
urn:mavedb:00000055-a-1#1859,,,p.Cys59Val,0.5376510527478779,0.0746168658875224,C59V,C59V,0.9017,pathogenic,0.12415837560653488,0.09830000000000005,False,59,True,False,True
urn:mavedb:00000055-a-1#1860,,,p.Cys59Tyr,0.0403393861297489,0.0105530719303867,C59Y,C59Y,0.9539,pathogenic,0.1054459533409999,0.04610000000000003,False,59,True,False,True
urn:mavedb:00000055-a-1#1861,,,p.Cys59His,0.0882496078380603,0.0036718480730589,C59H,C59H,0.9794,pathogenic,0.09799934184772749,0.02059999999999995,False,59,True,False,True
urn:mavedb:00000055-a-1#1862,,,p.Cys59Asp,0.0697388163289534,0.0290381222725325,C59D,C59D,0.9742,pathogenic,0.09943696969975976,0.025800000000000045,False,59,True,False,True
urn:mavedb:00000055-a-1#1863,,,p.Cys59Met,0.0001585380492142,0.0302043532200479,C59M,C59M,0.9504,pathogenic,0.10654869739800667,0.04959999999999998,False,59,True,False,True
urn:mavedb:00000055-a-1#1864,,,p.Cys59Pro,0.0612322997665085,0.0002301923490046,C59P,C59P,0.9953,pathogenic,0.09384461407994565,0.0047000000000000375,False,59,True,False,True
urn:mavedb:00000055-a-1#1865,,,p.Cys59Glu,0.0492117427575516,0.0132525042246911,C59E,C59E,0.9914,pathogenic,0.09483096787326936,0.008600000000000052,False,59,True,False,True
urn:mavedb:00000055-a-1#1866,,,p.Cys59Gln,0.0538957880867578,0.0075528994832277,C59Q,C59Q,0.984,pathogenic,0.09676056438529768,0.016000000000000014,False,59,True,False,True
urn:mavedb:00000055-a-1#1867,,,p.Cys59Leu,0.0442311435490836,0.0113383838295752,C59L,C59L,0.9207,pathogenic,0.11676108888533958,0.07930000000000004,False,59,True,False,True
urn:mavedb:00000055-a-1#1868,,,p.Cys59Trp,0.0173370311315729,0.0039762673914428,C59W,C59W,0.9813,pathogenic,0.09748396244810197,0.01870000000000005,False,59,True,False,True
urn:mavedb:00000055-a-1#1869,,,p.Cys59Ile,0.0354170546616989,0.0084217897626994,C59I,C59I,0.9806,pathogenic,0.09767322827274999,0.019399999999999973,False,59,True,False,True
urn:mavedb:00000055-a-1#1870,,,p.Cys59Phe,0.0630869615806156,0.0046383082770782,C59F,C59F,0.9317,pathogenic,0.11279462091820763,0.06830000000000003,False,59,True,False,True
urn:mavedb:00000055-a-1#1871,,,p.Cys59Lys,0.053058416997123,0.0212673145765411,C59K,C59K,0.9932,pathogenic,0.09437314162269192,0.006800000000000028,False,59,True,False,True
urn:mavedb:00000055-a-1#1872,,,p.Glu58His,0.8682884955690571,0.0041919117380685,E58H,E58H,0.5369,ambiguous,0.4503874932835727,0.46309999999999996,False,58,True,False,True
urn:mavedb:00000055-a-1#1873,,,p.Glu58Asp,1.0275403453299898,0.0469718522116887,E58D,E58D,0.1724,benign,0.8394239516740312,0.8276,False,58,True,False,True
urn:mavedb:00000055-a-1#1874,,,p.Glu58Trp,0.5944527533903,0.0287152267420467,E58W,E58W,0.8901,pathogenic,0.12903425636925656,0.1099,False,58,True,False,True
urn:mavedb:00000055-a-1#1875,,,p.Glu58Ser,0.981323734258158,0.0071940282459653,E58S,E58S,0.2562,benign,0.780764498573338,0.7438,False,58,True,False,True
urn:mavedb:00000055-a-1#1877,,,p.Glu58Lys,0.8816970229861251,0.004481112401501,E58K,E58K,0.207,benign,0.817663097603479,0.793,False,58,True,False,True
urn:mavedb:00000055-a-1#1878,,,p.Glu58Cys,1.01143740012856,0.0103851191441191,E58C,E58C,0.8005,pathogenic,0.1773376421962085,0.1995,True,58,True,True,True
urn:mavedb:00000055-a-1#1879,,,p.Glu58Gly,0.733971656873423,0.0038994318225753,E58G,E58G,0.184,benign,0.8324943209439297,0.8160000000000001,False,58,True,False,True
urn:mavedb:00000055-a-1#1880,,,p.Glu58Tyr,0.7156888543043549,0.0042908907569628,E58Y,E58Y,0.6377,pathogenic,0.3240042432767704,0.36229999999999996,False,58,True,False,True
urn:mavedb:00000055-a-1#1881,,,p.Glu58Ala,1.16365606926299,0.0591773145952089,E58A,E58A,0.1289,benign,0.8623516083393693,0.8711,False,58,True,False,True
urn:mavedb:00000055-a-1#1882,,,p.Glu58Phe,0.796400084261042,0.003972254082886,E58F,E58F,0.7615,pathogenic,0.20512309673444795,0.23850000000000005,False,58,True,False,True
urn:mavedb:00000055-a-1#1883,,,p.Glu58Asn,0.77305158578314,0.0125536078029119,E58N,E58N,0.3392,benign,0.7016736335842321,0.6608,False,58,True,False,True
urn:mavedb:00000055-a-1#1884,,,p.Glu58Val,0.919736244327122,0.0180551269878051,E58V,E58V,0.2263,benign,0.8040506625817815,0.7737,False,58,True,False,True
urn:mavedb:00000055-a-1#1885,,,p.Glu58Met,0.975504003648726,0.0063540334028642,E58M,E58M,0.3925,ambiguous,0.6402945570870323,0.6074999999999999,False,58,True,False,True
urn:mavedb:00000055-a-1#1886,,,p.Glu58Gln,1.08081549225657,0.0027914872507087,E58Q,E58Q,0.1365,benign,0.8586772538530768,0.8634999999999999,False,58,True,False,True
urn:mavedb:00000055-a-1#1887,,,p.Glu58Leu,0.679267801209212,0.0228546450181092,E58L,E58L,0.406,ambiguous,0.6236398012835297,0.594,False,58,True,False,True
urn:mavedb:00000055-a-1#1888,,,p.Glu58Ile,0.746519037015015,0.0753614887606216,E58I,E58I,0.3757,ambiguous,0.6604365670941655,0.6243000000000001,False,58,True,False,True
urn:mavedb:00000055-a-1#1889,,,p.Glu58Arg,0.8181893799256429,0.0282178719973354,E58R,E58R,0.3023,benign,0.7394546736415005,0.6977,False,58,True,False,True
urn:mavedb:00000055-a-1#1890,,,p.Glu58Pro,0.031559994804238,0.0146347051334171,E58P,E58P,0.9175,pathogenic,0.11795756354648164,0.08250000000000002,False,58,True,False,True
urn:mavedb:00000055-a-1#1892,,,p.Glu57Leu,0.646516706950722,0.0310672095125819,E57L,E57L,0.587,pathogenic,0.3851462172622438,0.41300000000000003,False,57,True,False,True
urn:mavedb:00000055-a-1#1893,,,p.Glu57Met,0.6220117504983579,0.0104012372484075,E57M,E57M,0.5955,pathogenic,0.3744903911686049,0.40449999999999997,False,57,True,False,True
urn:mavedb:00000055-a-1#1894,,,p.Glu57Tyr,0.27925227961393,0.023106198568406,E57Y,E57Y,0.811,pathogenic,0.17060471120312404,0.18899999999999995,False,57,True,False,True
urn:mavedb:00000055-a-1#1895,,,p.Glu57Asn,0.4638083254258989,0.0047004341520848,E57N,E57N,0.7016,pathogenic,0.25679465059707046,0.2984,False,57,True,False,True
urn:mavedb:00000055-a-1#1896,,,p.Glu57Val,0.9742868942356552,0.0224325794653705,E57V,E57V,0.3337,benign,0.7075632313075423,0.6663,False,57,True,False,True
urn:mavedb:00000055-a-1#1897,,,p.Glu57Lys,0.438681115726927,0.015794202407915,E57K,E57K,0.2517,benign,0.7844434265999216,0.7483,False,57,True,False,True
urn:mavedb:00000055-a-1#1898,,,p.Glu57Gly,0.6070878893400771,0.0406509948724373,E57G,E57G,0.3155,benign,0.7264124561876134,0.6845,False,57,True,False,True
urn:mavedb:00000055-a-1#1899,,,p.Glu57His,0.70963891421873,0.020462712012592,E57H,E57H,0.7415,pathogenic,0.2211399632275351,0.25849999999999995,False,57,True,False,True
urn:mavedb:00000055-a-1#1900,,,p.Glu57Gln,0.851971545448205,0.0013983606938033,E57Q,E57Q,0.1966,benign,0.8245527052491585,0.8034,False,57,True,False,True
urn:mavedb:00000055-a-1#1901,,,p.Glu57Arg,0.102613720558636,0.0548866362603301,E57R,E57R,0.3623,ambiguous,0.6759957567232294,0.6376999999999999,False,57,True,False,True
urn:mavedb:00000055-a-1#1902,,,p.Glu57Thr,0.918064569922385,0.0190376865247113,E57T,E57T,0.4159,ambiguous,0.611185763989297,0.5841000000000001,False,57,True,False,True
urn:mavedb:00000055-a-1#1903,,,p.Glu57Cys,0.74064939469021,0.0141856059574366,E57C,E57C,0.8969,pathogenic,0.126141872236136,0.10309999999999997,False,57,True,False,True
urn:mavedb:00000055-a-1#1904,,,p.Glu57Ile,0.956428084674807,0.0419698529470744,E57I,E57I,0.5418,ambiguous,0.4438639414871863,0.45820000000000005,False,57,True,False,True
urn:mavedb:00000055-a-1#1905,,,p.Glu57Phe,0.5408945791666211,0.0088461994701737,E57F,E57F,0.8921,pathogenic,0.12817339911948322,0.1079,False,57,True,False,True
urn:mavedb:00000055-a-1#1906,,,p.Glu57Ser,0.928006113963836,0.0260697862244887,E57S,E57S,0.4686,ambiguous,0.542265058920931,0.5314,False,57,True,False,True
urn:mavedb:00000055-a-1#1907,,,p.Glu57Asp,0.8359126294334359,0.0044330041684139,E57D,E57D,0.4887,ambiguous,0.5152491589521715,0.5113,False,57,True,False,True
urn:mavedb:00000055-a-1#1908,,,p.Glu57Ala,0.910821533868472,0.070102381128733,E57A,E57A,0.2225,benign,0.8068172470571462,0.7775,False,57,True,False,True
urn:mavedb:00000055-a-1#1909,,,p.Glu57Pro,0.0182116139315998,0.0143692513819003,E57P,E57P,0.7616,pathogenic,0.20504608013575548,0.23839999999999995,False,57,True,False,True
urn:mavedb:00000055-a-1#1910,,,p.Glu57Trp,0.7947214334879421,0.0031996421007897,E57W,E57W,0.9313,pathogenic,0.11293495774039944,0.06869999999999998,False,57,True,False,True
urn:mavedb:00000055-a-1#1912,,,p.Trp56Val,0.0372728447657909,0.0333147029724713,W56V,W56V,0.7438,pathogenic,0.21923550142666198,0.2562,False,56,True,False,True
urn:mavedb:00000055-a-1#1913,,,p.Trp56Phe,0.799549701887758,0.0250270237839887,W56F,W56F,0.3806,ambiguous,0.6546324024278205,0.6194,False,56,True,False,True
urn:mavedb:00000055-a-1#1914,,,p.Trp56Tyr,0.0542028305942719,1.36049641540835e-05,W56Y,W56Y,0.8092,pathogenic,0.17173716140548803,0.19079999999999997,False,56,True,False,True
urn:mavedb:00000055-a-1#1915,,,p.Trp56Pro,0.137139307376667,0.0282647842262668,W56P,W56P,0.8594,pathogenic,0.14336121197118562,0.14059999999999995,False,56,True,False,True
urn:mavedb:00000055-a-1#1916,,,p.Trp56Ile,0.2922492957042619,0.0055137577005117,W56I,W56I,0.795,pathogenic,0.1809880960432687,0.20499999999999996,False,56,True,False,True
urn:mavedb:00000055-a-1#1917,,,p.Trp56Leu,0.589790455358048,0.0141615449404548,W56L,W56L,0.5861,pathogenic,0.38628284943079877,0.41390000000000005,False,56,True,False,True
urn:mavedb:00000055-a-1#1918,,,p.Trp56Cys,0.0358120110877586,0.0079823099002022,W56C,W56C,0.9212,pathogenic,0.11657589914059342,0.07879999999999998,False,56,True,False,True
urn:mavedb:00000055-a-1#1919,,,p.Trp56Ala,0.022732917819177,0.0067932448590263,W56A,W56A,0.8712,pathogenic,0.137600935584622,0.12880000000000003,False,56,True,False,True
urn:mavedb:00000055-a-1#1920,,,p.Trp56Asn,0.0226696235541899,0.0072872280644268,W56N,W56N,0.9908,pathogenic,0.09498456886646525,0.009199999999999986,False,56,True,False,True
urn:mavedb:00000055-a-1#1921,,,p.Trp56Thr,-0.0074603528487279,0.0093764595532562,W56T,W56T,0.9042,pathogenic,0.1231440306203325,0.0958,False,56,True,False,True
urn:mavedb:00000055-a-1#1922,,,p.Trp56Met,0.156925678586828,0.0041293726206128,W56M,W56M,0.8295,pathogenic,0.15947510279505056,0.17049999999999998,False,56,True,False,True
urn:mavedb:00000055-a-1#1923,,,p.Trp56Glu,0.223519552936358,0.0369533484585307,W56E,W56E,0.9853,pathogenic,0.0964159880387532,0.014700000000000046,False,56,True,False,True
urn:mavedb:00000055-a-1#1924,,,p.Trp56Ser,0.0356402303964145,0.0030903872112236,W56S,W56S,0.9126,pathogenic,0.11982786040855141,0.08740000000000003,False,56,True,False,True
urn:mavedb:00000055-a-1#1925,,,p.Trp56Lys,0.0864506214456367,0.0208146410875624,W56K,W56K,0.9927,pathogenic,0.09449986904701288,0.007299999999999973,False,56,True,False,True
urn:mavedb:00000055-a-1#1926,,,p.Trp56Asp,0.1029826130632819,0.0400317777081061,W56D,W56D,0.9921,pathogenic,0.09465239485441299,0.007900000000000018,False,56,True,False,True
urn:mavedb:00000055-a-1#1927,,,p.Trp56Gly,0.0175112815875411,0.0200989312196641,W56G,W56G,0.845,pathogenic,0.15084233470129127,0.15500000000000003,False,56,True,False,True
urn:mavedb:00000055-a-1#1928,,,p.Trp56His,0.0280668780544534,0.0286716871104308,W56H,W56H,0.9802,pathogenic,0.09778169971325976,0.01980000000000004,False,56,True,False,True
urn:mavedb:00000055-a-1#1929,,,p.Trp56Arg,0.0475942339150552,0.0202447248245124,W56R,W56R,0.9813,pathogenic,0.09748396244810197,0.01870000000000005,False,56,True,False,True
urn:mavedb:00000055-a-1#1930,,,p.Trp56Gln,0.0187398673599545,0.015557454158003,W56Q,W56Q,0.987,pathogenic,0.09596901032211319,0.013000000000000012,False,56,True,False,True
urn:mavedb:00000055-a-1#1931,,,p.Thr55Asp,0.834841358527908,0.0141704513421864,T55D,T55D,0.3737,ambiguous,0.6627883095726449,0.6263000000000001,False,55,True,False,True
urn:mavedb:00000055-a-1#1932,,,p.Thr55Ser,1.10207100964497,0.0137405399135241,T55S,T55S,0.1002,benign,0.8750621765521966,0.8998,False,55,True,False,True
urn:mavedb:00000055-a-1#1933,,,p.Thr55Met,0.0156581673986492,0.0040452433756778,T55M,T55M,0.212,benign,0.814240777566805,0.788,False,55,True,False,True
urn:mavedb:00000055-a-1#1934,,,p.Thr55Asn,0.8679454808796491,0.0137721404723484,T55N,T55N,0.1531,benign,0.8501739526421366,0.8469,False,55,True,False,True
urn:mavedb:00000055-a-1#1935,,,p.Thr55Gly,0.917559557456074,0.0080501679623393,T55G,T55G,0.2341,benign,0.798237040472993,0.7659,False,55,True,False,True
urn:mavedb:00000055-a-1#1936,,,p.Thr55Ala,0.626655055747796,0.0022657308099804,T55A,T55A,0.1829,benign,0.8331669602726607,0.8170999999999999,False,55,True,False,True
urn:mavedb:00000055-a-1#1937,,,p.Thr55Cys,0.4411955993035329,0.0146014637797729,T55C,T55C,0.4651,ambiguous,0.5469435919335957,0.5348999999999999,False,55,True,False,True
urn:mavedb:00000055-a-1#1938,,,p.Thr55Lys,0.0510949909088893,0.0124398528591019,T55K,T55K,0.3244,benign,0.7173190387018971,0.6756,False,55,True,False,True
urn:mavedb:00000055-a-1#1939,,,p.Thr55His,0.1151356815195719,0.0272790012907324,T55H,T55H,0.398,ambiguous,0.6335572046158087,0.602,False,55,True,False,True
urn:mavedb:00000055-a-1#1940,,,p.Thr55Gln,0.3592022451729339,0.008318891546589,T55Q,T55Q,0.3576,ambiguous,0.6813403948184265,0.6424000000000001,False,55,True,False,True
urn:mavedb:00000055-a-1#1941,,,p.Thr55Arg,0.0290562151364998,0.0069725328129325,T55R,T55R,0.2745,benign,0.7651576928475426,0.7255,False,55,True,False,True
urn:mavedb:00000055-a-1#1942,,,p.Thr55Phe,0.0840190365076912,0.0132380186347451,T55F,T55F,0.6076,pathogenic,0.35958357602329666,0.39239999999999997,False,55,True,False,True
urn:mavedb:00000055-a-1#1943,,,p.Thr55Tyr,0.0163628355302769,0.0079757229321328,T55Y,T55Y,0.4765,ambiguous,0.5316725438917711,0.5235000000000001,False,55,True,False,True
urn:mavedb:00000055-a-1#1944,,,p.Thr55Glu,0.455547530132402,0.0560780456959286,T55E,T55E,0.4013,ambiguous,0.6294827916393493,0.5987,False,55,True,False,True
urn:mavedb:00000055-a-1#1945,,,p.Thr55Leu,0.144913591601043,0.018595814169596,T55L,T55L,0.3023,benign,0.7394546736415005,0.6977,False,55,True,False,True
urn:mavedb:00000055-a-1#1946,,,p.Thr55Trp,0.0267916440622997,0.0144714211120461,T55W,T55W,0.7147,pathogenic,0.24454187178984055,0.2853,False,55,True,False,True
urn:mavedb:00000055-a-1#1947,,,p.Thr55Ile,0.0746657214667273,0.0179287833355197,T55I,T55I,0.6431,pathogenic,0.3178687358691003,0.3569,False,55,True,False,True
urn:mavedb:00000055-a-1#1948,,,p.Thr55Pro,0.0103553230031963,0.0114924512973725,T55P,T55P,0.4078,ambiguous,0.621389926669203,0.5922000000000001,False,55,True,False,True
urn:mavedb:00000055-a-1#1949,,,p.Thr55Val,0.0193946234141615,0.0200857052198606,T55V,T55V,0.527,ambiguous,0.4636295074970419,0.473,False,55,True,False,True
urn:mavedb:00000055-a-1#1950,,,p.Glu54Thr,0.0299351426195169,0.01295044373638,E54T,E54T,0.9654,pathogenic,0.10196262494889796,0.034599999999999964,False,54,True,False,True
urn:mavedb:00000055-a-1#1951,,,p.Glu54Ser,0.0550913191952433,0.0268073494308346,E54S,E54S,0.9522,pathogenic,0.10597903965626587,0.047799999999999954,False,54,True,False,True
urn:mavedb:00000055-a-1#1952,,,p.Glu54Cys,0.0327056632432422,0.0102019592128839,E54C,E54C,0.9675,pathogenic,0.10134912433902837,0.03249999999999997,False,54,True,False,True
urn:mavedb:00000055-a-1#1953,,,p.Glu54Arg,0.119753256637249,0.0018183037731809,E54R,E54R,0.8412,pathogenic,0.15290205042939398,0.15880000000000005,False,54,True,False,True
urn:mavedb:00000055-a-1#1954,,,p.Glu54Asn,0.0805871320635895,0.0021417436422179,E54N,E54N,0.9682,pathogenic,0.10114614069202571,0.03180000000000005,False,54,True,False,True
urn:mavedb:00000055-a-1#1955,,,p.Glu54Lys,0.0648044252636874,0.00053970301815,E54K,E54K,0.7922,pathogenic,0.18287963502139604,0.20779999999999998,False,54,True,False,True
urn:mavedb:00000055-a-1#1956,,,p.Glu54Gly,0.0340802146794607,0.0116301492108863,E54G,E54G,0.8348,pathogenic,0.15645386318065857,0.1652,False,54,True,False,True
urn:mavedb:00000055-a-1#1957,,,p.Glu54Asp,0.872919423074815,0.0296855764159568,E54D,E54D,0.9,pathogenic,0.12485542684453012,0.09999999999999998,True,54,True,True,True
urn:mavedb:00000055-a-1#1958,,,p.Glu54Met,0.564037823898407,0.028707770291412,E54M,E54M,0.9673,pathogenic,0.10140725853816444,0.03269999999999995,False,54,True,False,True
urn:mavedb:00000055-a-1#1959,,,p.Glu54Trp,0.0154233784864642,0.0157140834936774,E54W,E54W,0.9942,pathogenic,0.09412071264803838,0.005800000000000027,False,54,True,False,True
urn:mavedb:00000055-a-1#1960,,,p.Glu54Tyr,0.061072374643592,0.0062444228130606,E54Y,E54Y,0.9839,pathogenic,0.09678717017521207,0.016100000000000003,False,54,True,False,True
urn:mavedb:00000055-a-1#1961,,,p.Glu54Ile,-0.0093631969148695,0.0002855169119418,E54I,E54I,0.979,pathogenic,0.09810851341635872,0.02100000000000002,False,54,True,False,True
urn:mavedb:00000055-a-1#1962,,,p.Glu54Leu,0.0491878404346949,0.0007359902131462,E54L,E54L,0.975,pathogenic,0.0992131854943467,0.025000000000000022,False,54,True,False,True
urn:mavedb:00000055-a-1#1963,,,p.Glu54Phe,0.0221234834765511,0.0064202325400138,E54F,E54F,0.9919,pathogenic,0.09470334681130735,0.008099999999999996,False,54,True,False,True
urn:mavedb:00000055-a-1#1964,,,p.Glu54Gln,0.835832985216749,0.0598774045133185,E54Q,E54Q,0.7247,pathogenic,0.23554832501819495,0.2753,True,54,True,True,True
urn:mavedb:00000055-a-1#1965,,,p.Glu54His,0.0399836259389129,0.0285357021802222,E54H,E54H,0.971,pathogenic,0.1003417241983593,0.029000000000000026,False,54,True,False,True
urn:mavedb:00000055-a-1#1966,,,p.Glu54Val,0.040243249232091,0.0068249231959695,E54V,E54V,0.9375,pathogenic,0.1107920220256662,0.0625,False,54,True,False,True
urn:mavedb:00000055-a-1#1967,,,p.Glu54Pro,0.0346690776619751,0.0222985240530172,E54P,E54P,0.9912,pathogenic,0.09488211290418283,0.00880000000000003,False,54,True,False,True
urn:mavedb:00000055-a-1#1968,,,p.Glu54Ala,0.0385585555477394,0.0004288850980871,E54A,E54A,0.9115,pathogenic,0.1202541543965291,0.08850000000000002,False,54,True,False,True
urn:mavedb:00000055-a-1#1969,,,p.Gly53Cys,0.817420101677818,0.0336414643170469,G53C,G53C,0.4231,ambiguous,0.6020116182140035,0.5769,False,53,True,False,True
urn:mavedb:00000055-a-1#1970,,,p.Gly53Ser,0.6388135263869941,0.0252253336046209,G53S,G53S,0.3573,ambiguous,0.6816795030612361,0.6427,False,53,True,False,True
urn:mavedb:00000055-a-1#1971,,,p.Gly53Ala,0.7014885748740091,0.0155511509328324,G53A,G53A,0.4101,ambiguous,0.6185055482679597,0.5899,False,53,True,False,True
urn:mavedb:00000055-a-1#1972,,,p.Gly53Leu,0.413362026993085,0.0007109144712458,G53L,G53L,0.7297,pathogenic,0.23116841890319484,0.2703,False,53,True,False,True
urn:mavedb:00000055-a-1#1973,,,p.Gly53Tyr,0.6340756517193139,0.0663770044152016,G53Y,G53Y,0.7209,pathogenic,0.23892914942784121,0.2791,False,53,True,False,True
urn:mavedb:00000055-a-1#1974,,,p.Gly53Met,0.39123701144342,0.0076072455016854,G53M,G53M,0.7951,pathogenic,0.18092095605416414,0.20489999999999997,False,53,True,False,True
urn:mavedb:00000055-a-1#1975,,,p.Gly53Asn,0.305411327240975,0.0334577967772421,G53N,G53N,0.7319,pathogenic,0.22926591398933865,0.2681,False,53,True,False,True
urn:mavedb:00000055-a-1#1976,,,p.Gly53Phe,0.507612888820878,0.0818446646113974,G53F,G53F,0.8241,pathogenic,0.16262903117295163,0.17589999999999995,False,53,True,False,True
urn:mavedb:00000055-a-1#1977,,,p.Gly53Thr,0.0614763860832119,0.0149946753928894,G53T,G53T,0.6999,pathogenic,0.25842377332562205,0.30010000000000003,False,53,True,False,True
urn:mavedb:00000055-a-1#1978,,,p.Gly53Gln,0.0829041457334382,0.0295043251825889,G53Q,G53Q,0.5135,ambiguous,0.4817849579853668,0.48650000000000004,False,53,True,False,True
urn:mavedb:00000055-a-1#1979,,,p.Gly53Arg,0.429354418604858,0.0527501589900266,G53R,G53R,0.4123,ambiguous,0.6157367483574941,0.5877,False,53,True,False,True
urn:mavedb:00000055-a-1#1980,,,p.Gly53Lys,0.316196042711632,0.0219413093870885,G53K,G53K,0.6606,pathogenic,0.29854219475307125,0.33940000000000003,False,53,True,False,True
urn:mavedb:00000055-a-1#1981,,,p.Gly53His,0.103302650540002,0.0002179047949031,G53H,G53H,0.6882,pathogenic,0.26987789145806923,0.31179999999999997,False,53,True,False,True
urn:mavedb:00000055-a-1#1982,,,p.Gly53Glu,0.034960991941494,0.0135816522179531,G53E,G53E,0.6266,pathogenic,0.3368598051554482,0.37339999999999995,False,53,True,False,True
urn:mavedb:00000055-a-1#1983,,,p.Gly53Trp,-0.0051229088192321,0.0136362330301472,G53W,G53W,0.5644,pathogenic,0.41412580427252627,0.4356,False,53,True,False,True
urn:mavedb:00000055-a-1#1984,,,p.Gly53Val,0.0190493753663426,0.0076117438081033,G53V,G53V,0.8364,pathogenic,0.1555560821006226,0.16359999999999997,False,53,True,False,True
urn:mavedb:00000055-a-1#1985,,,p.Gly53Ile,0.0267608903928306,0.0054835090242842,G53I,G53I,0.9165,pathogenic,0.11833548213062878,0.08350000000000002,False,53,True,False,True
urn:mavedb:00000055-a-1#1986,,,p.Gly53Pro,0.0697531812395662,0.0062314768796284,G53P,G53P,0.9791,pathogenic,0.09808119858023714,0.02090000000000003,False,53,True,False,True
urn:mavedb:00000055-a-1#1987,,,p.Gly53Asp,0.0139070395745185,0.006665492903786,G53D,G53D,0.7483,pathogenic,0.21555657340007844,0.25170000000000003,False,53,True,False,True
urn:mavedb:00000055-a-1#1993,,,p.Phe52Arg,0.652048821370256,0.0382340239819321,F52R,F52R,0.817,pathogenic,0.16689405312833028,0.18300000000000005,False,52,True,False,True
urn:mavedb:00000055-a-1#1994,,,p.Phe52Ser,0.163835468702723,0.0143832358498317,F52S,F52S,0.704,pathogenic,0.25450996192411723,0.29600000000000004,False,52,True,False,True
urn:mavedb:00000055-a-1#1995,,,p.Phe52Ala,0.336902159900723,0.0563305772809167,F52A,F52A,0.7188,pathogenic,0.2408168119992966,0.2812,False,52,True,False,True
urn:mavedb:00000055-a-1#1996,,,p.Phe52Ile,0.9504627876085928,0.0012006470155324,F52I,F52I,0.6204,pathogenic,0.34417823509931234,0.37960000000000005,True,52,True,True,True
urn:mavedb:00000055-a-1#1997,,,p.Phe52Gly,0.116664167009973,0.0176095721898803,F52G,F52G,0.8683,pathogenic,0.13898650218586922,0.13170000000000004,False,52,True,False,True
urn:mavedb:00000055-a-1#1998,,,p.Phe52Val,0.464867328800459,0.0107440373577827,F52V,F52V,0.6254,pathogenic,0.33826872008880376,0.37460000000000004,False,52,True,False,True
urn:mavedb:00000055-a-1#2003,,,p.Phe52Tyr,0.9013497285586192,0.0141005146172869,F52Y,F52Y,0.1666,benign,0.8427551621139123,0.8334,False,52,True,False,True
urn:mavedb:00000055-a-1#2004,,,p.Phe52Glu,0.216824316448522,0.0032643909711443,F52E,F52E,0.8746,pathogenic,0.13600101659949732,0.12539999999999996,False,52,True,False,True
urn:mavedb:00000055-a-1#2005,,,p.Phe52Met,0.8622811461515469,0.0089069711802897,F52M,F52M,0.7387,pathogenic,0.22348051715910366,0.2613,True,52,True,True,True
urn:mavedb:00000055-a-1#2006,,,p.Phe52Trp,1.17763478477033,0.0095102861154271,F52W,F52W,0.3674,ambiguous,0.6701292433274114,0.6326,False,52,True,False,True
urn:mavedb:00000055-a-1#2009,,,p.Glu51Ser,1.12878650458819,0.0453560832556715,E51S,E51S,0.7361,pathogenic,0.2256756347611198,0.2639,True,51,True,True,True
urn:mavedb:00000055-a-1#2010,,,p.Glu51Val,0.9914858089574492,0.0414643742856701,E51V,E51V,0.8579,pathogenic,0.14411699001608358,0.1421,True,51,True,True,True
urn:mavedb:00000055-a-1#2011,,,p.Glu51Leu,0.856532384889059,0.0287634069616153,E51L,E51L,0.895,pathogenic,0.1269402254913259,0.10499999999999998,True,51,True,True,True
urn:mavedb:00000055-a-1#2013,,,p.Glu51Tyr,1.10338287504611,0.0658666215757835,E51Y,E51Y,0.8694,pathogenic,0.13845866032862103,0.13060000000000005,True,51,True,True,True
urn:mavedb:00000055-a-1#2014,,,p.Glu51Asn,1.04219710586085,0.0211110052682272,E51N,E51N,0.7656,pathogenic,0.2019902043466757,0.23440000000000005,True,51,True,True,True
urn:mavedb:00000055-a-1#2015,,,p.Gln44Tyr,1.08853207643982,0.0154404118999173,Q44Y,Q44Y,0.9418,pathogenic,0.10934574713584848,0.05820000000000003,True,44,False,True,False
urn:mavedb:00000055-a-1#2016,,,p.Gln44Phe,1.03976793671042,0.0132241247155234,Q44F,Q44F,0.9312,pathogenic,0.11297008723965336,0.06879999999999997,True,44,False,True,False
urn:mavedb:00000055-a-1#2017,,,p.Gln44Ile,1.16422996665279,0.0026889062354205,Q44I,Q44I,0.8695,pathogenic,0.1384108132893724,0.13049999999999995,True,44,False,True,False
urn:mavedb:00000055-a-1#2018,,,p.Gln44Gly,1.03025163540974,0.0439436585879259,Q44G,Q44G,0.3316,benign,0.7097885803275139,0.6684,False,44,False,False,False
urn:mavedb:00000055-a-1#2019,,,p.Gln44His,1.03274334180695,0.0167362912173422,Q44H,Q44H,0.8429,pathogenic,0.15197610676108608,0.15710000000000002,True,44,False,True,False
urn:mavedb:00000055-a-1#2020,,,p.Gln44Met,1.02114230297328,0.0076931353992164,Q44M,Q44M,0.6223,pathogenic,0.34192525831198806,0.37770000000000004,True,44,False,True,False
urn:mavedb:00000055-a-1#2021,,,p.Gln44Val,1.09346316997864,0.0131143111260608,Q44V,Q44V,0.7409,pathogenic,0.22163946817550761,0.2591,True,44,False,True,False
urn:mavedb:00000055-a-1#2022,,,p.Gln44Asp,0.855296575930935,0.0535959537973039,Q44D,Q44D,0.9551,pathogenic,0.10507251684716261,0.04490000000000005,True,44,False,True,False
urn:mavedb:00000055-a-1#2023,,,p.Gln44Arg,0.7379236131800879,0.0614521864544166,Q44R,Q44R,0.8205,pathogenic,0.16477466061092616,0.1795,False,44,False,False,False
urn:mavedb:00000055-a-1#2024,,,p.Gln44Asn,1.05193618529467,0.0091675891989057,Q44N,Q44N,0.7836,pathogenic,0.18883077025898154,0.21640000000000004,True,44,False,True,False
urn:mavedb:00000055-a-1#2025,,,p.Gln44Leu,1.02484456248141,0.0034085996742553,Q44L,Q44L,0.6429,pathogenic,0.31809456161874167,0.3571,True,44,False,True,False
urn:mavedb:00000055-a-1#2026,,,p.Gln44Thr,0.957767688519352,0.0383032975875385,Q44T,Q44T,0.6195,pathogenic,0.34524855063468046,0.38049999999999995,True,44,False,True,False
urn:mavedb:00000055-a-1#2028,,,p.Phe43Tyr,1.1565728597186,0.0122569801285702,F43Y,F43Y,0.102,benign,0.8743168890820491,0.898,False,43,False,False,False
urn:mavedb:00000055-a-1#2029,,,p.Phe43Gln,0.0567602607087397,0.0187361579874655,F43Q,F43Q,0.9301,pathogenic,0.11335771020018466,0.06989999999999996,False,43,False,False,False
urn:mavedb:00000055-a-1#2031,,,p.Phe43Trp,1.0317680545676,0.0084911023869482,F43W,F43W,0.2595,benign,0.7780269099006348,0.7404999999999999,False,43,False,False,False
urn:mavedb:00000055-a-1#2032,,,p.Phe43Leu,1.0311307199067,0.0540930376002025,F43L,F43L,0.9046,pathogenic,0.12298291373637946,0.09540000000000004,True,43,False,True,False
urn:mavedb:00000055-a-1#2033,,,p.Phe43Arg,0.797465073004213,0.0243654554804195,F43R,F43R,0.8634,pathogenic,0.14137199167265807,0.13660000000000005,False,43,False,False,False
urn:mavedb:00000055-a-1#2034,,,p.Phe43Lys,0.277043413928205,0.0364988007387739,F43K,F43K,0.9428,pathogenic,0.10901401704471653,0.05720000000000003,False,43,False,False,False
urn:mavedb:00000055-a-1#2035,,,p.Leu70Gln,0.0286973692455661,0.0047565956666989,L70Q,L70Q,0.8837,pathogenic,0.1318468296114939,0.11629999999999996,False,70,False,False,False
urn:mavedb:00000055-a-1#2036,,,p.Leu70Ala,0.016272436551298,0.0135748374721905,L70A,L70A,0.8555,pathogenic,0.14533747505568417,0.14449999999999996,False,70,False,False,False
urn:mavedb:00000055-a-1#2037,,,p.Leu70Tyr,0.3801266616228579,0.038991104750216,L70Y,L70Y,0.9072,pathogenic,0.12194351986001636,0.0928,False,70,False,False,False
urn:mavedb:00000055-a-1#2038,,,p.Leu70Glu,0.0260968978041382,0.0281891991657239,L70E,L70E,0.9686,pathogenic,0.10103048882561358,0.031399999999999983,False,70,False,False,False
urn:mavedb:00000055-a-1#2039,,,p.Leu70Ser,0.0625506590547646,0.0126608840188057,L70S,L70S,0.9538,pathogenic,0.10547717962321046,0.04620000000000002,False,70,False,False,False
urn:mavedb:00000055-a-1#2040,,,p.Leu70Asp,0.0207456205890039,0.0042830732013815,L70D,L70D,0.9942,pathogenic,0.09412071264803838,0.005800000000000027,False,70,False,False,False
urn:mavedb:00000055-a-1#2041,,,p.Leu70Asn,0.14648222637074,0.0008158288934403,L70N,L70N,0.9687,pathogenic,0.10100161428708468,0.031299999999999994,False,70,False,False,False
urn:mavedb:00000055-a-1#2042,,,p.Leu70Lys,0.0352172083420816,0.0017154595531946,L70K,L70K,0.9294,pathogenic,0.11360552643043592,0.0706,False,70,False,False,False
urn:mavedb:00000055-a-1#2043,,,p.Leu70His,0.0728409643388618,0.0126032402670372,L70H,L70H,0.9351,pathogenic,0.11161339720279986,0.06489999999999996,False,70,False,False,False
urn:mavedb:00000055-a-1#2044,,,p.Leu70Trp,0.0233921772493451,0.0166776443253826,L70W,L70W,0.8547,pathogenic,0.14574739360810185,0.14529999999999998,False,70,False,False,False
urn:mavedb:00000055-a-1#2045,,,p.Leu70Pro,0.0528833930759098,0.0040250870366307,L70P,L70P,0.9369,pathogenic,0.11099640859999457,0.06310000000000004,False,70,False,False,False
urn:mavedb:00000055-a-1#2046,,,p.Leu70Gly,0.0309224402829759,0.0142524634297072,L70G,L70G,0.9554,pathogenic,0.10497952575564451,0.04459999999999997,False,70,False,False,False
urn:mavedb:00000055-a-1#2047,,,p.Ala69Lys,1.1399404455941,0.042716194520833,A69K,A69K,0.4492,ambiguous,0.5680539457899698,0.5508,False,69,True,False,True
urn:mavedb:00000055-a-1#2048,,,p.Ala69His,0.9069236695200958,0.0477474674976175,A69H,A69H,0.4332,ambiguous,0.5889918681725904,0.5668,False,69,True,False,True
urn:mavedb:00000055-a-1#2049,,,p.Ala69Leu,0.5968725176406241,0.0473360229910913,A69L,A69L,0.3012,benign,0.740517321142072,0.6988,False,69,True,False,True
urn:mavedb:00000055-a-1#2050,,,p.Ala69Gln,1.06508501926657,0.0027443592160842,A69Q,A69Q,0.2781,benign,0.7619649052191589,0.7219,False,69,True,False,True
urn:mavedb:00000055-a-1#2051,,,p.Ala69Glu,0.8503691742004921,0.018613299119831,A69E,A69E,0.2568,benign,0.7802692577386561,0.7432000000000001,False,69,True,False,True
urn:mavedb:00000055-a-1#2052,,,p.Ala69Asn,1.02381419171388,0.0007721114975629,A69N,A69N,0.2377,benign,0.7954921883698283,0.7623,False,69,True,False,True
urn:mavedb:00000055-a-1#2053,,,p.Ala69Trp,0.504289717030842,0.0284357284185753,A69W,A69W,0.7971,pathogenic,0.17958414522394933,0.20289999999999997,False,69,True,False,True
urn:mavedb:00000055-a-1#2054,,,p.Ala69Tyr,0.813676285111054,0.0300291505619515,A69Y,A69Y,0.5127,ambiguous,0.4828632911369843,0.48729999999999996,False,69,True,False,True
urn:mavedb:00000055-a-1#2055,,,p.Ala69Cys,1.02115749469612,0.0349217546414434,A69C,A69C,0.3199,benign,0.7219467598762722,0.6800999999999999,False,69,True,False,True
urn:mavedb:00000055-a-1#2056,,,p.Ala69Phe,0.5644061150784151,0.0041034075686148,A69F,A69F,0.4267,ambiguous,0.5973902363465241,0.5732999999999999,False,69,True,False,True
urn:mavedb:00000055-a-1#2057,,,p.Ala69Met,0.910171092572203,0.0327089657776572,A69M,A69M,0.3764,ambiguous,0.6596110697507844,0.6235999999999999,False,69,True,False,True
urn:mavedb:00000055-a-1#2058,,,p.Ala69Ser,0.764373693375053,0.0223068256517842,A69S,A69S,0.0805,benign,0.8827925209543713,0.9195,False,69,True,False,True
urn:mavedb:00000055-a-1#2059,,,p.Ala69Arg,0.9110509080540192,0.0080030290840312,A69R,A69R,0.3236,benign,0.7181461980627679,0.6764,False,69,True,False,True
urn:mavedb:00000055-a-1#2060,,,p.Ala69Val,0.4791700143044269,0.0022302284503778,A69V,A69V,0.34,benign,0.7008096246119508,0.6599999999999999,False,69,True,False,True
urn:mavedb:00000055-a-1#2061,,,p.Ala69Thr,0.780772660771992,0.0080179015618141,A69T,A69T,0.1612,benign,0.8457782752600806,0.8388,False,69,True,False,True
urn:mavedb:00000055-a-1#2062,,,p.Ala69Asp,0.807510197876603,0.0601363217149065,A69D,A69D,0.263,benign,0.7750865856686896,0.737,False,69,True,False,True
urn:mavedb:00000055-a-1#2063,,,p.Ala69Gly,1.0457408343346,0.0057671723938528,A69G,A69G,0.0787,benign,0.8834610820445653,0.9213,False,69,True,False,True
urn:mavedb:00000055-a-1#2064,,,p.Ala69Ile,0.0563611891980305,0.005534653296828,A69I,A69I,0.6253,pathogenic,0.33838629475767645,0.37470000000000003,False,69,True,False,True
urn:mavedb:00000055-a-1#2065,,,p.Ala69Pro,0.0447827438308576,0.0118122689466274,A69P,A69P,0.7764,pathogenic,0.19397920536154334,0.22360000000000002,False,69,True,False,True
urn:mavedb:00000055-a-1#2066,,,p.Ala68Cys,1.17852396437521,0.0091275748504271,A68C,A68C,0.4484,ambiguous,0.5691088604011246,0.5516,False,68,True,False,True
urn:mavedb:00000055-a-1#2067,,,p.Ala68Thr,1.0577678267744302,0.0043238937229315,A68T,A68T,0.1047,benign,0.8731863328561332,0.8953,False,68,True,False,True
urn:mavedb:00000055-a-1#2068,,,p.Ala68Gly,0.0859007971019866,0.0096766801595685,A68G,A68G,0.2424,benign,0.7918495937151914,0.7576,False,68,True,False,True
urn:mavedb:00000055-a-1#2069,,,p.Ala68Ser,0.8475143587875359,0.0212717144304053,A68S,A68S,0.1882,benign,0.8298957352973462,0.8118,False,68,True,False,True
urn:mavedb:00000055-a-1#2070,,,p.Ala68Met,0.600451417335506,0.0229204162533503,A68M,A68M,0.5791,pathogenic,0.3951752583081873,0.42090000000000005,False,68,True,False,True
urn:mavedb:00000055-a-1#2071,,,p.Ala68Val,0.895346371070941,0.0024123922154189,A68V,A68V,0.2974,benign,0.7441594739394278,0.7026,False,68,True,False,True
urn:mavedb:00000055-a-1#2072,,,p.Ala68Asn,0.0771891083043837,0.0222016852245802,A68N,A68N,0.8219,pathogenic,0.1639361320339581,0.17810000000000004,False,68,True,False,True
urn:mavedb:00000055-a-1#2073,,,p.Ala68Glu,0.0348789423825329,7.65011917348208e-05,A68E,A68E,0.8932,pathogenic,0.12770355212507023,0.1068,False,68,True,False,True
urn:mavedb:00000055-a-1#2074,,,p.Ala68Arg,0.0334784820754824,0.005561330930653,A68R,A68R,0.9139,pathogenic,0.11932711357022857,0.08609999999999995,False,68,True,False,True
urn:mavedb:00000055-a-1#2075,,,p.Ala68Gln,0.0108502300130379,0.0076941865437189,A68Q,A68Q,0.9026,pathogenic,0.12379174482785205,0.09740000000000004,False,68,True,False,True
urn:mavedb:00000055-a-1#2076,,,p.Ala68Ile,0.506427016391361,0.0092535204600206,A68I,A68I,0.7123,pathogenic,0.24674670388264652,0.28769999999999996,False,68,True,False,True
urn:mavedb:00000055-a-1#2077,,,p.Ala68Pro,0.0123055999826107,0.0009056058475667,A68P,A68P,0.9419,pathogenic,0.1093124962934219,0.05810000000000004,False,68,True,False,True
urn:mavedb:00000055-a-1#2078,,,p.Ala68Lys,-0.0019791284962688,0.0104051689720949,A68K,A68K,0.9569,pathogenic,0.10451676861542328,0.04310000000000003,False,68,True,False,True
urn:mavedb:00000055-a-1#2079,,,p.Ala68Leu,0.827525309976662,0.0675506816637772,A68L,A68L,0.5473,ambiguous,0.4365701624249869,0.4527,False,68,True,False,True
urn:mavedb:00000055-a-1#2080,,,p.Ala68Asp,0.134484566170532,0.0377173197205925,A68D,A68D,0.9067,pathogenic,0.1221423479311116,0.09330000000000005,False,68,True,False,True
urn:mavedb:00000055-a-1#2081,,,p.Ala68Trp,0.144792441989932,0.0173021661737008,A68W,A68W,0.9823,pathogenic,0.09721481323794952,0.01770000000000005,False,68,True,False,True
urn:mavedb:00000055-a-1#2082,,,p.Ala68Phe,0.6587236199015871,0.0250006751987017,A68F,A68F,0.9208,pathogenic,0.11672401306771071,0.07920000000000005,False,68,True,False,True
urn:mavedb:00000055-a-1#2083,,,p.Ala68Tyr,0.476202717201817,0.0178395969960706,A68Y,A68Y,0.9556,pathogenic,0.1049176132721018,0.044399999999999995,False,68,True,False,True
urn:mavedb:00000055-a-1#2084,,,p.Ala68His,0.0679517575469032,0.001089312368064,A68H,A68H,0.9544,pathogenic,0.1052900681275031,0.045599999999999974,False,68,True,False,True
urn:mavedb:00000055-a-1#2085,,,p.Glu67Cys,0.967420142038232,0.0199261816348252,E67C,E67C,0.99,pathogenic,0.09519014587123988,0.010000000000000009,True,67,True,True,True
urn:mavedb:00000055-a-1#2086,,,p.Glu67Gln,0.7369884381404641,0.0464514689641417,E67Q,E67Q,0.9411,pathogenic,0.1095789885264653,0.05889999999999995,False,67,True,False,True
urn:mavedb:00000055-a-1#2087,,,p.Glu67Gly,0.8720367229941169,0.0295099938281414,E67G,E67G,0.9072,pathogenic,0.12194351986001636,0.0928,True,67,True,True,True
urn:mavedb:00000055-a-1#2088,,,p.Glu67Pro,0.0462805856833419,0.0109650270014517,E67P,E67P,0.9954,pathogenic,0.09381959565328331,0.0046000000000000485,False,67,True,False,True
urn:mavedb:00000055-a-1#2089,,,p.Glu67Met,0.629943787841185,0.0151835856372802,E67M,E67M,0.9903,pathogenic,0.09511295042703516,0.009700000000000042,False,67,True,False,True
urn:mavedb:00000055-a-1#2090,,,p.Glu67Ser,1.11824032312607,0.001805814205007,E67S,E67S,0.9722,pathogenic,0.10000063013972516,0.027800000000000047,True,67,True,True,True
urn:mavedb:00000055-a-1#2091,,,p.Glu67Thr,1.06990197427504,0.0168725369924304,E67T,E67T,0.9719,pathogenic,0.10008569918010435,0.028100000000000014,True,67,True,True,True
urn:mavedb:00000055-a-1#2092,,,p.Glu67Ile,1.06142121628109,0.0655202739218276,E67I,E67I,0.9886,pathogenic,0.09555204825734522,0.011399999999999966,True,67,True,True,True
urn:mavedb:00000055-a-1#2093,,,p.Glu67Leu,0.84802634832362,0.0034458427617895,E67L,E67L,0.9875,pathogenic,0.09583832322764917,0.012499999999999956,True,67,True,True,True
urn:mavedb:00000055-a-1#2094,,,p.Glu67His,0.855965522252128,0.0118413281903787,E67H,E67H,0.9881,pathogenic,0.09568196281994237,0.011900000000000022,True,67,True,True,True
urn:mavedb:00000055-a-1#2095,,,p.Glu67Val,1.06932564361081,0.0049534330575187,E67V,E67V,0.9616,pathogenic,0.10309029200848607,0.03839999999999999,True,67,True,True,True
urn:mavedb:00000055-a-1#2096,,,p.Glu67Asn,1.00419996294357,0.0177824038143529,E67N,E67N,0.9853,pathogenic,0.0964159880387532,0.014700000000000046,True,67,True,True,True
urn:mavedb:00000055-a-1#2097,,,p.Glu67Asp,1.07653943336525,0.0146041507804325,E67D,E67D,0.9511,pathogenic,0.106326523986975,0.048900000000000055,True,67,True,True,True
urn:mavedb:00000055-a-1#2098,,,p.Glu67Trp,0.8708820895761079,0.0179565209205497,E67W,E67W,0.9982,pathogenic,0.09312455554146297,0.0018000000000000238,True,67,True,True,True
urn:mavedb:00000055-a-1#2099,,,p.Glu67Ala,0.996374030970857,0.0228488644041983,E67A,E67A,0.8998,pathogenic,0.12493782344780326,0.10019999999999996,True,67,True,True,True
urn:mavedb:00000055-a-1#2100,,,p.Glu67Arg,0.94672815460349,0.0186821821851574,E67R,E67R,0.9322,pathogenic,0.11261960695592634,0.06779999999999997,True,67,True,True,True
urn:mavedb:00000055-a-1#2101,,,p.Glu67Tyr,0.699289139006438,0.0367444742651579,E67Y,E67Y,0.9938,pathogenic,0.09422152038597464,0.006199999999999983,False,67,True,False,True
urn:mavedb:00000055-a-1#2102,,,p.Glu67Lys,0.979435072170872,0.0147483900872142,E67K,E67K,0.8714,pathogenic,0.13750609220006052,0.12860000000000005,True,67,True,True,True
urn:mavedb:00000055-a-1#2103,,,p.Glu67Phe,0.8325866141101229,0.0377722764822381,E67F,E67F,0.9979,pathogenic,0.09319852045590064,0.0020999999999999908,True,67,True,True,True
urn:mavedb:00000055-a-1#2104,,,p.Glu66Asp,0.937558588164246,0.0283661055769527,E66D,E66D,0.9456,pathogenic,0.10809432501952045,0.054400000000000004,True,66,True,True,True
urn:mavedb:00000055-a-1#2105,,,p.Glu66Lys,1.06711096449071,0.0131530699417397,E66K,E66K,0.8229,pathogenic,0.16334039468217593,0.17710000000000004,True,66,True,True,True
urn:mavedb:00000055-a-1#2106,,,p.Glu66Cys,0.944414416611376,0.0724115245236052,E66C,E66C,0.9862,pathogenic,0.09617884319049497,0.013800000000000034,True,66,True,True,True
urn:mavedb:00000055-a-1#2107,,,p.Glu66Gln,1.00569575232448,0.0050046285151527,E66Q,E66Q,0.7718,pathogenic,0.1973487188437712,0.22819999999999996,True,66,True,True,True
urn:mavedb:00000055-a-1#2108,,,p.Glu66Arg,0.8897824785878571,0.0141636588126053,E66R,E66R,0.8556,pathogenic,0.14528634415109512,0.14439999999999997,True,66,True,True,True
urn:mavedb:00000055-a-1#2109,,,p.Glu66Tyr,0.741942783324504,0.0200480440389525,E66Y,E66Y,0.991,pathogenic,0.09493331321766257,0.009000000000000008,False,66,True,False,True
urn:mavedb:00000055-a-1#2110,,,p.Glu66Pro,0.0117668552641392,0.0234452106635908,E66P,E66P,0.9916,pathogenic,0.09477987807219979,0.008399999999999963,False,66,True,False,True
urn:mavedb:00000055-a-1#2111,,,p.Glu66Leu,0.911168891023694,0.0109075804393702,E66L,E66L,0.9695,pathogenic,0.10077117024208884,0.03049999999999997,True,66,True,True,True
urn:mavedb:00000055-a-1#2112,,,p.Glu66Ile,0.739052273637132,0.0388492561656977,E66I,E66I,0.9819,pathogenic,0.09732229955227675,0.018100000000000005,False,66,True,False,True
urn:mavedb:00000055-a-1#2113,,,p.Glu66Thr,0.9156251554142008,0.0252956454928354,E66T,E66T,0.975,pathogenic,0.0992131854943467,0.025000000000000022,True,66,True,True,True
urn:mavedb:00000055-a-1#2114,,,p.Glu66Gly,0.827574378261977,0.0768311684330468,E66G,E66G,0.8552,pathogenic,0.14549101290927485,0.14480000000000004,True,66,True,True,True
urn:mavedb:00000055-a-1#2115,,,p.Glu66Met,0.951826666091121,0.0118398103412313,E66M,E66M,0.9808,pathogenic,0.09761907976810319,0.019199999999999995,True,66,True,True,True
urn:mavedb:00000055-a-1#2116,,,p.Glu66Val,0.994718572786757,0.0269549440778332,E66V,E66V,0.9583,pathogenic,0.10408815177509526,0.04169999999999996,True,66,True,True,True
urn:mavedb:00000055-a-1#2117,,,p.Glu66Asn,0.7471044813676809,0.003025480065402,E66N,E66N,0.9826,pathogenic,0.09713434989191222,0.01739999999999997,False,66,True,False,True
urn:mavedb:00000055-a-1#2118,,,p.Glu66Phe,0.8477662387615891,0.010244670876226,E66F,E66F,0.9968,pathogenic,0.093470757019184,0.0031999999999999806,True,66,True,True,True
urn:mavedb:00000055-a-1#2119,,,p.Glu66His,0.978161074061975,0.0039980239397695,E66H,E66H,0.9796,pathogenic,0.09794484377082412,0.020399999999999974,True,66,True,True,True
urn:mavedb:00000055-a-1#2120,,,p.Glu66Ala,0.977688707158048,0.0398549053096589,E66A,E66A,0.9027,pathogenic,0.12375111012131887,0.09730000000000005,True,66,True,True,True
urn:mavedb:00000055-a-1#2121,,,p.Glu66Ser,0.797511341908517,0.0012045640912172,E66S,E66S,0.9715,pathogenic,0.10019933645134409,0.02849999999999997,False,66,True,False,True
urn:mavedb:00000055-a-1#2122,,,p.Glu66Trp,0.5852389560363779,0.0203154420315627,E66W,E66W,0.995,pathogenic,0.09391975069892,0.0050000000000000044,False,66,True,False,True
urn:mavedb:00000055-a-1#2123,,,p.Trp65Lys,0.764491705164032,0.0171051796053285,W65K,W65K,0.2074,benign,0.8173919609695607,0.7926,False,65,True,False,True
urn:mavedb:00000055-a-1#2124,,,p.Trp65His,0.7427112593617929,0.0136765110675227,W65H,W65H,0.288,benign,0.7529764304217959,0.712,False,65,True,False,True
urn:mavedb:00000055-a-1#2125,,,p.Trp65Ile,0.8906612470928741,0.0476048613398747,W65I,W65I,0.2931,benign,0.7482268494644345,0.7069,False,65,True,False,True
urn:mavedb:00000055-a-1#2126,,,p.Trp65Tyr,0.98899716848538,0.012006352293623,W65Y,W65Y,0.2422,benign,0.7920059646002523,0.7578,False,65,True,False,True
urn:mavedb:00000055-a-1#2127,,,p.Trp65Met,0.723128306077891,0.0361105795111788,W65M,W65M,0.2099,benign,0.8156869345253779,0.7901,False,65,True,False,True
urn:mavedb:00000055-a-1#2128,,,p.Trp65Ala,0.6863822253567131,0.0242533472771538,W65A,W65A,0.1787,benign,0.8357051418273003,0.8213,False,65,True,False,True
urn:mavedb:00000055-a-1#2129,,,p.Trp65Val,0.819997631333881,0.0099294683387817,W65V,W65V,0.2154,benign,0.8118722606244864,0.7846,False,65,True,False,True
urn:mavedb:00000055-a-1#2130,,,p.Trp65Cys,0.6859044390471619,0.0278737399134491,W65C,W65C,0.391,ambiguous,0.6421201579181607,0.609,False,65,True,False,True
urn:mavedb:00000055-a-1#2131,,,p.Trp65Asp,0.106781441119564,0.0232786421475818,W65D,W65D,0.5513,ambiguous,0.4312866420883703,0.4487,False,65,True,False,True
urn:mavedb:00000055-a-1#2132,,,p.Trp65Arg,0.799954166935658,0.0051816287064146,W65R,W65R,0.1706,benign,0.8404671889096841,0.8294,False,65,True,False,True
urn:mavedb:00000055-a-1#2133,,,p.Trp65Gly,0.479151718306609,0.0663423674807312,W65G,W65G,0.1908,benign,0.8282628385945119,0.8092,False,65,True,False,True
urn:mavedb:00000055-a-1#2134,,,p.Trp65Ser,0.5816581965632249,0.01834836523783,W65S,W65S,0.2109,benign,0.81499987889417,0.7891,False,65,True,False,True
urn:mavedb:00000055-a-1#2136,,,p.Trp65Thr,0.453096411592391,0.013264859917719,W65T,W65T,0.2501,benign,0.7857364741433591,0.7499,False,65,True,False,True
urn:mavedb:00000055-a-1#2137,,,p.Trp65Gln,0.676746522693717,0.0001870059755497,W65Q,W65Q,0.2206,benign,0.808184518791503,0.7794,False,65,True,False,True
urn:mavedb:00000055-a-1#2138,,,p.Trp65Asn,0.7359226183918192,0.0101282549234612,W65N,W65N,0.5369,ambiguous,0.4503874932835727,0.46309999999999996,False,65,True,False,True
urn:mavedb:00000055-a-1#2139,,,p.Trp65Leu,0.767459495995508,0.0512837687088095,W65L,W65L,0.1133,benign,0.8694826106038693,0.8867,False,65,True,False,True
urn:mavedb:00000055-a-1#2140,,,p.Trp65Pro,-0.0081196653736312,0.0363590394781355,W65P,W65P,0.9461,pathogenic,0.107931504702596,0.05389999999999995,False,65,True,False,True
urn:mavedb:00000055-a-1#2141,,,p.Trp65Glu,0.560360931601369,0.0183737884023153,W65E,W65E,0.2831,benign,0.7574634558161426,0.7169,False,65,True,False,True
urn:mavedb:00000055-a-1#2142,,,p.Thr64Asn,0.0635414105364981,0.0055648743593154,T64N,T64N,0.7,pathogenic,0.25832769485088414,0.30000000000000004,False,64,True,False,True
urn:mavedb:00000055-a-1#2143,,,p.Thr64Ser,0.741242604760384,0.0276309889007133,T64S,T64S,0.373,ambiguous,0.6636090180672877,0.627,False,64,True,False,True
urn:mavedb:00000055-a-1#2144,,,p.Thr64Cys,1.13379581189024,0.0072121467961105,T64C,T64C,0.4362,ambiguous,0.5850934258887446,0.5638000000000001,False,64,True,False,True
urn:mavedb:00000055-a-1#2145,,,p.Thr64Met,0.9773129851932092,0.0438032589375624,T64M,T64M,0.225,benign,0.8050019453810732,0.775,False,64,True,False,True
urn:mavedb:00000055-a-1#2146,,,p.Thr64Leu,1.0343696750279698,0.0179284357053468,T64L,T64L,0.254,benign,0.7825708795655101,0.746,False,64,True,False,True
urn:mavedb:00000055-a-1#2147,,,p.Thr64Ile,1.00875134998111,0.0067414041158689,T64I,T64I,0.2786,benign,0.761518267581404,0.7214,False,64,True,False,True
urn:mavedb:00000055-a-1#2148,,,p.Thr64Val,0.9989186163186772,0.0373954039419914,T64V,T64V,0.132,benign,0.8608690550527652,0.868,False,64,True,False,True
urn:mavedb:00000055-a-1#2149,,,p.Thr64Ala,0.9963423585095308,0.0017481450829778,T64A,T64A,0.145,benign,0.8544065074923419,0.855,False,64,True,False,True
urn:mavedb:00000055-a-1#2150,,,p.Thr64Phe,0.330573698087013,0.0150823119868471,T64F,T64F,0.8676,pathogenic,0.13932385990034793,0.13239999999999996,False,64,True,False,True
urn:mavedb:00000055-a-1#2151,,,p.Thr64Gly,0.7945096985196259,0.0893242086258458,T64G,T64G,0.5473,ambiguous,0.4365701624249869,0.4527,False,64,True,False,True
urn:mavedb:00000055-a-1#2152,,,p.Thr64Glu,0.0095549635258825,0.000613916612136,T64E,T64E,0.94,pathogenic,0.10994723201758161,0.06000000000000005,False,64,True,False,True
urn:mavedb:00000055-a-1#2153,,,p.Thr64Gln,0.0252158640832466,0.0003494285549942,T64Q,T64Q,0.9,pathogenic,0.12485542684453012,0.09999999999999998,False,64,True,False,True
urn:mavedb:00000055-a-1#2154,,,p.Thr64Arg,0.0538007739428735,0.0077592120564515,T64R,T64R,0.8849,pathogenic,0.13131269910857696,0.11509999999999998,False,64,True,False,True
urn:mavedb:00000055-a-1#2155,,,p.Thr64Pro,0.0341874919690104,0.0063332724423171,T64P,T64P,0.8498,pathogenic,0.14829215860759645,0.1502,False,64,True,False,True
urn:mavedb:00000055-a-1#2156,,,p.Thr64Tyr,0.083638485035158,0.0250631087824017,T64Y,T64Y,0.9343,pathogenic,0.11188946637052774,0.06569999999999998,False,64,True,False,True
urn:mavedb:00000055-a-1#2157,,,p.Thr64His,0.0389346139125164,0.0326779807370152,T64H,T64H,0.9349,pathogenic,0.11168230734192064,0.06510000000000005,False,64,True,False,True
urn:mavedb:00000055-a-1#2158,,,p.Thr64Trp,0.0302031250377671,0.0057498685220932,T64W,T64W,0.9821,pathogenic,0.09726852753636883,0.017900000000000027,False,64,True,False,True
urn:mavedb:00000055-a-1#2159,,,p.Thr64Lys,0.0217242537657895,0.0029767437924161,T64K,T64K,0.9314,pathogenic,0.11289984636633607,0.0686,False,64,True,False,True
urn:mavedb:00000055-a-1#2160,,,p.Thr64Asp,0.0235187868033269,0.0024934219954933,T64D,T64D,0.9645,pathogenic,0.10222765474383377,0.035499999999999976,False,64,True,False,True
urn:mavedb:00000055-a-1#2161,,,p.Glu63His,1.00267885498839,0.023390309326509,E63H,E63H,0.9807,pathogenic,0.09764614675814032,0.019299999999999984,True,63,True,True,True
urn:mavedb:00000055-a-1#2162,,,p.Glu63Ser,1.17674931717902,0.0392918469755746,E63S,E63S,0.9822,pathogenic,0.09724166317586556,0.017800000000000038,True,63,True,True,True
urn:mavedb:00000055-a-1#2163,,,p.Glu63Lys,1.00504344152087,0.0248859217075601,E63K,E63K,0.8548,pathogenic,0.1456960690036485,0.1452,True,63,True,True,True
urn:mavedb:00000055-a-1#2164,,,p.Glu63Leu,1.00514463506055,0.0086388866638998,E63L,E63L,0.9873,pathogenic,0.09589055582063583,0.012700000000000045,True,63,True,True,True
urn:mavedb:00000055-a-1#2165,,,p.Glu63Pro,-0.0176718159151619,0.01631254614247,E63P,E63P,0.9951,pathogenic,0.09389469159625782,0.0049000000000000155,False,63,True,False,True
urn:mavedb:00000055-a-1#2166,,,p.Glu63Met,0.9077748144120508,0.0177218475296148,E63M,E63M,0.9911,pathogenic,0.09490770614730541,0.008900000000000019,True,63,True,True,True
urn:mavedb:00000055-a-1#2167,,,p.Glu63Thr,0.748008439408823,0.0405526809721421,E63T,E63T,0.9876,pathogenic,0.09581222803353126,0.012399999999999967,False,63,True,False,True
urn:mavedb:00000055-a-1#2168,,,p.Glu63Asn,0.8989798589931999,0.0154698284474833,E63N,E63N,0.9897,pathogenic,0.09526746641459957,0.010299999999999976,True,63,True,True,True
urn:mavedb:00000055-a-1#2169,,,p.Glu63Trp,1.01519848526754,0.0099485797577277,E63W,E63W,0.998,pathogenic,0.09317385210922682,0.0020000000000000018,True,63,True,True,True
urn:mavedb:00000055-a-1#2170,,,p.Glu63Ala,0.7664721354089991,0.0510138535744324,E63A,E63A,0.9503,pathogenic,0.1065805031213752,0.049699999999999966,False,63,True,False,True
urn:mavedb:00000055-a-1#2171,,,p.Glu63Gln,0.857136296044116,0.0124728393231707,E63Q,E63Q,0.9051,pathogenic,0.12278197269222417,0.09489999999999998,True,63,True,True,True
urn:mavedb:00000055-a-1#2172,,,p.Glu63Cys,0.9946804745939078,0.0497456104566626,E63C,E63C,0.9872,pathogenic,0.09591669323285183,0.012800000000000034,True,63,True,True,True
urn:mavedb:00000055-a-1#2173,,,p.Glu63Arg,1.00776709377522,0.0095861350688696,E63R,E63R,0.9324,pathogenic,0.11254972781594344,0.0676,True,63,True,True,True
urn:mavedb:00000055-a-1#2174,,,p.Glu63Ile,0.9190070175829548,0.0194232628957225,E63I,E63I,0.9893,pathogenic,0.09537075538012024,0.010700000000000043,True,63,True,True,True
urn:mavedb:00000055-a-1#2175,,,p.Glu63Tyr,1.02089030511801,0.0169829654877395,E63Y,E63Y,0.9941,pathogenic,0.09414589413044347,0.005900000000000016,True,63,True,True,True
urn:mavedb:00000055-a-1#2176,,,p.Glu63Gly,1.00017302662349,0.0163925598836137,E63G,E63G,0.9182,pathogenic,0.11769416351547068,0.08179999999999998,True,63,True,True,True
urn:mavedb:00000055-a-1#2177,,,p.Glu63Phe,0.9844720034842348,0.0068796503368492,E63F,E63F,0.9978,pathogenic,0.09322320218636365,0.0021999999999999797,True,63,True,True,True
urn:mavedb:00000055-a-1#2178,,,p.Glu63Val,0.938518857077902,0.0575643827649592,E63V,E63V,0.9743,pathogenic,0.09940894434537662,0.025699999999999945,True,63,True,True,True
urn:mavedb:00000055-a-1#2179,,,p.Glu63Asp,0.7738352446229559,0.0134040074268546,E63D,E63D,0.9744,pathogenic,0.09938093395593825,0.025599999999999956,False,63,True,False,True
urn:mavedb:00000055-a-1#2180,,,p.Arg62Val,0.0230247742088057,0.0175303658513397,R62V,R62V,0.9545,pathogenic,0.105258940272965,0.045499999999999985,False,62,True,False,True
urn:mavedb:00000055-a-1#2181,,,p.Arg62Gly,0.0302388429883711,0.0052784026648976,R62G,R62G,0.9052,pathogenic,0.12274184507808496,0.0948,False,62,True,False,True
urn:mavedb:00000055-a-1#2182,,,p.Arg62Met,0.0144097101138856,0.0116106345445913,R62M,R62M,0.9527,pathogenic,0.10582175474337169,0.04730000000000001,False,62,True,False,True
urn:mavedb:00000055-a-1#2183,,,p.Arg62Cys,0.0417540727597563,0.0008223935455802,R62C,R62C,0.826,pathogenic,0.16151053253423694,0.17400000000000004,False,62,True,False,True
urn:mavedb:00000055-a-1#2184,,,p.Phe43Ile,0.741137220533983,0.0574355952693981,F43I,F43I,0.5278,ambiguous,0.46255677264266476,0.47219999999999995,False,43,False,False,False
urn:mavedb:00000055-a-1#2185,,,p.Phe43Ser,0.462265611613522,0.0455095701047586,F43S,F43S,0.7715,pathogenic,0.19757065752793102,0.22850000000000004,False,43,False,False,False
urn:mavedb:00000055-a-1#2186,,,p.Phe43Val,0.7552230651271998,0.0205727433919232,F43V,F43V,0.5095,ambiguous,0.48717847124094815,0.49050000000000005,False,43,False,False,False
urn:mavedb:00000055-a-1#2187,,,p.Phe43Thr,0.397557484326149,0.0020489132230967,F43T,F43T,0.8849,pathogenic,0.13131269910857696,0.11509999999999998,False,43,False,False,False
urn:mavedb:00000055-a-1#2188,,,p.Phe43Asn,0.114051704760813,0.0553250369159697,F43N,F43N,0.8953,pathogenic,0.12681366714386672,0.10470000000000002,False,43,False,False,False
urn:mavedb:00000055-a-1#2189,,,p.Phe43Met,0.8414466304568471,0.0388122476466396,F43M,F43M,0.82,pathogenic,0.1650754096871732,0.18000000000000005,True,43,False,True,False
urn:mavedb:00000055-a-1#2190,,,p.Phe43His,0.7975270477190479,0.0086918312134366,F43H,F43H,0.6896,pathogenic,0.26848514871426227,0.3104,False,43,False,False,False
urn:mavedb:00000055-a-1#2191,,,p.Phe43Glu,0.0431979875674352,0.0125845404164616,F43E,F43E,0.9685,pathogenic,0.10105937872830931,0.03149999999999997,False,43,False,False,False
urn:mavedb:00000055-a-1#2192,,,p.Phe43Pro,0.0223348342881841,0.0065631676380614,F43P,F43P,0.9828,pathogenic,0.09708077964987051,0.017199999999999993,False,43,False,False,False
urn:mavedb:00000055-a-1#2193,,,p.Phe43Asp,0.0555082030731926,0.027203767874971,F43D,F43D,0.9491,pathogenic,0.106963475613503,0.050899999999999945,False,43,False,False,False
urn:mavedb:00000055-a-1#2194,,,p.Phe43Gly,0.0614233771192733,0.0011438333643897,F43G,F43G,0.937,pathogenic,0.11096229997601734,0.06299999999999994,False,43,False,False,False
urn:mavedb:00000055-a-1#2196,,,p.Ser42Ile,1.14956132520704,0.0230637216497106,S42I,S42I,0.2859,benign,0.7549086027016904,0.7141,False,42,False,False,False
urn:mavedb:00000055-a-1#2197,,,p.Ser42Ala,1.00089013796561,0.0019367229738962,S42A,S42A,0.1183,benign,0.8672559336394995,0.8817,False,42,False,False,False
urn:mavedb:00000055-a-1#2198,,,p.Ser42Glu,0.865544952274351,0.050946575459304,S42E,S42E,0.4708,ambiguous,0.5393194753431647,0.5292,False,42,False,False,False
urn:mavedb:00000055-a-1#2199,,,p.Ser42Trp,1.00965193013455,0.0049439557198799,S42W,S42W,0.2727,benign,0.7667389428855647,0.7273000000000001,False,42,False,False,False
urn:mavedb:00000055-a-1#2200,,,p.Ser42Thr,1.06320829016322,0.0027134127107949,S42T,S42T,0.0828,benign,0.8819292628563442,0.9172,False,42,False,False,False
urn:mavedb:00000055-a-1#2201,,,p.Ser42Phe,0.942100127420683,0.0024755838543261,S42F,S42F,0.2513,benign,0.7847674258513533,0.7486999999999999,False,42,False,False,False
urn:mavedb:00000055-a-1#2202,,,p.Ser42Pro,0.969999181698032,0.0079971017614935,S42P,S42P,0.8181,pathogenic,0.16622439491167557,0.18189999999999995,True,42,False,True,False
urn:mavedb:00000055-a-1#2203,,,p.Ser42Leu,0.939969110852365,0.0509005869403979,S42L,S42L,0.1422,benign,0.8558324331303353,0.8578,False,42,False,False,False
urn:mavedb:00000055-a-1#2204,,,p.Ser42Gln,0.95594961306252,0.0057812354052305,S42Q,S42Q,0.3255,benign,0.7161785607665967,0.6745,False,42,False,False,False
urn:mavedb:00000055-a-1#2205,,,p.Ser42Tyr,1.05997209073591,0.0465669022741586,S42Y,S42Y,0.161,benign,0.8458888074664468,0.839,False,42,False,False,False
urn:mavedb:00000055-a-1#2206,,,p.Ser42Asn,0.955201576583323,0.0248808143464317,S42N,S42N,0.2192,benign,0.8091851761169335,0.7807999999999999,False,42,False,False,False
urn:mavedb:00000055-a-1#2207,,,p.Ser42Lys,1.10075381392254,0.0498384168678799,S42K,S42K,0.4487,ambiguous,0.5687133579116297,0.5513,False,42,False,False,False
urn:mavedb:00000055-a-1#2208,,,p.Ser42His,0.8052796084479821,0.03574676380894,S42H,S42H,0.2283,benign,0.8025773314364526,0.7717,False,42,False,False,False
urn:mavedb:00000055-a-1#2209,,,p.Ser42Gly,0.734602025571405,0.0540450366428004,S42G,S42G,0.1238,benign,0.8647428069048427,0.8762,False,42,False,False,False
urn:mavedb:00000055-a-1#2210,,,p.Ser42Met,0.8584361644107209,0.0499222665472798,S42M,S42M,0.2136,benign,0.8131303682857741,0.7864,False,42,False,False,False
urn:mavedb:00000055-a-1#2211,,,p.Ser42Arg,0.917919919623235,0.0377310411706719,S42R,S42R,0.3454,ambiguous,0.694929311560428,0.6546000000000001,False,42,False,False,False
urn:mavedb:00000055-a-1#2212,,,p.Ser42Asp,0.7609330773770709,0.0469527912086867,S42D,S42D,0.4876,ambiguous,0.5167322824447166,0.5124,False,42,False,False,False
urn:mavedb:00000055-a-1#2213,,,p.Ser42Val,0.984650728475616,0.008756379254658,S42V,S42V,0.2751,benign,0.7646283664076098,0.7249,False,42,False,False,False
urn:mavedb:00000055-a-1#2214,,,p.Gly41Trp,0.9740584215288342,0.0235245859074447,G41W,G41W,0.6697,pathogenic,0.288840350277661,0.33030000000000004,True,41,False,True,False
urn:mavedb:00000055-a-1#2215,,,p.Gly41Ala,0.8839347479134542,0.0204288959399777,G41A,G41A,0.4085,ambiguous,0.6205131970360326,0.5915,False,41,False,False,False
urn:mavedb:00000055-a-1#2216,,,p.Gly41Cys,0.802945275441173,0.0015676618529981,G41C,G41C,0.4666,ambiguous,0.5449397017700511,0.5334,False,41,False,False,False
urn:mavedb:00000055-a-1#2217,,,p.Gly41Arg,0.682041243406245,0.0353340433730676,G41R,G41R,0.513,ambiguous,0.4824588924398786,0.487,False,41,False,False,False
urn:mavedb:00000055-a-1#2218,,,p.Gly41Ile,0.8698628862686371,0.0128565548670383,G41I,G41I,0.8329,pathogenic,0.15752855815807107,0.16710000000000003,True,41,False,True,False
urn:mavedb:00000055-a-1#2219,,,p.Gly41Lys,0.804610279000773,0.0336444650879441,G41K,G41K,0.7188,pathogenic,0.2408168119992966,0.2812,True,41,False,True,False
urn:mavedb:00000055-a-1#2220,,,p.Gly41Phe,0.849629450054081,0.0490672150943219,G41F,G41F,0.7984,pathogenic,0.1787213203823091,0.2016,True,41,False,True,False
urn:mavedb:00000055-a-1#2221,,,p.Gly41Ser,0.960216519013266,0.0004481083510308,G41S,G41S,0.2498,benign,0.7859780453614069,0.7502,False,41,False,False,False
urn:mavedb:00000055-a-1#2222,,,p.Gly41Glu,1.02037427496735,0.0249867095861933,G41E,G41E,0.5515,ambiguous,0.43102296164524423,0.4485,False,41,False,False,False
urn:mavedb:00000055-a-1#2223,,,p.Gly41Thr,0.8301532405326371,0.0504824670191911,G41T,G41T,0.5394,ambiguous,0.44705633354271207,0.4606,False,41,False,False,False
urn:mavedb:00000055-a-1#2224,,,p.Gly41Val,0.923527114426783,0.0135498058101131,G41V,G41V,0.7105,pathogenic,0.24841210212219766,0.2895,True,41,False,True,False
urn:mavedb:00000055-a-1#2225,,,p.Gly41Asn,1.01208398002353,0.0170010608168271,G41N,G41N,0.453,ambiguous,0.5630328340070498,0.5469999999999999,False,41,False,False,False
urn:mavedb:00000055-a-1#2226,,,p.Gly41Met,0.91635051766604,0.0489247804964516,G41M,G41M,0.8461,pathogenic,0.1502528607347458,0.15390000000000004,True,41,False,True,False
urn:mavedb:00000055-a-1#2227,,,p.Gly41Asp,0.999000150555504,0.0026658757530544,G41D,G41D,0.358,ambiguous,0.6808878677752667,0.642,False,41,False,False,False
urn:mavedb:00000055-a-1#2228,,,p.Gly41Tyr,1.05364210827964,0.0179807173365913,G41Y,G41Y,0.6862,pathogenic,0.27187792167551084,0.31379999999999997,True,41,False,True,False
urn:mavedb:00000055-a-1#2229,,,p.Ala40Asn,0.940991749492154,0.0419747059292934,A40N,A40N,0.2195,benign,0.8089712348260074,0.7805,False,40,False,False,False
urn:mavedb:00000055-a-1#2230,,,p.Ala40Asp,1.08585886828398,0.0104226287073169,A40D,A40D,0.1736,benign,0.8387237222536843,0.8264,False,40,False,False,False
urn:mavedb:00000055-a-1#2231,,,p.Ala40Cys,0.977742700646722,0.0105989924102651,A40C,A40C,0.3505,ambiguous,0.6892993505904678,0.6495,False,40,False,False,False
urn:mavedb:00000055-a-1#2232,,,p.Ala40Arg,0.7453461222301729,0.0098570665095875,A40R,A40R,0.1957,benign,0.8251345640213037,0.8043,False,40,False,False,False
urn:mavedb:00000055-a-1#2233,,,p.Ala40Phe,0.8668904440397059,0.0060390164351691,A40F,A40F,0.2648,benign,0.7735596315308303,0.7352000000000001,False,40,False,False,False
urn:mavedb:00000055-a-1#2234,,,p.Ala40His,0.932690393768126,0.0037727965413524,A40H,A40H,0.2789,benign,0.7612499109020701,0.7211000000000001,False,40,False,False,False
urn:mavedb:00000055-a-1#2235,,,p.Ala40Ile,1.00495038348768,0.0473715084797024,A40I,A40I,0.304,benign,0.7378050479520707,0.696,False,40,False,False,False
urn:mavedb:00000055-a-1#2236,,,p.Ala40Trp,0.86188032114565,0.0186429146575381,A40W,A40W,0.5475,ambiguous,0.4363055492949574,0.4525,False,40,False,False,False
urn:mavedb:00000055-a-1#2237,,,p.Ala40Lys,0.974080739805775,0.00493079787859,A40K,A40K,0.252,benign,0.7842001043686718,0.748,False,40,False,False,False
urn:mavedb:00000055-a-1#2238,,,p.Ala40Met,0.96743450382395,0.0022644736839688,A40M,A40M,0.2736,benign,0.765949579461836,0.7263999999999999,False,40,False,False,False
urn:mavedb:00000055-a-1#2239,,,p.Ala40Leu,0.9301459628056792,0.0255435400675283,A40L,A40L,0.2169,benign,0.8108166185647752,0.7831,False,40,False,False,False
urn:mavedb:00000055-a-1#2240,,,p.Ala40Ser,0.954062341095286,0.0509045134669665,A40S,A40S,0.0895,benign,0.8793562398127719,0.9105,False,40,False,False,False
urn:mavedb:00000055-a-1#2241,,,p.Ala40Gly,0.8062134445483841,0.0077557825826853,A40G,A40G,0.1283,benign,0.8626360010792938,0.8717,False,40,False,False,False
urn:mavedb:00000055-a-1#2242,,,p.Ala40Tyr,0.898344343537555,0.0515347417547567,A40Y,A40Y,0.3283,benign,0.7132592013510154,0.6717,False,40,False,False,False
urn:mavedb:00000055-a-1#2243,,,p.Ala40Gln,0.8403057413480429,0.0395067514047455,A40Q,A40Q,0.1986,benign,0.8232515497288603,0.8014,False,40,False,False,False
urn:mavedb:00000055-a-1#2244,,,p.Ala40Val,0.983146503196032,0.0227990212205403,A40V,A40V,0.1616,benign,0.8455569048878754,0.8384,False,40,False,False,False
urn:mavedb:00000055-a-1#2245,,,p.Ala40Thr,1.01799476500814,0.0551190672695924,A40T,A40T,0.1118,benign,0.8701400032196899,0.8882,False,40,False,False,False
urn:mavedb:00000055-a-1#2246,,,p.Ala40Pro,0.8970587298905949,0.0161245110495984,A40P,A40P,0.3045,benign,0.7373181665104547,0.6955,False,40,False,False,False
urn:mavedb:00000055-a-1#2247,,,p.Ala40Glu,1.10795120244268,0.0121061975625953,A40E,A40E,0.1419,benign,0.8559840917183638,0.8581,False,40,False,False,False
urn:mavedb:00000055-a-1#2248,,,p.Gly39Val,0.9750500922134252,0.0080354169205132,G39V,G39V,0.7351,pathogenic,0.22652549407656697,0.2649,True,39,False,True,False
urn:mavedb:00000055-a-1#2249,,,p.Gly39Pro,0.7401898703526221,0.0381024717367589,G39P,G39P,0.9505,pathogenic,0.10651690835559988,0.04949999999999999,False,39,False,False,False
urn:mavedb:00000055-a-1#2250,,,p.Gly39Gln,1.0163121475157602,0.0285543484908988,G39Q,G39Q,0.8734,pathogenic,0.13656268767535257,0.12660000000000005,True,39,False,True,False
urn:mavedb:00000055-a-1#2251,,,p.Gly39Leu,0.820819596388043,0.0100353486465858,G39L,G39L,0.8428,pathogenic,0.15203037226307553,0.1572,True,39,False,True,False
urn:mavedb:00000055-a-1#2252,,,p.Gly39His,0.877838335765912,0.0334914763631995,G39H,G39H,0.9222,pathogenic,0.11620693698150554,0.07779999999999998,True,39,False,True,False
urn:mavedb:00000055-a-1#2253,,,p.Gly39Phe,0.8620010975451671,0.0489963175007123,G39F,G39F,0.8672,pathogenic,0.139517146302921,0.13280000000000003,True,39,False,True,False
urn:mavedb:00000055-a-1#2254,,,p.Gly39Glu,0.8973381347385859,0.0105824378180186,G39E,G39E,0.8341,pathogenic,0.15684871721167282,0.16590000000000005,True,39,False,True,False
urn:mavedb:00000055-a-1#2255,,,p.Gly39Cys,0.905328790911356,0.0101658792666065,G39C,G39C,0.6524,pathogenic,0.3074902750811181,0.3476,True,39,False,True,False
urn:mavedb:00000055-a-1#2256,,,p.Gly39Trp,0.8106979358031541,0.0642993254721119,G39W,G39W,0.7903,pathogenic,0.1841760008379298,0.2097,True,39,False,True,False
urn:mavedb:00000055-a-1#2257,,,p.Gly39Ser,1.05161294458472,0.0005748678239102,G39S,G39S,0.5536,ambiguous,0.42825727864133317,0.4464,False,39,False,False,False
urn:mavedb:00000055-a-1#2258,,,p.Gly39Asp,0.9467010764936872,0.0088107393537514,G39D,G39D,0.85,pathogenic,0.1481871390760517,0.15000000000000002,True,39,False,True,False
urn:mavedb:00000055-a-1#2259,,,p.Gly39Lys,0.8824325614851191,0.0189219704461689,G39K,G39K,0.9222,pathogenic,0.11620693698150554,0.07779999999999998,True,39,False,True,False
urn:mavedb:00000055-a-1#2260,,,p.Gly39Thr,0.918281248485346,0.006244333589755,G39T,G39T,0.728,pathogenic,0.23264885184002743,0.272,True,39,False,True,False
urn:mavedb:00000055-a-1#2261,,,p.Gly39Tyr,0.861433237190557,0.0103643512271782,G39Y,G39Y,0.8727,pathogenic,0.13689184094224555,0.12729999999999997,True,39,False,True,False
urn:mavedb:00000055-a-1#2262,,,p.Gly39Ala,0.992173565008183,0.0100250910717204,G39A,G39A,0.4226,ambiguous,0.6026517121763613,0.5774,False,39,False,False,False
urn:mavedb:00000055-a-1#2263,,,p.Gly39Arg,0.7226385102033721,0.0134935431454871,G39R,G39R,0.824,pathogenic,0.1626881650241359,0.17600000000000005,False,39,False,False,False
urn:mavedb:00000055-a-1#2264,,,p.Gly39Ile,0.8747432377011071,0.0268433046979883,G39I,G39I,0.8492,pathogenic,0.14860780871037194,0.15080000000000005,True,39,False,True,False
urn:mavedb:00000055-a-1#2265,,,p.Gly39Met,0.887434692654859,0.0290575484494483,G39M,G39M,0.8913,pathogenic,0.12851671917715002,0.10870000000000002,True,39,False,True,False
urn:mavedb:00000055-a-1#2266,,,p.Gly39Asn,0.8084683739992629,0.063383283391071,G39N,G39N,0.9041,pathogenic,0.12318436047038105,0.09589999999999999,True,39,False,True,False
urn:mavedb:00000055-a-1#2267,,,p.Val38Ala,1.07456628768331,0.0141772070201586,V38A,V38A,0.1516,benign,0.8509699419509007,0.8484,False,38,False,False,False
urn:mavedb:00000055-a-1#2268,,,p.Val38Arg,0.8341480697216421,0.0054548734704478,V38R,V38R,0.2432,benign,0.7912228924269126,0.7568,False,38,False,False,False
urn:mavedb:00000055-a-1#2269,,,p.Val38Met,1.0101712955893198,0.0426236667914789,V38M,V38M,0.2226,benign,0.8067449901616005,0.7774,False,38,False,False,False
urn:mavedb:00000055-a-1#2270,,,p.Val38Ser,0.8289971480442071,0.0295160450671615,V38S,V38S,0.1938,benign,0.8263554977339787,0.8062,False,38,False,False,False
urn:mavedb:00000055-a-1#2271,,,p.Val38Thr,1.04916808196825,0.0130898698281145,V38T,V38T,0.1469,benign,0.8534281095665425,0.8531,False,38,False,False,False
urn:mavedb:00000055-a-1#2272,,,p.Val38His,0.984115618276043,0.0124678001582425,V38H,V38H,0.3122,benign,0.7297230803591522,0.6878,False,38,False,False,False
urn:mavedb:00000055-a-1#2273,,,p.Val38Gln,1.02517848831198,0.0211087633864169,V38Q,V38Q,0.3264,benign,0.7152427482458074,0.6736,False,38,False,False,False
urn:mavedb:00000055-a-1#2274,,,p.Val38Ile,0.9918691283410122,0.0375694867942057,V38I,V38I,0.0995,benign,0.8753502043605842,0.9005,False,38,False,False,False
urn:mavedb:00000055-a-1#2275,,,p.Val38Asn,0.591564804510308,0.0261144419044907,V38N,V38N,0.3148,benign,0.7271174847559103,0.6852,False,38,False,False,False
urn:mavedb:00000055-a-1#2276,,,p.Val38Leu,1.06895688909436,0.03645037352533,V38L,V38L,0.2172,benign,0.810604700827636,0.7827999999999999,False,38,False,False,False
urn:mavedb:00000055-a-1#2277,,,p.Val38Trp,0.7566883096382679,0.0126806391338859,V38W,V38W,0.5202,ambiguous,0.4727633327892553,0.4798,False,38,False,False,False
urn:mavedb:00000055-a-1#2278,,,p.Val38Lys,0.876739100500978,0.0242254490444418,V38K,V38K,0.3368,benign,0.7042545050156883,0.6632,False,38,False,False,False
urn:mavedb:00000055-a-1#2279,,,p.Val38Phe,1.08210152357397,0.0202138383578694,V38F,V38F,0.1083,benign,0.8716551109804739,0.8917,False,38,False,False,False
urn:mavedb:00000055-a-1#2280,,,p.Val38Glu,1.01266403829076,0.0001993115994288,V38E,V38E,0.3878,ambiguous,0.6459973898056395,0.6122000000000001,False,38,False,False,False
urn:mavedb:00000055-a-1#2281,,,p.Val38Cys,0.969975704808975,0.0393610568535935,V38C,V38C,0.4019,ambiguous,0.6287394706263394,0.5981000000000001,False,38,False,False,False
urn:mavedb:00000055-a-1#2282,,,p.Val38Gly,1.05796345830487,0.0104808366903988,V38G,V38G,0.2165,benign,0.8110987659853891,0.7835,False,38,False,False,False
urn:mavedb:00000055-a-1#2283,,,p.Val38Tyr,1.04177084985611,0.0477702557345906,V38Y,V38Y,0.3568,ambiguous,0.6822441358909467,0.6432,False,38,False,False,False
urn:mavedb:00000055-a-1#2284,,,p.Val38Pro,0.831465519284822,0.0206300580011401,V38P,V38P,0.3588,ambiguous,0.6799815040248286,0.6412,False,38,False,False,False
urn:mavedb:00000055-a-1#2285,,,p.Val38Asp,0.7974444746016109,0.0097986067129832,V38D,V38D,0.4217,ambiguous,0.6038027761830539,0.5783,False,38,False,False,False
urn:mavedb:00000055-a-1#2286,,,p.Ser37Thr,0.841748584789657,0.0287717329347393,S37T,S37T,0.1034,benign,0.8737325737183529,0.8966,False,37,False,False,False
urn:mavedb:00000055-a-1#2287,,,p.Ser37Leu,1.0369505918507198,0.0071722465990381,S37L,S37L,0.1674,benign,0.8423008984524492,0.8326,False,37,False,False,False
urn:mavedb:00000055-a-1#2288,,,p.Ser37Ile,0.976157185411746,0.0448245407001196,S37I,S37I,0.2167,benign,0.8109577507656933,0.7833,False,37,False,False,False
urn:mavedb:00000055-a-1#2289,,,p.Ser37Pro,0.86236950818822,0.0382716444830357,S37P,S37P,0.1932,benign,0.8267389650895105,0.8068,False,37,False,False,False
urn:mavedb:00000055-a-1#2290,,,p.Ser37Asn,0.807540625993076,0.0184201398558863,S37N,S37N,0.2307,benign,0.8007935753370709,0.7693,False,37,False,False,False
urn:mavedb:00000055-a-1#2291,,,p.Ser37Arg,0.734590874654845,0.0137365237927313,S37R,S37R,0.4665,ambiguous,0.5450733513773959,0.5335,False,37,False,False,False
urn:mavedb:00000055-a-1#2292,,,p.Ser37Met,0.8014797266685408,0.02012792705924,S37M,S37M,0.2514,benign,0.7846864721430132,0.7485999999999999,False,37,False,False,False
urn:mavedb:00000055-a-1#2293,,,p.Ser37Lys,0.972022456947028,0.0243349163443679,S37K,S37K,0.5237,ambiguous,0.4680588050190002,0.47629999999999995,False,37,False,False,False
urn:mavedb:00000055-a-1#2294,,,p.Ser37Trp,0.681905231238796,0.0356490033092117,S37W,S37W,0.3516,ambiguous,0.6880754404640318,0.6484,False,37,False,False,False
urn:mavedb:00000055-a-1#2295,,,p.Ser37Ala,1.04712847708499,0.0085787090808076,S37A,S37A,0.0912,benign,0.8786893715898946,0.9088,False,37,False,False,False
urn:mavedb:00000055-a-1#2296,,,p.Ser37Phe,0.929424399427133,0.0094745294257048,S37F,S37F,0.3004,benign,0.741287805547465,0.6996,False,37,False,False,False
urn:mavedb:00000055-a-1#2297,,,p.Ser37Asp,0.931178562787322,0.0126351779611951,S37D,S37D,0.4246,ambiguous,0.6000887333299788,0.5754,False,37,False,False,False
urn:mavedb:00000055-a-1#2298,,,p.Ser37Cys,1.07364793212092,0.0089156679248738,S37C,S37C,0.1342,benign,0.8598034186814237,0.8658,False,37,False,False,False
urn:mavedb:00000055-a-1#2299,,,p.Ser37Val,1.02079527443574,0.0289406374666759,S37V,S37V,0.2035,benign,0.8200160080188906,0.7965,False,37,False,False,False
urn:mavedb:00000055-a-1#2300,,,p.Ser37Tyr,0.7123205460452859,0.0217039844956473,S37Y,S37Y,0.2983,benign,0.7433009013462484,0.7017,False,37,False,False,False
urn:mavedb:00000055-a-1#2301,,,p.Ser37Gln,1.03489224051922,0.0057641139455521,S37Q,S37Q,0.4578,ambiguous,0.5566675753394856,0.5422,False,37,False,False,False
urn:mavedb:00000055-a-1#2302,,,p.Ser37Glu,1.12572433228783,0.008592754091359,S37E,S37E,0.4435,ambiguous,0.5755528314924793,0.5565,False,37,False,False,False
urn:mavedb:00000055-a-1#2303,,,p.Ser37His,0.999509797738602,0.0215993469217237,S37H,S37H,0.3836,ambiguous,0.6510496425440641,0.6164000000000001,False,37,False,False,False
urn:mavedb:00000055-a-1#2304,,,p.Ser37Gly,1.04103181483091,0.0192738318487175,S37G,S37G,0.1064,benign,0.8724666664149366,0.8936,False,37,False,False,False
urn:mavedb:00000055-a-1#2305,,,p.Gly36Arg,0.765783384677815,0.0700895698237953,G36R,G36R,0.6974,pathogenic,0.26083578830355775,0.3026,False,36,False,False,False
urn:mavedb:00000055-a-1#2306,,,p.Gly36Asn,0.954788359260973,0.014511622106862,G36N,G36N,0.4031,ambiguous,0.6272505343900125,0.5969,False,36,False,False,False
urn:mavedb:00000055-a-1#2308,,,p.Gly36Lys,0.785481184868604,0.0251344072825987,G36K,G36K,0.8084,pathogenic,0.17224334534120708,0.1916,False,36,False,False,False
urn:mavedb:00000055-a-1#2309,,,p.Gly36Leu,0.5712621313007671,0.0162700385918868,G36L,G36L,0.7761,pathogenic,0.1941970411738021,0.2239,False,36,False,False,False
urn:mavedb:00000055-a-1#2310,,,p.Gly36Ala,0.689083857261551,0.0222801771971439,G36A,G36A,0.2927,benign,0.7486022899157021,0.7073,False,36,False,False,False
urn:mavedb:00000055-a-1#2311,,,p.Gly36Glu,0.930176252033506,0.0242326322604429,G36E,G36E,0.6248,pathogenic,0.3389745479166549,0.3752,True,36,False,True,False
urn:mavedb:00000055-a-1#2312,,,p.Gly36Phe,0.948892691544675,0.0260060172012018,G36F,G36F,0.8238,pathogenic,0.1628065125379372,0.17620000000000002,True,36,False,True,False
urn:mavedb:00000055-a-1#2313,,,p.Gly36Asp,1.09470442142411,0.0268974717897354,G36D,G36D,0.4946,ambiguous,0.5072893623377391,0.5054000000000001,False,36,False,False,False
urn:mavedb:00000055-a-1#2314,,,p.Gly36Ile,0.69489310317736,0.0413565928409301,G36I,G36I,0.6772,pathogenic,0.28102856504712254,0.3228,False,36,False,False,False
urn:mavedb:00000055-a-1#2315,,,p.Gly36Val,0.999276175784508,0.0030465195944267,G36V,G36V,0.503,ambiguous,0.4959501093464571,0.497,False,36,False,False,False
urn:mavedb:00000055-a-1#2316,,,p.Gly36Trp,0.51920934086165,0.0284414216760987,G36W,G36W,0.6996,pathogenic,0.25871219445253496,0.3004,False,36,False,False,False
urn:mavedb:00000055-a-1#2317,,,p.Gly36Cys,0.972654948076864,0.0166717739263332,G36C,G36C,0.3943,ambiguous,0.6380970696532328,0.6057,False,36,False,False,False
urn:mavedb:00000055-a-1#2318,,,p.Gly36Met,0.943968999422254,0.0204778460292675,G36M,G36M,0.7981,pathogenic,0.17892000801691138,0.20189999999999997,True,36,False,True,False
urn:mavedb:00000055-a-1#2319,,,p.Gly36Tyr,0.725709240454327,0.0980900383738115,G36Y,G36Y,0.7013,pathogenic,0.25708149235856836,0.29869999999999997,False,36,False,False,False
urn:mavedb:00000055-a-1#2321,,,p.Gly36Pro,0.8572348420920841,0.0132608861546166,G36P,G36P,0.9447,pathogenic,0.1083884756320094,0.055300000000000016,True,36,False,True,False
urn:mavedb:00000055-a-1#2322,,,p.Gly36Ser,0.8332974338231001,0.116559423177569,G36S,G36S,0.1797,benign,0.8351051203737778,0.8203,False,36,False,False,False
urn:mavedb:00000055-a-1#2323,,,p.Gly36Gln,0.9812280968117708,0.0427730693944995,G36Q,G36Q,0.7224,pathogenic,0.237589236484544,0.27759999999999996,True,36,False,True,False
urn:mavedb:00000055-a-1#2324,,,p.Lys35Ile,0.964767995149005,0.0089418477579206,K35I,K35I,0.3561,ambiguous,0.6830334697734488,0.6438999999999999,False,35,False,False,False
urn:mavedb:00000055-a-1#2325,,,p.Lys35Val,0.8076706460745409,0.0237652032388067,K35V,K35V,0.3797,ambiguous,0.6557029395088088,0.6203000000000001,False,35,False,False,False
urn:mavedb:00000055-a-1#2326,,,p.Lys35Thr,0.95765446323235,0.0396375848057246,K35T,K35T,0.3468,ambiguous,0.6933911649333814,0.6532,False,35,False,False,False
urn:mavedb:00000055-a-1#2327,,,p.Lys35Gly,1.0033809316282198,0.0366632798273433,K35G,K35G,0.6273,pathogenic,0.3360396328169301,0.37270000000000003,True,35,False,True,False
urn:mavedb:00000055-a-1#2328,,,p.Lys35Arg,0.96658266334211,0.0205170524819007,K35R,K35R,0.0876,benign,0.8800948082093744,0.9124,False,35,False,False,False
urn:mavedb:00000055-a-1#2329,,,p.Lys35Phe,0.7652602950555619,0.0290776364343683,K35F,K35F,0.8769,pathogenic,0.13493358519878662,0.12309999999999999,False,35,False,False,False
urn:mavedb:00000055-a-1#2330,,,p.Lys35Leu,1.04279078260509,0.016678793993926,K35L,K35L,0.3294,benign,0.7121059181546184,0.6706,False,35,False,False,False
urn:mavedb:00000055-a-1#2331,,,p.Lys35Met,0.984574046514326,0.0038358386713553,K35M,K35M,0.2933,benign,0.7480389427207114,0.7067,False,35,False,False,False
urn:mavedb:00000055-a-1#2332,,,p.Lys35Ala,1.09766782190783,0.0070407528707723,K35A,K35A,0.497,ambiguous,0.5040498906535429,0.503,False,35,False,False,False
urn:mavedb:00000055-a-1#2333,,,p.Lys35Asp,0.647415579492692,0.0338699910205332,K35D,K35D,0.9033,pathogenic,0.1235077295793445,0.09670000000000001,False,35,False,False,False
urn:mavedb:00000055-a-1#2334,,,p.Lys35Gln,0.9273560801332528,0.0189429857383641,K35Q,K35Q,0.2511,benign,0.7849292410765606,0.7489,False,35,False,False,False
urn:mavedb:00000055-a-1#2335,,,p.Lys35Asn,1.02354551832654,0.0298630444974389,K35N,K35N,0.7237,pathogenic,0.23643365194747357,0.2763,True,35,False,True,False
urn:mavedb:00000055-a-1#2336,,,p.Lys35Cys,0.978020099891532,0.0066214971242134,K35C,K35C,0.7083,pathogenic,0.2504612855324982,0.29169999999999996,True,35,False,True,False
urn:mavedb:00000055-a-1#2337,,,p.Lys35Ser,0.8873337495373629,0.0071008319899979,K35S,K35S,0.6968,pathogenic,0.26141754613724877,0.3032,True,35,False,True,False
urn:mavedb:00000055-a-1#2338,,,p.Lys35Trp,0.718233902953818,0.0344939425419326,K35W,K35W,0.8502,pathogenic,0.14808221802422475,0.14980000000000004,False,35,False,False,False
urn:mavedb:00000055-a-1#2339,,,p.Lys35Tyr,1.03165275897875,0.0018789238171437,K35Y,K35Y,0.8138,pathogenic,0.16886083161634396,0.18620000000000003,True,35,False,True,False
urn:mavedb:00000055-a-1#2340,,,p.Lys35His,0.9005849172433621,0.0073480033934081,K35H,K35H,0.5896,pathogenic,0.3818714538539954,0.4104,False,35,False,True,False
urn:mavedb:00000055-a-1#2341,,,p.Lys35Pro,1.00679678782607,0.0012777314287732,K35P,K35P,0.9221,pathogenic,0.1162437483222119,0.07789999999999997,True,35,False,True,False
urn:mavedb:00000055-a-1#2342,,,p.Lys35Glu,0.598004483732073,0.0034861302322291,K35E,K35E,0.4502,ambiguous,0.5667342265987203,0.5498000000000001,False,35,False,False,False
urn:mavedb:00000055-a-1#2343,,,p.Arg34Ser,0.8655404245445891,0.0169594702886813,R34S,R34S,0.9846,pathogenic,0.09660122972718893,0.01539999999999997,True,34,False,True,False
urn:mavedb:00000055-a-1#2345,,,p.Arg34Tyr,0.684433021874459,0.0599388925596081,R34Y,R34Y,0.9457,pathogenic,0.10806172690947588,0.054300000000000015,False,34,False,False,False
urn:mavedb:00000055-a-1#2346,,,p.Arg34His,0.787598100846675,0.0980429845479152,R34H,R34H,0.8267,pathogenic,0.16110086414720656,0.1733,False,34,False,False,False
urn:mavedb:00000055-a-1#2347,,,p.Arg34Val,0.8959085150039271,0.0036239795070083,R34V,R34V,0.9646,pathogenic,0.10219814446273526,0.03539999999999999,True,34,False,True,False
urn:mavedb:00000055-a-1#2348,,,p.Arg34Leu,0.8581949153092528,0.028211484906227,R34L,R34L,0.9309,pathogenic,0.1130755845656683,0.06910000000000005,True,34,False,True,False
urn:mavedb:00000055-a-1#2349,,,p.Arg34Asp,0.201164652191641,0.0098943840175839,R34D,R34D,0.9846,pathogenic,0.09660122972718893,0.01539999999999997,False,34,False,False,False
urn:mavedb:00000055-a-1#2350,,,p.Arg34Ile,1.03028820855669,0.0907071055766538,R34I,R34I,0.9522,pathogenic,0.10597903965626587,0.047799999999999954,True,34,False,True,False
urn:mavedb:00000055-a-1#2351,,,p.Arg34Trp,0.4687286314092629,0.0261841941729169,R34W,R34W,0.7774,pathogenic,0.19325500983839938,0.22260000000000002,False,34,False,False,False
urn:mavedb:00000055-a-1#2352,,,p.Arg34Lys,1.00540875104508,0.0139942703085514,R34K,R34K,0.785,pathogenic,0.18784734418857751,0.21499999999999997,True,34,False,True,False
urn:mavedb:00000055-a-1#2353,,,p.Arg34Thr,0.911080238993857,0.0020285449637716,R34T,R34T,0.9713,pathogenic,0.10025624602039429,0.028699999999999948,True,34,False,True,False
urn:mavedb:00000055-a-1#2354,,,p.Arg34Gly,0.9604774131188192,0.0008496325015408,R34G,R34G,0.9123,pathogenic,0.11994388688584945,0.0877,True,34,False,True,False
urn:mavedb:00000055-a-1#2355,,,p.Arg34Ala,1.06205639202487,0.0202515462539641,R34A,R34A,0.9763,pathogenic,0.09885157067089988,0.023700000000000054,True,34,False,True,False
urn:mavedb:00000055-a-1#2356,,,p.Arg34Pro,0.8650554185638041,0.016284478626893,R34P,R34P,0.9736,pathogenic,0.09960543647909696,0.02639999999999998,True,34,False,True,False
urn:mavedb:00000055-a-1#2357,,,p.Arg34Gln,0.783151549335386,0.0028955559539046,R34Q,R34Q,0.7667,pathogenic,0.20115829756744225,0.23329999999999995,False,34,False,False,False
urn:mavedb:00000055-a-1#2358,,,p.Arg34Asn,0.889383880727707,0.0078438522953916,R34N,R34N,0.9837,pathogenic,0.09684042468450962,0.01629999999999998,True,34,False,True,False
urn:mavedb:00000055-a-1#2359,,,p.Arg34Glu,0.4374506209493889,0.0131985018732148,R34E,R34E,0.9073,pathogenic,0.12190381433661171,0.0927,False,34,False,False,False
urn:mavedb:00000055-a-1#2360,,,p.Arg34Cys,0.79544870037509,0.0181752040140565,R34C,R34C,0.8298,pathogenic,0.1593021350526302,0.17020000000000002,False,34,False,False,False
urn:mavedb:00000055-a-1#2361,,,p.Arg34Met,0.659760467151412,0.0102111414298788,R34M,R34M,0.9721,pathogenic,0.1000289713659309,0.027900000000000036,False,34,False,False,False
urn:mavedb:00000055-a-1#2362,,,p.Arg34Phe,0.7125242465006449,0.059315668704604,R34F,R34F,0.9863,pathogenic,0.09615256461697061,0.013700000000000045,False,34,False,False,False
urn:mavedb:00000055-a-1#2363,,,p.Lys33Tyr,0.452956172134021,0.0698692457253279,K33Y,K33Y,0.7405,pathogenic,0.2219730900993651,0.25949999999999995,False,33,False,False,False
urn:mavedb:00000055-a-1#2364,,,p.Lys33Thr,0.709737506041852,0.0332869307014024,K33T,K33T,0.6089,pathogenic,0.3580013881681011,0.3911,False,33,False,False,False
urn:mavedb:00000055-a-1#2365,,,p.Lys33Gly,0.0600051959909593,0.0070623620295145,K33G,K33G,0.8204,pathogenic,0.16483475668749603,0.17959999999999998,False,33,False,False,False
urn:mavedb:00000055-a-1#2366,,,p.Lys33Val,0.7478992268554809,0.0102977348279343,K33V,K33V,0.4844,ambiguous,0.5210446379736694,0.5156000000000001,False,33,False,False,False
urn:mavedb:00000055-a-1#2367,,,p.Lys33Glu,0.349538966008358,0.0389886852720243,K33E,K33E,0.4652,ambiguous,0.5468100568924079,0.5347999999999999,False,33,False,False,False
urn:mavedb:00000055-a-1#2368,,,p.Lys33Ile,0.920897701181806,0.0396077802433305,K33I,K33I,0.4734,ambiguous,0.5358339682246834,0.5266,False,33,False,False,False
urn:mavedb:00000055-a-1#2369,,,p.Lys33Trp,0.575443201481926,0.0194341727690986,K33W,K33W,0.7277,pathogenic,0.23291103868830187,0.2723,False,33,False,False,False
urn:mavedb:00000055-a-1#2370,,,p.Lys33Cys,0.7874843362705011,0.0600720558958905,K33C,K33C,0.718,pathogenic,0.24153953804365258,0.28200000000000003,False,33,False,False,False
urn:mavedb:00000055-a-1#2371,,,p.Lys33Asn,0.541996090921943,0.0317692904893502,K33N,K33N,0.8477,pathogenic,0.14940082523466636,0.1523,False,33,False,False,False
urn:mavedb:00000055-a-1#2372,,,p.Lys33Ser,0.6670315265051071,0.0390053303646513,K33S,K33S,0.8608,pathogenic,0.1426606660488276,0.1392,False,33,False,False,False
urn:mavedb:00000055-a-1#2373,,,p.Lys33Met,0.673344651847563,0.0271191176709536,K33M,K33M,0.3911,ambiguous,0.6419986118318989,0.6089,False,33,False,False,False
urn:mavedb:00000055-a-1#2374,,,p.Lys33Ala,0.5203082014078579,0.0053241648354256,K33A,K33A,0.7747,pathogenic,0.19521713582679145,0.22529999999999994,False,33,False,False,False
urn:mavedb:00000055-a-1#2375,,,p.Lys33Leu,0.6853227052962729,0.0411237628195638,K33L,K33L,0.4596,ambiguous,0.5542745058558709,0.5404,False,33,False,False,False
urn:mavedb:00000055-a-1#2376,,,p.Lys33Phe,0.7517919726449759,0.0044543331322462,K33F,K33F,0.8358,pathogenic,0.1558919780768478,0.1642,False,33,False,False,False
urn:mavedb:00000055-a-1#2377,,,p.Lys33Gln,0.7833138400650309,0.005530102090402,K33Q,K33Q,0.2287,benign,0.8022812341096732,0.7713,False,33,False,False,False
urn:mavedb:00000055-a-1#2378,,,p.Lys33His,0.8116974884183019,0.0037026055015927,K33H,K33H,0.5125,ambiguous,0.4831329057093183,0.48750000000000004,False,33,False,False,False
urn:mavedb:00000055-a-1#2379,,,p.Lys33Arg,0.9741423430190228,0.0142252751711901,K33R,K33R,0.081,benign,0.8826057164502464,0.919,False,33,False,False,False
urn:mavedb:00000055-a-1#2380,,,p.Cys28Trp,0.0590888543069055,0.0152732480304088,C28W,C28W,0.6604,pathogenic,0.2987581390689886,0.3396,False,28,False,False,False
urn:mavedb:00000055-a-1#2381,,,p.Cys28Ile,0.0220324334881177,0.0270854649856087,C28I,C28I,0.8417,pathogenic,0.15262895655727815,0.1583,False,28,False,False,False
urn:mavedb:00000055-a-1#2382,,,p.Arg27Phe,1.17425470706464,0.0331506332659749,R27F,R27F,0.3428,ambiguous,0.6977710301708067,0.6572,False,27,False,False,False
urn:mavedb:00000055-a-1#2383,,,p.Arg27Thr,0.8709708158966841,0.0188861590407439,R27T,R27T,0.1498,benign,0.8519177819757752,0.8502000000000001,False,27,False,False,False
urn:mavedb:00000055-a-1#2384,,,p.Arg27Gly,1.01765999404782,0.0110026521349207,R27G,R27G,0.0646,benign,0.8884898342754166,0.9354,False,27,False,False,False
urn:mavedb:00000055-a-1#2385,,,p.Arg27Glu,0.72316127664803,0.0193908981368378,R27E,R27E,0.1958,benign,0.8250700250238148,0.8042,False,27,False,False,False
urn:mavedb:00000055-a-1#2386,,,p.Arg27Gln,0.92415312981749,0.0252361592022764,R27Q,R27Q,0.0834,benign,0.8817023963608503,0.9166,False,27,False,False,False
urn:mavedb:00000055-a-1#2387,,,p.Arg27Leu,1.03694600176873,0.0041537943221725,R27L,R27L,0.1708,benign,0.8403516937027377,0.8291999999999999,False,27,False,False,False
urn:mavedb:00000055-a-1#2388,,,p.Arg27Lys,0.9410855754038572,0.0138378478181083,R27K,R27K,0.1097,benign,0.8710522134066707,0.8903,False,27,False,False,False
urn:mavedb:00000055-a-1#2389,,,p.Arg27Tyr,0.951043558718467,0.0064826760617919,R27Y,R27Y,0.2175,benign,0.8103925196363265,0.7825,False,27,False,False,False
urn:mavedb:00000055-a-1#2390,,,p.Arg27Asn,0.9991680152948028,0.012656033338313,R27N,R27N,0.1897,benign,0.8289559533018156,0.8103,False,27,False,False,False
urn:mavedb:00000055-a-1#2391,,,p.Arg27Asp,0.7940486985152451,0.0544283718630693,R27D,R27D,0.2199,benign,0.808685568192934,0.7801,False,27,False,False,False
urn:mavedb:00000055-a-1#2392,,,p.Arg27Met,0.9625579832826352,0.0340514810760122,R27M,R27M,0.2522,benign,0.7840377357936991,0.7478,False,27,False,False,False
urn:mavedb:00000055-a-1#2393,,,p.Arg27Val,0.201649180228203,0.0070492401548083,R27V,R27V,0.3089,benign,0.7330004107038888,0.6911,False,27,False,False,False
urn:mavedb:00000055-a-1#2394,,,p.Arg27Ser,0.953643278410438,0.0095259740840052,R27S,R27S,0.1648,benign,0.8437711999974208,0.8351999999999999,False,27,False,False,False
urn:mavedb:00000055-a-1#2395,,,p.Arg27Ala,1.16176895757107,0.0851162713434011,R27A,R27A,0.1822,benign,0.8335932957458299,0.8178,False,27,False,False,False
urn:mavedb:00000055-a-1#2396,,,p.Arg27His,0.980458760161558,0.0208690911747419,R27H,R27H,0.0783,benign,0.8836088178340031,0.9217,False,27,False,False,False
urn:mavedb:00000055-a-1#2397,,,p.Arg27Ile,0.0494840513220543,0.0218362623561363,R27I,R27I,0.3293,benign,0.7122109106914323,0.6707000000000001,False,27,False,False,False
urn:mavedb:00000055-a-1#2398,,,p.Arg27Trp,1.02764575959959,0.0261035791279731,R27W,R27W,0.1704,benign,0.8405825793046805,0.8296,False,27,False,False,False
urn:mavedb:00000055-a-1#2399,,,p.Arg27Cys,0.785951199154111,0.0122004353304196,R27C,R27C,0.1257,benign,0.8638588719573201,0.8743,False,27,False,False,False
urn:mavedb:00000055-a-1#2400,,,p.Glu51His,0.9765359107354152,0.0066246387364917,E51H,E51H,0.7914,pathogenic,0.1834242066097213,0.2086,True,51,True,True,True
urn:mavedb:00000055-a-1#2401,,,p.Glu51Gln,0.8085712845650229,0.0114513665831924,E51Q,E51Q,0.5485,ambiguous,0.434983161340952,0.4515,False,51,True,False,True
urn:mavedb:00000055-a-1#2402,,,p.Glu51Ala,1.0226963470981898,0.0743486167636976,E51A,E51A,0.699,pathogenic,0.2592898721545596,0.30100000000000005,True,51,True,True,True
urn:mavedb:00000055-a-1#2404,,,p.Glu51Ile,0.6599722347296779,0.0081643769769984,E51I,E51I,0.9361,pathogenic,0.11126991527997487,0.06389999999999996,False,51,True,False,True
urn:mavedb:00000055-a-1#2405,,,p.Glu51Lys,1.12333027742866,0.0541210952525,E51K,E51K,0.8234,pathogenic,0.16304352701550745,0.17659999999999998,True,51,True,True,True
urn:mavedb:00000055-a-1#2406,,,p.Glu51Pro,0.61789280251908,0.0229503048872163,E51P,E51P,0.9672,pathogenic,0.10143634881837743,0.03280000000000005,False,51,True,False,True
urn:mavedb:00000055-a-1#2407,,,p.Glu51Asp,0.631000750701516,0.0834648729790292,E51D,E51D,0.431,ambiguous,0.591841953380024,0.569,False,51,True,False,True
urn:mavedb:00000055-a-1#2408,,,p.Glu51Arg,1.05769079463118,0.0384222603206325,E51R,E51R,0.7414,pathogenic,0.22122313674081345,0.25860000000000005,True,51,True,True,True
urn:mavedb:00000055-a-1#2409,,,p.Glu51Cys,1.11613283485895,0.0042707221064622,E51C,E51C,0.9013,pathogenic,0.12432185423592355,0.09870000000000001,True,51,True,True,True
urn:mavedb:00000055-a-1#2410,,,p.Glu51Trp,0.90501090713292,0.0235501670579042,E51W,E51W,0.9705,pathogenic,0.10048449182744268,0.02949999999999997,True,51,True,True,True
urn:mavedb:00000055-a-1#2412,,,p.Leu50Lys,-0.0057255741612911,0.0281811157842533,L50K,L50K,0.9185,pathogenic,0.11758156514512082,0.08150000000000002,False,50,True,False,True
urn:mavedb:00000055-a-1#2413,,,p.Leu50Gln,0.0239700141270997,0.0110474159411901,L50Q,L50Q,0.7572,pathogenic,0.20846351332067586,0.24280000000000002,False,50,True,False,True
urn:mavedb:00000055-a-1#2414,,,p.Leu50Ile,0.436530515649469,0.0637109527784637,L50I,L50I,0.1823,benign,0.8335324718786761,0.8177,False,50,True,False,True
urn:mavedb:00000055-a-1#2415,,,p.Leu50Ala,-0.0095218251666726,0.0273352886210221,L50A,L50A,0.815,pathogenic,0.16812002249467103,0.18500000000000005,False,50,True,False,True
urn:mavedb:00000055-a-1#2416,,,p.Leu50Gly,0.057217793256512,0.0597626200787298,L50G,L50G,0.9502,pathogenic,0.10661232553310919,0.049799999999999955,False,50,True,False,True
urn:mavedb:00000055-a-1#2417,,,p.Leu50Met,0.590566293190882,0.0280501039320713,L50M,L50M,0.2606,benign,0.7771068965173874,0.7394000000000001,False,50,True,False,True
urn:mavedb:00000055-a-1#2418,,,p.Leu50Asp,0.115755013457361,0.0027804066102528,L50D,L50D,0.9959,pathogenic,0.09369470657485554,0.0040999999999999925,False,50,True,False,True
urn:mavedb:00000055-a-1#2419,,,p.Leu50Val,0.203289662162306,0.0507853550620016,L50V,L50V,0.1669,benign,0.8425850077195713,0.8331,False,50,True,False,True
urn:mavedb:00000055-a-1#2420,,,p.Leu50Trp,0.0255339632462797,0.0282468750450027,L50W,L50W,0.9265,pathogenic,0.11464176127311711,0.07350000000000001,False,50,True,False,True
urn:mavedb:00000055-a-1#2421,,,p.Leu50Cys,0.104201944764198,0.0083297422087129,L50C,L50C,0.8474,pathogenic,0.14956009731028713,0.15259999999999996,False,50,True,False,True
urn:mavedb:00000055-a-1#2422,,,p.Leu50Ser,0.0047842087753877,0.0165516863179515,L50S,L50S,0.9465,pathogenic,0.10780155450998877,0.05349999999999999,False,50,True,False,True
urn:mavedb:00000055-a-1#2423,,,p.Leu50Phe,0.0297912568919208,0.0204606153816909,L50F,L50F,0.8063,pathogenic,0.17358052146219954,0.19369999999999998,False,50,True,False,True
urn:mavedb:00000055-a-1#2424,,,p.Leu50Asn,0.0264429816903491,0.0364815148477535,L50N,L50N,0.9718,pathogenic,0.10011408578205797,0.028200000000000003,False,50,True,False,True
urn:mavedb:00000055-a-1#2425,,,p.Leu50Tyr,0.0479319804614288,0.0233853018202922,L50Y,L50Y,0.9713,pathogenic,0.10025624602039429,0.028699999999999948,False,50,True,False,True
urn:mavedb:00000055-a-1#2426,,,p.Leu50Arg,0.088042368944411,0.0303421444465364,L50R,L50R,0.8756,pathogenic,0.13553544950197643,0.12439999999999996,False,50,True,False,True
urn:mavedb:00000055-a-1#2428,,,p.Leu50Pro,0.0054717836680036,0.0001537357951472,L50P,L50P,0.9338,pathogenic,0.11206259092451398,0.06620000000000004,False,50,True,False,True
urn:mavedb:00000055-a-1#2429,,,p.Leu50His,0.0449237642011426,0.0130264726322991,L50H,L50H,0.9589,pathogenic,0.10390542611171882,0.041100000000000025,False,50,True,False,True
urn:mavedb:00000055-a-1#2430,,,p.His49Ser,1.11005314527554,0.0038228299593776,H49S,H49S,0.9377,pathogenic,0.11072403444905948,0.06230000000000002,True,49,True,True,True
urn:mavedb:00000055-a-1#2431,,,p.His49Thr,0.850536577294994,0.0702334961841066,H49T,H49T,0.9753,pathogenic,0.09912951272818432,0.024700000000000055,True,49,True,True,True
urn:mavedb:00000055-a-1#2432,,,p.His49Tyr,1.1136382835976002,0.0157038101614162,H49Y,H49Y,0.6437,pathogenic,0.31719191686916054,0.35629999999999995,True,49,True,True,True
urn:mavedb:00000055-a-1#2433,,,p.His49Phe,0.9180576803951178,4.5510769013835e-05,H49F,H49F,0.7951,pathogenic,0.18092095605416414,0.20489999999999997,True,49,True,True,True
urn:mavedb:00000055-a-1#2434,,,p.His49Trp,0.98154695324626,0.0283783506625948,H49W,H49W,0.7065,pathogenic,0.2521490883526216,0.2935,True,49,True,True,True
urn:mavedb:00000055-a-1#2435,,,p.His49Asn,0.929218879835335,0.0478726501275792,H49N,H49N,0.8869,pathogenic,0.13042945592591837,0.11309999999999998,True,49,True,True,True
urn:mavedb:00000055-a-1#2436,,,p.His49Met,1.05454977545062,0.0269534748464645,H49M,H49M,0.9491,pathogenic,0.106963475613503,0.050899999999999945,True,49,True,True,True
urn:mavedb:00000055-a-1#2437,,,p.His49Ala,0.703338528320277,0.0182039937016106,H49A,H49A,0.952,pathogenic,0.1060420694058387,0.04800000000000004,False,49,True,False,True
urn:mavedb:00000055-a-1#2438,,,p.His49Lys,0.738916456688808,0.0411464850357113,H49K,H49K,0.8758,pathogenic,0.13544260717485984,0.12419999999999998,False,49,True,False,True
urn:mavedb:00000055-a-1#2439,,,p.His49Cys,1.03929885272142,0.0265952577361114,H49C,H49C,0.734,pathogenic,0.22746392510158436,0.266,True,49,True,True,True
urn:mavedb:00000055-a-1#2440,,,p.His49Val,0.950254850011248,0.0037142511217528,H49V,H49V,0.9565,pathogenic,0.10463981302488,0.04349999999999998,True,49,True,True,True
urn:mavedb:00000055-a-1#2441,,,p.His49Gln,0.915714556193562,0.0036523891581578,H49Q,H49Q,0.9509,pathogenic,0.10638991884757953,0.04910000000000003,True,49,True,True,True
urn:mavedb:00000055-a-1#2442,,,p.His49Glu,1.38329860789835,0.0840497291343737,H49E,H49E,0.9737,pathogenic,0.099577321189078,0.02629999999999999,True,49,True,True,True
urn:mavedb:00000055-a-1#2443,,,p.His49Arg,0.7930058279383171,0.0043235440672476,H49R,H49R,0.8174,pathogenic,0.16665016208112987,0.18259999999999998,False,49,True,False,True
urn:mavedb:00000055-a-1#2444,,,p.His49Ile,1.10880995436269,0.0132980670003323,H49I,H49I,0.9503,pathogenic,0.1065805031213752,0.049699999999999966,True,49,True,True,True
urn:mavedb:00000055-a-1#2445,,,p.His49Pro,0.8736263911866009,0.0004087099143312,H49P,H49P,0.8578,pathogenic,0.14416756686966478,0.1422,True,49,True,True,True
urn:mavedb:00000055-a-1#2446,,,p.His49Leu,0.92597726628526,0.0115283777361607,H49L,H49L,0.7882,pathogenic,0.18562094340871377,0.2118,True,49,True,True,True
urn:mavedb:00000055-a-1#2447,,,p.His49Asp,0.9602564308395448,0.027438077128551,H49D,H49D,0.9537,pathogenic,0.1055084223357165,0.04630000000000001,True,49,True,True,True
urn:mavedb:00000055-a-1#2448,,,p.His49Gly,0.643428366955073,0.0318661187551621,H49G,H49G,0.9482,pathogenic,0.10725228974168088,0.05179999999999996,False,49,True,False,True
urn:mavedb:00000055-a-1#2450,,,p.Gly48Cys,0.8129189174053879,0.0025260369825869,G48C,G48C,0.9121,pathogenic,0.1200213359243757,0.08789999999999998,True,48,True,True,True
urn:mavedb:00000055-a-1#2451,,,p.Gly48Ala,0.7346023841710291,0.0369970771700889,G48A,G48A,0.9015,pathogenic,0.12424007396875567,0.09850000000000003,False,48,True,False,True
urn:mavedb:00000055-a-1#2452,,,p.Gly48Glu,0.0812794119966041,0.0292899197565583,G48E,G48E,0.9553,pathogenic,0.10501050646334284,0.04469999999999996,False,48,True,False,True
urn:mavedb:00000055-a-1#2454,,,p.Gly48Gln,0.0113012797294171,0.0342790339692925,G48Q,G48Q,0.9804,pathogenic,0.09772743490295194,0.01959999999999995,False,48,True,False,True
urn:mavedb:00000055-a-1#2455,,,p.Gly48Arg,0.8324942420930072,0.0179063212216227,G48R,G48R,0.9338,pathogenic,0.11206259092451398,0.06620000000000004,True,48,True,True,True
urn:mavedb:00000055-a-1#2456,,,p.Gly48Thr,0.5698950950915961,0.0983824353468176,G48T,G48T,0.9608,pathogenic,0.10333060122583053,0.03920000000000001,False,48,True,False,True
urn:mavedb:00000055-a-1#2457,,,p.Gly48Pro,0.0423277849977708,0.0026820600108022,G48P,G48P,0.9946,pathogenic,0.09402012289152152,0.00539999999999996,False,48,True,False,True
urn:mavedb:00000055-a-1#2458,,,p.Gly48Ser,0.7827461588921,0.0529665760523921,G48S,G48S,0.8395,pathogenic,0.153835307715804,0.16049999999999998,False,48,True,False,True
urn:mavedb:00000055-a-1#2459,,,p.Gly48Ile,0.141667100999233,0.008403599913854,G48I,G48I,0.9694,pathogenic,0.10079992212127242,0.03059999999999996,False,48,True,False,True
urn:mavedb:00000055-a-1#2460,,,p.Gly48Val,0.0701751928375301,0.0267466897081956,G48V,G48V,0.9529,pathogenic,0.10575895640793584,0.04710000000000003,False,48,True,False,True
urn:mavedb:00000055-a-1#2461,,,p.Gly48Tyr,0.0256317449623062,0.0068209477773383,G48Y,G48Y,0.9676,pathogenic,0.10132008040593611,0.032399999999999984,False,48,True,False,True
urn:mavedb:00000055-a-1#2462,,,p.Gly48Phe,0.123000739562672,0.0322726202993377,G48F,G48F,0.9713,pathogenic,0.10025624602039429,0.028699999999999948,False,48,True,False,True
urn:mavedb:00000055-a-1#2463,,,p.Gly48Met,-0.0412878702759559,0.0145578016477505,G48M,G48M,0.9916,pathogenic,0.09477987807219979,0.008399999999999963,False,48,True,False,True
urn:mavedb:00000055-a-1#2464,,,p.Gly48His,0.030300940891077,0.0045943702678666,G48H,G48H,0.9851,pathogenic,0.09646884306805598,0.014900000000000024,False,48,True,False,True
urn:mavedb:00000055-a-1#2465,,,p.Gly48Leu,0.15205261777004,0.0378410674817928,G48L,G48L,0.9825,pathogenic,0.09716115660275197,0.01749999999999996,False,48,True,False,True
urn:mavedb:00000055-a-1#2467,,,p.Gly48Asp,0.443447851822734,0.0385093462938849,G48D,G48D,0.9284,pathogenic,0.11396110338881599,0.0716,False,48,True,False,True
urn:mavedb:00000055-a-1#2468,,,p.Gly47Arg,0.662502340293224,0.0536049642956117,G47R,G47R,0.8964,pathogenic,0.12635123331793843,0.10360000000000003,False,47,True,False,True
urn:mavedb:00000055-a-1#2469,,,p.Gly47Leu,0.9716622421163472,0.0334324782921779,G47L,G47L,0.9729,pathogenic,0.09980266428057002,0.027100000000000013,True,47,True,True,True
urn:mavedb:00000055-a-1#2470,,,p.Gly47Gln,0.887712989097117,0.0172918301904592,G47Q,G47Q,0.9691,pathogenic,0.10088626963346906,0.03090000000000004,True,47,True,True,True
urn:mavedb:00000055-a-1#2471,,,p.Gly47Pro,0.0422527911794233,0.061391260711202,G47P,G47P,0.9894,pathogenic,0.09534491223589125,0.010600000000000054,False,47,True,False,True
urn:mavedb:00000055-a-1#2472,,,p.Gly47Phe,1.05614200568652,0.0150986364489679,G47F,G47F,0.9749,pathogenic,0.0992411062398991,0.02510000000000001,True,47,True,True,True
urn:mavedb:00000055-a-1#2473,,,p.Gly47Thr,1.00715024514868,0.0230535198856825,G47T,G47T,0.9247,pathogenic,0.11529275366299666,0.07530000000000003,True,47,True,True,True
urn:mavedb:00000055-a-1#2474,,,p.Gly47Ile,0.973128893740335,0.0248793043697595,G47I,G47I,0.9766,pathogenic,0.0987684774834447,0.023399999999999976,True,47,True,True,True
urn:mavedb:00000055-a-1#2475,,,p.Gly47His,1.15373691949654,0.0525898848254004,G47H,G47H,0.9851,pathogenic,0.09646884306805598,0.014900000000000024,True,47,True,True,True
urn:mavedb:00000055-a-1#2476,,,p.Gly47Lys,0.600469116604062,0.0350006003872549,G47K,G47K,0.9735,pathogenic,0.09963356678273541,0.026499999999999968,False,47,True,False,True
urn:mavedb:00000055-a-1#2477,,,p.Gly47Trp,1.08145173764589,0.102598827435399,G47W,G47W,0.9072,pathogenic,0.12194351986001636,0.0928,True,47,True,True,True
urn:mavedb:00000055-a-1#2478,,,p.Gly47Val,0.8835350656563321,0.035497708663901,G47V,G47V,0.9359,pathogenic,0.11133846936544042,0.06410000000000005,True,47,True,True,True
urn:mavedb:00000055-a-1#2479,,,p.Gly47Met,0.973167745344853,0.0064858479640949,G47M,G47M,0.9851,pathogenic,0.09646884306805598,0.014900000000000024,True,47,True,True,True
urn:mavedb:00000055-a-1#2480,,,p.Gly47Tyr,0.981168225677082,0.0113517292501719,G47Y,G47Y,0.9766,pathogenic,0.0987684774834447,0.023399999999999976,True,47,True,True,True
urn:mavedb:00000055-a-1#2481,,,p.Gly47Asn,1.00753512769059,0.024712092454672,G47N,G47N,0.9835,pathogenic,0.09689373647810087,0.01649999999999996,True,47,True,True,True
urn:mavedb:00000055-a-1#2482,,,p.Gly47Cys,1.1376838411214398,0.0200440995054481,G47C,G47C,0.8622,pathogenic,0.14196477744160854,0.13780000000000003,True,47,True,True,True
urn:mavedb:00000055-a-1#2483,,,p.Gly47Glu,1.0065808432146,0.0355627585643048,G47E,G47E,0.9633,pathogenic,0.10258300127572027,0.036699999999999955,True,47,True,True,True
urn:mavedb:00000055-a-1#2484,,,p.Gly47Asp,0.6401587133584089,0.0285806426733634,G47D,G47D,0.9553,pathogenic,0.10501050646334284,0.04469999999999996,False,47,True,False,True
urn:mavedb:00000055-a-1#2485,,,p.Gly47Ser,1.09964712177521,0.0478021030380745,G47S,G47S,0.7305,pathogenic,0.2304748568768129,0.26949999999999996,True,47,True,True,True
urn:mavedb:00000055-a-1#2486,,,p.Gly47Ala,1.12047113710606,0.0197453252744508,G47A,G47A,0.6985,pathogenic,0.25977212084786394,0.3015,True,47,True,True,True
urn:mavedb:00000055-a-1#2487,,,p.Pro46Tyr,0.0424030794931974,0.0006363824715717,P46Y,P46Y,0.985,pathogenic,0.09649529191947635,0.015000000000000013,False,46,False,False,False
urn:mavedb:00000055-a-1#2488,,,p.Pro46Val,0.704617577897241,0.0274240626343528,P46V,P46V,0.7413,pathogenic,0.22130634117563913,0.25870000000000004,False,46,False,False,False
urn:mavedb:00000055-a-1#2489,,,p.Pro46Cys,0.0631799251899792,0.004064295786655,P46C,P46C,0.8952,pathogenic,0.12685583227354807,0.1048,False,46,False,False,False
urn:mavedb:00000055-a-1#2490,,,p.Pro46Leu,0.508352772505228,0.0274628878243363,P46L,P46L,0.6202,pathogenic,0.3444159105542474,0.3798,False,46,False,False,False
urn:mavedb:00000055-a-1#2491,,,p.Pro46Ala,0.0343084917831266,0.0171879429036735,P46A,P46A,0.5376,ambiguous,0.4494541972740779,0.46240000000000003,False,46,False,False,False
urn:mavedb:00000055-a-1#2492,,,p.Pro46Asp,0.0382764027550385,0.0168778220997924,P46D,P46D,0.991,pathogenic,0.09493331321766257,0.009000000000000008,False,46,False,False,False
urn:mavedb:00000055-a-1#2493,,,p.Pro46Ile,0.8641077938130641,0.0063378623185659,P46I,P46I,0.8722,pathogenic,0.1371276343765523,0.12780000000000002,True,46,False,True,False
urn:mavedb:00000055-a-1#2494,,,p.Pro46His,0.0969376037256859,0.0989087042343802,P46H,P46H,0.9624,pathogenic,0.10285099803805212,0.03759999999999997,False,46,False,False,False
urn:mavedb:00000055-a-1#2495,,,p.Pro46Met,0.078127269969413,0.0002294502256778,P46M,P46M,0.9308,pathogenic,0.11311078664280154,0.06920000000000004,False,46,False,False,False
urn:mavedb:00000055-a-1#2496,,,p.Pro46Thr,0.0164643053185132,0.0263357192048732,P46T,P46T,0.7681,pathogenic,0.20010476831035606,0.2319,False,46,False,False,False
urn:mavedb:00000055-a-1#2497,,,p.Pro46Gly,0.0377100255224538,0.0072168394979172,P46G,P46G,0.9176,pathogenic,0.11791987742824407,0.08240000000000003,False,46,False,False,False
urn:mavedb:00000055-a-1#2498,,,p.Pro46Glu,0.0884411191413565,0.0087355974578883,P46E,P46E,0.9775,pathogenic,0.09851999668519246,0.022499999999999964,False,46,False,False,False
urn:mavedb:00000055-a-1#2499,,,p.Pro46Phe,0.0408160567758604,0.0072666530125276,P46F,P46F,0.9733,pathogenic,0.09968987245871948,0.026699999999999946,False,46,False,False,False
urn:mavedb:00000055-a-1#2500,,,p.Pro46Lys,0.0282143049050021,0.0158542524932711,P46K,P46K,0.9789,pathogenic,0.0981358428932026,0.021100000000000008,False,46,False,False,False
urn:mavedb:00000055-a-1#2501,,,p.Pro46Gln,0.0911655762657216,0.0567283297255735,P46Q,P46Q,0.9497,pathogenic,0.10677168817651128,0.05030000000000001,False,46,False,False,False
urn:mavedb:00000055-a-1#2502,,,p.Pro46Ser,0.0783960834581234,0.0080433127219906,P46S,P46S,0.8914,pathogenic,0.12847372971030574,0.10860000000000003,False,46,False,False,False
urn:mavedb:00000055-a-1#2503,,,p.Pro46Asn,-0.001338041765386,0.0050628048397601,P46N,P46N,0.99,pathogenic,0.09519014587123988,0.010000000000000009,False,46,False,False,False
urn:mavedb:00000055-a-1#2504,,,p.Pro46Arg,0.13856344972397,0.0017138706200406,P46R,P46R,0.9141,pathogenic,0.1192503683278323,0.08589999999999998,False,46,False,False,False
urn:mavedb:00000055-a-1#2505,,,p.Pro46Trp,0.0602316209497558,0.0304501847639902,P46W,P46W,0.985,pathogenic,0.09649529191947635,0.015000000000000013,False,46,False,False,False
urn:mavedb:00000055-a-1#2506,,,p.Leu45Met,0.6001523993764809,0.0138307488820085,L45M,L45M,0.3869,ambiguous,0.6470835442849915,0.6131,False,45,False,False,False
urn:mavedb:00000055-a-1#2507,,,p.Leu45Phe,0.7310782176358349,0.0021169701546944,L45F,L45F,0.4732,ambiguous,0.5361022432769724,0.5267999999999999,False,45,False,False,False
urn:mavedb:00000055-a-1#2508,,,p.Leu45Cys,0.464280319490868,0.0250400439717223,L45C,L45C,0.8064,pathogenic,0.17351656849842617,0.1936,False,45,False,False,False
urn:mavedb:00000055-a-1#2509,,,p.Leu45Val,0.937407383603144,0.0427404155997627,L45V,L45V,0.3971,ambiguous,0.6346642896091028,0.6029,False,45,False,False,False
urn:mavedb:00000055-a-1#2510,,,p.Leu45Ile,1.11065866940329,0.0346498001981489,L45I,L45I,0.385,ambiguous,0.6493702340766382,0.615,False,45,False,False,False
urn:mavedb:00000055-a-1#2511,,,p.Leu45Thr,0.4389416404953579,0.0127481879926296,L45T,L45T,0.8612,pathogenic,0.14246136645695032,0.13880000000000003,False,45,False,False,False
urn:mavedb:00000055-a-1#2512,,,p.Leu45Ala,0.0860571465367591,0.0018358346185609,L45A,L45A,0.8511,pathogenic,0.14761129028727102,0.14890000000000003,False,45,False,False,False
urn:mavedb:00000055-a-1#2513,,,p.Leu45Pro,0.084358180077944,0.0985763220114799,L45P,L45P,0.7981,pathogenic,0.17892000801691138,0.20189999999999997,False,45,False,False,False
urn:mavedb:00000055-a-1#2514,,,p.Leu45Gly,0.0809188014291053,0.0184758347170622,L45G,L45G,0.9056,pathogenic,0.12258153633699308,0.09440000000000004,False,45,False,False,False
urn:mavedb:00000055-a-1#2515,,,p.Leu45Tyr,0.38983266194169,0.0434283617135838,L45Y,L45Y,0.8673,pathogenic,0.1394687898506927,0.13270000000000004,False,45,False,False,False
urn:mavedb:00000055-a-1#2516,,,p.Leu45Asp,0.0167350940190671,0.0183999015825101,L45D,L45D,0.9926,pathogenic,0.09452525567163575,0.007399999999999962,False,45,False,False,False
urn:mavedb:00000055-a-1#2517,,,p.Leu45Trp,0.1697440528743219,0.0148531554315932,L45W,L45W,0.8087,pathogenic,0.17205331880678293,0.19130000000000003,False,45,False,False,False
urn:mavedb:00000055-a-1#2518,,,p.Leu45Lys,0.0158976726765453,0.0005762903935277,L45K,L45K,0.9491,pathogenic,0.106963475613503,0.050899999999999945,False,45,False,False,False
urn:mavedb:00000055-a-1#2519,,,p.Leu45Asn,0.0328448291340204,0.0025296637927974,L45N,L45N,0.9579,pathogenic,0.10421029082241817,0.042100000000000026,False,45,False,False,False
urn:mavedb:00000055-a-1#2520,,,p.Leu45His,0.0533409093988079,0.0166998687722142,L45H,L45H,0.9347,pathogenic,0.111751288875401,0.06530000000000002,False,45,False,False,False
urn:mavedb:00000055-a-1#2521,,,p.Leu45Arg,0.0090511530267075,0.0089611845005548,L45R,L45R,0.9125,pathogenic,0.11986651630083958,0.08750000000000002,False,45,False,False,False
urn:mavedb:00000055-a-1#2522,,,p.Leu45Ser,0.0197035346437199,0.0104557239721726,L45S,L45S,0.9551,pathogenic,0.10507251684716261,0.04490000000000005,False,45,False,False,False
urn:mavedb:00000055-a-1#2523,,,p.Leu45Glu,0.0081616540133518,0.0059587842975374,L45E,L45E,0.9752,pathogenic,0.09915738874541945,0.024800000000000044,False,45,False,False,False
urn:mavedb:00000055-a-1#2524,,,p.Leu45Gln,0.0064468508171924,0.0104341669824022,L45Q,L45Q,0.9207,pathogenic,0.11676108888533958,0.07930000000000004,False,45,False,False,False
urn:mavedb:00000055-a-1#2525,,,p.Gln44Glu,1.0050076038086,0.007270603711107,Q44E,Q44E,0.437,ambiguous,0.5840515731494242,0.563,False,44,False,False,False
urn:mavedb:00000055-a-1#2526,,,p.Gln44Ala,0.8674194390169859,0.0175466001342455,Q44A,Q44A,0.1996,benign,0.82259675102463,0.8004,False,44,False,False,False
urn:mavedb:00000055-a-1#2527,,,p.Gln44Lys,1.03228120952271,0.0093418247682753,Q44K,Q44K,0.8805,pathogenic,0.1332866427654585,0.11950000000000005,True,44,False,True,False
urn:mavedb:00000055-a-1#2528,,,p.Gln44Cys,0.950760653645726,0.0339736369175632,Q44C,Q44C,0.7355,pathogenic,0.22618517790175285,0.26449999999999996,True,44,False,True,False
urn:mavedb:00000055-a-1#2529,,,p.Gln44Ser,1.00522866867333,0.0149025457186116,Q44S,Q44S,0.2181,benign,0.8099673663028192,0.7819,False,44,False,False,False
urn:mavedb:00000055-a-1#2530,,,p.Gln44Pro,0.0396549980026954,0.0239546429569086,Q44P,Q44P,0.8418,pathogenic,0.15257441361788804,0.1582,False,44,False,False,False
urn:mavedb:00000055-a-1#2531,,,p.Gln44Trp,1.09658070843173,0.0006687933892082,Q44W,Q44W,0.9757,pathogenic,0.09901815754582616,0.02429999999999999,True,44,False,True,False
urn:mavedb:00000055-a-1#2532,,,p.Arg27Pro,0.0889145775573183,0.0666467564513867,R27P,R27P,0.5628,ambiguous,0.4162090364695685,0.43720000000000003,False,27,False,False,False
urn:mavedb:00000055-a-1#2534,,,p.Pro26Asp,0.51267931609564,0.0076432637521303,P26D,P26D,0.3915,ambiguous,0.6415121974936481,0.6085,False,26,False,False,False
urn:mavedb:00000055-a-1#2535,,,p.Pro26Tyr,0.416695349442037,0.002635319634001,P26Y,P26Y,0.5834,pathogenic,0.3897020047269524,0.41659999999999997,False,26,False,False,False
urn:mavedb:00000055-a-1#2536,,,p.Pro26Gln,0.423944131007037,0.0166732515623915,P26Q,P26Q,0.1971,benign,0.824228469582074,0.8029,False,26,False,False,False
urn:mavedb:00000055-a-1#2537,,,p.Pro26His,0.2654062512349779,0.0591877794943487,P26H,P26H,0.2462,benign,0.7888553823481499,0.7538,False,26,False,False,False
urn:mavedb:00000055-a-1#2538,,,p.Pro26Ile,0.307275225611617,0.0104166500521919,P26I,P26I,0.6254,pathogenic,0.33826872008880376,0.37460000000000004,False,26,False,False,False
urn:mavedb:00000055-a-1#2539,,,p.Pro26Val,0.469368571966433,0.0101592750250031,P26V,P26V,0.4541,ambiguous,0.5615763023724614,0.5459,False,26,False,False,False
urn:mavedb:00000055-a-1#2540,,,p.Pro26Trp,0.349591786473862,0.0056121864783147,P26W,P26W,0.6476,pathogenic,0.3128168001548223,0.35240000000000005,False,26,False,False,False
urn:mavedb:00000055-a-1#2541,,,p.Pro26Asn,0.200722413471431,0.001071916356798,P26N,P26N,0.4205,ambiguous,0.6053352967926735,0.5795,False,26,False,False,False
urn:mavedb:00000055-a-1#2542,,,p.Pro26Leu,0.345355122116555,0.0426340157003038,P26L,P26L,0.2608,benign,0.7769392188941378,0.7392000000000001,False,26,False,False,False
urn:mavedb:00000055-a-1#2543,,,p.Pro26Met,0.3586539380803439,0.0307918558683682,P26M,P26M,0.5989,pathogenic,0.37026960552854526,0.4011,False,26,False,False,False
urn:mavedb:00000055-a-1#2544,,,p.Pro26Ser,0.2373436968227329,0.04783498474883,P26S,P26S,0.1638,benign,0.8443320553557409,0.8362,False,26,False,False,False
urn:mavedb:00000055-a-1#2545,,,p.Pro26Cys,0.0671964114286007,0.023872066206121,P26C,P26C,0.5818,pathogenic,0.3917346135957099,0.4182,False,26,False,False,False
urn:mavedb:00000055-a-1#2546,,,p.Pro26Lys,0.4125028517006889,0.025495846141654,P26K,P26K,0.3096,benign,0.7323080084081081,0.6904,False,26,False,False,False
urn:mavedb:00000055-a-1#2547,,,p.Pro26Phe,0.363689227407411,0.0149512946308396,P26F,P26F,0.7019,pathogenic,0.25650808774563566,0.29810000000000003,False,26,False,False,False
urn:mavedb:00000055-a-1#2548,,,p.Pro26Arg,0.325269385193536,0.0414775196004812,P26R,P26R,0.1638,benign,0.8443320553557409,0.8362,False,26,False,False,False
urn:mavedb:00000055-a-1#2549,,,p.Pro26Glu,0.76973911508819,0.0056329496110755,P26E,P26E,0.26,benign,0.7776091862946792,0.74,False,26,False,False,False
urn:mavedb:00000055-a-1#2550,,,p.Pro26Thr,0.5431045113514289,0.0480340076592432,P26T,P26T,0.2282,benign,0.8026512811562286,0.7718,False,26,False,False,False
urn:mavedb:00000055-a-1#2551,,,p.Pro26Gly,0.0042173305763754,0.0080725971572356,P26G,P26G,0.3255,benign,0.7161785607665967,0.6745,False,26,False,False,False
urn:mavedb:00000055-a-1#2552,,,p.His25Asn,0.2414013392169819,0.035200954641497,H25N,H25N,0.3176,benign,0.7242884280027317,0.6824,False,25,False,False,False
urn:mavedb:00000055-a-1#2553,,,p.His25Trp,0.9244280768381428,0.0181292947114433,H25W,H25W,0.4544,ambiguous,0.5611788368128859,0.5456,False,25,False,False,False
urn:mavedb:00000055-a-1#2554,,,p.His25Ile,0.0631701277488737,0.0207051277639698,H25I,H25I,0.6944,pathogenic,0.26375568576310743,0.3056,False,25,False,False,False
urn:mavedb:00000055-a-1#2555,,,p.His25Arg,0.536469489644738,0.0268163774665949,H25R,H25R,0.3992,ambiguous,0.6320783311060794,0.6008,False,25,False,False,False
urn:mavedb:00000055-a-1#2556,,,p.His25Tyr,0.8424466343792071,0.0261981627083408,H25Y,H25Y,0.1198,benign,0.8665772147935451,0.8802,False,25,False,False,False
urn:mavedb:00000055-a-1#2557,,,p.His25Val,0.0640436290996449,0.0210195931586521,H25V,H25V,0.7042,pathogenic,0.25432037781327405,0.29579999999999995,False,25,False,False,False
urn:mavedb:00000055-a-1#2558,,,p.His25Met,0.21202780556775,0.0206257963690718,H25M,H25M,0.8242,pathogenic,0.1625699239158448,0.17579999999999996,False,25,False,False,False
urn:mavedb:00000055-a-1#2559,,,p.His25Lys,0.626661394102734,0.0097105582986033,H25K,H25K,0.6094,pathogenic,0.35739388819011175,0.39059999999999995,False,25,False,False,False
urn:mavedb:00000055-a-1#2560,,,p.His25Phe,0.589882342942593,0.0031832954045991,H25F,H25F,0.4172,ambiguous,0.6095363226428421,0.5828,False,25,False,False,False
urn:mavedb:00000055-a-1#2561,,,p.His25Ser,0.0246975792388392,0.0280770771726027,H25S,H25S,0.685,pathogenic,0.2730837997043868,0.31499999999999995,False,25,False,False,False
urn:mavedb:00000055-a-1#2562,,,p.His25Glu,0.0780623221075527,0.0139047353785616,H25E,H25E,0.7258,pathogenic,0.23457806455986757,0.2742,False,25,False,False,False
urn:mavedb:00000055-a-1#2563,,,p.His25Ala,0.3754371378632609,0.0414195298286582,H25A,H25A,0.807,pathogenic,0.17313343498336928,0.19299999999999995,False,25,False,False,False
urn:mavedb:00000055-a-1#2564,,,p.His25Gln,0.7937177386310551,0.0635564640915223,H25Q,H25Q,0.6119,pathogenic,0.3543650854617179,0.3881,False,25,False,False,False
urn:mavedb:00000055-a-1#2565,,,p.His25Leu,0.021135282289024,0.0329228254903148,H25L,H25L,0.4425,ambiguous,0.5768641122165186,0.5575,False,25,False,False,False
urn:mavedb:00000055-a-1#2566,,,p.His25Asp,-0.0066662894343681,0.0160462930359758,H25D,H25D,0.6417,pathogenic,0.31945181418029184,0.35829999999999995,False,25,False,False,False
urn:mavedb:00000055-a-1#2567,,,p.His25Thr,0.0182394262954428,0.0246447256104713,H25T,H25T,0.7874,pathogenic,0.18617475522867155,0.2126,False,25,False,False,False
urn:mavedb:00000055-a-1#2568,,,p.His25Cys,-0.0118207554426904,0.0140368263627513,H25C,H25C,0.5091,ambiguous,0.4877180510529855,0.4909,False,25,False,False,False
urn:mavedb:00000055-a-1#2569,,,p.His25Pro,0.0337690576263446,0.0105112550133308,H25P,H25P,0.5431,ambiguous,0.44213710126618894,0.4569,False,25,False,False,False
urn:mavedb:00000055-a-1#2570,,,p.His25Gly,0.0343181705527678,0.0185591625551346,H25G,H25G,0.8099,pathogenic,0.17129570194880364,0.19010000000000005,False,25,False,False,False
urn:mavedb:00000055-a-1#2571,,,p.Lys24His,1.09741796949973,0.0073634778098981,K24H,K24H,0.1756,benign,0.8375482108453555,0.8244,False,24,False,False,False
urn:mavedb:00000055-a-1#2572,,,p.Lys24Glu,0.988801881122514,0.0194029067534987,K24E,K24E,0.1043,benign,0.8733547837017197,0.8956999999999999,False,24,False,False,False
urn:mavedb:00000055-a-1#2573,,,p.Lys24Ser,0.8133342035733401,0.0016840458262381,K24S,K24S,0.2062,benign,0.8182039943435552,0.7938000000000001,False,24,False,False,False
urn:mavedb:00000055-a-1#2574,,,p.Lys24Tyr,1.0615157151670698,0.0006107828273993,K24Y,K24Y,0.3303,benign,0.711159649722339,0.6697,False,24,False,False,False
urn:mavedb:00000055-a-1#2575,,,p.Lys24Leu,0.910720343178718,0.0240783398832714,K24L,K24L,0.169,benign,0.8413873823503634,0.831,False,24,False,False,False
urn:mavedb:00000055-a-1#2576,,,p.Lys24Thr,0.7311967229140981,0.0100627264628986,K24T,K24T,0.1212,benign,0.865939238421682,0.8788,False,24,False,False,False
urn:mavedb:00000055-a-1#2577,,,p.Lys24Asp,1.07544714053403,0.0159900389359713,K24D,K24D,0.2746,benign,0.7650695496703436,0.7254,False,24,False,False,False
urn:mavedb:00000055-a-1#2578,,,p.Lys24Phe,1.04159986831455,0.0104624108334341,K24F,K24F,0.4807,ambiguous,0.526025923309323,0.5193,False,24,False,False,False
urn:mavedb:00000055-a-1#2579,,,p.Lys24Ile,0.863837176859242,0.0163196991262831,K24I,K24I,0.1959,benign,0.8250054580473387,0.8041,False,24,False,False,False
urn:mavedb:00000055-a-1#2580,,,p.Lys24Asn,1.02707269582197,0.010766517637923,K24N,K24N,0.2324,benign,0.7995196470177924,0.7676000000000001,False,24,False,False,False
urn:mavedb:00000055-a-1#2581,,,p.Lys24Val,0.853331145571999,0.020294984782846,K24V,K24V,0.1867,benign,0.830829337121267,0.8133,False,24,False,False,False
urn:mavedb:00000055-a-1#2582,,,p.Lys24Gln,0.846189852420595,0.0126781966546344,K24Q,K24Q,0.0939,benign,0.8776183963297454,0.9061,False,24,False,False,False
urn:mavedb:00000055-a-1#2583,,,p.Lys24Arg,0.8608829574134159,0.0068451506082705,K24R,K24R,0.0712,benign,0.8861813471530829,0.9288,False,24,False,False,False
urn:mavedb:00000055-a-1#2584,,,p.Lys24Gly,0.707877980236186,0.0158785993746726,K24G,K24G,0.2447,benign,0.7900425707579036,0.7553,False,24,False,False,False
urn:mavedb:00000055-a-1#2585,,,p.Lys24Cys,1.0332879419878,0.0476282433976517,K24C,K24C,0.3845,ambiguous,0.6499705631659757,0.6154999999999999,False,24,False,False,False
urn:mavedb:00000055-a-1#2586,,,p.Lys24Ala,1.07026781727195,0.0536600633786934,K24A,K24A,0.1796,benign,0.8351652433125039,0.8204,False,24,False,False,False
urn:mavedb:00000055-a-1#2587,,,p.Lys24Trp,1.00148338591194,0.0121192628669567,K24W,K24W,0.4813,ambiguous,0.5252185495254302,0.5186999999999999,False,24,False,False,False
urn:mavedb:00000055-a-1#2588,,,p.Lys24Pro,0.0558606356046565,0.0029750591364342,K24P,K24P,0.4236,ambiguous,0.6013710887904259,0.5764,False,24,False,False,False
urn:mavedb:00000055-a-1#2589,,,p.Cys23Glu,0.848965024910147,0.0073923071164779,C23E,C23E,0.1392,benign,0.8573393339511725,0.8608,False,23,False,False,False
urn:mavedb:00000055-a-1#2590,,,p.Cys23Val,0.815482518028256,0.0129033955119902,C23V,C23V,0.1449,benign,0.8544577593997628,0.8551,False,23,False,False,False
urn:mavedb:00000055-a-1#2591,,,p.Cys23Ser,0.8802215059237729,0.019392222942298,C23S,C23S,0.068,benign,0.8873104416806389,0.9319999999999999,False,23,False,False,False
urn:mavedb:00000055-a-1#2592,,,p.Cys23Pro,0.7589120738405509,0.0190237195472814,C23P,C23P,0.0787,benign,0.8834610820445653,0.9213,False,23,False,False,False
urn:mavedb:00000055-a-1#2593,,,p.Cys23Gly,0.9288244177576592,0.0167357643624482,C23G,C23G,0.0676,benign,0.8874502721840565,0.9324,False,23,False,False,False
urn:mavedb:00000055-a-1#2594,,,p.Cys23Gln,0.8391848632919781,0.0008003434832001,C23Q,C23Q,0.1198,benign,0.8665772147935451,0.8802,False,23,False,False,False
urn:mavedb:00000055-a-1#2595,,,p.Cys23His,0.9639118476569308,0.0131575413625992,C23H,C23H,0.111,benign,0.8704886283525098,0.889,False,23,False,False,False
urn:mavedb:00000055-a-1#2596,,,p.Cys23Thr,0.8647989280106759,0.015976302638763,C23T,C23T,0.1213,benign,0.8658935016159373,0.8787,False,23,False,False,False
urn:mavedb:00000055-a-1#2597,,,p.Cys23Leu,1.05567198560234,0.0063435555048572,C23L,C23L,0.1321,benign,0.8608208611096724,0.8679,False,23,False,False,False
urn:mavedb:00000055-a-1#2598,,,p.Cys23Asn,0.88224132153098,0.032681536954076,C23N,C23N,0.1263,benign,0.8635780366377401,0.8737,False,23,False,False,False
urn:mavedb:00000055-a-1#2599,,,p.Cys23Met,1.01736530885185,0.0204384261334603,C23M,C23M,0.2742,benign,0.7654219354401325,0.7258,False,23,False,False,False
urn:mavedb:00000055-a-1#2600,,,p.Cys23Asp,1.02574007171102,0.0062350087294047,C23D,C23D,0.116,benign,0.8682869983002983,0.884,False,23,False,False,False
urn:mavedb:00000055-a-1#2601,,,p.Cys23Phe,1.01874151761482,0.0322382518121389,C23F,C23F,0.1072,benign,0.8721258910164975,0.8928,False,23,False,False,False
urn:mavedb:00000055-a-1#2602,,,p.Cys23Tyr,0.7917107380043101,0.0005676089907573,C23Y,C23Y,0.1136,benign,0.8693505478488206,0.8864,False,23,False,False,False
urn:mavedb:00000055-a-1#2603,,,p.Cys23Ile,1.13996789728316,0.0374280675488241,C23I,C23I,0.1881,benign,0.8299581674339647,0.8119000000000001,False,23,False,False,False
urn:mavedb:00000055-a-1#2604,,,p.Cys23Arg,0.7565666106301421,0.0051259220757152,C23R,C23R,0.0772,benign,0.8840135358557173,0.9228,False,23,False,False,False
urn:mavedb:00000055-a-1#2605,,,p.Cys23Trp,0.920378095478768,0.0042945852391911,C23W,C23W,0.1641,benign,0.8441640688435061,0.8359,False,23,False,False,False
urn:mavedb:00000055-a-1#2606,,,p.Cys23Lys,1.02060841908181,0.018971314818299,C23K,C23K,0.1492,benign,0.8522319548832546,0.8508,False,23,False,False,False
urn:mavedb:00000055-a-1#2607,,,p.Cys23Ala,0.866436667444424,0.0245344501752099,C23A,C23A,0.0921,benign,0.8783339988390788,0.9079,False,23,False,False,False
urn:mavedb:00000055-a-1#2608,,,p.Ser22Cys,0.8882101794529809,0.045631908753242,S22C,S22C,0.2498,benign,0.7859780453614069,0.7502,False,22,False,False,False
urn:mavedb:00000055-a-1#2609,,,p.Ser22His,0.883617162752996,0.0022011261847388,S22H,S22H,0.6503,pathogenic,0.3098126635905861,0.3497,True,22,False,True,False
urn:mavedb:00000055-a-1#2610,,,p.Ser22Phe,0.0041644463293741,0.0184422887306853,S22F,S22F,0.7815,pathogenic,0.1903166556124566,0.21850000000000003,False,22,False,False,False
urn:mavedb:00000055-a-1#2611,,,p.Ser22Asn,0.8216986235718341,0.0047151019405189,S22N,S22N,0.5817,pathogenic,0.39186180850983615,0.4183,False,22,False,True,False
urn:mavedb:00000055-a-1#2612,,,p.Ser22Thr,0.7104963626934742,0.0297240739253978,S22T,S22T,0.357,ambiguous,0.6820183649575564,0.643,False,22,False,False,False
urn:mavedb:00000055-a-1#2613,,,p.Ser22Tyr,0.253964104752702,0.0103137511086102,S22Y,S22Y,0.578,pathogenic,0.3965807533035574,0.42200000000000004,False,22,False,False,False
urn:mavedb:00000055-a-1#2614,,,p.Ser22Asp,0.6184717444941551,0.0256509397420908,S22D,S22D,0.6789,pathogenic,0.27928133247355985,0.32110000000000005,False,22,False,False,False
urn:mavedb:00000055-a-1#2615,,,p.Ser22Trp,0.310008770927316,0.0043741164576865,S22W,S22W,0.6768,pathogenic,0.2814409430082974,0.32320000000000004,False,22,False,False,False
urn:mavedb:00000055-a-1#2616,,,p.Ser22Ile,0.0447961564195974,0.0011264365877696,S22I,S22I,0.8361,pathogenic,0.15572391444781464,0.16390000000000005,False,22,False,False,False
urn:mavedb:00000055-a-1#2617,,,p.Ser22Gly,0.0358398607371935,0.0047379061894697,S22G,S22G,0.2866,benign,0.754266071821929,0.7134,False,22,False,False,False
urn:mavedb:00000055-a-1#2618,,,p.Ser22Met,0.0380467623186785,0.0219150025231142,S22M,S22M,0.8531,pathogenic,0.1465718904334575,0.14690000000000003,False,22,False,False,False
urn:mavedb:00000055-a-1#2619,,,p.Ser22Val,0.0504649743495934,0.0250802237406264,S22V,S22V,0.7692,pathogenic,0.1992811217896559,0.2308,False,22,False,False,False
urn:mavedb:00000055-a-1#2620,,,p.Ser22Gln,0.0442979957289746,0.0070523192238191,S22Q,S22Q,0.924,pathogenic,0.11554754561143435,0.07599999999999996,False,22,False,False,False
urn:mavedb:00000055-a-1#2621,,,p.Ser22Ala,0.2430332098244839,0.0309067136532855,S22A,S22A,0.2576,benign,0.779607207300184,0.7424,False,22,False,False,False
urn:mavedb:00000055-a-1#2622,,,p.Ser22Lys,0.0291017539187435,0.004618815063611,S22K,S22K,0.9807,pathogenic,0.09764614675814032,0.019299999999999984,False,22,False,False,False
urn:mavedb:00000055-a-1#2623,,,p.Ser22Arg,0.0348497876847807,0.0077981908371505,S22R,S22R,0.9483,pathogenic,0.10722013200517266,0.05169999999999997,False,22,False,False,False
urn:mavedb:00000055-a-1#2624,,,p.Ser22Leu,0.0280499627152414,0.0081226275529224,S22L,S22L,0.6416,pathogenic,0.31956509604718203,0.35840000000000005,False,22,False,False,False
urn:mavedb:00000055-a-1#2625,,,p.Ser22Glu,0.0263570457297187,0.0126850854365351,S22E,S22E,0.928,pathogenic,0.11410384752053968,0.07199999999999995,False,22,False,False,False
urn:mavedb:00000055-a-1#2626,,,p.Ser22Pro,0.0479370540598159,0.0312005505615754,S22P,S22P,0.9159,pathogenic,0.11856315825152441,0.08409999999999995,False,22,False,False,False
urn:mavedb:00000055-a-1#2627,,,p.Thr21Lys,0.288907898985467,0.0022642204962175,T21K,T21K,0.3895,ambiguous,0.6439405770549292,0.6105,False,21,False,False,False
urn:mavedb:00000055-a-1#2628,,,p.Thr21Leu,0.7617858400361691,0.0319525389802242,T21L,T21L,0.098,benign,0.8759640185055615,0.902,False,21,False,False,False
urn:mavedb:00000055-a-1#2629,,,p.Thr21Ile,0.9573861919862328,0.0078248520988684,T21I,T21I,0.1888,benign,0.8295205654194282,0.8112,False,21,False,False,False
urn:mavedb:00000055-a-1#2630,,,p.Thr21Cys,0.589893991855686,0.0303773717298998,T21C,T21C,0.452,ambiguous,0.5643557865208003,0.548,False,21,False,False,False
urn:mavedb:00000055-a-1#2631,,,p.Thr21Val,0.9830918770041608,0.0035745403729461,T21V,T21V,0.15,benign,0.8518128609239484,0.85,False,21,False,False,False
urn:mavedb:00000055-a-1#2632,,,p.Thr21Met,0.8062748893442478,0.0031101295162627,T21M,T21M,0.1327,benign,0.8605312101493073,0.8673,False,21,False,False,False
urn:mavedb:00000055-a-1#2633,,,p.Thr21His,0.4515716766804121,0.0052240718506476,T21H,T21H,0.4422,ambiguous,0.5772572354927384,0.5578000000000001,False,21,False,False,False
urn:mavedb:00000055-a-1#2634,,,p.Thr21Ser,0.5935284192326711,0.0160323168552006,T21S,T21S,0.2054,benign,0.8187430582988462,0.7946,False,21,False,False,False
urn:mavedb:00000055-a-1#2635,,,p.Thr21Phe,0.414973630544145,0.0084133458521867,T21F,T21F,0.2866,benign,0.754266071821929,0.7134,False,21,False,False,False
urn:mavedb:00000055-a-1#2636,,,p.Thr21Ala,0.347305935325507,0.0293598890629904,T21A,T21A,0.1872,benign,0.8305188217631867,0.8128,False,21,False,False,False
urn:mavedb:00000055-a-1#2637,,,p.Thr21Tyr,0.388296765593631,0.0081703550680154,T21Y,T21Y,0.3854,ambiguous,0.6488895400819141,0.6146,False,21,False,False,False
urn:mavedb:00000055-a-1#2638,,,p.Thr21Glu,0.26267189630882,0.0160764979724941,T21E,T21E,0.5573,ambiguous,0.4233980371628667,0.4427,False,21,False,False,False
urn:mavedb:00000055-a-1#2639,,,p.Thr21Trp,0.572399620327359,0.0079776067176988,T21W,T21W,0.6016,pathogenic,0.36693540385308676,0.3984,False,21,False,False,False
urn:mavedb:00000055-a-1#2640,,,p.Thr21Gln,0.35079310953476,0.0391924476312775,T21Q,T21Q,0.3953,ambiguous,0.6368730851383309,0.6047,False,21,False,False,False
urn:mavedb:00000055-a-1#2641,,,p.Thr21Asn,0.0618982347811117,0.0148180670314508,T21N,T21N,0.3418,ambiguous,0.69885883679398,0.6582,False,21,False,False,False
urn:mavedb:00000055-a-1#2642,,,p.Thr21Arg,0.138884333268524,0.0064543155923306,T21R,T21R,0.2837,benign,0.7569180444355144,0.7162999999999999,False,21,False,False,False
urn:mavedb:00000055-a-1#2643,,,p.Thr21Gly,0.0583393165649478,0.0031818339130834,T21G,T21G,0.4351,ambiguous,0.5865244278542904,0.5649,False,21,False,False,False
urn:mavedb:00000055-a-1#2644,,,p.Thr21Asp,0.0485668538706713,0.0123695260765698,T21D,T21D,0.7183,pathogenic,0.24126828195562872,0.28169999999999995,False,21,False,False,False
urn:mavedb:00000055-a-1#2645,,,p.Thr21Pro,-0.0023036865298203,0.0291914834323837,T21P,T21P,0.4399,ambiguous,0.5802671024382922,0.5601,False,21,False,False,False
urn:mavedb:00000055-a-1#2646,,,p.Val20Met,0.13429893303583,0.0067783737148564,V20M,V20M,0.765,pathogenic,0.20244550724061683,0.235,False,20,False,False,False
urn:mavedb:00000055-a-1#2647,,,p.Val20Ala,0.337130442219186,0.0140279621986314,V20A,V20A,0.7325,pathogenic,0.22874966139689845,0.26749999999999996,False,20,False,False,False
urn:mavedb:00000055-a-1#2648,,,p.Val20Leu,0.601267854554416,0.0035141813122447,V20L,V20L,0.5147,ambiguous,0.4801678549180932,0.48529999999999995,False,20,False,False,False
urn:mavedb:00000055-a-1#2649,,,p.Val20Ile,0.968707423293161,0.0033217901891375,V20I,V20I,0.1267,benign,0.8633903587362585,0.8733,False,20,False,False,False
urn:mavedb:00000055-a-1#2650,,,p.Val20Thr,0.0330032954178473,0.0110221768657169,V20T,V20T,0.8408,pathogenic,0.15312098100099095,0.1592,False,20,False,False,False
urn:mavedb:00000055-a-1#2651,,,p.Val20Cys,0.483947918643242,0.0246319201039493,V20C,V20C,0.9286,pathogenic,0.11388984145013671,0.07140000000000002,False,20,False,False,False
urn:mavedb:00000055-a-1#2652,,,p.Val20Ser,0.0033380874704076,0.0238397073410005,V20S,V20S,0.9052,pathogenic,0.12274184507808496,0.0948,False,20,False,False,False
urn:mavedb:00000055-a-1#2653,,,p.Val20Gly,0.0159338606198598,0.0105484145619467,V20G,V20G,0.7834,pathogenic,0.18897172700455245,0.21660000000000001,False,20,False,False,False
urn:mavedb:00000055-a-1#2654,,,p.Val20His,0.0340388017543436,0.0190436471528664,V20H,V20H,0.9918,pathogenic,0.09472884344828622,0.008199999999999985,False,20,False,False,False
urn:mavedb:00000055-a-1#2655,,,p.Val20Glu,0.045230160817007,0.0177331059335795,V20E,V20E,0.9669,pathogenic,0.10152371246665204,0.03310000000000002,False,20,False,False,False
urn:mavedb:00000055-a-1#2656,,,p.Val20Tyr,0.0385022965213524,0.0465203591849969,V20Y,V20Y,0.9793,pathogenic,0.0980266128027674,0.02070000000000005,False,20,False,False,False
urn:mavedb:00000055-a-1#2657,,,p.Val20Trp,0.0890660243338486,0.0747289348265388,V20W,V20W,0.9908,pathogenic,0.09498456886646525,0.009199999999999986,False,20,False,False,False
urn:mavedb:00000055-a-1#2658,,,p.Val20Gln,0.0111042435636471,0.0095061524378347,V20Q,V20Q,0.9679,pathogenic,0.10123304118758891,0.03210000000000002,False,20,False,False,False
urn:mavedb:00000055-a-1#2659,,,p.Val20Pro,0.0335129111104427,0.0050655071395232,V20P,V20P,0.9244,pathogenic,0.11540183823402526,0.0756,False,20,False,False,False
urn:mavedb:00000055-a-1#2660,,,p.Val20Asp,0.0203329292491868,0.0100443644834595,V20D,V20D,0.984,pathogenic,0.09676056438529768,0.016000000000000014,False,20,False,False,False
urn:mavedb:00000055-a-1#2661,,,p.Val20Arg,0.0813198839707019,0.0080093015281243,V20R,V20R,0.9466,pathogenic,0.10776910940800438,0.0534,False,20,False,False,False
urn:mavedb:00000055-a-1#2662,,,p.Val20Asn,0.0437945070842188,0.0110705400101795,V20N,V20N,0.9704,pathogenic,0.10051309101628411,0.02959999999999996,False,20,False,False,False
urn:mavedb:00000055-a-1#2663,,,p.Val20Phe,0.0177476348061735,0.0214095066025918,V20F,V20F,0.8153,pathogenic,0.16793543370609385,0.18469999999999998,False,20,False,False,False
urn:mavedb:00000055-a-1#2664,,,p.Val20Lys,0.0284279656853459,0.0210420289548279,V20K,V20K,0.9728,pathogenic,0.09983089987458466,0.027200000000000002,False,20,False,False,False
urn:mavedb:00000055-a-1#2665,,,p.Val19Cys,0.4344354041127121,0.0314687878610956,V19C,V19C,0.8183,pathogenic,0.16610299049475719,0.18169999999999997,False,19,False,False,False
urn:mavedb:00000055-a-1#2666,,,p.Val19Phe,0.394449289923891,0.0175391457553919,V19F,V19F,0.2708,benign,0.7683970934726709,0.7292000000000001,False,19,False,False,False
urn:mavedb:00000055-a-1#2667,,,p.Val19Ile,1.04403514623682,0.0206437225475881,V19I,V19I,0.1089,benign,0.8713972379857824,0.8911,False,19,False,False,False
urn:mavedb:00000055-a-1#2668,,,p.Val19Leu,1.0997211732606598,0.0201894238001621,V19L,V19L,0.254,benign,0.7825708795655101,0.746,False,19,False,False,False
urn:mavedb:00000055-a-1#2669,,,p.Val19Met,0.7165888135392009,0.0148084193729044,V19M,V19M,0.426,ambiguous,0.5982905631642171,0.5740000000000001,False,19,False,False,False
urn:mavedb:00000055-a-1#2670,,,p.Val19Ala,0.0769903863547778,0.0266377435014491,V19A,V19A,0.4409,ambiguous,0.578959358621034,0.5590999999999999,False,19,False,False,False
urn:mavedb:00000055-a-1#2671,,,p.Val19Tyr,0.0178656304865098,0.0199630636587502,V19Y,V19Y,0.8386,pathogenic,0.15433235891231184,0.1614,False,19,False,False,False
urn:mavedb:00000055-a-1#2672,,,p.Val19Thr,0.0220779754433562,0.0053480807813431,V19T,V19T,0.6837,pathogenic,0.2743951168980546,0.3163,False,19,False,False,False
urn:mavedb:00000055-a-1#2673,,,p.Val19Trp,0.0142374350149071,0.0045085848279905,V19W,V19W,0.9,pathogenic,0.12485542684453012,0.09999999999999998,False,19,False,False,False
urn:mavedb:00000055-a-1#2674,,,p.Val19Gln,0.054209758679363,0.0106345099525007,V19Q,V19Q,0.92,pathogenic,0.11702115064942523,0.07999999999999996,False,19,False,False,False
urn:mavedb:00000055-a-1#2675,,,p.Val19Glu,0.0566006549518509,0.0003043558233111,V19E,V19E,0.9237,pathogenic,0.11565702237972941,0.07630000000000003,False,19,False,False,False
urn:mavedb:00000055-a-1#2676,,,p.Val19Asn,0.008075808514758,0.0050295482264261,V19N,V19N,0.9348,pathogenic,0.11171678918053735,0.06520000000000004,False,19,False,False,False
urn:mavedb:00000055-a-1#2677,,,p.Val19Ser,0.0390226116766722,0.0137164547624373,V19S,V19S,0.7741,pathogenic,0.19565610013072693,0.2259,False,19,False,False,False
urn:mavedb:00000055-a-1#2678,,,p.Val19Gly,0.0374790137170105,0.0122000492312099,V19G,V19G,0.6107,pathogenic,0.35581709466827655,0.3893,False,19,False,False,False
urn:mavedb:00000055-a-1#2679,,,p.Val19Arg,0.0194650823931431,0.006405736686096,V19R,V19R,0.8839,pathogenic,0.13175758910359348,0.11609999999999998,False,19,False,False,False
urn:mavedb:00000055-a-1#2680,,,p.Val19His,0.0117299620260051,0.0023412056578896,V19H,V19H,0.9592,pathogenic,0.10381428016408625,0.04079999999999995,False,19,False,False,False
urn:mavedb:00000055-a-1#2681,,,p.Val19Asp,0.0549160443928948,0.0036973427532963,V19D,V19D,0.9614,pathogenic,0.10315027398946508,0.03859999999999997,False,19,False,False,False
urn:mavedb:00000055-a-1#2682,,,p.Val19Lys,0.0582227766081935,0.0078172793994244,V19K,V19K,0.9553,pathogenic,0.10501050646334284,0.04469999999999996,False,19,False,False,False
urn:mavedb:00000055-a-1#2683,,,p.Val19Pro,0.0294490690060703,0.004571995966653,V19P,V19P,0.9278,pathogenic,0.1141753298376321,0.07220000000000004,False,19,False,False,False
urn:mavedb:00000055-a-1#2684,,,p.Val18Ala,0.6786257681492249,0.0402108880738411,V18A,V18A,0.5257,ambiguous,0.46537358402962836,0.47430000000000005,False,18,False,False,False
urn:mavedb:00000055-a-1#2685,,,p.Val18Cys,0.524842264705637,0.0598755779985817,V18C,V18C,0.8301,pathogenic,0.1591294028685999,0.16990000000000005,False,18,False,False,False
urn:mavedb:00000055-a-1#2686,,,p.Val18Thr,0.490961289547799,0.0157073302691063,V18T,V18T,0.5763,pathogenic,0.3987570691349733,0.42369999999999997,False,18,False,False,False
urn:mavedb:00000055-a-1#2687,,,p.Val18Ile,0.925332586032846,0.0989825429604553,V18I,V18I,0.1886,benign,0.8296457320070761,0.8114,False,18,False,False,False
urn:mavedb:00000055-a-1#2688,,,p.Val18Ser,0.07218714774811,0.0040817003041939,V18S,V18S,0.6628,pathogenic,0.2961744753606817,0.33720000000000006,False,18,False,False,False
urn:mavedb:00000055-a-1#2689,,,p.Val18Met,0.0344550063016874,0.0034537128664492,V18M,V18M,0.7046,pathogenic,0.2539415820994845,0.2954,False,18,False,False,False
urn:mavedb:00000055-a-1#2690,,,p.Val18Leu,0.0303313200857683,0.0420678121041695,V18L,V18L,0.7755,pathogenic,0.1946335128011658,0.22450000000000003,False,18,False,False,False
urn:mavedb:00000055-a-1#2691,,,p.Val18Asn,0.012635262102019,0.0075964972412563,V18N,V18N,0.8436,pathogenic,0.151596952714794,0.15639999999999998,False,18,False,False,False
urn:mavedb:00000055-a-1#2692,,,p.Val18Arg,0.0299184118304825,0.0218448667299484,V18R,V18R,0.9068,pathogenic,0.12210254222971632,0.09319999999999995,False,18,False,False,False
urn:mavedb:00000055-a-1#2693,,,p.Val18Phe,0.0072149945177744,6.56251317005171e-05,V18F,V18F,0.7703,pathogenic,0.19846109999114747,0.22970000000000002,False,18,False,False,False
urn:mavedb:00000055-a-1#2694,,,p.Val18Glu,0.0146593131411892,0.0029315970823128,V18E,V18E,0.9198,pathogenic,0.11709562493785824,0.08020000000000005,False,18,False,False,False
urn:mavedb:00000055-a-1#2695,,,p.Val18Pro,0.1221863365374509,0.0179249314195984,V18P,V18P,0.9769,pathogenic,0.09868551754744866,0.02310000000000001,False,18,False,False,False
urn:mavedb:00000055-a-1#2696,,,p.Val18Trp,0.0443905880846687,0.0015364036244368,V18W,V18W,0.9897,pathogenic,0.09526746641459957,0.010299999999999976,False,18,False,False,False
urn:mavedb:00000055-a-1#2697,,,p.Val18Lys,0.0407729196635039,0.0178578693667666,V18K,V18K,0.9549,pathogenic,0.10513459257099345,0.04510000000000003,False,18,False,False,False
urn:mavedb:00000055-a-1#2698,,,p.Val18Gly,0.0220404864157138,0.0062945680612879,V18G,V18G,0.5349,ambiguous,0.4530564080664042,0.46509999999999996,False,18,False,False,False
urn:mavedb:00000055-a-1#2699,,,p.Val18Gln,0.0029347886833188,0.0110354163717047,V18Q,V18Q,0.934,pathogenic,0.11199328735790541,0.06599999999999995,False,18,False,False,False
urn:mavedb:00000055-a-1#2700,,,p.Val18Asp,0.0448577771304508,0.0107808280428312,V18D,V18D,0.9236,pathogenic,0.11569355205561911,0.07640000000000002,False,18,False,False,False
urn:mavedb:00000055-a-1#2701,,,p.Val18Tyr,0.0225777532179643,0.0102182878914844,V18Y,V18Y,0.9638,pathogenic,0.1024346654604705,0.03620000000000001,False,18,False,False,False
urn:mavedb:00000055-a-1#2702,,,p.Val18His,0.0292547809482489,0.0134325647052095,V18H,V18H,0.9803,pathogenic,0.09775456003218191,0.01970000000000005,False,18,False,False,False
urn:mavedb:00000055-a-1#2704,,,p.Gly17Ala,0.8868135432284979,0.0150251695397509,G17A,G17A,0.2538,benign,0.7827343562182663,0.7462,False,17,False,False,False
urn:mavedb:00000055-a-1#2705,,,p.Gly17Ser,1.10245138044016,0.0363045840904137,G17S,G17S,0.5075,ambiguous,0.48987670824783064,0.49250000000000005,False,17,False,False,False
urn:mavedb:00000055-a-1#2706,,,p.Gly17Thr,0.9156583656220372,0.035123407193717,G17T,G17T,0.7642,pathogenic,0.20305426587289266,0.2358,True,17,False,True,False
urn:mavedb:00000055-a-1#2707,,,p.Gly17Ile,0.87300249914136,0.001002993086943,G17I,G17I,0.8593,pathogenic,0.14341142975933543,0.14070000000000005,True,17,False,True,False
urn:mavedb:00000055-a-1#2708,,,p.Gly17Asn,0.951270801465513,0.0294088542040519,G17N,G17N,0.9592,pathogenic,0.10381428016408625,0.04079999999999995,True,17,False,True,False
urn:mavedb:00000055-a-1#2709,,,p.Gly17Pro,0.0198909953057649,0.0019539533461439,G17P,G17P,0.9899,pathogenic,0.09521590547696207,0.010099999999999998,False,17,False,False,False
urn:mavedb:00000055-a-1#2710,,,p.Gly17Lys,0.7854977349424079,0.0412919243482434,G17K,G17K,0.9792,pathogenic,0.09805389837798903,0.02080000000000004,False,17,False,False,False
urn:mavedb:00000055-a-1#2711,,,p.Gly17His,1.09112695569963,0.0050954946913385,G17H,G17H,0.9776,pathogenic,0.09849246151793897,0.022399999999999975,True,17,False,True,False
urn:mavedb:00000055-a-1#2712,,,p.Gly17Val,0.935360084494222,0.0448782960934258,G17V,G17V,0.7499,pathogenic,0.21426352585664077,0.2501,True,17,False,True,False
urn:mavedb:00000055-a-1#2713,,,p.Gly17Leu,0.8595340363405269,0.0117692299971789,G17L,G17L,0.8847,pathogenic,0.13140150231762304,0.11529999999999996,True,17,False,True,False
urn:mavedb:00000055-a-1#2714,,,p.Gly17Met,0.845370884124832,0.0423121381100815,G17M,G17M,0.9205,pathogenic,0.11683529737855426,0.07950000000000002,True,17,False,True,False
urn:mavedb:00000055-a-1#2715,,,p.Gly17Cys,0.9014052163939508,0.0163398860856054,G17C,G17C,0.6075,pathogenic,0.3597054429129676,0.39249999999999996,True,17,False,True,False
urn:mavedb:00000055-a-1#2716,,,p.Gly17Arg,0.713190940063596,0.0150023207847734,G17R,G17R,0.9257,pathogenic,0.11493034865166547,0.07430000000000003,False,17,False,False,False
urn:mavedb:00000055-a-1#2717,,,p.Gly17Gln,1.0482377036582802,0.0398907454808526,G17Q,G17Q,0.9437,pathogenic,0.1087169349294878,0.05630000000000002,True,17,False,True,False
urn:mavedb:00000055-a-1#2718,,,p.Gly17Asp,0.957335226704016,0.0026267051223985,G17D,G17D,0.9572,pathogenic,0.10442465547131433,0.04279999999999995,True,17,False,True,False
urn:mavedb:00000055-a-1#2719,,,p.Gly17Phe,0.8637018199733009,0.0121550918935822,G17F,G17F,0.9432,pathogenic,0.1088818083897724,0.05679999999999996,True,17,False,True,False
urn:mavedb:00000055-a-1#2720,,,p.Gly17Glu,1.0496799817963198,0.0537295990845157,G17E,G17E,0.9392,pathogenic,0.11021637185778743,0.060799999999999965,True,17,False,True,False
urn:mavedb:00000055-a-1#2721,,,p.Gly17Trp,1.05005526175575,0.006563184825205,G17W,G17W,0.9097,pathogenic,0.12095686690500865,0.09030000000000005,True,17,False,True,False
urn:mavedb:00000055-a-1#2722,,,p.Gly17Tyr,0.881398786341032,0.0066718902786809,G17Y,G17Y,0.9529,pathogenic,0.10575895640793584,0.04710000000000003,True,17,False,True,False
urn:mavedb:00000055-a-1#2723,,,p.Val16Thr,0.0698772058688542,0.0242682772690529,V16T,V16T,0.5761,pathogenic,0.3990134368700368,0.42390000000000005,False,16,False,False,False
urn:mavedb:00000055-a-1#2724,,,p.Val16Cys,0.91643101119781,0.0159718284109293,V16C,V16C,0.8397,pathogenic,0.15372513190657086,0.1603,True,16,False,True,False
urn:mavedb:00000055-a-1#2725,,,p.Val16Ile,1.06581528105476,0.0247443844526096,V16I,V16I,0.108,benign,0.871783760276366,0.892,False,16,False,False,False
urn:mavedb:00000055-a-1#2727,,,p.Val16Pro,-0.0016827429650669,0.002395595361393,V16P,V16P,0.9451,pathogenic,0.10825757129395062,0.05489999999999995,False,16,False,False,False
urn:mavedb:00000055-a-1#2728,,,p.Val16His,0.0010955305154519,0.0023233200141013,V16H,V16H,0.9798,pathogenic,0.09789040409256199,0.020199999999999996,False,16,False,False,False
urn:mavedb:00000055-a-1#2729,,,p.Val16Ala,0.0380876755119706,0.0210254915796672,V16A,V16A,0.631,pathogenic,0.331725372455237,0.369,False,16,False,False,False
urn:mavedb:00000055-a-1#2730,,,p.Val16Lys,0.1197126468467659,0.0073573109851362,V16K,V16K,0.9368,pathogenic,0.11103053491972997,0.06320000000000003,False,16,False,False,False
urn:mavedb:00000055-a-1#2731,,,p.Val16Arg,0.0307421475037146,0.0103593454627105,V16R,V16R,0.8841,pathogenic,0.1316684361850498,0.1159,False,16,False,False,False
urn:mavedb:00000055-a-1#2732,,,p.Val16Gln,0.0057435721565182,0.0116314575770392,V16Q,V16Q,0.9324,pathogenic,0.11254972781594344,0.0676,False,16,False,False,False
urn:mavedb:00000055-a-1#2733,,,p.Val16Asn,0.183892668355399,0.0253202611691801,V16N,V16N,0.8826,pathogenic,0.13233922096028744,0.11739999999999995,False,16,False,False,False
urn:mavedb:00000055-a-1#2734,,,p.Val16Phe,0.4120408185097279,0.0276787771204846,V16F,V16F,0.7237,pathogenic,0.23643365194747357,0.2763,False,16,False,False,False
urn:mavedb:00000055-a-1#2735,,,p.Val16Asp,0.0266840415029857,0.0041048879935518,V16D,V16D,0.9387,pathogenic,0.11038515343629568,0.06130000000000002,False,16,False,False,False
urn:mavedb:00000055-a-1#2736,,,p.Val16Trp,0.00143841469096,0.0084730492936414,V16W,V16W,0.9787,pathogenic,0.09819054579646351,0.021299999999999986,False,16,False,False,False
urn:mavedb:00000055-a-1#2737,,,p.Val16Met,1.11957754743001,0.0050064661807062,V16M,V16M,0.6335,pathogenic,0.3288304848410162,0.36650000000000005,True,16,False,True,False
urn:mavedb:00000055-a-1#2738,,,p.Val16Glu,0.0185683248497764,0.0011326981501371,V16E,V16E,0.9121,pathogenic,0.1200213359243757,0.08789999999999998,False,16,False,False,False
urn:mavedb:00000055-a-1#2739,,,p.Val16Gly,0.0592760911532099,0.0155856695142328,V16G,V16G,0.5868,pathogenic,0.3853986673698706,0.4132,False,16,False,False,False
urn:mavedb:00000055-a-1#2740,,,p.Gly15Glu,1.1563729886275,0.0018712077389016,G15E,G15E,0.944,pathogenic,0.10861821708340635,0.05600000000000005,True,15,False,True,False
urn:mavedb:00000055-a-1#2741,,,p.Gly15Ser,0.924945806177124,0.0272708524225512,G15S,G15S,0.7927,pathogenic,0.18254021182227326,0.20730000000000004,True,15,False,True,False
urn:mavedb:00000055-a-1#2743,,,p.Gly15Pro,-0.0140339374490145,0.0255037228294388,G15P,G15P,0.9857,pathogenic,0.09631044848617692,0.01429999999999998,False,15,False,False,False
urn:mavedb:00000055-a-1#2744,,,p.Gly15Thr,0.8256389331683891,0.0023856876909638,G15T,G15T,0.8858,pathogenic,0.13091416364184255,0.11419999999999997,True,15,False,True,False
urn:mavedb:00000055-a-1#2745,,,p.Gly15Asp,1.06991054385582,0.0031493461801856,G15D,G15D,0.9627,pathogenic,0.10276152379094476,0.0373,True,15,False,True,False
urn:mavedb:00000055-a-1#2746,,,p.Gly15Cys,1.04263098285593,0.0361516167720956,G15C,G15C,0.8118,pathogenic,0.1701042647026537,0.18820000000000003,True,15,False,True,False
urn:mavedb:00000055-a-1#2747,,,p.Gly15Ala,0.9813196135188372,0.0346125091225402,G15A,G15A,0.5453,ambiguous,0.4392187260244884,0.4547,False,15,False,False,False
urn:mavedb:00000055-a-1#2748,,,p.Lys33Pro,0.0581776383944361,0.0009682986524229,K33P,K33P,0.9445,pathogenic,0.10845403040545873,0.055499999999999994,False,33,False,False,False
urn:mavedb:00000055-a-1#2749,,,p.Lys33Asp,0.0324721147038798,0.0247803786972262,K33D,K33D,0.9551,pathogenic,0.10507251684716261,0.04490000000000005,False,33,False,False,False
urn:mavedb:00000055-a-1#2750,,,p.Gly32Tyr,0.7122997158465941,0.0074875523425216,G32Y,G32Y,0.9854,pathogenic,0.09638958184743027,0.014599999999999946,False,32,False,False,False
urn:mavedb:00000055-a-1#2751,,,p.Gly32Asp,0.0720970246152118,0.0001408439943204,G32D,G32D,0.9809,pathogenic,0.09759202729582503,0.019100000000000006,False,32,False,False,False
urn:mavedb:00000055-a-1#2752,,,p.Gly32His,0.6660525904636999,0.0060826015314351,G32H,G32H,0.9896,pathogenic,0.09529326775975977,0.010399999999999965,False,32,False,False,False
urn:mavedb:00000055-a-1#2753,,,p.Gly32Cys,0.945538989413537,0.0041596479612754,G32C,G32C,0.8399,pathogenic,0.15361505778667905,0.16010000000000002,True,32,False,True,False
urn:mavedb:00000055-a-1#2754,,,p.Gly32Glu,0.0652842364040093,0.0356162323388736,G32E,G32E,0.9654,pathogenic,0.10196262494889796,0.034599999999999964,False,32,False,False,False
urn:mavedb:00000055-a-1#2755,,,p.Gly32Val,0.79836140833095,0.0813870416935243,G32V,G32V,0.943,pathogenic,0.10894787825026526,0.05700000000000005,False,32,False,False,False
urn:mavedb:00000055-a-1#2756,,,p.Gly32Gln,0.9121978665868192,0.0384176721362344,G32Q,G32Q,0.9631,pathogenic,0.1026424457397409,0.036900000000000044,True,32,False,True,False
urn:mavedb:00000055-a-1#2757,,,p.Gly32Trp,0.445619878302872,0.0043729444193992,G32W,G32W,0.959,pathogenic,0.1038750280806034,0.041000000000000036,False,32,False,False,False
urn:mavedb:00000055-a-1#2758,,,p.Gly32Met,1.01032864722865,0.0516183078272927,G32M,G32M,0.9856,pathogenic,0.09633681207785605,0.014399999999999968,True,32,False,True,False
urn:mavedb:00000055-a-1#2759,,,p.Gly32Leu,0.716529225717516,0.0230405847374041,G32L,G32L,0.9672,pathogenic,0.10143634881837743,0.03280000000000005,False,32,False,False,False
urn:mavedb:00000055-a-1#2760,,,p.Gly32Lys,0.5727936445498779,0.0520795903000579,G32K,G32K,0.9864,pathogenic,0.09612630018968323,0.013599999999999945,False,32,False,False,False
urn:mavedb:00000055-a-1#2761,,,p.Gly32Arg,0.939146565562643,0.0271770787990767,G32R,G32R,0.9491,pathogenic,0.106963475613503,0.050899999999999945,True,32,False,True,False
urn:mavedb:00000055-a-1#2762,,,p.Gly32Ser,0.859593266912297,0.0039962387914624,G32S,G32S,0.7653,pathogenic,0.20221772021254913,0.23470000000000002,True,32,False,True,False
urn:mavedb:00000055-a-1#2763,,,p.Gly32Ala,0.869446417239213,0.0009144821455939,G32A,G32A,0.726,pathogenic,0.23440205860719288,0.274,True,32,False,True,False
urn:mavedb:00000055-a-1#2764,,,p.Gly32Pro,0.0050170128403907,0.0023440796880535,G32P,G32P,0.996,pathogenic,0.09366976932467169,0.0040000000000000036,False,32,False,False,False
urn:mavedb:00000055-a-1#2765,,,p.Gly32Ile,0.674258374744685,0.0110070453838649,G32I,G32I,0.9747,pathogenic,0.09929699250784754,0.02529999999999999,False,32,False,False,False
urn:mavedb:00000055-a-1#2766,,,p.Gly32Thr,0.754067191299855,0.0318824527065863,G32T,G32T,0.9472,pathogenic,0.10757479476881841,0.05279999999999996,False,32,False,False,False
urn:mavedb:00000055-a-1#2767,,,p.Gly32Asn,0.814957222384866,0.0436638948348932,G32N,G32N,0.9853,pathogenic,0.0964159880387532,0.014700000000000046,True,32,False,True,False
urn:mavedb:00000055-a-1#2768,,,p.Gly32Phe,0.75559424519461,0.0148984374523641,G32F,G32F,0.9887,pathogenic,0.09552610734973398,0.011299999999999977,False,32,False,False,False
urn:mavedb:00000055-a-1#2769,,,p.Leu31Ile,0.6570929815425121,0.0747741267154637,L31I,L31I,0.1477,benign,0.8530135231739977,0.8523000000000001,False,31,False,False,False
urn:mavedb:00000055-a-1#2770,,,p.Leu31Met,0.5609031091279101,0.0044429309294054,L31M,L31M,0.2496,benign,0.7861389394026436,0.7504,False,31,False,False,False
urn:mavedb:00000055-a-1#2771,,,p.Leu31Cys,0.3818520867988529,0.0067521010920164,L31C,L31C,0.7294,pathogenic,0.23142901810943628,0.27059999999999995,False,31,False,False,False
urn:mavedb:00000055-a-1#2772,,,p.Leu31Ala,0.281032343892948,0.0025141172070537,L31A,L31A,0.6237,pathogenic,0.34027092660493885,0.37629999999999997,False,31,False,False,False
urn:mavedb:00000055-a-1#2773,,,p.Leu31Val,1.11635451186972,0.0662101576757946,L31V,L31V,0.128,benign,0.8627778883955288,0.872,False,31,False,False,False
urn:mavedb:00000055-a-1#2774,,,p.Leu31Thr,0.320166875060406,0.0395362177844608,L31T,L31T,0.6241,pathogenic,0.3397991634478641,0.3759,False,31,False,False,False
urn:mavedb:00000055-a-1#2775,,,p.Leu31Tyr,0.044328821942693,0.0397793088890145,L31Y,L31Y,0.8865,pathogenic,0.13060540954873773,0.11350000000000005,False,31,False,False,False
urn:mavedb:00000055-a-1#2776,,,p.Leu31Phe,0.0984642554987471,0.0525529598607489,L31F,L31F,0.4691,ambiguous,0.5415959196027617,0.5308999999999999,False,31,False,False,False
urn:mavedb:00000055-a-1#2777,,,p.Leu31Trp,0.1148935327782,0.017796889452834,L31W,L31W,0.7176,pathogenic,0.24190164928595725,0.2824,False,31,False,False,False
urn:mavedb:00000055-a-1#2778,,,p.Leu31Gly,0.0821712747869018,0.0265285973361939,L31G,L31G,0.9015,pathogenic,0.12424007396875567,0.09850000000000003,False,31,False,False,False
urn:mavedb:00000055-a-1#2779,,,p.Leu31Ser,0.0335094792108965,0.0114397524133003,L31S,L31S,0.8956,pathogenic,0.12668729757483982,0.10440000000000005,False,31,False,False,False
urn:mavedb:00000055-a-1#2780,,,p.Leu31Arg,0.0020515237065907,0.006224996889512,L31R,L31R,0.8168,pathogenic,0.16701616125114474,0.18320000000000003,False,31,False,False,False
urn:mavedb:00000055-a-1#2781,,,p.Leu31Pro,0.0219037574842019,0.0102383054543352,L31P,L31P,0.9094,pathogenic,0.12107460873819209,0.09060000000000001,False,31,False,False,False
urn:mavedb:00000055-a-1#2783,,,p.Leu31Glu,0.0406388120175031,0.0027499110002205,L31E,L31E,0.9614,pathogenic,0.10315027398946508,0.03859999999999997,False,31,False,False,False
urn:mavedb:00000055-a-1#2784,,,p.Leu31Asp,0.0740904191611718,0.0546783757226897,L31D,L31D,0.9935,pathogenic,0.09429726949120015,0.00649999999999995,False,31,False,False,False
urn:mavedb:00000055-a-1#2786,,,p.Leu31Lys,0.190201015990406,0.0014131453661323,L31K,L31K,0.9197,pathogenic,0.11713289060923818,0.08030000000000004,False,31,False,False,False
urn:mavedb:00000055-a-1#2787,,,p.Leu31Asn,0.399685428279515,0.26975052273285,L31N,L31N,0.9732,pathogenic,0.09971804784499447,0.026800000000000046,False,31,False,False,False
urn:mavedb:00000055-a-1#2790,,,p.Leu30Pro,0.0325181393172031,0.0089149720325475,L30P,L30P,0.9341,pathogenic,0.11195866245477758,0.06589999999999996,False,30,False,False,False
urn:mavedb:00000055-a-1#2791,,,p.Leu30His,-0.0505696884811525,0.0980657150916785,L30H,L30H,0.9786,pathogenic,0.09821791923658879,0.021399999999999975,False,30,False,False,False
urn:mavedb:00000055-a-1#2792,,,p.Leu30Ile,0.210814747183218,0.0114054339686871,L30I,L30I,0.2787,benign,0.7614288465301134,0.7213,False,30,False,False,False
urn:mavedb:00000055-a-1#2793,,,p.Leu30Cys,0.0644356370295559,0.0576308378284332,L30C,L30C,0.9222,pathogenic,0.11620693698150554,0.07779999999999998,False,30,False,False,False
urn:mavedb:00000055-a-1#2794,,,p.Leu30Arg,0.0030969157927618,0.0077583318792152,L30R,L30R,0.937,pathogenic,0.11096229997601734,0.06299999999999994,False,30,False,False,False
urn:mavedb:00000055-a-1#2796,,,p.Leu30Thr,0.0266560932913101,0.0303315016468939,L30T,L30T,0.9641,pathogenic,0.10234585249281947,0.03590000000000004,False,30,False,False,False
urn:mavedb:00000055-a-1#2797,,,p.Leu30Ser,0.003166652648512,0.0123321756621322,L30S,L30S,0.9847,pathogenic,0.09657472390150088,0.01529999999999998,False,30,False,False,False
urn:mavedb:00000055-a-1#2798,,,p.Leu30Gly,0.061630009784352,0.0406284961056037,L30G,L30G,0.9813,pathogenic,0.09748396244810197,0.01870000000000005,False,30,False,False,False
urn:mavedb:00000055-a-1#2799,,,p.Leu30Tyr,0.0646811831069792,0.0618187011365822,L30Y,L30Y,0.9576,pathogenic,0.104302064455977,0.04239999999999999,False,30,False,False,False
urn:mavedb:00000055-a-1#2800,,,p.Leu30Gln,0.001614291455697,0.0317898087877101,L30Q,L30Q,0.966,pathogenic,0.10178664034051788,0.03400000000000003,False,30,False,False,False
urn:mavedb:00000055-a-1#2802,,,p.Leu30Val,0.0351072723600091,0.0003305904898066,L30V,L30V,0.3073,benign,0.7345773945471108,0.6927,False,30,False,False,False
urn:mavedb:00000055-a-1#2804,,,p.Leu30Asp,0.0527292545504243,0.0115487452524441,L30D,L30D,0.9984,pathogenic,0.09307531243152625,0.0016000000000000458,False,30,False,False,False
urn:mavedb:00000055-a-1#2807,,,p.Val29Asp,0.0615966837065633,0.0128123094055829,V29D,V29D,0.984,pathogenic,0.09676056438529768,0.016000000000000014,False,29,False,False,False
urn:mavedb:00000055-a-1#2808,,,p.Val29Leu,0.8624784509810319,0.0147012905925559,V29L,V29L,0.478,ambiguous,0.5296569506077056,0.522,False,29,False,False,False
urn:mavedb:00000055-a-1#2809,,,p.Val29Ile,1.11263554416822,0.0284949173296131,V29I,V29I,0.1163,benign,0.868153170388506,0.8837,False,29,False,False,False
urn:mavedb:00000055-a-1#2810,,,p.Val29Phe,0.0339620476998983,0.0215242091359692,V29F,V29F,0.467,ambiguous,0.5444050234893972,0.5329999999999999,False,29,False,False,False
urn:mavedb:00000055-a-1#2811,,,p.Val29Cys,0.3556843298599439,0.0246520102744797,V29C,V29C,0.8532,pathogenic,0.14652017690543973,0.14680000000000004,False,29,False,False,False
urn:mavedb:00000055-a-1#2812,,,p.Val29Thr,0.0195189490924251,0.0061736662607339,V29T,V29T,0.809,pathogenic,0.17186354138318655,0.19099999999999995,False,29,False,False,False
urn:mavedb:00000055-a-1#2813,,,p.Val29Tyr,0.0506384982631918,0.036637612126318,V29Y,V29Y,0.9139,pathogenic,0.11932711357022857,0.08609999999999995,False,29,False,False,False
urn:mavedb:00000055-a-1#2814,,,p.Val29Ala,0.105905769671798,0.0588672320128447,V29A,V29A,0.696,pathogenic,0.2621949520479294,0.30400000000000005,False,29,False,False,False
urn:mavedb:00000055-a-1#2815,,,p.Val29Ser,0.1555631613874719,0.0343088807394961,V29S,V29S,0.8654,pathogenic,0.14039154562160108,0.13460000000000005,False,29,False,False,False
urn:mavedb:00000055-a-1#2816,,,p.Val29Gly,0.0709980422544079,0.0235919477909322,V29G,V29G,0.7322,pathogenic,0.22900764779265204,0.26780000000000004,False,29,False,False,False
urn:mavedb:00000055-a-1#2817,,,p.Val29His,0.0364554742398033,0.0182665968057303,V29H,V29H,0.9749,pathogenic,0.0992411062398991,0.02510000000000001,False,29,False,False,False
urn:mavedb:00000055-a-1#2818,,,p.Val29Pro,0.006381683479469,0.001508783911818,V29P,V29P,0.9518,pathogenic,0.10610516540638953,0.04820000000000002,False,29,False,False,False
urn:mavedb:00000055-a-1#2819,,,p.Val29Asn,0.0755028175155655,0.0221462348980419,V29N,V29N,0.9616,pathogenic,0.10309029200848607,0.03839999999999999,False,29,False,False,False
urn:mavedb:00000055-a-1#2820,,,p.Val29Arg,0.2208703886555799,0.0191542172301911,V29R,V29R,0.8938,pathogenic,0.12744835102294377,0.10619999999999996,False,29,False,False,False
urn:mavedb:00000055-a-1#2821,,,p.Val29Lys,0.127428151170605,0.0333446182777378,V29K,V29K,0.9634,pathogenic,0.10255330265901798,0.036599999999999966,False,29,False,False,False
urn:mavedb:00000055-a-1#2822,,,p.Val29Trp,0.0669928050727001,0.0134537227862975,V29W,V29W,0.9663,pathogenic,0.10169885803601444,0.03369999999999995,False,29,False,False,False
urn:mavedb:00000055-a-1#2823,,,p.Val29Gln,0.178231309776096,0.0016433780612163,V29Q,V29Q,0.9437,pathogenic,0.1087169349294878,0.05630000000000002,False,29,False,False,False
urn:mavedb:00000055-a-1#2824,,,p.Cys28Glu,0.0807633717280192,0.0269546588988004,C28E,C28E,0.9008,pathogenic,0.12452666365971592,0.09919999999999995,False,28,False,False,False
urn:mavedb:00000055-a-1#2825,,,p.Cys28Arg,0.5777245051780671,0.0204465353830068,C28R,C28R,0.5022,ambiguous,0.49703004312364857,0.4978,False,28,False,False,False
urn:mavedb:00000055-a-1#2826,,,p.Cys28His,0.7561595084837841,0.0029579439346157,C28H,C28H,0.568,pathogenic,0.409452602403853,0.43200000000000005,False,28,False,False,False
urn:mavedb:00000055-a-1#2827,,,p.Cys28Gln,0.316493242309151,0.0547178535379265,C28Q,C28Q,0.7139,pathogenic,0.2452748217572871,0.2861,False,28,False,False,False
urn:mavedb:00000055-a-1#2828,,,p.Cys28Ala,0.7366374069317799,0.0258622645360106,C28A,C28A,0.5868,pathogenic,0.3853986673698706,0.4132,False,28,False,False,False
urn:mavedb:00000055-a-1#2829,,,p.Cys28Met,0.87918063786964,0.0178358993236693,C28M,C28M,0.7907,pathogenic,0.18390221767798365,0.20930000000000004,True,28,False,True,False
urn:mavedb:00000055-a-1#2830,,,p.Cys28Lys,0.5442346241700811,0.0427165009228524,C28K,C28K,0.8117,pathogenic,0.170166724306773,0.18830000000000002,False,28,False,False,False
urn:mavedb:00000055-a-1#2831,,,p.Cys28Ser,0.8059744120949741,0.0484947213632713,C28S,C28S,0.5171,ambiguous,0.47693522955964485,0.4829,False,28,False,False,False
urn:mavedb:00000055-a-1#2832,,,p.Cys28Thr,0.5993230655540661,0.0101937846539042,C28T,C28T,0.7057,pathogenic,0.25290245569751046,0.2943,False,28,False,False,False
urn:mavedb:00000055-a-1#2833,,,p.Cys28Tyr,0.0461105529818062,0.0096378221928802,C28Y,C28Y,0.4068,ambiguous,0.6226406739674994,0.5932,False,28,False,False,False
urn:mavedb:00000055-a-1#2834,,,p.Cys28Leu,0.0118011155477959,0.012183957491827,C28L,C28L,0.7201,pathogenic,0.23964663779041678,0.27990000000000004,False,28,False,False,False
urn:mavedb:00000055-a-1#2835,,,p.Cys28Phe,0.159864392760065,0.031790081059606,C28F,C28F,0.3833,ambiguous,0.6514089019260362,0.6167,False,28,False,False,False
urn:mavedb:00000055-a-1#2836,,,p.Cys28Asn,0.110660763451615,0.0034633099930926,C28N,C28N,0.7623,pathogenic,0.20450781163017173,0.23770000000000002,False,28,False,False,False
urn:mavedb:00000055-a-1#2837,,,p.Cys28Asp,0.0512329533682303,0.0180128657715558,C28D,C28D,0.9045,pathogenic,0.12302316259595406,0.09550000000000003,False,28,False,False,False
urn:mavedb:00000055-a-1#2838,,,p.Cys28Val,0.0351982225277727,0.0242132703431767,C28V,C28V,0.7055,pathogenic,0.25309110823377634,0.2945,False,28,False,False,False
urn:mavedb:00000055-a-1#2839,,,p.Cys28Gly,0.079568255562857,0.0092219413889312,C28G,C28G,0.3937,ambiguous,0.638830380586306,0.6063000000000001,False,28,False,False,False
urn:mavedb:00000055-a-1#2840,,,p.Cys28Pro,0.0265251713302937,0.0424651359611771,C28P,C28P,0.9915,pathogenic,0.09480541607229787,0.008499999999999952,False,28,False,False,False
urn:mavedb:00000055-a-1#2841,,,p.Gly15Leu,0.9751833404119672,0.0500263909535996,G15L,G15L,0.9379,pathogenic,0.11065611741164413,0.062100000000000044,True,15,False,True,False
urn:mavedb:00000055-a-1#2842,,,p.Gly15Arg,0.8118085275246221,0.0054555077197316,G15R,G15R,0.9071,pathogenic,0.12198324540304001,0.09289999999999998,True,15,False,True,False
urn:mavedb:00000055-a-1#2844,,,p.Gly15Phe,1.17255665107039,0.0076804536306931,G15F,G15F,0.9656,pathogenic,0.10190390112423095,0.034399999999999986,True,15,False,True,False
urn:mavedb:00000055-a-1#2845,,,p.Gly15Tyr,0.8222445175043871,0.108648329186849,G15Y,G15Y,0.9731,pathogenic,0.09974623827274773,0.026900000000000035,True,15,False,True,False
urn:mavedb:00000055-a-1#2846,,,p.Gly15Ile,0.928085078861542,0.0352978515223916,G15I,G15I,0.9023,pathogenic,0.12391377130712321,0.09770000000000001,True,15,False,True,False
urn:mavedb:00000055-a-1#2847,,,p.Gly15Lys,0.710124011062396,0.004614686187985,G15K,G15K,0.9746,pathogenic,0.09932495804411609,0.025399999999999978,False,15,False,False,False
urn:mavedb:00000055-a-1#2848,,,p.Gly15Trp,0.984567813220701,0.0187300436175776,G15W,G15W,0.9344,pathogenic,0.11185489517407135,0.06559999999999999,True,15,False,True,False
urn:mavedb:00000055-a-1#2849,,,p.Gly15Met,0.7562379943830171,0.022483178991131,G15M,G15M,0.9728,pathogenic,0.09983089987458466,0.027200000000000002,False,15,False,False,False
urn:mavedb:00000055-a-1#2850,,,p.Gly15Val,0.898066908210845,0.0349809582880628,G15V,G15V,0.8383,pathogenic,0.15449850149148991,0.16169999999999995,True,15,False,True,False
urn:mavedb:00000055-a-1#2851,,,p.Gly15Gln,1.01193927617239,0.0428083027179431,G15Q,G15Q,0.9654,pathogenic,0.10196262494889796,0.034599999999999964,True,15,False,True,False
urn:mavedb:00000055-a-1#2852,,,p.Gly15Asn,1.01936206659845,0.0216019740209868,G15N,G15N,0.984,pathogenic,0.09676056438529768,0.016000000000000014,True,15,False,True,False
urn:mavedb:00000055-a-1#2854,,,p.Val14Cys,0.6656537159898189,0.015856668190433,V14C,V14C,0.8989,pathogenic,0.12530962942879767,0.10109999999999997,False,14,False,False,False
urn:mavedb:00000055-a-1#2855,,,p.Val14Ile,1.0385006049290502,0.0251024910639216,V14I,V14I,0.1203,benign,0.8663498666766105,0.8797,False,14,False,False,False
urn:mavedb:00000055-a-1#2856,,,p.Val14Thr,0.272023335699896,0.0266736500482728,V14T,V14T,0.5802,pathogenic,0.39377192249471515,0.41979999999999995,False,14,False,False,False
urn:mavedb:00000055-a-1#2857,,,p.Val14Asp,0.0892112969766166,0.0061883739284215,V14D,V14D,0.9335,pathogenic,0.11216668079039505,0.0665,False,14,False,False,False
urn:mavedb:00000055-a-1#2858,,,p.Val14Trp,0.142252980251139,0.0026279758834282,V14W,V14W,0.9775,pathogenic,0.09851999668519246,0.022499999999999964,False,14,False,False,False
urn:mavedb:00000055-a-1#2859,,,p.Val14Ala,0.0679180948673469,0.0453017886576715,V14A,V14A,0.5936,pathogenic,0.3768595983306454,0.4064,False,14,False,False,False
urn:mavedb:00000055-a-1#2860,,,p.Val14Leu,0.864717608048595,0.0348896551650621,V14L,V14L,0.7114,pathogenic,0.2475781418567321,0.28859999999999997,True,14,False,True,False
urn:mavedb:00000055-a-1#2861,,,p.Val14His,0.106702901180261,0.0159930842176384,V14H,V14H,0.9781,pathogenic,0.09835500659651375,0.02190000000000003,False,14,False,False,False
urn:mavedb:00000055-a-1#2862,,,p.Val14Gln,0.277671500511806,0.0686018091320049,V14Q,V14Q,0.9349,pathogenic,0.11168230734192064,0.06510000000000005,False,14,False,False,False
urn:mavedb:00000055-a-1#2863,,,p.Val14Arg,-0.020967452783352,0.0258221213592255,V14R,V14R,0.8713,pathogenic,0.13755350243379078,0.12870000000000004,False,14,False,False,False
urn:mavedb:00000055-a-1#2864,,,p.Val14Ser,0.0480861890724303,0.0662861196498829,V14S,V14S,0.7474,pathogenic,0.2162873704691619,0.25260000000000005,False,14,False,False,False
urn:mavedb:00000055-a-1#2865,,,p.Val14Pro,0.0429229548993181,0.0220116839306944,V14P,V14P,0.8891,pathogenic,0.12946789027085737,0.1109,False,14,False,False,False
urn:mavedb:00000055-a-1#2866,,,p.Val14Asn,0.0138049212344272,0.037466769664384,V14N,V14N,0.8906,pathogenic,0.12881824225388203,0.10940000000000005,False,14,False,False,False
urn:mavedb:00000055-a-1#2867,,,p.Val14Met,0.6547405886181229,0.0049015110365549,V14M,V14M,0.7461,pathogenic,0.2173473667057434,0.2539,False,14,False,False,False
urn:mavedb:00000055-a-1#2868,,,p.Val14Phe,0.703545765902489,0.0009916016124951,V14F,V14F,0.6817,pathogenic,0.276422557063793,0.3183,False,14,False,False,False
urn:mavedb:00000055-a-1#2869,,,p.Val14Gly,0.0347212493541907,0.0323981969705928,V14G,V14G,0.6007,pathogenic,0.3680450499638311,0.3993,False,14,False,False,False
urn:mavedb:00000055-a-1#2870,,,p.Val14Tyr,0.0066524578383527,0.0021925888341793,V14Y,V14Y,0.9525,pathogenic,0.10588461912347787,0.04749999999999999,False,14,False,False,False
urn:mavedb:00000055-a-1#2871,,,p.Val14Glu,0.0286144599171498,0.0060325366992057,V14E,V14E,0.9004,pathogenic,0.12469088073510688,0.09960000000000002,False,14,False,False,False
urn:mavedb:00000055-a-1#2873,,,p.Gly13Phe,1.07315500052539,0.0088251909736561,G13F,G13F,0.7489,pathogenic,0.2150707589234393,0.2511,True,13,False,True,False
urn:mavedb:00000055-a-1#2874,,,p.Gly13Lys,0.5728431009518941,0.0751426034951126,G13K,G13K,0.6757,pathogenic,0.28257746133927036,0.32430000000000003,False,13,False,False,False
urn:mavedb:00000055-a-1#2875,,,p.Gly13Arg,0.775508688286085,0.0361433072392689,G13R,G13R,0.5166,ambiguous,0.47760850753924183,0.48340000000000005,False,13,False,False,False
urn:mavedb:00000055-a-1#2876,,,p.Gly13Ala,0.9708139339747692,0.0140451138607572,G13A,G13A,0.226,benign,0.8042706351459483,0.774,False,13,False,False,False
urn:mavedb:00000055-a-1#2877,,,p.Gly13Thr,1.15544801784856,0.0301323887003119,G13T,G13T,0.5319,ambiguous,0.4570659902756177,0.46809999999999996,False,13,False,False,False
urn:mavedb:00000055-a-1#2878,,,p.Gly13Ile,1.15898989305261,0.0106012384802599,G13I,G13I,0.6122,pathogenic,0.3540026101943605,0.38780000000000003,True,13,False,True,False
urn:mavedb:00000055-a-1#2879,,,p.Gly13Ser,1.09361417424225,0.0581660596564876,G13S,G13S,0.3932,ambiguous,0.639440851373568,0.6068,False,13,False,False,False
urn:mavedb:00000055-a-1#2880,,,p.Gly13Val,0.976915587259478,0.0175363300851081,G13V,G13V,0.463,ambiguous,0.5497458613678391,0.5369999999999999,False,13,False,False,False
urn:mavedb:00000055-a-1#2881,,,p.Gly13Gln,1.11522037138769,0.018365151762952,G13Q,G13Q,0.6166,pathogenic,0.34871082705200557,0.38339999999999996,True,13,False,True,False
urn:mavedb:00000055-a-1#2882,,,p.Gly13His,1.05626315702111,0.010745900410667,G13H,G13H,0.7851,pathogenic,0.18777731828354655,0.21489999999999998,True,13,False,True,False
urn:mavedb:00000055-a-1#2883,,,p.Gly13Tyr,0.941216090626933,0.0011767518137943,G13Y,G13Y,0.7303,pathogenic,0.23064806069603994,0.26970000000000005,True,13,False,True,False
urn:mavedb:00000055-a-1#2884,,,p.Gly13Asn,1.03889664975175,0.0283721591830266,G13N,G13N,0.8127,pathogenic,0.16954336347618248,0.18730000000000002,True,13,False,True,False
urn:mavedb:00000055-a-1#2885,,,p.Gly13Pro,1.09271654872438,0.020927435955821,G13P,G13P,0.9411,pathogenic,0.1095789885264653,0.05889999999999995,True,13,False,True,False
urn:mavedb:00000055-a-1#2886,,,p.Gly13Met,1.11207370836773,0.0006262816174777,G13M,G13M,0.7123,pathogenic,0.24674670388264652,0.28769999999999996,True,13,False,True,False
urn:mavedb:00000055-a-1#2887,,,p.Gly13Trp,1.19119345469832,0.0094820278716891,G13W,G13W,0.6718,pathogenic,0.28663613319067993,0.32820000000000005,True,13,False,True,False
urn:mavedb:00000055-a-1#2888,,,p.Gly13Cys,1.05055103171048,0.0146746966297936,G13C,G13C,0.4702,ambiguous,0.5401231639881526,0.5298,False,13,False,False,False
urn:mavedb:00000055-a-1#2889,,,p.Gly13Asp,1.19936500411914,0.0209924032413397,G13D,G13D,0.7999,pathogenic,0.1777317063807609,0.20009999999999994,True,13,False,True,False
urn:mavedb:00000055-a-1#2890,,,p.Gly13Leu,1.02829635297007,0.0099782565131612,G13L,G13L,0.6061,pathogenic,0.3614139661152682,0.39390000000000003,True,13,False,True,False
urn:mavedb:00000055-a-1#2891,,,p.Gly13Glu,1.08883557431418,0.0145851061578953,G13E,G13E,0.6256,pathogenic,0.33803364681781606,0.37439999999999996,True,13,False,True,False
urn:mavedb:00000055-a-1#2892,,,p.Pro12Tyr,0.0398923762485575,0.0023555395482977,P12Y,P12Y,0.9795,pathogenic,0.09797208550602662,0.020499999999999963,False,12,False,False,False
urn:mavedb:00000055-a-1#2893,,,p.Pro12Leu,0.8320345216575551,0.0216648956505821,P12L,P12L,0.734,pathogenic,0.22746392510158436,0.266,True,12,False,True,False
urn:mavedb:00000055-a-1#2894,,,p.Pro12Met,0.90836562207804,0.0687651642834957,P12M,P12M,0.9307,pathogenic,0.11314600688369099,0.06930000000000003,True,12,False,True,False
urn:mavedb:00000055-a-1#2895,,,p.Pro12Ile,0.901333202116198,0.0506018468638039,P12I,P12I,0.6596,pathogenic,0.2996230748733786,0.34040000000000004,True,12,False,True,False
urn:mavedb:00000055-a-1#2896,,,p.Pro12Cys,0.736270071192612,0.0202049706220574,P12C,P12C,0.8845,pathogenic,0.13149039285685693,0.11550000000000005,False,12,False,False,False
urn:mavedb:00000055-a-1#2897,,,p.Pro12Asn,0.0615144309094561,0.0176712910007089,P12N,P12N,0.9752,pathogenic,0.09915738874541945,0.024800000000000044,False,12,False,False,False
urn:mavedb:00000055-a-1#2898,,,p.Pro12Trp,0.1986355732288439,0.0293087688986421,P12W,P12W,0.9854,pathogenic,0.09638958184743027,0.014599999999999946,False,12,False,False,False
urn:mavedb:00000055-a-1#2899,,,p.Pro12Thr,0.535570629667705,0.0223891647561004,P12T,P12T,0.705,pathogenic,0.2535632831574916,0.29500000000000004,False,12,False,False,False
urn:mavedb:00000055-a-1#2900,,,p.Pro12Ala,0.584094308163905,0.0196584432150326,P12A,P12A,0.4909,ambiguous,0.5122819489470145,0.5091,False,12,False,False,False
urn:mavedb:00000055-a-1#2903,,,p.Pro12Gly,0.0478521637297248,0.0249363893564347,P12G,P12G,0.8786,pathogenic,0.13415225750831758,0.12139999999999995,False,12,False,False,False
urn:mavedb:00000055-a-1#2904,,,p.Pro12His,0.0780373962234016,0.0243629773352056,P12H,P12H,0.9519,pathogenic,0.10607360912105446,0.04810000000000003,False,12,False,False,False
urn:mavedb:00000055-a-1#2905,,,p.Pro12Asp,0.0748286586488751,0.0491418748183782,P12D,P12D,0.9797,pathogenic,0.09791761663528141,0.020299999999999985,False,12,False,False,False
urn:mavedb:00000055-a-1#2906,,,p.Pro12Arg,-0.034687780137476,0.0263353229510559,P12R,P12R,0.8433,pathogenic,0.15175929642633362,0.15669999999999995,False,12,False,False,False
urn:mavedb:00000055-a-1#2907,,,p.Pro12Val,0.7676537555475931,0.0095596996997467,P12V,P12V,0.4842,ambiguous,0.5213140398796705,0.5158,False,12,False,False,False
urn:mavedb:00000055-a-1#2908,,,p.Pro12Glu,0.101069201443853,0.0081724609809192,P12E,P12E,0.9346,pathogenic,0.1117858064341707,0.06540000000000001,False,12,False,False,False
urn:mavedb:00000055-a-1#2909,,,p.Pro12Phe,0.295687958386411,0.112440869130178,P12F,P12F,0.972,pathogenic,0.10005732771039333,0.028000000000000025,False,12,False,False,False
urn:mavedb:00000055-a-1#2910,,,p.Pro12Ser,0.127275948252621,0.0055093732148466,P12S,P12S,0.8789,pathogenic,0.13401504708298562,0.12109999999999999,False,12,False,False,False
urn:mavedb:00000055-a-1#2912,,,p.Arg11Met,1.29907685059316,0.0710489919403934,R11M,R11M,0.78,pathogenic,0.1913859219969074,0.21999999999999997,True,11,False,True,False
urn:mavedb:00000055-a-1#2913,,,p.Arg11Cys,1.27734137206981,0.0259627853811731,R11C,R11C,0.6092,pathogenic,0.35763681901468664,0.39080000000000004,True,11,False,True,False
urn:mavedb:00000055-a-1#2914,,,p.Arg11His,1.03380463642348,0.0525039197712628,R11H,R11H,0.5049,ambiguous,0.4933854764372686,0.4951,False,11,False,False,False
urn:mavedb:00000055-a-1#2916,,,p.Arg11Gly,0.987948981069236,0.0180355185261757,R11G,R11G,0.582,pathogenic,0.3914802788656182,0.41800000000000004,False,11,False,True,False
urn:mavedb:00000055-a-1#2917,,,p.Arg11Val,1.1382113849263402,0.0130201092297228,R11V,R11V,0.5722,pathogenic,0.404026214507647,0.42779999999999996,False,11,False,False,False
urn:mavedb:00000055-a-1#2918,,,p.Arg11Asp,0.537150795041079,0.115271507371134,R11D,R11D,0.8519,pathogenic,0.14719435629080294,0.1481,False,11,False,False,False
urn:mavedb:00000055-a-1#2919,,,p.Arg11Lys,0.947509350730173,0.0923052725410829,R11K,R11K,0.4166,ambiguous,0.6102979952730474,0.5833999999999999,False,11,False,False,False
urn:mavedb:00000055-a-1#2920,,,p.Arg11Thr,1.01757926100871,0.0121650456514579,R11T,R11T,0.7052,pathogenic,0.2533743200106546,0.29479999999999995,True,11,False,True,False
urn:mavedb:00000055-a-1#2922,,,p.Arg11Asn,0.787999558212323,0.150053893032334,R11N,R11N,0.8279,pathogenic,0.16040158404572508,0.17210000000000003,False,11,False,False,False
urn:mavedb:00000055-a-1#2923,,,p.Arg11Pro,0.501162189599303,0.0073725465595021,R11P,R11P,0.583,pathogenic,0.3902097120868336,0.41700000000000004,False,11,False,False,False
urn:mavedb:00000055-a-1#2924,,,p.Arg11Ala,0.984011360193514,0.0216230178707708,R11A,R11A,0.7288,pathogenic,0.2319510568742345,0.2712,True,11,False,True,False
urn:mavedb:00000055-a-1#2925,,,p.Arg11Phe,1.172686086924,0.0215086309790602,R11F,R11F,0.6904,pathogenic,0.26769199159189183,0.3096,True,11,False,True,False
urn:mavedb:00000055-a-1#2926,,,p.Arg11Ile,1.19488561306532,0.0415944456746371,R11I,R11I,0.5021,ambiguous,0.4971650375064546,0.4979,False,11,False,False,False
urn:mavedb:00000055-a-1#2927,,,p.Arg11Gln,1.25287625092306,0.0192967070400391,R11Q,R11Q,0.4751,ambiguous,0.5335526143349012,0.5248999999999999,False,11,False,False,False
urn:mavedb:00000055-a-1#2928,,,p.Arg11Ser,1.16007513376896,0.0013012923147736,R11S,R11S,0.8185,pathogenic,0.16598169412724734,0.1815,True,11,False,True,False
urn:mavedb:00000055-a-1#2929,,,p.Arg10Cys,0.284858716032395,0.118108444999658,R10C,R10C,0.2383,benign,0.7950309061804288,0.7617,False,10,False,False,False
urn:mavedb:00000055-a-1#2930,,,p.Arg10Thr,1.1795666621098202,0.0033582002376378,R10T,R10T,0.1689,benign,0.841444672413356,0.8311,False,10,False,False,False
urn:mavedb:00000055-a-1#2931,,,p.Arg10Pro,0.886627067695688,0.068628585159112,R10P,R10P,0.1847,benign,0.8320645662939062,0.8153,False,10,False,False,False
urn:mavedb:00000055-a-1#2932,,,p.Arg10Gly,1.14631614009116,0.0253793058419927,R10G,R10G,0.1315,benign,0.861109677179052,0.8685,False,10,False,False,False
urn:mavedb:00000055-a-1#2933,,,p.Arg10Ser,0.959741734698152,0.003252657334032,R10S,R10S,0.2832,benign,0.7573726318503531,0.7168,False,10,False,False,False
urn:mavedb:00000055-a-1#2934,,,p.Arg10Glu,1.15153979171799,0.0212707721314839,R10E,R10E,0.2183,benign,0.8098254140099791,0.7817000000000001,False,10,False,False,False
urn:mavedb:00000055-a-1#2936,,,p.Arg10Trp,1.2637887497325402,0.0425731644112962,R10W,R10W,0.2317,benign,0.8000452554830938,0.7683,False,10,False,False,False
urn:mavedb:00000055-a-1#2937,,,p.Arg10Met,0.926685605374475,0.0217160509026707,R10M,R10M,0.2417,benign,0.7923963593709105,0.7583,False,10,False,False,False
urn:mavedb:00000055-a-1#2938,,,p.Arg10Asp,1.26201588834017,0.0265484163751508,R10D,R10D,0.3793,ambiguous,0.6561780929123262,0.6207,False,10,False,False,False
urn:mavedb:00000055-a-1#2939,,,p.Arg10Tyr,1.12958632569125,0.004724992432036,R10Y,R10Y,0.3648,ambiguous,0.6731286422548259,0.6352,False,10,False,False,False
urn:mavedb:00000055-a-1#2941,,,p.Arg10Ile,0.926564265121266,0.0086291779856687,R10I,R10I,0.1827,benign,0.8332889057891814,0.8173,False,10,False,False,False
urn:mavedb:00000055-a-1#2942,,,p.Arg10Ala,0.740154216178468,0.0088031245405526,R10A,R10A,0.223,benign,0.8064556669419186,0.777,False,10,False,False,False
urn:mavedb:00000055-a-1#2943,,,p.Arg10Leu,1.24043041540708,0.0117914090845133,R10L,R10L,0.154,benign,0.8496936755086103,0.846,False,10,False,False,False
urn:mavedb:00000055-a-1#2944,,,p.Arg10His,0.7255779327409939,0.0209230973187794,R10H,R10H,0.1702,benign,0.8406978649473698,0.8298,False,10,False,False,False
urn:mavedb:00000055-a-1#2945,,,p.Arg10Asn,0.894900908120317,0.0281310835422919,R10N,R10N,0.3602,ambiguous,0.678391179762416,0.6397999999999999,False,10,False,False,False
urn:mavedb:00000055-a-1#2950,,,p.Gly9Leu,1.13143255330349,0.0388776690170915,G9L,G9L,0.2254,benign,0.8047097777212646,0.7746,False,9,False,False,False
urn:mavedb:00000055-a-1#2951,,,p.Gly9Lys,0.6257613933732571,0.0043503147138125,G9K,G9K,0.2791,benign,0.7610708505721586,0.7209,False,9,False,False,False
urn:mavedb:00000055-a-1#2952,,,p.Gly9Tyr,1.06296891421482,0.0199467588653932,G9Y,G9Y,0.3028,benign,0.7389704159478961,0.6972,False,9,False,False,False
urn:mavedb:00000055-a-1#2953,,,p.Gly9Ile,1.1104480731293,0.0380946347782296,G9I,G9I,0.1653,benign,0.8434898065517498,0.8347,False,9,False,False,False
urn:mavedb:00000055-a-1#2954,,,p.Gly9Pro,1.14421530088355,0.039095744888099,G9P,G9P,0.2309,benign,0.8006441511271641,0.7691,False,9,False,False,False
urn:mavedb:00000055-a-1#2955,,,p.Gly9Asp,0.670825196847564,0.0299434815578885,G9D,G9D,0.1769,benign,0.8367784323780663,0.8230999999999999,False,9,False,False,False
urn:mavedb:00000055-a-1#2956,,,p.Gly9His,0.863568032654412,0.0022617115767151,G9H,G9H,0.3263,benign,0.7153468470112332,0.6737,False,9,False,False,False
urn:mavedb:00000055-a-1#2957,,,p.Gly9Asn,0.899706463297423,0.0328157731120655,G9N,G9N,0.2841,benign,0.7565538134211095,0.7159,False,9,False,False,False
urn:mavedb:00000055-a-1#2959,,,p.Gly9Glu,0.892374802150315,0.0449421188537804,G9E,G9E,0.1204,benign,0.8663043303730402,0.8796,False,9,False,False,False
urn:mavedb:00000055-a-1#2960,,,p.Gly9Thr,0.970883673840144,0.0027328018577399,G9T,G9T,0.1433,benign,0.8552745018854815,0.8567,False,9,False,False,False
urn:mavedb:00000055-a-1#2961,,,p.Gly9Phe,1.17251575857577,0.0327799555250291,G9F,G9F,0.3226,benign,0.7191774434624173,0.6774,False,9,False,False,False
urn:mavedb:00000055-a-1#2962,,,p.Gly9Gln,1.0110471704302,0.0235233349501872,G9Q,G9Q,0.2212,benign,0.807753899205904,0.7787999999999999,False,9,False,False,False
urn:mavedb:00000055-a-1#2963,,,p.Gly9Cys,0.925719337827886,0.0243756162219043,G9C,G9C,0.2037,benign,0.8198824980616649,0.7963,False,9,False,False,False
urn:mavedb:00000055-a-1#2964,,,p.Gly9Ala,1.14849543816463,0.021290133536274,G9A,G9A,0.1235,benign,0.8648816309668266,0.8765000000000001,False,9,False,False,False
urn:mavedb:00000055-a-1#2965,,,p.Gly9Arg,0.7139611367617791,0.0045230537101943,G9R,G9R,0.2094,benign,0.8160293797814667,0.7906,False,9,False,False,False
urn:mavedb:00000055-a-1#2967,,,p.Arg8Lys,1.06439525064355,0.0051214243972959,R8K,R8K,0.102,benign,0.8743168890820491,0.898,False,8,False,False,False
urn:mavedb:00000055-a-1#2968,,,p.Arg8Leu,1.11936238663418,0.0261357531292462,R8L,R8L,0.1401,benign,0.8568895190223518,0.8599,False,8,False,False,False
urn:mavedb:00000055-a-1#2969,,,p.Arg8Thr,1.10097197839617,0.0302824149900292,R8T,R8T,0.1281,benign,0.8627306154947775,0.8719,False,8,False,False,False
urn:mavedb:00000055-a-1#2970,,,p.Arg8His,1.09889662213089,0.0006597617259519,R8H,R8H,0.1478,benign,0.8529615899851728,0.8522000000000001,False,8,False,False,False
urn:mavedb:00000055-a-1#2971,,,p.Arg8Val,1.12203828041896,0.0106629901065762,R8V,R8V,0.1796,benign,0.8351652433125039,0.8204,False,8,False,False,False
urn:mavedb:00000055-a-1#2972,,,p.Arg8Asp,0.949907558141481,0.0062118667756779,R8D,R8D,0.2707,benign,0.7684840532437058,0.7293000000000001,False,8,False,False,False
urn:mavedb:00000055-a-1#2973,,,p.Arg8Ile,1.15662927687364,0.0030533298722536,R8I,R8I,0.1737,benign,0.8386651982131311,0.8263,False,8,False,False,False
urn:mavedb:00000055-a-1#2974,,,p.Arg8Tyr,1.09836725523018,0.0100481727753028,R8Y,R8Y,0.3051,benign,0.7367328912053261,0.6949000000000001,False,8,False,False,False
urn:mavedb:00000055-a-1#2975,,,p.Arg8Met,1.14902241330939,0.0019034526387384,R8M,R8M,0.2267,benign,0.8037569493940361,0.7733,False,8,False,False,False
urn:mavedb:00000055-a-1#2976,,,p.Arg8Ser,1.12988553498859,0.0208086209908925,R8S,R8S,0.2007,benign,0.8218732121693171,0.7993,False,8,False,False,False
urn:mavedb:00000055-a-1#2977,,,p.Arg8Gln,0.990223468260571,0.0217009723132069,R8Q,R8Q,0.1096,benign,0.8710954162216585,0.8904,False,8,False,False,False
urn:mavedb:00000055-a-1#2978,,,p.Arg8Phe,0.97855238942353,0.0412242553541426,R8F,R8F,0.2841,benign,0.7565538134211095,0.7159,False,8,False,False,False
urn:mavedb:00000055-a-1#2979,,,p.Arg8Ala,1.09768775732819,0.0199230166895642,R8A,R8A,0.1312,benign,0.8612537726736864,0.8688,False,8,False,False,False
urn:mavedb:00000055-a-1#2980,,,p.Arg8Trp,1.04916010931253,0.0050257556666781,R8W,R8W,0.1882,benign,0.8298957352973462,0.8118,False,8,False,False,False
urn:mavedb:00000055-a-1#2981,,,p.Arg8Asn,1.17002101793322,0.0156181609614156,R8N,R8N,0.3046,benign,0.7372206977007366,0.6954,False,8,False,False,False
urn:mavedb:00000055-a-1#2982,,,p.Arg8Gly,1.0381023909905698,0.0276389948557742,R8G,R8G,0.1016,benign,0.8744830880834863,0.8984,False,8,False,False,False
urn:mavedb:00000055-a-1#2983,,,p.Arg8Glu,1.09856366713231,0.0112346481115982,R8E,R8E,0.16,benign,0.8464399411590051,0.84,False,8,False,False,False
urn:mavedb:00000055-a-1#2984,,,p.Arg8Cys,0.657747208369716,0.0228209216243136,R8C,R8C,0.219,benign,0.8093276567318034,0.781,False,8,False,False,False
urn:mavedb:00000055-a-1#2986,,,p.Pro7Gly,0.9682197119091592,0.0344072543202736,P7G,P7G,0.1163,benign,0.868153170388506,0.8837,False,7,False,False,False
urn:mavedb:00000055-a-1#2987,,,p.Pro7Thr,0.932212676512702,0.0452179171408746,P7T,P7T,0.082,benign,0.8822306751842238,0.918,False,7,False,False,False
urn:mavedb:00000055-a-1#2988,,,p.Pro7Cys,1.01028727093575,0.0177107137524212,P7C,P7C,0.2643,benign,0.7739847939477006,0.7357,False,7,False,False,False
urn:mavedb:00000055-a-1#2989,,,p.Pro7Glu,1.21107397123844,0.0100663858931404,P7E,P7E,0.1045,benign,0.8732706001974202,0.8955,False,7,False,False,False
urn:mavedb:00000055-a-1#2990,,,p.Pro7Asp,1.1309610363498102,0.0506970142530283,P7D,P7D,0.1622,benign,0.8452240835104848,0.8378,False,7,False,False,False
urn:mavedb:00000055-a-1#2991,,,p.Pro7Ser,0.8621277027818341,0.031066681507845,P7S,P7S,0.0913,benign,0.8786499654027107,0.9087,False,7,False,False,False
urn:mavedb:00000055-a-1#2992,,,p.Pro7Trp,1.1633684534588302,0.062891307683614,P7W,P7W,0.3198,benign,0.7220489045166135,0.6802,False,7,False,False,False
urn:mavedb:00000055-a-1#2993,,,p.Pro7Ala,1.02713227417615,0.0264257664384663,P7A,P7A,0.0723,benign,0.8857889014138678,0.9277,False,7,False,False,False
urn:mavedb:00000055-a-1#2994,,,p.Pro7Phe,1.04198976483475,0.0122393462859349,P7F,P7F,0.245,benign,0.7898056827923781,0.755,False,7,False,False,False
urn:mavedb:00000055-a-1#2995,,,p.Pro7Ile,0.948684998495981,0.0161769094087183,P7I,P7I,0.1707,benign,0.8404094544114307,0.8293,False,7,False,False,False
urn:mavedb:00000055-a-1#2998,,,p.Pro7His,0.96751698579984,0.0080045440563404,P7H,P7H,0.1153,benign,0.8685984976823768,0.8847,False,7,False,False,False
urn:mavedb:00000055-a-1#2999,,,p.Pro7Arg,0.7782567832347942,0.0097454972644251,P7R,P7R,0.0832,benign,0.8817780955331757,0.9168000000000001,False,7,False,False,False
urn:mavedb:00000055-a-1#3000,,,p.Pro7Asn,1.0180796304063102,0.0027776545661156,P7N,P7N,0.1587,benign,0.8471526189274875,0.8412999999999999,False,7,False,False,False
urn:mavedb:00000055-a-1#3001,,,p.Pro7Tyr,0.923423283048672,0.0222123080238048,P7Y,P7Y,0.2289,benign,0.802133006311478,0.7711,False,7,False,False,False
urn:mavedb:00000055-a-1#3002,,,p.Pro7Leu,1.00208880805098,0.0736603876952623,P7L,P7L,0.1075,benign,0.8719977510402195,0.8925,False,7,False,False,False
urn:mavedb:00000055-a-1#3003,,,p.Gln6Phe,0.90400810713904,0.0028707033101835,Q6F,Q6F,0.2611,benign,0.776687470185852,0.7389,False,6,False,False,False
urn:mavedb:00000055-a-1#3004,,,p.Gln6Ile,0.8504097631236669,0.0159090752386261,Q6I,Q6I,0.1722,benign,0.8395402875185481,0.8278,False,6,False,False,False
urn:mavedb:00000055-a-1#3005,,,p.Gln6Val,0.81765478644477,0.0118834498338765,Q6V,Q6V,0.1075,benign,0.8719977510402195,0.8925,False,6,False,False,False
urn:mavedb:00000055-a-1#3006,,,p.Gln6Pro,1.23132480716242,0.0155176320005239,Q6P,Q6P,0.0722,benign,0.8858246701623679,0.9278,False,6,False,False,False
urn:mavedb:00000055-a-1#3007,,,p.Gln6Ala,0.933940413060914,0.0673267518439463,Q6A,Q6A,0.0828,benign,0.8819292628563442,0.9172,False,6,False,False,False
urn:mavedb:00000055-a-1#3009,,,p.Gln6Met,0.855162545028169,0.0033746808416122,Q6M,Q6M,0.2415,benign,0.7925523043805618,0.7585,False,6,False,False,False
urn:mavedb:00000055-a-1#3010,,,p.Gln6Gly,0.839315796719466,0.0263401664727449,Q6G,Q6G,0.0998,benign,0.8752268873715928,0.9002,False,6,False,False,False
urn:mavedb:00000055-a-1#3011,,,p.Gln6Glu,1.14957723730404,0.0176263899475671,Q6E,Q6E,0.0645,benign,0.8885242091373055,0.9355,False,6,False,False,False
urn:mavedb:00000055-a-1#3013,,,p.Gln6His,0.6608273335915601,0.0039345252881349,Q6H,Q6H,0.15,benign,0.8518128609239484,0.85,False,6,False,False,False
urn:mavedb:00000055-a-1#3014,,,p.Gln6Ser,1.04778283291939,0.0533740846625941,Q6S,Q6S,0.0875,benign,0.8801334836991603,0.9125,False,6,False,False,False
urn:mavedb:00000055-a-1#3015,,,p.Gln6Leu,0.760210925918539,0.0008965551830918,Q6L,Q6L,0.098,benign,0.8759640185055615,0.902,False,6,False,False,False
urn:mavedb:00000055-a-1#3016,,,p.Gln6Asp,1.03757494679543,0.0272321869478103,Q6D,Q6D,0.1378,benign,0.8580352225583914,0.8622,False,6,False,False,False
urn:mavedb:00000055-a-1#3017,,,p.Gln6Cys,0.8196828737482159,0.0129465077470905,Q6C,Q6C,0.3787,ambiguous,0.6568900809688091,0.6213,False,6,False,False,False
urn:mavedb:00000055-a-1#3018,,,p.Gln6Thr,0.82559446117783,0.0874096613979163,Q6T,Q6T,0.1008,benign,0.8748144917760514,0.8992,False,6,False,False,False
urn:mavedb:00000055-a-1#3019,,,p.Gln6Trp,0.3390294790456649,0.0548945735204947,Q6W,Q6W,0.3383,benign,0.7026434242135433,0.6617,False,6,False,False,False
urn:mavedb:00000055-a-1#3020,,,p.Gln6Arg,0.4090344482518229,0.0213601209906595,Q6R,Q6R,0.0852,benign,0.8810176271126902,0.9148000000000001,False,6,False,False,False
urn:mavedb:00000055-a-1#3021,,,p.Gln6Lys,0.6375488739427739,0.0136022931004731,Q6K,Q6K,0.0885,benign,0.879745845603471,0.9115,False,6,False,False,False
urn:mavedb:00000055-a-1#3023,,,p.Ala5Lys,0.402841541517421,0.0291700669139872,A5K,A5K,0.194,benign,0.8262274525795588,0.806,False,5,False,False,False
urn:mavedb:00000055-a-1#3024,,,p.Ala5Ile,1.06283714448384,0.0019850059607891,A5I,A5I,0.1803,benign,0.8347438182339988,0.8197,False,5,False,False,False
urn:mavedb:00000055-a-1#3025,,,p.Ala5Gln,0.888573113630046,0.0223259086883707,A5Q,A5Q,0.1444,benign,0.8547136558489048,0.8556,False,5,False,False,False
urn:mavedb:00000055-a-1#3026,,,p.Ala5Asp,0.8886930392268729,0.0095141293274442,A5D,A5D,0.1089,benign,0.8713972379857824,0.8911,False,5,False,False,False
urn:mavedb:00000055-a-1#3027,,,p.Ala5Val,1.12264692078302,0.05877053431187,A5V,A5V,0.1107,benign,0.8706190080614311,0.8893,False,5,False,False,False
urn:mavedb:00000055-a-1#3028,,,p.Ala5Gly,0.7840309770858359,0.0104833214379354,A5G,A5G,0.0817,benign,0.8823433884107822,0.9183,False,5,False,False,False
urn:mavedb:00000055-a-1#3029,,,p.Ala5Tyr,0.845273076297943,0.0274705016864604,A5Y,A5Y,0.2002,benign,0.822202517391532,0.7998000000000001,False,5,False,False,False
urn:mavedb:00000055-a-1#3030,,,p.Ala5Cys,0.93934487616468,0.0264813179414418,A5C,A5C,0.2063,benign,0.818136482545242,0.7937,False,5,False,False,False
urn:mavedb:00000055-a-1#3031,,,p.Ala5Phe,0.97181927899173,0.0035796985350994,A5F,A5F,0.15,benign,0.8518128609239484,0.85,False,5,False,False,False
urn:mavedb:00000055-a-1#3032,,,p.Ala5Leu,0.923910939136918,0.062023161626388,A5L,A5L,0.1227,benign,0.8652508392076957,0.8773,False,5,False,False,False
urn:mavedb:00000055-a-1#3033,,,p.Ala5His,0.975346883239986,0.0071114637004551,A5H,A5H,0.1825,benign,0.8334107429722895,0.8175,False,5,False,False,False
urn:mavedb:00000055-a-1#3034,,,p.Ala5Ser,0.8812162876329009,0.0118122371969066,A5S,A5S,0.0739,benign,0.885214093261438,0.9261,False,5,False,False,False
urn:mavedb:00000055-a-1#3035,,,p.Ala5Pro,1.16346450291131,0.001731755745635,A5P,A5P,0.0887,benign,0.8796680821153244,0.9113,False,5,False,False,False
urn:mavedb:00000055-a-1#3036,,,p.Ala5Arg,0.321508466076074,0.0063732132256445,A5R,A5R,0.13,benign,0.8618280761322014,0.87,False,5,False,False,False
urn:mavedb:00000055-a-1#3037,,,p.Ala5Trp,0.7874316668944169,0.0210796286033771,A5W,A5W,0.3137,benign,0.7282223699472453,0.6863,False,5,False,False,False
urn:mavedb:00000055-a-1#3038,,,p.Ala5Thr,0.8500094423481721,0.015498897116138,A5T,A5T,0.0873,benign,0.8802107758941778,0.9127,False,5,False,False,False
urn:mavedb:00000055-a-1#3039,,,p.Ala5Asn,0.939661798177426,0.0178174819434817,A5N,A5N,0.1466,benign,0.8535831770569907,0.8533999999999999,False,5,False,False,False
urn:mavedb:00000055-a-1#3040,,,p.Ala5Glu,0.927871102093856,0.0177505197163253,A5E,A5E,0.1089,benign,0.8713972379857824,0.8911,False,5,False,False,False
urn:mavedb:00000055-a-1#3042,,,p.Ser4Ile,1.25555034617945,0.0109430211894349,S4I,S4I,0.1401,benign,0.8568895190223518,0.8599,False,4,False,False,False
urn:mavedb:00000055-a-1#3043,,,p.Ser4Tyr,0.9617474955270808,0.0117701952485911,S4Y,S4Y,0.1496,benign,0.8520226046109032,0.8504,False,4,False,False,False
urn:mavedb:00000055-a-1#3044,,,p.Ser4Lys,1.19196693367855,0.0013948744969993,S4K,S4K,0.2428,benign,0.7915364866793242,0.7572,False,4,False,False,False
urn:mavedb:00000055-a-1#3045,,,p.Ser4Pro,1.25591816397217,0.0056314556354734,S4P,S4P,0.0954,benign,0.8770170862636204,0.9046,False,4,False,False,False
urn:mavedb:00000055-a-1#3046,,,p.Ser4Gly,0.5927988095707729,0.0241923412664363,S4G,S4G,0.0747,benign,0.8849249124894027,0.9253,False,4,False,False,False
urn:mavedb:00000055-a-1#3047,,,p.Ser4Glu,1.1488639821135702,0.0067226023100915,S4E,S4E,0.1532,benign,0.8501206880738976,0.8468,False,4,False,False,False
urn:mavedb:00000055-a-1#3048,,,p.Ser4Gln,0.9891268027947928,0.0289060447824053,S4Q,S4Q,0.2141,benign,0.812781840189876,0.7859,False,4,False,False,False
urn:mavedb:00000055-a-1#3049,,,p.Ser4Ala,1.04524358464301,0.0128563662544891,S4A,S4A,0.0675,benign,0.8874851846894923,0.9325,False,4,False,False,False
urn:mavedb:00000055-a-1#3050,,,p.Ser4Arg,1.22149080735148,0.0068336001433396,S4R,S4R,0.1912,benign,0.8280099680043814,0.8088,False,4,False,False,False
urn:mavedb:00000055-a-1#3051,,,p.Ser4Met,1.12837237595236,0.0216249251822448,S4M,S4M,0.2237,benign,0.8059482123173352,0.7763,False,4,False,False,False
urn:mavedb:00000055-a-1#3052,,,p.Ser4Asp,0.744934054338739,0.0659484073599291,S4D,S4D,0.139,benign,0.8574390312387407,0.861,False,4,False,False,False
urn:mavedb:00000055-a-1#3053,,,p.Ser4Asn,1.05494851446704,0.0248206295525741,S4N,S4N,0.1245,benign,0.8644180954843265,0.8755,False,4,False,False,False
urn:mavedb:00000055-a-1#3054,,,p.Ser4Leu,0.8834997163049421,0.0155494008252864,S4L,S4L,0.1446,benign,0.854611369855055,0.8553999999999999,False,4,False,False,False
urn:mavedb:00000055-a-1#3055,,,p.Ser4Phe,0.8224176051713441,0.0010460651595639,S4F,S4F,0.1615,benign,0.845612285745045,0.8385,False,4,False,False,False
urn:mavedb:00000055-a-1#3056,,,p.Ser4Val,0.786605838557211,0.0331940436421845,S4V,S4V,0.1264,benign,0.863531151267303,0.8735999999999999,False,4,False,False,False
urn:mavedb:00000055-a-1#3057,,,p.Val16Ser,0.0060081141152795,0.0113096586145271,V16S,V16S,0.7763,pathogenic,0.19405178768266484,0.2237,False,16,False,False,False
urn:mavedb:00000055-a-1#3058,,,p.Val16Tyr,0.0151527818409877,0.0001192274590225,V16Y,V16Y,0.956,pathogenic,0.10479398382776009,0.04400000000000004,False,16,False,False,False
urn:mavedb:00000055-a-1#3059,,,p.Ser4His,0.723390236498956,0.102486741926889,S4H,S4H,0.1871,benign,0.8305809796040714,0.8129,False,4,False,False,False
urn:mavedb:00000055-a-1#3060,,,p.Ser4Thr,0.9624296827086372,0.0585548614401876,S4T,S4T,0.084,benign,0.8814748360428913,0.916,False,4,False,False,False
urn:mavedb:00000055-a-1#3061,,,p.Ser4Trp,0.500057113408655,0.0111514284632181,S4W,S4W,0.2094,benign,0.8160293797814667,0.7906,False,4,False,False,False
urn:mavedb:00000055-a-1#3062,,,p.Ala3Pro,0.982283562999227,0.0233789369295425,A3P,A3P,0.0921,benign,0.8783339988390788,0.9079,False,3,False,False,False
urn:mavedb:00000055-a-1#3063,,,p.Ala3His,0.8733817030025509,0.0161536093619738,A3H,A3H,0.2253,benign,0.8047828641732085,0.7746999999999999,False,3,False,False,False
urn:mavedb:00000055-a-1#3064,,,p.Ala3Gly,0.808070106577408,0.0223819102730933,A3G,A3G,0.0875,benign,0.8801334836991603,0.9125,False,3,False,False,False
urn:mavedb:00000055-a-1#3065,,,p.Ala3Asp,1.1185350461989798,0.0276630167436289,A3D,A3D,0.109,benign,0.8713541845993905,0.891,False,3,False,False,False
urn:mavedb:00000055-a-1#3066,,,p.Ala3Glu,1.26357724902663,0.0013082500101633,A3E,A3E,0.132,benign,0.8608690550527652,0.868,False,3,False,False,False
urn:mavedb:00000055-a-1#3068,,,p.Ala3Tyr,0.368522765625541,0.0050983929550752,A3Y,A3Y,0.2294,benign,0.8017619140373919,0.7706,False,3,False,False,False
urn:mavedb:00000055-a-1#3069,,,p.Ala3Cys,0.5339194950992641,0.0263752738393678,A3C,A3C,0.2386,benign,0.7947998563803518,0.7614,False,3,False,False,False
urn:mavedb:00000055-a-1#3070,,,p.Ala3Gln,0.8365934499110909,0.0742450049129246,A3Q,A3Q,0.1862,benign,0.831139168383656,0.8138,False,3,False,False,False
urn:mavedb:00000055-a-1#3071,,,p.Ala3Thr,1.22611018709347,0.0047160411560357,A3T,A3T,0.0858,benign,0.8807879750835118,0.9142,False,3,False,False,False
urn:mavedb:00000055-a-1#3072,,,p.Ala3Asn,0.8689698856032378,0.0441281386600795,A3N,A3N,0.1543,benign,0.8495331346050605,0.8457,False,3,False,False,False
urn:mavedb:00000055-a-1#3073,,,p.Ala3Lys,0.135147322878408,0.0409622294569179,A3K,A3K,0.2218,benign,0.8073222181158706,0.7782,False,3,False,False,False
urn:mavedb:00000055-a-1#3074,,,p.Ala3Phe,0.277562047155563,0.0179665686329529,A3F,A3F,0.1894,benign,0.8291444052277422,0.8106,False,3,False,False,False
urn:mavedb:00000055-a-1#3075,,,p.Ala3Ser,1.23736922093382,0.0185039361267592,A3S,A3S,0.0789,benign,0.8833871007634441,0.9211,False,3,False,False,False
urn:mavedb:00000055-a-1#3076,,,p.Ala3Met,0.591324214664619,0.0062082940441176,A3M,A3M,0.2939,benign,0.7474744765604004,0.7061,False,3,False,False,False
urn:mavedb:00000055-a-1#3077,,,p.Ala3Arg,0.0414114087907653,0.0066774583819877,A3R,A3R,0.1597,benign,0.8466047856314178,0.8403,False,3,False,False,False
urn:mavedb:00000055-a-1#3078,,,p.Ala3Val,0.0525820262837775,0.0100935288195201,A3V,A3V,0.1257,benign,0.8638588719573201,0.8743,False,3,False,False,False
urn:mavedb:00000055-a-1#3079,,,p.Ala3Leu,0.171559285321077,0.0267608814675959,A3L,A3L,0.1491,benign,0.8522842310394373,0.8509,False,3,False,False,False
urn:mavedb:00000055-a-1#3080,,,p.Ala3Ile,0.0232093292924535,0.0137729028128297,A3I,A3I,0.2148,benign,0.8122926784759841,0.7852,False,3,False,False,False
urn:mavedb:00000055-a-1#3082,,,p.Thr2Arg,1.01163092858179,0.0130987336406501,T2R,T2R,0.1266,benign,0.8634373123246475,0.8734,False,2,False,False,False
urn:mavedb:00000055-a-1#3083,,,p.Thr2Trp,1.2101232593475602,0.0144959902770121,T2W,T2W,0.424,ambiguous,0.6008583533594553,0.5760000000000001,False,2,False,False,False
urn:mavedb:00000055-a-1#3084,,,p.Thr2Tyr,1.2622825508488,0.0083435634339603,T2Y,T2Y,0.2297,benign,0.8015389000088525,0.7703,False,2,False,False,False
urn:mavedb:00000055-a-1#3085,,,p.Thr2Gly,0.371464106180586,0.0311932086305229,T2G,T2G,0.1427,benign,0.8555791886798634,0.8573,False,2,False,False,False
urn:mavedb:00000055-a-1#3086,,,p.Thr2Ile,0.8585827920318921,0.018128870812535,T2I,T2I,0.1916,benign,0.827756654658793,0.8084,False,2,False,False,False
urn:mavedb:00000055-a-1#3087,,,p.Thr2Phe,1.22401210863429,0.0236555815819411,T2F,T2F,0.188,benign,0.8300205721099665,0.812,False,2,False,False,False
urn:mavedb:00000055-a-1#3088,,,p.Thr2Met,1.20314891943047,0.0300309736189546,T2M,T2M,0.1838,benign,0.8326168633050923,0.8162,False,2,False,False,False
urn:mavedb:00000055-a-1#3089,,,p.Thr2Ala,1.29110300716396,0.0271172207279689,T2A,T2A,0.0775,benign,0.8839033840773514,0.9225,False,2,False,False,False
urn:mavedb:00000055-a-1#3090,,,p.Thr2His,1.1981131308405,0.0337343893833651,T2H,T2H,0.1984,benign,0.8233821713291367,0.8016,False,2,False,False,False
urn:mavedb:00000055-a-1#3091,,,p.Thr2Asn,1.03976436852764,0.0174106530245853,T2N,T2N,0.1131,benign,0.8695705440740815,0.8869,False,2,False,False,False
urn:mavedb:00000055-a-1#3092,,,p.Thr2Gln,1.26379003451938,0.00203781446736,T2Q,T2Q,0.1755,benign,0.8376072383640657,0.8245,False,2,False,False,False
urn:mavedb:00000055-a-1#3093,,,p.Thr2Ser,1.2467637647994498,0.0732107272830921,T2S,T2S,0.0979,benign,0.8760047756600491,0.9021,False,2,False,False,False
urn:mavedb:00000055-a-1#3095,,,p.Thr2Pro,0.636496358124052,0.0121028971295982,T2P,T2P,0.08,benign,0.8829788493505747,0.92,False,2,False,False,False
urn:mavedb:00000055-a-1#3096,,,p.Thr2Lys,0.8771205852302719,0.0328286947710373,T2K,T2K,0.163,benign,0.844778889571476,0.837,False,2,False,False,False
urn:mavedb:00000055-a-1#3097,,,p.Thr2Glu,1.23342548612392,0.0057862060910398,T2E,T2E,0.1622,benign,0.8452240835104848,0.8378,False,2,False,False,False
urn:mavedb:00000055-a-1#3098,,,p.Thr2Val,0.0306578950739552,0.0050904398377765,T2V,T2V,0.1711,benign,0.8401782542395487,0.8289,False,2,False,False,False
urn:mavedb:00000055-a-1#3099,,,p.Thr2Asp,1.27198781882604,0.01002994208025,T2D,T2D,0.1917,benign,0.8276932570911605,0.8083,False,2,False,False,False
