accession,hgvs_nt,hgvs_splice,hgvs_pro,score,lower_ci,upper_ci,variant_1letter,protein_variant,am_pathogenicity,am_class,a2a_prediction,raw_inverted,is_failure_case_raw,position,near_functional_site,is_failure_case,near_raw_uniprot_site
urn:mavedb:00000078-b-1#3,,,p.His163Tyr,0.9373307341081388,0.870835859566938,1.00382560864934,H163Y,H163Y,0.0698,benign,0.8866776191853579,0.9302,False,163,False,False,False
urn:mavedb:00000078-b-1#5,,,p.His163Val,0.869242754848698,0.7203560159746529,1.01812949372274,H163V,H163V,0.1874,benign,0.8303944238790447,0.8126,False,163,False,False,False
urn:mavedb:00000078-b-1#6,,,p.His163Arg,0.9364542033923432,0.8389116062287449,1.03399680055594,H163R,H163R,0.0753,benign,0.8847072463370033,0.9247,False,163,False,False,False
urn:mavedb:00000078-b-1#7,,,p.His163Gln,0.670591815624708,0.547860883538138,0.7933227477112779,H163Q,H163Q,0.1079,benign,0.8718266008805168,0.8921,False,163,False,False,False
urn:mavedb:00000078-b-1#8,,,p.His163Asn,1.01719753564109,0.705487194730795,1.3289078765513898,H163N,H163N,0.0832,benign,0.8817780955331757,0.9168000000000001,False,163,False,False,False
urn:mavedb:00000078-b-1#9,,,p.His163Leu,0.9242353067364408,0.7563278859262629,1.09214272754662,H163L,H163L,0.1257,benign,0.8638588719573201,0.8743,False,163,False,False,False
urn:mavedb:00000078-b-1#10,,,p.His163Lys,1.0619036301724698,0.978410706667796,1.1453965536771498,H163K,H163K,0.1517,benign,0.8509170495101515,0.8483,False,163,False,False,False
urn:mavedb:00000078-b-1#11,,,p.His163Asp,0.930061856267412,0.572535031682678,1.28758868085214,H163D,H163D,0.0953,benign,0.8770573148956027,0.9047000000000001,False,163,False,False,False
urn:mavedb:00000078-b-1#12,,,p.His163Gly,1.11772737643797,1.0087469348759202,1.22670781800003,H163G,H163G,0.1502,benign,0.8517078413924035,0.8498,False,163,False,False,False
urn:mavedb:00000078-b-1#13,,,p.His163Phe,0.537755533447927,0.0993463915947913,0.976164675301062,H163F,H163F,0.1789,benign,0.8355853521459916,0.8210999999999999,False,163,False,False,False
urn:mavedb:00000078-b-1#14,,,p.His163Glu,1.17639427940234,0.9680266932008,1.38476186560388,H163E,H163E,0.1346,benign,0.859608454378399,0.8654,False,163,False,False,False
urn:mavedb:00000078-b-1#15,,,p.His163Cys,1.05724582437004,0.942029080091843,1.17246256864825,H163C,H163C,0.1166,benign,0.8680191452548713,0.8834,False,163,False,False,False
urn:mavedb:00000078-b-1#16,,,p.Arg162Gln,0.78938253280854,0.4342250472352609,1.14454001838182,R162Q,R162Q,0.0731,benign,0.8855020882425,0.9269000000000001,False,162,False,False,False
urn:mavedb:00000078-b-1#17,,,p.Arg162Tyr,0.956765154656192,0.8490048760749291,1.06452543323745,R162Y,R162Y,0.1637,benign,0.8443879994689313,0.8363,False,162,False,False,False
urn:mavedb:00000078-b-1#19,,,p.Arg162Val,1.01407220504737,0.883209513993324,1.1449348961014298,R162V,R162V,0.1017,benign,0.8744415694415527,0.8983,False,162,False,False,False
urn:mavedb:00000078-b-1#20,,,p.Arg162Thr,0.8473547843924091,0.678295478615254,1.01641409016956,R162T,R162T,0.08,benign,0.8829788493505747,0.92,False,162,False,False,False
urn:mavedb:00000078-b-1#21,,,p.Arg162Ser,0.8050623974792009,0.546671402934192,1.06345339202421,R162S,R162S,0.1132,benign,0.8695265881702268,0.8868,False,162,False,False,False
urn:mavedb:00000078-b-1#23,,,p.Arg162Ile,0.886984953406896,0.72578576984332,1.04818413697047,R162I,R162I,0.1004,benign,0.8749796974974359,0.8996,False,162,False,False,False
urn:mavedb:00000078-b-1#24,,,p.Arg162Pro,1.18447821620659,1.02169654641663,1.34725988599655,R162P,R162P,0.1002,benign,0.8750621765521966,0.8998,False,162,False,False,False
urn:mavedb:00000078-b-1#25,,,p.Arg162Asn,0.921871749992775,0.816709771449928,1.02703372853562,R162N,R162N,0.1611,benign,0.8458335541051787,0.8389,False,162,False,False,False
urn:mavedb:00000078-b-1#26,,,p.Arg162Lys,0.932250035669737,0.801289712587186,1.06321035875229,R162K,R162K,0.0714,benign,0.8861101585498633,0.9286,False,162,False,False,False
urn:mavedb:00000078-b-1#27,,,p.Arg162Asp,0.9838922276777652,0.8642391598154441,1.10354529554009,R162D,R162D,0.1384,benign,0.8577375534581535,0.8616,False,162,False,False,False
urn:mavedb:00000078-b-1#28,,,p.Arg162His,0.6943497145288811,0.465706436384684,0.922992992673078,R162H,R162H,0.0945,benign,0.8773784167190467,0.9055,False,162,False,False,False
urn:mavedb:00000078-b-1#29,,,p.Arg162Gly,0.8922116906989291,0.8010117286405981,0.98341165275726,R162G,R162G,0.0512,benign,0.8929404042740232,0.9488,False,162,False,False,False
urn:mavedb:00000078-b-1#30,,,p.Arg162Glu,0.881128344988314,0.6587291676573089,1.1035275223193202,R162E,R162E,0.0929,benign,0.8780167545969599,0.9071,False,162,False,False,False
urn:mavedb:00000078-b-1#31,,,p.Arg162Cys,0.928192342460596,0.6632576870298199,1.19312699789137,R162C,R162C,0.1263,benign,0.8635780366377401,0.8737,False,162,False,False,False
urn:mavedb:00000078-b-1#32,,,p.Arg162Ala,0.919287883837571,0.8158342468958292,1.02274152077931,R162A,R162A,0.0927,benign,0.8780961856633883,0.9073,False,162,False,False,False
urn:mavedb:00000078-b-1#33,,,p.Lys161Gln,0.364778238741954,0.2150764396385389,0.514480037845369,K161Q,K161Q,0.1029,benign,0.8739417262156245,0.8971,False,161,False,False,False
urn:mavedb:00000078-b-1#34,,,p.Lys161Tyr,0.274812101539132,0.0820938295450861,0.467530373533177,K161Y,K161Y,0.4192,ambiguous,0.60699261420073,0.5808,False,161,False,False,False
urn:mavedb:00000078-b-1#36,,,p.Lys161Trp,0.30953084926933,0.161172577431946,0.4578891211067141,K161W,K161W,0.4134,ambiguous,0.6143488053610713,0.5866,False,161,False,False,False
urn:mavedb:00000078-b-1#37,,,p.Lys161Val,0.424621571897281,0.231921349283719,0.617321794510842,K161V,K161V,0.1834,benign,0.8328616221511427,0.8166,False,161,False,False,False
urn:mavedb:00000078-b-1#38,,,p.Lys161Thr,0.352925414074045,0.162524810785241,0.5433260173628489,K161T,K161T,0.1198,benign,0.8665772147935451,0.8802,False,161,False,False,False
urn:mavedb:00000078-b-1#39,,,p.Lys161Ser,0.347593091440764,0.291624627592182,0.403561555289346,K161S,K161S,0.1964,benign,0.8246822032504036,0.8036,False,161,False,False,False
urn:mavedb:00000078-b-1#40,,,p.Lys161Arg,0.3451940874885999,0.273839512328246,0.416548662648955,K161R,K161R,0.0644,benign,0.8885585661965182,0.9356,False,161,False,False,False
urn:mavedb:00000078-b-1#41,,,p.Lys161Leu,0.289468517645905,0.197932249802956,0.381004785488854,K161L,K161L,0.2002,benign,0.822202517391532,0.7998000000000001,False,161,False,False,False
urn:mavedb:00000078-b-1#42,,,p.Lys161Pro,0.293249343233846,0.150453288989421,0.436045397478271,K161P,K161P,0.1903,benign,0.828578304867724,0.8097,False,161,False,False,False
urn:mavedb:00000078-b-1#43,,,p.Lys161Asn,0.360558628306481,0.14992967880575,0.5711875778072121,K161N,K161N,0.2699,benign,0.7691786110326272,0.7301,False,161,False,False,False
urn:mavedb:00000078-b-1#44,,,p.Lys161Met,0.613648683007388,0.451614742829748,0.775682623185029,K161M,K161M,0.1912,benign,0.8280099680043814,0.8088,False,161,False,False,False
urn:mavedb:00000078-b-1#45,,,p.Lys161Phe,0.283649862971536,0.1493935760071059,0.417906149935966,K161F,K161F,0.4828,ambiguous,0.5231994137102146,0.5172,False,161,False,False,False
urn:mavedb:00000078-b-1#46,,,p.Lys161Ile,0.359710124587332,0.15948861757846,0.559931631596203,K161I,K161I,0.2303,benign,0.8010920643710021,0.7697,False,161,False,False,False
urn:mavedb:00000078-b-1#47,,,p.Lys161His,1.03164190104104,0.95124922138689,1.1120345806952,K161H,K161H,0.2467,benign,0.7884581249193096,0.7533,False,161,False,False,False
urn:mavedb:00000078-b-1#48,,,p.Lys161Gly,0.2326205482303069,0.106337728005139,0.358903368455474,K161G,K161G,0.1376,benign,0.8581342563089563,0.8624,False,161,False,False,False
urn:mavedb:00000078-b-1#49,,,p.Lys161Ala,0.439665265038844,0.270797050811292,0.608533479266397,K161A,K161A,0.1444,benign,0.8547136558489048,0.8556,False,161,False,False,False
urn:mavedb:00000078-b-1#50,,,p.Lys161Glu,0.3930781101413661,0.119476683728495,0.6666795365542371,K161E,K161E,0.0899,benign,0.8791998447604973,0.9101,False,161,False,False,False
urn:mavedb:00000078-b-1#51,,,p.Lys161Asp,0.173406700124284,0.0134956154980595,0.333317784750508,K161D,K161D,0.2638,benign,0.7744091804868339,0.7362,False,161,False,False,False
urn:mavedb:00000078-b-1#52,,,p.Lys161Cys,0.4062712253533049,0.259200382176089,0.553342068530521,K161C,K161C,0.485,ambiguous,0.5202363423126201,0.515,False,161,False,False,False
urn:mavedb:00000078-b-1#53,,,p.Ala160Asp,0.9114038788859492,0.797079909096991,1.02572784867491,A160D,A160D,0.0832,benign,0.8817780955331757,0.9168000000000001,False,160,False,False,False
urn:mavedb:00000078-b-1#54,,,p.Ala160Tyr,0.933042360625285,0.7393991502595308,1.12668557099104,A160Y,A160Y,0.1835,benign,0.8328004731565422,0.8165,False,160,False,False,False
urn:mavedb:00000078-b-1#55,,,p.Ala160Trp,1.01498969005309,0.8633708461099521,1.16660853399622,A160W,A160W,0.265,benign,0.7733893492707987,0.735,False,160,False,False,False
urn:mavedb:00000078-b-1#56,,,p.Ala160Val,0.992430150826655,0.9234961767530993,1.06136412490021,A160V,A160V,0.0695,benign,0.88678349811239,0.9305,False,160,False,False,False
urn:mavedb:00000078-b-1#57,,,p.Ala160Thr,1.02645657683411,0.8843620855818739,1.1685510680863402,A160T,A160T,0.0714,benign,0.8861101585498633,0.9286,False,160,False,False,False
urn:mavedb:00000078-b-1#58,,,p.Ala160Ser,0.953053689226418,0.828336173379443,1.07777120507339,A160S,A160S,0.0797,benign,0.8830904182652821,0.9203,False,160,False,False,False
urn:mavedb:00000078-b-1#59,,,p.Ala160Arg,0.954377256301463,0.865892694656489,1.04286181794644,A160R,A160R,0.1063,benign,0.8725091682482572,0.8936999999999999,False,160,False,False,False
urn:mavedb:00000078-b-1#60,,,p.Ala160Gln,0.888867350514613,0.686774873637885,1.09095982739134,A160Q,A160Q,0.1098,benign,0.8710089892123949,0.8902,False,160,False,False,False
urn:mavedb:00000078-b-1#61,,,p.Ala160Pro,0.863501536996263,0.72896496903982,0.998038104952706,A160P,A160P,0.0815,benign,0.8824184348548791,0.9185,False,160,False,False,False
urn:mavedb:00000078-b-1#62,,,p.Ala160Asn,0.789043145032038,0.6936866427285879,0.8843996473354879,A160N,A160N,0.1139,benign,0.8692182898397864,0.8861,False,160,False,False,False
urn:mavedb:00000078-b-1#63,,,p.Ala160Met,1.03753951895567,0.9634152507638852,1.11166378714746,A160M,A160M,0.1267,benign,0.8633903587362585,0.8733,False,160,False,False,False
urn:mavedb:00000078-b-1#64,,,p.Ala160Leu,1.00788306132022,0.8645507142247991,1.1512154084156498,A160L,A160L,0.1032,benign,0.8738162972724695,0.8968,False,160,False,False,False
urn:mavedb:00000078-b-1#65,,,p.Ala160Lys,0.643630779418218,0.214636636487018,1.07262492234942,A160K,A160K,0.1192,benign,0.866849300120944,0.8808,False,160,False,False,False
urn:mavedb:00000078-b-1#66,,,p.Ala160Ile,1.05707447852685,0.96181135987218,1.15233759718152,A160I,A160I,0.1174,benign,0.8676607790397125,0.8826,False,160,False,False,False
urn:mavedb:00000078-b-1#67,,,p.Ala160His,1.05427536846228,0.929903466033846,1.17864727089071,A160H,A160H,0.173,benign,0.8390743118229625,0.827,False,160,False,False,False
urn:mavedb:00000078-b-1#68,,,p.Ala160Gly,0.8390777081975791,0.7761212808580601,0.9020341355370992,A160G,A160G,0.069,benign,0.8869595993554247,0.931,False,160,False,False,False
urn:mavedb:00000078-b-1#69,,,p.Ala160Phe,1.04979402539099,0.923356141030742,1.17623190975124,A160F,A160F,0.1531,benign,0.8501739526421366,0.8469,False,160,False,False,False
urn:mavedb:00000078-b-1#70,,,p.Ala160Glu,1.1030946333716298,0.9304874797206693,1.27570178702259,A160E,A160E,0.0703,benign,0.8865007900022842,0.9297,False,160,False,False,False
urn:mavedb:00000078-b-1#71,,,p.Ala160Cys,0.9898163037157222,0.88136090161513,1.09827170581631,A160C,A160C,0.2711,benign,0.7681360274039798,0.7289,False,160,False,False,False
urn:mavedb:00000078-b-1#73,,,p.Lys159Tyr,0.3994115715065621,0.1890884608944329,0.60973468211869,K159Y,K159Y,0.4061,ambiguous,0.6235149821991773,0.5939,False,159,False,False,False
urn:mavedb:00000078-b-1#74,,,p.Lys159His,0.41758865065956,-0.192626670317551,1.02780397163667,K159H,K159H,0.2256,benign,0.8045635157137163,0.7744,False,159,False,False,False
urn:mavedb:00000078-b-1#76,,,p.Lys159Trp,0.3662729351453189,0.0154401758078779,0.7171056944827591,K159W,K159W,0.4482,ambiguous,0.5693724680332132,0.5518000000000001,False,159,False,False,False
urn:mavedb:00000078-b-1#77,,,p.Lys159Val,0.2913457272838889,0.233155477905531,0.3495359766622461,K159V,K159V,0.1723,benign,0.839482132760936,0.8277,False,159,False,False,False
urn:mavedb:00000078-b-1#78,,,p.Lys159Thr,0.3915996848546149,0.135785099309119,0.647414270400112,K159T,K159T,0.1078,benign,0.8718694202508966,0.8922,False,159,False,False,False
urn:mavedb:00000078-b-1#79,,,p.Lys159Ser,0.264868994444055,0.1659132483742789,0.363824740513831,K159S,K159S,0.2041,benign,0.8196151362919062,0.7959,False,159,False,False,False
urn:mavedb:00000078-b-1#80,,,p.Lys159Arg,0.477632647760512,0.3551491629180129,0.6001161326030121,K159R,K159R,0.0715,benign,0.88607453675133,0.9285,False,159,False,False,False
urn:mavedb:00000078-b-1#81,,,p.Lys159Gln,0.284467773533468,0.2029920575447389,0.365943489522198,K159Q,K159Q,0.1086,benign,0.8715262702896942,0.8914,False,159,False,False,False
urn:mavedb:00000078-b-1#82,,,p.Lys159Pro,0.312677754154045,0.225912404733045,0.399443103575045,K159P,K159P,0.1989,benign,0.8230554061031614,0.8011,False,159,False,False,False
urn:mavedb:00000078-b-1#83,,,p.Lys159Asn,0.321356255548971,0.237845918556428,0.404866592541515,K159N,K159N,0.2302,benign,0.8011666117841914,0.7698,False,159,False,False,False
urn:mavedb:00000078-b-1#84,,,p.Lys159Met,0.0644940530966649,-0.081131972797648,0.210120078990978,K159M,K159M,0.153,benign,0.8502271923470283,0.847,False,159,False,False,False
urn:mavedb:00000078-b-1#85,,,p.Lys159Leu,0.392761724326326,0.220688163768454,0.564835284884198,K159L,K159L,0.1811,benign,0.8342605746874578,0.8189,False,159,False,False,False
urn:mavedb:00000078-b-1#86,,,p.Lys159Ile,0.32844109554774,0.130133891119693,0.526748299975786,K159I,K159I,0.191,benign,0.8281364586168133,0.8089999999999999,False,159,False,False,False
urn:mavedb:00000078-b-1#87,,,p.Lys159Asp,0.3170746198539069,0.229231783352368,0.4049174563554461,K159D,K159D,0.2517,benign,0.7844434265999216,0.7483,False,159,False,False,False
urn:mavedb:00000078-b-1#88,,,p.Lys159Gly,0.31087737494218,0.197075425069607,0.4246793248147521,K159G,K159G,0.1793,benign,0.835345450984502,0.8207,False,159,False,False,False
urn:mavedb:00000078-b-1#89,,,p.Lys159Phe,0.253738697760513,0.1592636889482659,0.34821370657276,K159F,K159F,0.4753,ambiguous,0.5332841033920354,0.5246999999999999,False,159,False,False,False
urn:mavedb:00000078-b-1#90,,,p.Lys159Glu,0.320376287042391,0.203947359859745,0.436805214225036,K159E,K159E,0.0882,benign,0.879862343278494,0.9117999999999999,False,159,False,False,False
urn:mavedb:00000078-b-1#91,,,p.Lys159Cys,0.546849634307746,-0.0408375525840585,1.13453682119955,K159C,K159C,0.4968,ambiguous,0.504319867294492,0.5032,False,159,False,False,False
urn:mavedb:00000078-b-1#92,,,p.Lys159Ala,0.484067658404011,0.0437057475595079,0.924429569248514,K159A,K159A,0.1557,benign,0.848780970415995,0.8443,False,159,False,False,False
urn:mavedb:00000078-b-1#93,,,p.Gly158Leu,1.01517291595952,0.971635578571703,1.05871025334733,G158L,G158L,0.1563,benign,0.8484571116038967,0.8437,False,158,False,False,False
urn:mavedb:00000078-b-1#94,,,p.Gly158Tyr,1.08568871490643,1.00275266758115,1.1686247622317,G158Y,G158Y,0.1396,benign,0.8571396541700818,0.8604,False,158,False,False,False
urn:mavedb:00000078-b-1#96,,,p.Gly158Trp,1.0338478822927,0.939629423454744,1.12806634113065,G158W,G158W,0.1225,benign,0.865342916787373,0.8775,False,158,False,False,False
urn:mavedb:00000078-b-1#97,,,p.Gly158Val,0.913690321345938,0.8368803221944541,0.990500320497423,G158V,G158V,0.0797,benign,0.8830904182652821,0.9203,False,158,False,False,False
urn:mavedb:00000078-b-1#98,,,p.Gly158Thr,0.855801840927203,0.731958741224792,0.979644940629614,G158T,G158T,0.0931,benign,0.8779372434200999,0.9069,False,158,False,False,False
urn:mavedb:00000078-b-1#99,,,p.Gly158Ser,1.01768752601283,0.9339596483130648,1.10141540371259,G158S,G158S,0.0801,benign,0.8829416217127929,0.9198999999999999,False,158,False,False,False
urn:mavedb:00000078-b-1#100,,,p.Gly158Arg,1.03455875914199,0.9559979414305608,1.11311957685341,G158R,G158R,0.0897,benign,0.8792780818314402,0.9103,False,158,False,False,False
urn:mavedb:00000078-b-1#101,,,p.Gly158Gln,0.8044382262968691,0.54009761895806,1.06877883363568,G158Q,G158Q,0.1099,benign,0.8709657436307433,0.8901,False,158,False,False,False
urn:mavedb:00000078-b-1#102,,,p.Gly158Pro,0.984247418174703,0.9014510558973609,1.06704378045204,G158P,G158P,0.1953,benign,0.8253924403529096,0.8047,False,158,False,False,False
urn:mavedb:00000078-b-1#103,,,p.Gly158Asn,0.856548863277715,0.6568901158544029,1.05620761070103,G158N,G158N,0.1198,benign,0.8665772147935451,0.8802,False,158,False,False,False
urn:mavedb:00000078-b-1#104,,,p.Gly158Met,1.08170915139961,0.977600901133509,1.18581740166571,G158M,G158M,0.2165,benign,0.8110987659853891,0.7835,False,158,False,False,False
urn:mavedb:00000078-b-1#106,,,p.Gly158Lys,1.03798254506248,0.909403797796008,1.16656129232895,G158K,G158K,0.1279,benign,0.8628251384357257,0.8721,False,158,False,False,False
urn:mavedb:00000078-b-1#107,,,p.Gly158Ile,0.92131582468307,0.6995114586153871,1.14312019075075,G158I,G158I,0.1249,benign,0.864232049573148,0.8751,False,158,False,False,False
urn:mavedb:00000078-b-1#108,,,p.Gly158His,1.01234654070803,0.8420461189609342,1.18264696245512,G158H,G158H,0.1148,benign,0.8688203421026145,0.8852,False,158,False,False,False
urn:mavedb:00000078-b-1#109,,,p.Gly158Cys,0.832637517897312,0.717622872618489,0.947652163176135,G158C,G158C,0.1119,benign,0.8700963281917391,0.8881,False,158,False,False,False
urn:mavedb:00000078-b-1#110,,,p.Gly158Phe,0.901809723188548,0.66476218921162,1.13885725716548,G158F,G158F,0.2178,benign,0.8101800748436301,0.7822,False,158,False,False,False
urn:mavedb:00000078-b-1#111,,,p.Gly158Glu,0.937354564248396,0.7955386913245159,1.07917043717228,G158E,G158E,0.0711,benign,0.8862169139732616,0.9289000000000001,False,158,False,False,False
urn:mavedb:00000078-b-1#112,,,p.Gly158Asp,0.938843539937213,0.8656519429072841,1.01203513696714,G158D,G158D,0.0718,benign,0.8859675612750539,0.9282,False,158,False,False,False
urn:mavedb:00000078-b-1#113,,,p.Gly158Ala,1.0638747898994698,1.0097705212976,1.11797905850133,G158A,G158A,0.0782,benign,0.8836457045827616,0.9218,False,158,False,False,False
urn:mavedb:00000078-b-1#114,,,p.Gln157Thr,0.894716891872188,0.724484671243204,1.06494911250117,Q157T,Q157T,0.091,benign,0.8787681242964869,0.909,False,157,False,False,False
urn:mavedb:00000078-b-1#115,,,p.Gln157Tyr,0.888958337223468,0.6417477530176899,1.13616892142925,Q157Y,Q157Y,0.1874,benign,0.8303944238790447,0.8126,False,157,False,False,False
urn:mavedb:00000078-b-1#117,,,p.Gln157Trp,0.868564513238149,0.37235720624568,1.3647718202306205,Q157W,Q157W,0.1563,benign,0.8484571116038967,0.8437,False,157,False,False,False
urn:mavedb:00000078-b-1#118,,,p.Gln157Val,0.882430218776135,0.75341588361094,1.01144455394133,Q157V,Q157V,0.1047,benign,0.8731863328561332,0.8953,False,157,False,False,False
urn:mavedb:00000078-b-1#119,,,p.Gln157Asp,1.02828798046616,0.911581644043084,1.14499431688924,Q157D,Q157D,0.1333,benign,0.860240722557629,0.8667,False,157,False,False,False
urn:mavedb:00000078-b-1#120,,,p.Gln157Ser,0.94990475764967,0.75894694945381,1.14086256584553,Q157S,Q157S,0.0983,benign,0.8758416243934651,0.9017,False,157,False,False,False
urn:mavedb:00000078-b-1#121,,,p.Gln157Arg,1.06286173283417,1.02199174392633,1.10373172174202,Q157R,Q157R,0.0601,benign,0.8900191866923161,0.9399,False,157,False,False,False
urn:mavedb:00000078-b-1#122,,,p.Gln157Pro,0.732000936510956,0.533403511244118,0.930598361777794,Q157P,Q157P,0.0548,benign,0.8917751120824597,0.9452,False,157,False,False,False
urn:mavedb:00000078-b-1#123,,,p.Gln157Asn,0.959265880549947,0.698420083109888,1.22011167799001,Q157N,Q157N,0.1557,benign,0.848780970415995,0.8443,False,157,False,False,False
urn:mavedb:00000078-b-1#124,,,p.Gln157Met,1.03942396599421,0.945749502656076,1.13309842933234,Q157M,Q157M,0.1978,benign,0.8237733607769459,0.8022,False,157,False,False,False
urn:mavedb:00000078-b-1#125,,,p.Gln157Leu,0.966244408745342,0.910705829533789,1.02178298795689,Q157L,Q157L,0.0814,benign,0.8824559293884758,0.9186,False,157,False,False,False
urn:mavedb:00000078-b-1#126,,,p.Gln157Lys,0.980149051516773,0.8368171427025709,1.12348096033097,Q157K,Q157K,0.0674,benign,0.8875200791621487,0.9326,False,157,False,False,False
urn:mavedb:00000078-b-1#127,,,p.Gln157Ile,0.8589846811602141,0.56441620595875,1.15355315636168,Q157I,Q157I,0.1619,benign,0.8453906091525273,0.8381000000000001,False,157,False,False,False
urn:mavedb:00000078-b-1#128,,,p.Gln157His,0.905280956027052,0.7606367806377421,1.04992513141636,Q157H,Q157H,0.1005,benign,0.8749384270306394,0.8995,False,157,False,False,False
urn:mavedb:00000078-b-1#129,,,p.Gln157Gly,0.897148711548228,0.8106416932016791,0.9836557298947768,Q157G,Q157G,0.0928,benign,0.8780564801399836,0.9072,False,157,False,False,False
urn:mavedb:00000078-b-1#130,,,p.Gln157Phe,0.956754777738027,0.7936690813145201,1.11984047416153,Q157F,Q157F,0.2871,benign,0.7538061865070004,0.7129,False,157,False,False,False
urn:mavedb:00000078-b-1#131,,,p.Gln157Glu,0.949135971362507,0.8697984397548371,1.02847350297018,Q157E,Q157E,0.0612,benign,0.8896486379664938,0.9388,False,157,False,False,False
urn:mavedb:00000078-b-1#132,,,p.Gln157Cys,1.05998787826299,0.946715791027871,1.1732599654981202,Q157C,Q157C,0.2573,benign,0.77985570788723,0.7427,False,157,False,False,False
urn:mavedb:00000078-b-1#133,,,p.Gln157Ala,1.07250725263995,1.00700283268637,1.13801167259353,Q157A,Q157A,0.0802,benign,0.8829043750621417,0.9198,False,157,False,False,False
urn:mavedb:00000078-b-1#134,,,p.Pro156Gly,1.06855327892682,1.02023653676066,1.11687002109299,P156G,P156G,0.1421,benign,0.8558830099839163,0.8579,False,156,False,False,False
urn:mavedb:00000078-b-1#135,,,p.Pro156Tyr,1.03987730511182,0.962001535638981,1.11775307458466,P156Y,P156Y,0.1924,benign,0.8272486979726771,0.8076,False,156,False,False,False
urn:mavedb:00000078-b-1#136,,,p.Pro156Val,1.18119505518095,1.08921651776124,1.2731735926006698,P156V,P156V,0.1088,benign,0.8714402700575742,0.8912,False,156,False,False,False
urn:mavedb:00000078-b-1#137,,,p.Pro156Thr,0.965418468962674,0.85153460161782,1.07930233630753,P156T,P156T,0.0714,benign,0.8861101585498633,0.9286,False,156,False,False,False
urn:mavedb:00000078-b-1#138,,,p.Pro156Ser,0.993625621576674,0.9301038482603148,1.05714739489303,P156S,P156S,0.0879,benign,0.8799786640756243,0.9121,False,156,False,False,False
urn:mavedb:00000078-b-1#139,,,p.Pro156Arg,1.05272791003131,0.938255785571602,1.16720003449103,P156R,P156R,0.0843,benign,0.8813607951673015,0.9157,False,156,False,False,False
urn:mavedb:00000078-b-1#141,,,p.Pro156Asn,0.94025528155062,0.8262988253104641,1.05421173779078,P156N,P156N,0.17,benign,0.8408130458974368,0.83,False,156,False,False,False
urn:mavedb:00000078-b-1#142,,,p.Pro156Met,1.18208515847595,1.12791917614852,1.2362511408033798,P156M,P156M,0.1746,benign,0.8381372914930243,0.8254,False,156,False,False,False
urn:mavedb:00000078-b-1#143,,,p.Pro156Leu,1.15573490094113,0.9724436586802392,1.33902614320202,P156L,P156L,0.0845,benign,0.8812846712103002,0.9155,False,156,False,False,False
urn:mavedb:00000078-b-1#144,,,p.Pro156Lys,1.13545884812777,1.01748634109927,1.25343135515627,P156K,P156K,0.1308,benign,0.8614455763734042,0.8692,False,156,False,False,False
urn:mavedb:00000078-b-1#145,,,p.Pro156Ile,1.28647916045546,1.20747818358198,1.36548013732894,P156I,P156I,0.1428,benign,0.8555284676974493,0.8572,False,156,False,False,False
urn:mavedb:00000078-b-1#146,,,p.Pro156His,1.0508962958193002,0.9026096543640452,1.19918293727456,P156H,P156H,0.1021,benign,0.8742752874574714,0.8979,False,156,False,False,False
urn:mavedb:00000078-b-1#147,,,p.Pro156Cys,0.9970151428999308,0.527952284271451,1.46607800152841,P156C,P156C,0.2533,benign,0.7831425088622812,0.7466999999999999,False,156,False,False,False
urn:mavedb:00000078-b-1#148,,,p.Pro156Phe,1.20219575229317,1.07287610043259,1.33151540415375,P156F,P156F,0.202,benign,0.8210137060371843,0.798,False,156,False,False,False
urn:mavedb:00000078-b-1#149,,,p.Pro156Glu,1.0687326890948,0.998115397585913,1.1393499806036798,P156E,P156E,0.1248,benign,0.8642785949455831,0.8752,False,156,False,False,False
urn:mavedb:00000078-b-1#150,,,p.Pro156Asp,0.990463974217746,0.866049526418724,1.11487842201677,P156D,P156D,0.1811,benign,0.8342605746874578,0.8189,False,156,False,False,False
urn:mavedb:00000078-b-1#151,,,p.Pro156Ala,1.08288953103958,0.983380493616485,1.18239856846268,P156A,P156A,0.0709,benign,0.8862879926894768,0.9291,False,156,False,False,False
urn:mavedb:00000078-b-1#154,,,p.Glu155Val,1.11682769994373,0.9853964934464052,1.24825890644105,E155V,E155V,0.0866,benign,0.8804806821723021,0.9134,False,155,False,False,False
urn:mavedb:00000078-b-1#155,,,p.Glu155Thr,0.9458579486614358,0.8560919358344351,1.03562396148844,E155T,E155T,0.1056,benign,0.872806090607042,0.8944,False,155,False,False,False
urn:mavedb:00000078-b-1#156,,,p.Glu155Ser,0.5569164615958361,0.52354088297147,0.5902920402202021,E155S,E155S,0.1085,benign,0.8715692384661906,0.8915,False,155,False,False,False
urn:mavedb:00000078-b-1#157,,,p.Glu155Arg,0.865927531646353,0.5163625208719871,1.21549254242072,E155R,E155R,0.0984,benign,0.8758007854464573,0.9016,False,155,False,False,False
urn:mavedb:00000078-b-1#158,,,p.Glu155Asn,0.985954279949378,0.873259085906492,1.09864947399226,E155N,E155N,0.1449,benign,0.8544577593997628,0.8551,False,155,False,False,False
urn:mavedb:00000078-b-1#159,,,p.Glu155Met,0.978996136774991,0.9108243637588428,1.04716790979114,E155M,E155M,0.203,benign,0.8203492847713191,0.7969999999999999,False,155,False,False,False
urn:mavedb:00000078-b-1#160,,,p.Glu155Ile,1.07666588978179,0.935460255667237,1.2178715238963402,E155I,E155I,0.1484,benign,0.8526494772029786,0.8516,False,155,False,False,False
urn:mavedb:00000078-b-1#161,,,p.Tyr139Trp,1.1346330105516298,1.01135338064172,1.2579126404615402,Y139W,Y139W,0.625,pathogenic,0.33873917074214627,0.375,True,139,False,True,True
urn:mavedb:00000078-b-1#162,,,p.Tyr139Val,1.14429407231981,1.03796128106584,1.25062686357379,Y139V,Y139V,0.8323,pathogenic,0.15786987860555898,0.16769999999999996,True,139,False,True,True
urn:mavedb:00000078-b-1#163,,,p.Tyr139Thr,1.30907190376846,1.1192078173384,1.49893599019853,Y139T,Y139T,0.916,pathogenic,0.11852516395710867,0.08399999999999996,True,139,False,True,True
urn:mavedb:00000078-b-1#164,,,p.Tyr139Ser,1.04941484107814,0.969449670980218,1.12938001117606,Y139S,Y139S,0.7206,pathogenic,0.23919797374160617,0.2794,True,139,False,True,True
urn:mavedb:00000078-b-1#165,,,p.Tyr139Arg,0.0941841705546939,-0.104470249278616,0.292838590388003,Y139R,Y139R,0.9651,pathogenic,0.10205082763714113,0.03490000000000004,False,139,False,False,True
urn:mavedb:00000078-b-1#166,,,p.Tyr139Gln,0.7951530160342529,0.565460758939594,1.0248452731289102,Y139Q,Y139Q,0.9818,pathogenic,0.09734920722125645,0.018199999999999994,False,139,False,False,True
urn:mavedb:00000078-b-1#167,,,p.Tyr139Asn,0.827702299042225,0.623383993232376,1.03202060485207,Y139N,Y139N,0.7965,pathogenic,0.17998399198110937,0.20350000000000001,True,139,False,True,True
urn:mavedb:00000078-b-1#168,,,p.Tyr139Met,1.0490418701334,0.771726869887483,1.32635687037931,Y139M,Y139M,0.9409,pathogenic,0.10964578520195054,0.05910000000000004,True,139,False,True,True
urn:mavedb:00000078-b-1#169,,,p.Tyr139Leu,1.13766671187884,1.08524865494234,1.1900847688153502,Y139L,Y139L,0.8263,pathogenic,0.1613348017868689,0.17369999999999997,True,139,False,True,True
urn:mavedb:00000078-b-1#170,,,p.Tyr139Lys,1.12182967243238,0.690944883355297,1.55271446150947,Y139K,Y139K,0.9898,pathogenic,0.09524167898920818,0.010199999999999987,True,139,False,True,True
urn:mavedb:00000078-b-1#171,,,p.Tyr139Ile,1.02479799213213,0.7904145914055029,1.25918139285876,Y139I,Y139I,0.9388,pathogenic,0.11035136203350618,0.06120000000000003,True,139,False,True,True
urn:mavedb:00000078-b-1#172,,,p.Tyr139His,0.929026546911412,0.663560716559035,1.19449237726379,Y139H,Y139H,0.8433,pathogenic,0.15175929642633362,0.15669999999999995,True,139,False,True,True
urn:mavedb:00000078-b-1#173,,,p.Tyr139Gly,0.936753063227279,0.851144618914853,1.0223615075397,Y139G,Y139G,0.8803,pathogenic,0.13337738220655754,0.11970000000000003,True,139,False,True,True
urn:mavedb:00000078-b-1#174,,,p.Tyr139Phe,1.10610818490226,0.951477070378476,1.26073929942605,Y139F,Y139F,0.4366,ambiguous,0.5845726170019783,0.5634,False,139,False,False,True
urn:mavedb:00000078-b-1#175,,,p.Tyr139Glu,0.7987026627717372,0.67108435012271,0.926320975420764,Y139E,Y139E,0.9839,pathogenic,0.09678717017521207,0.016100000000000003,False,139,False,False,True
urn:mavedb:00000078-b-1#176,,,p.Tyr139Asp,0.862451956706938,0.733028141563742,0.991875771850133,Y139D,Y139D,0.8857,pathogenic,0.13095835827852614,0.11429999999999996,True,139,False,True,True
urn:mavedb:00000078-b-1#177,,,p.Tyr139Ala,1.09958657316356,1.01894915276361,1.18022399356351,Y139A,Y139A,0.923,pathogenic,0.11591312356574392,0.07699999999999996,True,139,False,True,True
urn:mavedb:00000078-b-1#178,,,p.Thr138Met,1.05295008520112,0.996692516894116,1.10920765350812,T138M,T138M,0.2683,benign,0.7705617530832485,0.7317,False,138,False,False,False
urn:mavedb:00000078-b-1#179,,,p.Thr138Tyr,0.8340205975588021,0.72881682809759,0.939224367020014,T138Y,T138Y,0.9232,pathogenic,0.11583985806649015,0.07679999999999998,True,138,False,True,False
urn:mavedb:00000078-b-1#181,,,p.Thr138Trp,0.9337714471515708,0.819405621069106,1.04813727323404,T138W,T138W,0.9599,pathogenic,0.1036021672259142,0.040100000000000025,True,138,False,True,False
urn:mavedb:00000078-b-1#182,,,p.Thr138Val,0.978687109945896,0.899484715333003,1.05788950455879,T138V,T138V,0.4642,ambiguous,0.5481450284107025,0.5358,False,138,False,False,False
urn:mavedb:00000078-b-1#184,,,p.Thr138Ser,0.911003086784698,0.818936328676072,1.00306984489332,T138S,T138S,0.4057,ambiguous,0.62401413501644,0.5943,False,138,False,False,False
urn:mavedb:00000078-b-1#185,,,p.Thr138Arg,0.5764596690683079,0.4864293760442779,0.666489962092339,T138R,T138R,0.8818,pathogenic,0.13269899534411372,0.11819999999999997,False,138,False,False,False
urn:mavedb:00000078-b-1#186,,,p.Thr138Gln,1.13678314891212,1.03672592503885,1.2368403727853998,T138Q,T138Q,0.869,pathogenic,0.1386502792709846,0.131,True,138,False,True,False
urn:mavedb:00000078-b-1#187,,,p.Thr138Pro,0.0345006458830073,-0.0408943467616068,0.109895638527621,T138P,T138P,0.5937,pathogenic,0.37673471762531413,0.4063,False,138,False,False,False
urn:mavedb:00000078-b-1#188,,,p.Thr138Asn,0.864966696230061,0.7377534663964109,0.99217992606371,T138N,T138N,0.7167,pathogenic,0.24271822328825493,0.2833,True,138,False,True,False
urn:mavedb:00000078-b-1#189,,,p.Thr138His,0.93740421342361,0.7639614345572099,1.11084699229001,T138H,T138H,0.9037,pathogenic,0.12334588262719898,0.09630000000000005,True,138,False,True,False
urn:mavedb:00000078-b-1#190,,,p.Thr138Leu,1.0779177993965698,1.02151395908031,1.13432163971284,T138L,T138L,0.3579,ambiguous,0.6810010405103495,0.6421,False,138,False,False,False
urn:mavedb:00000078-b-1#191,,,p.Thr138Lys,0.943709119211573,0.6463801687719211,1.24103806965123,T138K,T138K,0.9196,pathogenic,0.11717017530920767,0.08040000000000003,True,138,False,True,False
urn:mavedb:00000078-b-1#192,,,p.Thr138Ile,1.08629089497147,1.0093684918465,1.16321329809644,T138I,T138I,0.562,ambiguous,0.4172520556403695,0.43799999999999994,False,138,False,False,False
urn:mavedb:00000078-b-1#193,,,p.Thr138Cys,1.1674093090891298,1.05379442291341,1.28102419526484,T138C,T138C,0.8506,pathogenic,0.14787267110762548,0.14939999999999998,True,138,False,True,False
urn:mavedb:00000078-b-1#194,,,p.Thr138Gly,0.783649465127192,0.654836551143066,0.912462379111317,T138G,T138G,0.6748,pathogenic,0.2835100402933007,0.32520000000000004,False,138,False,False,False
urn:mavedb:00000078-b-1#195,,,p.Thr138Phe,1.01688828495171,0.942111055583885,1.09166551431953,T138F,T138F,0.841,pathogenic,0.153011465070933,0.15900000000000003,True,138,False,True,False
urn:mavedb:00000078-b-1#196,,,p.Thr138Asp,0.9637323808984593,0.821299970532326,1.10616479126459,T138D,T138D,0.9572,pathogenic,0.10442465547131433,0.04279999999999995,True,138,False,True,False
urn:mavedb:00000078-b-1#197,,,p.Thr138Ala,1.10765895292914,0.9650554578974128,1.2502624479608702,T138A,T138A,0.3039,benign,0.737902331698887,0.6960999999999999,False,138,False,False,False
urn:mavedb:00000078-b-1#198,,,p.Thr137Arg,-0.0731392012801363,-0.206075926714895,0.0597975241546227,T137R,T137R,0.872,pathogenic,0.1372221116044711,0.128,False,137,False,False,False
urn:mavedb:00000078-b-1#199,,,p.Thr137Tyr,0.4911806121685421,0.41429153402526,0.568069690311825,T137Y,T137Y,0.8289,pathogenic,0.15982174576045113,0.17110000000000003,False,137,False,False,False
urn:mavedb:00000078-b-1#200,,,p.Thr137Trp,0.885642628821861,0.598399455210453,1.17288580243327,T137W,T137W,0.8655,pathogenic,0.14034276947691393,0.13449999999999995,True,137,False,True,False
urn:mavedb:00000078-b-1#201,,,p.Thr137Val,0.996060808144535,0.893795497658837,1.09832611863023,T137V,T137V,0.3209,benign,0.720923651536519,0.6791,False,137,False,False,False
urn:mavedb:00000078-b-1#203,,,p.Thr137Ser,0.817074221907999,0.6033531912573311,1.03079525255867,T137S,T137S,0.1656,benign,0.8433206608922091,0.8344,False,137,False,False,False
urn:mavedb:00000078-b-1#204,,,p.Thr137Ala,0.94056421015922,0.898259123175105,0.9828692971433348,T137A,T137A,0.1085,benign,0.8715692384661906,0.8915,False,137,False,False,False
urn:mavedb:00000078-b-1#205,,,p.Thr137Gln,0.305100894861221,0.142700872445153,0.467500917277289,T137Q,T137Q,0.8542,pathogenic,0.14600438051251258,0.14580000000000004,False,137,False,False,False
urn:mavedb:00000078-b-1#206,,,p.Thr137Pro,0.440114371068741,0.29134101400906,0.5888877281284219,T137P,T137P,0.5025,ambiguous,0.49662506327982625,0.49750000000000005,False,137,False,False,False
urn:mavedb:00000078-b-1#207,,,p.Thr137Asn,0.204625875068381,-0.0591649798971613,0.468416730033924,T137N,T137N,0.7218,pathogenic,0.23812435996001485,0.2782,False,137,False,False,False
urn:mavedb:00000078-b-1#208,,,p.Thr137Met,0.975764262017308,0.7954997409434749,1.15602878309114,T137M,T137M,0.1648,benign,0.8437711999974208,0.8351999999999999,False,137,False,False,False
urn:mavedb:00000078-b-1#209,,,p.Thr137Leu,0.973147053706168,0.8991252041506949,1.04716890326164,T137L,T137L,0.2407,benign,0.793174868607119,0.7593,False,137,False,False,False
urn:mavedb:00000078-b-1#210,,,p.Thr137Ile,0.929829851826872,0.678812761497402,1.18084694215634,T137I,T137I,0.45,ambiguous,0.5669982651304931,0.55,False,137,False,False,False
urn:mavedb:00000078-b-1#211,,,p.Thr137His,-0.3912315653709029,-0.8258137991130591,0.0433506683712528,T137H,T137H,0.8499,pathogenic,0.14823963652792152,0.1501,False,137,False,False,False
urn:mavedb:00000078-b-1#212,,,p.Thr137Gly,1.03173559766033,0.9234563635528128,1.14001483176784,T137G,T137G,0.3329,benign,0.7084125162086004,0.6671,False,137,False,False,False
urn:mavedb:00000078-b-1#213,,,p.Thr137Phe,0.963358809895144,0.811143176127258,1.11557444366303,T137F,T137F,0.4663,ambiguous,0.5453406264733379,0.5337000000000001,False,137,False,False,False
urn:mavedb:00000078-b-1#214,,,p.Thr137Glu,-0.0038210017829794,-0.216663826126323,0.209021822560364,T137E,T137E,0.9529,pathogenic,0.10575895640793584,0.04710000000000003,False,137,False,False,False
urn:mavedb:00000078-b-1#215,,,p.Thr137Asp,-0.0904864294333433,-0.185366172468147,0.0043933136014608,T137D,T137D,0.96,pathogenic,0.10357192937885137,0.040000000000000036,False,137,False,False,False
urn:mavedb:00000078-b-1#216,,,p.Thr137Cys,1.02852467466031,0.8880527153720279,1.1689966339485902,T137C,T137C,0.5127,ambiguous,0.4828632911369843,0.48729999999999996,False,137,False,False,False
urn:mavedb:00000078-b-1#217,,,p.Ile136Gly,0.590502674383208,0.486312990496811,0.6946923582696051,I136G,I136G,0.8644,pathogenic,0.14088059499330885,0.13560000000000005,False,136,False,False,False
urn:mavedb:00000078-b-1#218,,,p.Ile136Tyr,0.7453882556170229,0.675628986113297,0.8151475251207491,I136Y,I136Y,0.8622,pathogenic,0.14196477744160854,0.13780000000000003,False,136,False,False,False
urn:mavedb:00000078-b-1#220,,,p.Ile136Trp,0.752008311403538,0.638229908915083,0.8657867138919929,I136W,I136W,0.9307,pathogenic,0.11314600688369099,0.06930000000000003,False,136,False,False,False
urn:mavedb:00000078-b-1#221,,,p.Ile136Val,1.03689698716644,0.976616196281465,1.09717777805141,I136V,I136V,0.0877,benign,0.8800561131141506,0.9123,False,136,False,False,False
urn:mavedb:00000078-b-1#222,,,p.Ile136Thr,0.810323050588598,0.7450559912305319,0.875590109946663,I136T,I136T,0.6855,pathogenic,0.2725808170711722,0.3145,True,136,False,True,False
urn:mavedb:00000078-b-1#223,,,p.Ile136Ser,0.5995575793221899,0.502110001753421,0.697005156890959,I136S,I136S,0.7234,pathogenic,0.23669985776173508,0.27659999999999996,False,136,False,False,False
urn:mavedb:00000078-b-1#224,,,p.Ile136Arg,-0.0094638779204813,-0.0962967506603721,0.0773689948194093,I136R,I136R,0.9375,pathogenic,0.1107920220256662,0.0625,False,136,False,False,False
urn:mavedb:00000078-b-1#225,,,p.Ile136Gln,0.2816012488592849,0.114386977850309,0.448815519868261,I136Q,I136Q,0.9568,pathogenic,0.10454750539421728,0.043200000000000016,False,136,False,False,False
urn:mavedb:00000078-b-1#226,,,p.Ile136Pro,0.0334623719309829,-0.0732687111516331,0.140193455013599,I136P,I136P,0.9357,pathogenic,0.11140709453929862,0.06430000000000002,False,136,False,False,False
urn:mavedb:00000078-b-1#227,,,p.Ile136Asn,0.4185595449385589,0.0282396423532448,0.8088794475238721,I136N,I136N,0.8656,pathogenic,0.1402940167168767,0.13439999999999996,False,136,False,False,False
urn:mavedb:00000078-b-1#228,,,p.Ile136Met,0.8085627572495679,0.6152402174906371,1.0018852970085,I136M,I136M,0.1953,benign,0.8253924403529096,0.8047,False,136,False,False,False
urn:mavedb:00000078-b-1#229,,,p.Ile136Leu,0.964495028062665,0.918266164393408,1.01072389173192,I136L,I136L,0.1303,benign,0.861684811609985,0.8697,False,136,False,False,False
urn:mavedb:00000078-b-1#230,,,p.Ile136Lys,0.0012072120461422,-0.1893619439180489,0.191776368010333,I136K,I136K,0.9628,pathogenic,0.10273173061982177,0.03720000000000001,False,136,False,False,False
urn:mavedb:00000078-b-1#232,,,p.Ile136His,0.361970996134961,0.0264860021463576,0.697455990123564,I136H,I136H,0.9595,pathogenic,0.10372327854494448,0.04049999999999998,False,136,False,False,False
urn:mavedb:00000078-b-1#233,,,p.Ile136Cys,0.8743779947393221,0.7740610023735401,0.974694987105104,I136C,I136C,0.754,pathogenic,0.21098592869765292,0.246,True,136,False,True,False
urn:mavedb:00000078-b-1#234,,,p.Ile136Phe,1.0519460229277,0.940929554649042,1.16296249120635,I136F,I136F,0.2711,benign,0.7681360274039798,0.7289,False,136,False,False,False
urn:mavedb:00000078-b-1#235,,,p.Ile136Glu,0.668296856253172,0.574414575281871,0.7621791372244731,I136E,I136E,0.9782,pathogenic,0.098327559747081,0.02180000000000004,False,136,False,False,False
urn:mavedb:00000078-b-1#236,,,p.Ile136Asp,-0.0493612286690576,-0.0820099075758551,-0.0167125497622602,I136D,I136D,0.9869,pathogenic,0.09599519001251852,0.0131,False,136,False,False,False
urn:mavedb:00000078-b-1#237,,,p.Ile136Ala,0.84836237768298,0.761868962033942,0.934855793332018,I136A,I136A,0.6155,pathogenic,0.3500294368340241,0.38449999999999995,True,136,False,True,False
urn:mavedb:00000078-b-1#238,,,p.Cys135Arg,0.3844743453921649,0.271273380117314,0.497675310667017,C135R,C135R,0.9559,pathogenic,0.10482486676676997,0.04410000000000003,False,135,True,False,True
urn:mavedb:00000078-b-1#239,,,p.Cys135Tyr,0.969341017056497,0.859408829478303,1.07927320463469,C135Y,C135Y,0.9524,pathogenic,0.10591607609869036,0.047599999999999976,True,135,True,True,True
urn:mavedb:00000078-b-1#241,,,p.Cys135Trp,0.8019573056624449,0.649546285407075,0.9543683259178158,C135W,C135W,0.9407,pathogenic,0.10971265144527231,0.05930000000000002,True,135,True,True,True
urn:mavedb:00000078-b-1#242,,,p.Cys135Val,0.946372230060311,0.83428761977492,1.0584568403457,C135V,C135V,0.943,pathogenic,0.10894787825026526,0.05700000000000005,True,135,True,True,True
urn:mavedb:00000078-b-1#243,,,p.Cys135Thr,1.06779636205609,0.905926785955238,1.22966593815694,C135T,C135T,0.9682,pathogenic,0.10114614069202571,0.03180000000000005,True,135,True,True,True
urn:mavedb:00000078-b-1#244,,,p.Cys135Ser,1.06784063199374,1.0023803252969,1.13330093869058,C135S,C135S,0.8989,pathogenic,0.12530962942879767,0.10109999999999997,True,135,True,True,True
urn:mavedb:00000078-b-1#245,,,p.Cys135Ala,1.04740222718651,0.8075599044432801,1.28724454992973,C135A,C135A,0.9334,pathogenic,0.11220141331398026,0.06659999999999999,True,135,True,True,True
urn:mavedb:00000078-b-1#246,,,p.Cys135Gln,1.07908602051157,0.917180017371369,1.24099202365176,C135Q,C135Q,0.9858,pathogenic,0.09628409908095474,0.01419999999999999,True,135,True,True,True
urn:mavedb:00000078-b-1#247,,,p.Cys135Pro,0.427312307442964,0.355287433779948,0.499337181105979,C135P,C135P,0.9812,pathogenic,0.09751095691743902,0.01880000000000004,False,135,True,False,True
urn:mavedb:00000078-b-1#248,,,p.Cys135Asn,1.1694433268403102,1.103705154561,1.2351814991196202,C135N,C135N,0.9738,pathogenic,0.09954922090571892,0.0262,True,135,True,True,True
urn:mavedb:00000078-b-1#249,,,p.Cys135Met,0.952228960383861,0.7908010084576731,1.11365691231005,C135M,C135M,0.9681,pathogenic,0.101175092122027,0.03190000000000004,True,135,True,True,True
urn:mavedb:00000078-b-1#250,,,p.Cys135Leu,0.9504633726894908,0.8714626659811779,1.0294640793978,C135L,C135L,0.9136,pathogenic,0.1194423776019651,0.08640000000000003,True,135,True,True,True
urn:mavedb:00000078-b-1#251,,,p.Cys135Lys,0.455069780379495,0.281784905143781,0.628354655615208,C135K,C135K,0.9961,pathogenic,0.09364484558117347,0.0039000000000000146,False,135,True,False,True
urn:mavedb:00000078-b-1#252,,,p.Cys135Ile,0.784926155060201,0.6253901363538579,0.944462173766543,C135I,C135I,0.9746,pathogenic,0.09932495804411609,0.025399999999999978,False,135,True,False,True
urn:mavedb:00000078-b-1#253,,,p.Cys135His,1.23963446765477,1.1948593514312098,1.28440958387832,C135H,C135H,0.981,pathogenic,0.09756498933449421,0.019000000000000017,True,135,True,True,True
urn:mavedb:00000078-b-1#254,,,p.Cys135Gly,0.9123469298749368,0.870743243498978,0.953950616250896,C135G,C135G,0.8207,pathogenic,0.16465454901549806,0.17930000000000001,True,135,True,True,True
urn:mavedb:00000078-b-1#255,,,p.Cys135Phe,0.926483581376248,0.758012604097359,1.09495455865514,C135F,C135F,0.8707,pathogenic,0.13783844537794882,0.12929999999999997,True,135,True,True,True
urn:mavedb:00000078-b-1#256,,,p.Cys135Glu,0.829564975265605,0.567765690528897,1.09136426000231,C135E,C135E,0.991,pathogenic,0.09493331321766257,0.009000000000000008,True,135,True,True,True
urn:mavedb:00000078-b-1#257,,,p.Cys135Asp,1.0342125699736,0.716105014534231,1.35232012541297,C135D,C135D,0.9707,pathogenic,0.10042733913384475,0.029299999999999993,True,135,True,True,True
urn:mavedb:00000078-b-1#258,,,p.Val134Cys,0.6066969146185229,0.509408798591311,0.703985030645734,V134C,V134C,0.9538,pathogenic,0.10547717962321046,0.04620000000000002,False,134,False,False,False
urn:mavedb:00000078-b-1#259,,,p.Val134Tyr,0.563371024751328,0.494213512872372,0.632528536630285,V134Y,V134Y,0.9456,pathogenic,0.10809432501952045,0.054400000000000004,False,134,False,False,False
urn:mavedb:00000078-b-1#261,,,p.Val134Trp,0.744799701511777,0.666039950711869,0.823559452311685,V134W,V134W,0.9724,pathogenic,0.09994399301412579,0.027599999999999958,False,134,False,False,False
urn:mavedb:00000078-b-1#263,,,p.Val134Thr,0.910642014653754,0.665610847385269,1.15567318192224,V134T,V134T,0.793,pathogenic,0.18233690239652095,0.20699999999999996,True,134,False,True,False
urn:mavedb:00000078-b-1#264,,,p.Val134Ser,0.6614531057326949,0.458185071281314,0.864721140184077,V134S,V134S,0.864,pathogenic,0.1410768715381992,0.136,False,134,False,False,False
urn:mavedb:00000078-b-1#265,,,p.Val134Arg,0.0355838598176726,-0.112248290605675,0.18341601024102,V134R,V134R,0.9024,pathogenic,0.12387307541272936,0.09760000000000002,False,134,False,False,False
urn:mavedb:00000078-b-1#266,,,p.Val134Gln,0.4813090118816501,0.368919692342859,0.5936983314204399,V134Q,V134Q,0.9408,pathogenic,0.10967920962385,0.05920000000000003,False,134,False,False,False
urn:mavedb:00000078-b-1#267,,,p.Val134Pro,1.01602518974546,0.9166015957749052,1.11544878371601,V134P,V134P,0.7712,pathogenic,0.19779286485759207,0.2288,True,134,False,True,False
urn:mavedb:00000078-b-1#268,,,p.Val134Asn,0.8329977288318291,0.562170782561598,1.10382467510206,V134N,V134N,0.9433,pathogenic,0.10884879929094102,0.05669999999999997,True,134,False,True,False
urn:mavedb:00000078-b-1#269,,,p.Val134Met,0.8361876074821409,0.7600899190598291,0.9122852959044542,V134M,V134M,0.6978,pathogenic,0.2604485675014618,0.3022,True,134,False,True,False
urn:mavedb:00000078-b-1#270,,,p.Val134Leu,0.985742926632524,0.92644445874425,1.0450413945208,V134L,V134L,0.4044,ambiguous,0.6256340966367773,0.5956,False,134,False,False,False
urn:mavedb:00000078-b-1#271,,,p.Val134Lys,-0.0931048942747068,-0.193387735727733,0.007177947178319,V134K,V134K,0.9583,pathogenic,0.10408815177509526,0.04169999999999996,False,134,False,False,False
urn:mavedb:00000078-b-1#272,,,p.Val134Ile,0.98334655742146,0.852354002590891,1.11433911225203,V134I,V134I,0.0959,benign,0.8768156395296189,0.9041,False,134,False,False,False
urn:mavedb:00000078-b-1#273,,,p.Val134His,0.590709409617665,0.435166748825962,0.746252070409369,V134H,V134H,0.9757,pathogenic,0.09901815754582616,0.02429999999999999,False,134,False,False,False
urn:mavedb:00000078-b-1#274,,,p.Val134Gly,0.339280487684706,0.213894011888001,0.4646669634814111,V134G,V134G,0.7736,pathogenic,0.19602272108730817,0.22640000000000005,False,134,False,False,False
urn:mavedb:00000078-b-1#275,,,p.Val134Phe,0.7222007461600229,0.495122199564861,0.949279292755186,V134F,V134F,0.5977,pathogenic,0.3717565024689712,0.4023,False,134,False,False,False
urn:mavedb:00000078-b-1#276,,,p.Val134Glu,0.570207546950445,0.527818179275895,0.612596914624995,V134E,V134E,0.9447,pathogenic,0.1083884756320094,0.055300000000000016,False,134,False,False,False
urn:mavedb:00000078-b-1#277,,,p.Val134Asp,0.773051890385669,0.6515997426181539,0.894504038153184,V134D,V134D,0.9571,pathogenic,0.10445534366125528,0.04290000000000005,False,134,False,False,False
urn:mavedb:00000078-b-1#278,,,p.Val134Ala,0.305343493180475,0.136119703886295,0.474567282474656,V134A,V134A,0.7664,pathogenic,0.20138482016885528,0.23360000000000003,False,134,False,False,False
urn:mavedb:00000078-b-1#279,,,p.Ile133Met,0.913525394788183,0.762499440359276,1.06455134921709,I133M,I133M,0.1332,benign,0.8602891953294712,0.8668,False,133,False,False,False
urn:mavedb:00000078-b-1#280,,,p.Ile133Val,1.05263804670595,0.972645938183499,1.13263015522841,I133V,I133V,0.0805,benign,0.8827925209543713,0.9195,False,133,False,False,False
urn:mavedb:00000078-b-1#281,,,p.Ile133Thr,0.575110382631184,0.450901857996719,0.6993189072656489,I133T,I133T,0.4874,ambiguous,0.5170019031048355,0.5126,False,133,False,False,False
urn:mavedb:00000078-b-1#282,,,p.Ile133Ser,0.412174000309894,0.243428775040058,0.580919225579731,I133S,I133S,0.7018,pathogenic,0.25660357770257025,0.2982,False,133,False,False,False
urn:mavedb:00000078-b-1#283,,,p.Ile133Arg,-0.0280492859322726,-0.158341576475743,0.102243004611198,I133R,I133R,0.9015,pathogenic,0.12424007396875567,0.09850000000000003,False,133,False,False,False
urn:mavedb:00000078-b-1#284,,,p.Ile133Gln,0.0258954318854708,-0.1527811018136869,0.204571965584628,I133Q,I133Q,0.9375,pathogenic,0.1107920220256662,0.0625,False,133,False,False,False
urn:mavedb:00000078-b-1#285,,,p.Ile133Pro,1.07725058810267,0.937828135791567,1.21667304041377,I133P,I133P,0.7052,pathogenic,0.2533743200106546,0.29479999999999995,True,133,False,True,False
urn:mavedb:00000078-b-1#286,,,p.Ile133Asn,-0.0127515850726889,-0.3753090148540809,0.349805844708704,I133N,I133N,0.8977,pathogenic,0.12580797809712063,0.10229999999999995,False,133,False,False,False
urn:mavedb:00000078-b-1#287,,,p.Ile133Gly,0.6580840051751671,0.577300054094275,0.738867956256058,I133G,I133G,0.7745,pathogenic,0.19536333843025333,0.22550000000000003,False,133,False,False,False
urn:mavedb:00000078-b-1#288,,,p.Ile133Leu,1.0927021805484,0.9905420104383672,1.19486235065844,I133L,I133L,0.1026,benign,0.8740669676865753,0.8974,False,133,False,False,False
urn:mavedb:00000078-b-1#289,,,p.Ile133Lys,0.165659074452272,0.0388474326733539,0.29247071623119,I133K,I133K,0.9496,pathogenic,0.10680361087401287,0.0504,False,133,False,False,False
urn:mavedb:00000078-b-1#290,,,p.Ile133His,0.398149316520489,0.1699434574675079,0.62635517557347,I133H,I133H,0.9457,pathogenic,0.10806172690947588,0.054300000000000015,False,133,False,False,False
urn:mavedb:00000078-b-1#291,,,p.Ile133Cys,0.716632792653479,0.500756356868225,0.932509228438732,I133C,I133C,0.7437,pathogenic,0.21931796439019702,0.2563,False,133,False,False,False
urn:mavedb:00000078-b-1#292,,,p.Ile133Phe,0.8716981686598628,0.7153844376178299,1.0280118997019,I133F,I133F,0.1099,benign,0.8709657436307433,0.8901,False,133,False,False,False
urn:mavedb:00000078-b-1#293,,,p.Ile133Glu,-0.0404291605697006,-0.252611048388978,0.171752727249576,I133E,I133E,0.9687,pathogenic,0.10100161428708468,0.031299999999999994,False,133,False,False,False
urn:mavedb:00000078-b-1#294,,,p.Ile133Asp,0.2841733795553,-0.227842827326731,0.796189586437331,I133D,I133D,0.9825,pathogenic,0.09716115660275197,0.01749999999999996,False,133,False,False,False
urn:mavedb:00000078-b-1#295,,,p.Cys132His,0.491834730852771,0.404792591977978,0.5788768697275629,C132H,C132H,0.9786,pathogenic,0.09821791923658879,0.021399999999999975,False,132,True,False,False
urn:mavedb:00000078-b-1#296,,,p.Cys132Tyr,0.0623101571639649,0.0010672116814239,0.123553102646506,C132Y,C132Y,0.9773,pathogenic,0.09857511125769486,0.022700000000000053,False,132,True,False,False
urn:mavedb:00000078-b-1#297,,,p.Cys132Trp,0.157576727234373,0.044597379045851,0.270556075422894,C132W,C132W,0.9619,pathogenic,0.1030004379932044,0.03810000000000002,False,132,True,False,False
urn:mavedb:00000078-b-1#298,,,p.Cys132Val,-0.122440103297299,-0.24303379675436,-0.0018464098402376,C132V,C132V,0.9772,pathogenic,0.09860269067670975,0.022800000000000042,False,132,True,False,False
urn:mavedb:00000078-b-1#299,,,p.Cys132Thr,0.3477607956013919,0.251821532687333,0.4437000585154509,C132T,C132T,0.9866,pathogenic,0.09607381374703794,0.013399999999999967,False,132,True,False,False
urn:mavedb:00000078-b-1#300,,,p.Cys132Ser,0.835095559752876,0.717821352924013,0.952369766581739,C132S,C132S,0.9497,pathogenic,0.10677168817651128,0.05030000000000001,True,132,True,True,False
urn:mavedb:00000078-b-1#301,,,p.Cys132Arg,0.1643815494528809,0.0530972170804744,0.2756658818252869,C132R,C132R,0.9569,pathogenic,0.10451676861542328,0.04310000000000003,False,132,True,False,False
urn:mavedb:00000078-b-1#302,,,p.Cys132Gln,0.465372362197193,0.168273782512911,0.762470941881475,C132Q,C132Q,0.9897,pathogenic,0.09526746641459957,0.010299999999999976,False,132,True,False,False
urn:mavedb:00000078-b-1#303,,,p.Cys132Pro,0.454766048001989,0.371685464569536,0.537846631434442,C132P,C132P,0.9873,pathogenic,0.09589055582063583,0.012700000000000045,False,132,True,False,False
urn:mavedb:00000078-b-1#304,,,p.Cys132Asn,0.9734445626086372,0.7352110419413009,1.21167808327597,C132N,C132N,0.9903,pathogenic,0.09511295042703516,0.009700000000000042,True,132,True,True,False
urn:mavedb:00000078-b-1#305,,,p.Cys132Met,0.001915797534366,-0.15476597239689,0.1585975674656219,C132M,C132M,0.9916,pathogenic,0.09477987807219979,0.008399999999999963,False,132,True,False,False
urn:mavedb:00000078-b-1#306,,,p.Cys132Leu,0.0171759164512725,-0.0532795040106815,0.0876313369132265,C132L,C132L,0.9483,pathogenic,0.10722013200517266,0.05169999999999997,False,132,True,False,False
urn:mavedb:00000078-b-1#307,,,p.Cys132Lys,0.1270530721458,-0.034533905657816,0.2886400499494161,C132K,C132K,0.9979,pathogenic,0.09319852045590064,0.0020999999999999908,False,132,True,False,False
urn:mavedb:00000078-b-1#308,,,p.Cys132Ile,-0.0563090531567738,-0.22979397214562,0.117175865832073,C132I,C132I,0.988,pathogenic,0.09570798778394378,0.01200000000000001,False,132,True,False,False
urn:mavedb:00000078-b-1#309,,,p.Cys132Asp,1.00271772305772,0.8663994297541658,1.13903601636127,C132D,C132D,0.9886,pathogenic,0.09555204825734522,0.011399999999999966,True,132,True,True,False
urn:mavedb:00000078-b-1#310,,,p.Cys132Gly,0.463674246621927,0.351369579183965,0.575978914059889,C132G,C132G,0.9162,pathogenic,0.11844923332110155,0.08379999999999999,False,132,True,False,False
urn:mavedb:00000078-b-1#311,,,p.Cys132Phe,-0.0091097979249628,-0.0692565314670077,0.051036935617082,C132F,C132F,0.9327,pathogenic,0.11244504439028252,0.06730000000000003,False,132,True,False,False
urn:mavedb:00000078-b-1#312,,,p.Cys132Glu,1.03998914350044,0.949078789599432,1.13089949740145,C132E,C132E,0.9969,pathogenic,0.09344594109579324,0.0030999999999999917,True,132,True,True,False
urn:mavedb:00000078-b-1#314,,,p.Cys132Ala,0.0880325657134895,-0.0584138813355414,0.23447901276252,C132A,C132A,0.9762,pathogenic,0.09887929804369394,0.023800000000000043,False,132,True,False,False
urn:mavedb:00000078-b-1#315,,,p.Phe131Gln,0.459985288462529,0.312756595530193,0.607213981394865,F131Q,F131Q,0.9618,pathogenic,0.10303037348040081,0.03820000000000001,False,131,False,False,False
urn:mavedb:00000078-b-1#316,,,p.Phe131Tyr,1.2546076553708798,1.03436763868572,1.4748476720560402,F131Y,F131Y,0.4968,ambiguous,0.504319867294492,0.5032,False,131,False,False,False
urn:mavedb:00000078-b-1#318,,,p.Phe131Trp,0.995267907708596,0.912755030388202,1.07778078502899,F131W,F131W,0.7383,pathogenic,0.22381686361621156,0.26170000000000004,True,131,False,True,False
urn:mavedb:00000078-b-1#319,,,p.Phe131Val,0.905511607389852,0.837132875870567,0.973890338909136,F131V,F131V,0.1786,benign,0.8357649964683314,0.8214,False,131,False,False,False
urn:mavedb:00000078-b-1#320,,,p.Phe131Thr,0.6982083424319631,0.510339896598802,0.886076788265125,F131T,F131T,0.6441,pathogenic,0.31674125356588584,0.3559,False,131,False,False,False
urn:mavedb:00000078-b-1#321,,,p.Phe131Ser,0.663390887093729,0.556083899927161,0.7706978742602959,F131S,F131S,0.6589,pathogenic,0.30038141195055645,0.34109999999999996,False,131,False,False,False
urn:mavedb:00000078-b-1#322,,,p.Phe131Arg,0.506303809944695,0.435753938389548,0.5768536814998421,F131R,F131R,0.9376,pathogenic,0.11075801941615679,0.06240000000000001,False,131,False,False,False
urn:mavedb:00000078-b-1#323,,,p.Phe131Ala,0.9273481704328967,0.8850875882139191,0.9696087526518752,F131A,F131A,0.5998,pathogenic,0.3691564545420986,0.4002,False,131,False,True,False
urn:mavedb:00000078-b-1#324,,,p.Phe131Pro,0.933768300425744,0.847144067993483,1.02039253285801,F131P,F131P,0.9782,pathogenic,0.098327559747081,0.02180000000000004,True,131,False,True,False
urn:mavedb:00000078-b-1#325,,,p.Phe131Asn,0.6649537850573499,0.515515771742409,0.8143917983722909,F131N,F131N,0.9322,pathogenic,0.11261960695592634,0.06779999999999997,False,131,False,False,False
urn:mavedb:00000078-b-1#326,,,p.Phe131Met,0.8023337579936349,0.5068453102378689,1.0978222057494,F131M,F131M,0.5725,pathogenic,0.4036397107354667,0.4275,False,131,False,False,False
urn:mavedb:00000078-b-1#327,,,p.Phe131Leu,0.8666682271346908,0.7775359828398509,0.955800471429532,F131L,F131L,0.678,pathogenic,0.2802052534068489,0.32199999999999995,True,131,False,True,False
urn:mavedb:00000078-b-1#328,,,p.Phe131Lys,0.5625959142794511,0.421697933109678,0.7034938954492239,F131K,F131K,0.9827,pathogenic,0.097107557576543,0.017299999999999982,False,131,False,False,False
urn:mavedb:00000078-b-1#329,,,p.Phe131Ile,0.851236225282862,0.742239220597826,0.960233229967897,F131I,F131I,0.211,benign,0.81493101438383,0.789,False,131,False,False,False
urn:mavedb:00000078-b-1#330,,,p.Phe131His,0.746714523617887,0.561970975785786,0.931458071449988,F131H,F131H,0.9342,pathogenic,0.11192405546154104,0.06579999999999997,False,131,False,False,False
urn:mavedb:00000078-b-1#331,,,p.Phe131Gly,0.623328219097588,0.579180501316941,0.6674759368782349,F131G,F131G,0.8129,pathogenic,0.1694190203959286,0.18710000000000004,False,131,False,False,False
urn:mavedb:00000078-b-1#333,,,p.Phe131Glu,0.437099175997567,0.339823461198769,0.534374890796365,F131E,F131E,0.9819,pathogenic,0.09732229955227675,0.018100000000000005,False,131,False,False,False
urn:mavedb:00000078-b-1#334,,,p.Phe131Asp,0.410895239897791,0.307334490964804,0.5144559888307789,F131D,F131D,0.9726,pathogenic,0.0998874162777,0.02739999999999998,False,131,False,False,False
urn:mavedb:00000078-b-1#335,,,p.Phe131Cys,0.7704959538180121,0.5704785708092621,0.970513336826762,F131C,F131C,0.3966,ambiguous,0.6352785651754672,0.6033999999999999,False,131,False,False,False
urn:mavedb:00000078-b-1#336,,,p.Asp130Met,-0.0465923127414115,-0.146286087014246,0.0531014615314233,D130M,D130M,0.9941,pathogenic,0.09414589413044347,0.005900000000000016,False,130,False,False,False
urn:mavedb:00000078-b-1#337,,,p.Asp130Tyr,0.0169778421304586,-0.265245619205462,0.2992013034663789,D130Y,D130Y,0.8298,pathogenic,0.1593021350526302,0.17020000000000002,False,130,False,False,False
urn:mavedb:00000078-b-1#339,,,p.Asp130Val,-0.0317395382317843,-0.0955651464614651,0.0320860699978965,D130V,D130V,0.893,pathogenic,0.1277887882321747,0.10699999999999998,False,130,False,False,False
urn:mavedb:00000078-b-1#340,,,p.Asp130Thr,0.50021071572986,0.426246158644736,0.574175272814984,D130T,D130T,0.9149,pathogenic,0.1189441655483494,0.08509999999999995,False,130,False,False,False
urn:mavedb:00000078-b-1#341,,,p.Asp130Ser,0.581217316773334,0.496989263759949,0.6654453697867181,D130S,D130S,0.7052,pathogenic,0.2533743200106546,0.29479999999999995,False,130,False,False,False
urn:mavedb:00000078-b-1#342,,,p.Asp130Arg,0.505656838603424,0.3503627307717489,0.6609509464351,D130R,D130R,0.911,pathogenic,0.12044871083309654,0.08899999999999997,False,130,False,False,False
urn:mavedb:00000078-b-1#343,,,p.Asp130Gln,0.576552232693181,0.213234442317994,0.9398700230683672,D130Q,D130Q,0.9434,pathogenic,0.10881580740301924,0.056599999999999984,False,130,False,False,False
urn:mavedb:00000078-b-1#344,,,p.Asp130Pro,-0.0470562739731521,-0.179857937471931,0.0857453895256269,D130P,D130P,0.9768,pathogenic,0.09871315606522701,0.0232,False,130,False,False,False
urn:mavedb:00000078-b-1#345,,,p.Asp130Asn,0.9192252634798672,0.8236906739142579,1.01475985304548,D130N,D130N,0.6049,pathogenic,0.36288193858719126,0.3951,True,130,False,True,False
urn:mavedb:00000078-b-1#346,,,p.Asp130His,0.375656122153204,0.171058819926797,0.580253424379612,D130H,D130H,0.8846,pathogenic,0.13144593666691712,0.11539999999999995,False,130,False,False,False
urn:mavedb:00000078-b-1#347,,,p.Asp130Leu,-0.0698856516288449,-0.148113945091923,0.0083426418342337,D130L,D130L,0.9614,pathogenic,0.10315027398946508,0.03859999999999997,False,130,False,False,False
urn:mavedb:00000078-b-1#348,,,p.Asp130Lys,0.7569877709217391,0.6955776855270429,0.8183978563164341,D130K,D130K,0.9659,pathogenic,0.10181593219603705,0.03410000000000002,False,130,False,False,False
urn:mavedb:00000078-b-1#349,,,p.Asp130Ile,-0.0981375331076622,-0.189275380619325,-0.0069996855959988,D130I,D130I,0.9566,pathogenic,0.10460902759165665,0.043399999999999994,False,130,False,False,False
urn:mavedb:00000078-b-1#350,,,p.Asp130Cys,0.4136134232075449,0.32645820947749,0.5007686369376,D130C,D130C,0.9803,pathogenic,0.09775456003218191,0.01970000000000005,False,130,False,False,False
urn:mavedb:00000078-b-1#351,,,p.Asp130Gly,0.224377736942277,0.1176440149400969,0.331111458944456,D130G,D130G,0.8805,pathogenic,0.1332866427654585,0.11950000000000005,False,130,False,False,False
urn:mavedb:00000078-b-1#352,,,p.Asp130Phe,-0.0568045040629357,-0.167900135682206,0.0542911275563345,D130F,D130F,0.9807,pathogenic,0.09764614675814032,0.019299999999999984,False,130,False,False,False
urn:mavedb:00000078-b-1#353,,,p.Asp130Glu,0.919922629983594,0.607333977006329,1.2325112829608602,D130E,D130E,0.8492,pathogenic,0.14860780871037194,0.15080000000000005,True,130,False,True,False
urn:mavedb:00000078-b-1#354,,,p.Asp130Ala,0.217813006235501,0.133457181844283,0.302168830626719,D130A,D130A,0.8865,pathogenic,0.13060540954873773,0.11350000000000005,False,130,False,False,False
urn:mavedb:00000078-b-1#356,,,p.Tyr129Trp,0.8614413110832141,0.6863389905422861,1.03654363162414,Y129W,Y129W,0.3313,benign,0.7101054248043882,0.6687000000000001,False,129,False,False,False
urn:mavedb:00000078-b-1#357,,,p.Tyr129Val,0.862712880478391,0.799660278567073,0.925765482389709,Y129V,Y129V,0.6346,pathogenic,0.3275619411313241,0.36539999999999995,True,129,False,True,False
urn:mavedb:00000078-b-1#358,,,p.Tyr129Thr,0.823924142477568,0.7285000699763259,0.919348214978809,Y129T,Y129T,0.6008,pathogenic,0.3679216688939205,0.3992,True,129,False,True,False
urn:mavedb:00000078-b-1#359,,,p.Tyr129Ser,0.8770006548012941,0.646462768256886,1.1075385413457,Y129S,Y129S,0.2165,benign,0.8110987659853891,0.7835,False,129,False,False,False
urn:mavedb:00000078-b-1#360,,,p.Tyr129Arg,1.1136681049926298,1.07523068825011,1.15210552173515,Y129R,Y129R,0.1706,benign,0.8404671889096841,0.8294,False,129,False,False,False
urn:mavedb:00000078-b-1#361,,,p.Tyr129Gln,1.11149699850199,0.8863913359595601,1.33660266104441,Y129Q,Y129Q,0.269,benign,0.7699576082554974,0.731,False,129,False,False,False
urn:mavedb:00000078-b-1#362,,,p.Tyr129Pro,0.779602458980296,0.442280699016991,1.1169242189436002,Y129P,Y129P,0.7492,pathogenic,0.21482826652010606,0.2508,False,129,False,False,False
urn:mavedb:00000078-b-1#363,,,p.Tyr129Asn,1.06434975855386,0.8069101244263509,1.3217893926813602,Y129N,Y129N,0.176,benign,0.837311834975864,0.8240000000000001,False,129,False,False,False
urn:mavedb:00000078-b-1#364,,,p.Tyr129Met,0.9797934260256568,0.9278485947272712,1.03173825732404,Y129M,Y129M,0.7706,pathogenic,0.1982380859626081,0.22940000000000005,True,129,False,True,False
urn:mavedb:00000078-b-1#365,,,p.Tyr129Leu,0.675754154799713,0.562734087331312,0.788774222268115,Y129L,Y129L,0.5929,pathogenic,0.3777343364444847,0.4071,False,129,False,False,False
urn:mavedb:00000078-b-1#366,,,p.Tyr129Lys,1.10004514856436,0.9792009556226858,1.22088934150603,Y129K,Y129K,0.3202,benign,0.7216401445829559,0.6798,False,129,False,False,False
urn:mavedb:00000078-b-1#367,,,p.Tyr129Ile,0.660407593153589,0.587109353870105,0.733705832437074,Y129I,Y129I,0.8116,pathogenic,0.17022921138527392,0.1884,False,129,False,False,False
urn:mavedb:00000078-b-1#368,,,p.Tyr129His,1.12231027806463,1.07100598561126,1.173614570518,Y129H,Y129H,0.0901,benign,0.8791215285362504,0.9099,False,129,False,False,False
urn:mavedb:00000078-b-1#369,,,p.Tyr129Gly,1.1757767040605902,1.09760743189871,1.25394597622247,Y129G,Y129G,0.2544,benign,0.7822435565493607,0.7456,False,129,False,False,False
urn:mavedb:00000078-b-1#370,,,p.Tyr129Phe,0.783598026233264,0.647032122837983,0.920163929628546,Y129F,Y129F,0.1737,benign,0.8386651982131311,0.8263,False,129,False,False,False
urn:mavedb:00000078-b-1#371,,,p.Tyr129Glu,1.18077980084548,1.0853300970395698,1.2762295046513898,Y129E,Y129E,0.4246,ambiguous,0.6000887333299788,0.5754,False,129,False,False,False
urn:mavedb:00000078-b-1#372,,,p.Tyr129Asp,0.953768289757271,0.723505186504645,1.1840313930098998,Y129D,Y129D,0.2387,benign,0.7947227792046517,0.7613,False,129,False,False,False
urn:mavedb:00000078-b-1#373,,,p.Tyr129Cys,0.8334885630253119,0.66981994453141,0.997157181519214,Y129C,Y129C,0.2027,benign,0.8205489094896418,0.7973,False,129,False,False,False
urn:mavedb:00000078-b-1#374,,,p.Tyr129Ala,1.08612106421458,0.8636541551188051,1.3085879733103605,Y129A,Y129A,0.513,ambiguous,0.4824588924398786,0.487,False,129,False,False,False
urn:mavedb:00000078-b-1#375,,,p.Leu128Pro,0.4001365983749861,0.332355059066244,0.467918137683729,L128P,L128P,0.8396,pathogenic,0.15378020709617246,0.1604,False,128,False,False,False
urn:mavedb:00000078-b-1#376,,,p.Leu128Tyr,0.7751425473810899,0.590855510282015,0.9594295844801652,L128Y,L128Y,0.9094,pathogenic,0.12107460873819209,0.09060000000000001,False,128,False,False,False
urn:mavedb:00000078-b-1#377,,,p.Ile123Asn,1.00691138420162,0.9674236553077492,1.0463991130955,I123N,I123N,0.6552,pathogenic,0.3044131915573485,0.3448,True,123,False,True,False
urn:mavedb:00000078-b-1#378,,,p.Ile123Met,0.669930509117022,0.438180920936868,0.901680097297176,I123M,I123M,0.3809,ambiguous,0.6542751143874334,0.6191,False,123,False,False,False
urn:mavedb:00000078-b-1#379,,,p.Ile123Leu,0.681537570799409,0.5855084045381961,0.7775667370606228,I123L,I123L,0.273,benign,0.7664761020640694,0.727,False,123,False,False,False
urn:mavedb:00000078-b-1#380,,,p.Ile123Lys,0.7743864011077741,0.481644467592551,1.067128334623,I123K,I123K,0.89,pathogenic,0.12907752334637113,0.10999999999999999,False,123,False,False,False
urn:mavedb:00000078-b-1#382,,,p.Ile123His,0.984594275927847,0.871958724319585,1.09722982753611,I123H,I123H,0.9218,pathogenic,0.1163542954172383,0.07820000000000005,True,123,False,True,False
urn:mavedb:00000078-b-1#383,,,p.Ile123Gly,0.9312541988393372,0.8011824234020529,1.06132597427662,I123G,I123G,0.9424,pathogenic,0.10914650167650115,0.057599999999999985,True,123,False,True,False
urn:mavedb:00000078-b-1#384,,,p.Ile123Phe,0.583862822540071,0.475466365865363,0.69225927921478,I123F,I123F,0.6804,pathogenic,0.27774689691864307,0.3196,False,123,False,False,False
urn:mavedb:00000078-b-1#385,,,p.Ile123Glu,0.79047671203677,0.617695247063673,0.963258177009866,I123E,I123E,0.9384,pathogenic,0.11048663302748118,0.06159999999999999,False,123,False,False,False
urn:mavedb:00000078-b-1#386,,,p.Ile123Asp,0.466589824053639,0.188699604806927,0.74448004330035,I123D,I123D,0.9658,pathogenic,0.10184523960708532,0.03420000000000001,False,123,False,False,False
urn:mavedb:00000078-b-1#387,,,p.Ile123Ala,0.543341275138916,0.178193921082866,0.908488629194966,I123A,I123A,0.883,pathogenic,0.13215986209082176,0.11699999999999999,False,123,False,False,False
urn:mavedb:00000078-b-1#388,,,p.Trp122Ala,1.05868636776678,0.934707631491916,1.1826651040416398,W122A,W122A,0.3559,ambiguous,0.6832587464341141,0.6441,False,122,False,False,False
urn:mavedb:00000078-b-1#389,,,p.Trp122Tyr,0.934169610385845,0.6867665753662451,1.18157264540545,W122Y,W122Y,0.3524,ambiguous,0.6871831998451777,0.6476,False,122,False,False,False
urn:mavedb:00000078-b-1#391,,,p.Trp122Val,0.8945594696448811,0.7275253851493159,1.06159355414045,W122V,W122V,0.423,ambiguous,0.6021396719213509,0.577,False,122,False,False,False
urn:mavedb:00000078-b-1#392,,,p.Trp122Thr,0.802976984784918,0.640424788922823,0.965529180647014,W122T,W122T,0.4189,ambiguous,0.6073746375112514,0.5811,False,122,False,False,False
urn:mavedb:00000078-b-1#393,,,p.Trp122Ser,0.91639693726581,0.7951314687943399,1.03766240573728,W122S,W122S,0.257,benign,0.7801039304527322,0.743,False,122,False,False,False
urn:mavedb:00000078-b-1#394,,,p.Trp122Arg,0.4761616665096939,0.405439232465915,0.546884100553474,W122R,W122R,0.897,pathogenic,0.1261000625911041,0.10299999999999998,False,122,False,False,False
urn:mavedb:00000078-b-1#395,,,p.Trp122Gln,0.541285814886899,0.392940329178426,0.689631300595372,W122Q,W122Q,0.9131,pathogenic,0.1196348746317481,0.08689999999999998,False,122,False,False,False
urn:mavedb:00000078-b-1#396,,,p.Trp122Pro,0.0212186471199064,-0.0512961973201106,0.0937334915599234,W122P,W122P,0.9568,pathogenic,0.10454750539421728,0.043200000000000016,False,122,False,False,False
urn:mavedb:00000078-b-1#397,,,p.Trp122Asn,0.702302990996301,0.5861663937928361,0.818439588199765,W122N,W122N,0.8911,pathogenic,0.12860276201421753,0.1089,False,122,False,False,False
urn:mavedb:00000078-b-1#398,,,p.Trp122Met,0.9214621102472272,0.826520284991408,1.01640393550305,W122M,W122M,0.6104,pathogenic,0.35618062197859185,0.38959999999999995,True,122,False,True,False
urn:mavedb:00000078-b-1#399,,,p.Trp122Leu,0.932125514843567,0.8946029863348851,0.969648043352248,W122L,W122L,0.3145,benign,0.7274191829288277,0.6855,False,122,False,False,False
urn:mavedb:00000078-b-1#400,,,p.Trp122Lys,0.3997661282124171,0.320256417346223,0.479275839078611,W122K,W122K,0.967,pathogenic,0.10149457577553074,0.03300000000000003,False,122,False,False,False
urn:mavedb:00000078-b-1#401,,,p.Trp122Ile,0.8407807091551409,0.643242809569768,1.03831860874051,W122I,W122I,0.615,pathogenic,0.3506297659233617,0.385,True,122,False,True,False
urn:mavedb:00000078-b-1#402,,,p.Trp122His,0.6724292543219361,0.42784176462496,0.9170167440189128,W122H,W122H,0.8861,pathogenic,0.13078171016021345,0.1139,False,122,False,False,False
urn:mavedb:00000078-b-1#403,,,p.Trp122Gly,0.973857999359672,0.9115918485407728,1.03612415017857,W122G,W122G,0.1764,benign,0.8370750334843798,0.8236,False,122,False,False,False
urn:mavedb:00000078-b-1#404,,,p.Trp122Phe,0.942916279286469,0.7755577211156981,1.11027483745724,W122F,W122F,0.2093,benign,0.8160977823220164,0.7907,False,122,False,False,False
urn:mavedb:00000078-b-1#405,,,p.Trp122Glu,-0.0631972615644643,-0.235815904632961,0.109421381504032,W122E,W122E,0.9392,pathogenic,0.11021637185778743,0.060799999999999965,False,122,False,False,False
urn:mavedb:00000078-b-1#406,,,p.Trp122Asp,0.028976936047361,-0.0144578287471275,0.0724117008418496,W122D,W122D,0.959,pathogenic,0.1038750280806034,0.041000000000000036,False,122,False,False,False
urn:mavedb:00000078-b-1#407,,,p.Trp122Cys,0.8986736867507321,0.621825475133805,1.17552189836766,W122C,W122C,0.4414,ambiguous,0.578304968812207,0.5586,False,122,False,False,False
urn:mavedb:00000078-b-1#408,,,p.Ala121Ile,0.939706036073586,0.6897628406421811,1.18964923150499,A121I,A121I,0.7952,pathogenic,0.1808538446229353,0.20479999999999998,True,121,False,True,False
urn:mavedb:00000078-b-1#409,,,p.Ala121Tyr,0.4116405047328449,0.3657636546996501,0.457517354766041,A121Y,A121Y,0.8844,pathogenic,0.13153487089554106,0.11560000000000004,False,121,False,False,False
urn:mavedb:00000078-b-1#411,,,p.Ala121Val,1.01539855816806,0.918375126562108,1.11242198977402,A121V,A121V,0.5811,pathogenic,0.3926253624887486,0.41890000000000005,False,121,False,True,False
urn:mavedb:00000078-b-1#412,,,p.Ala121Thr,0.9587274443427308,0.8608398060849409,1.05661508260052,A121T,A121T,0.5032,ambiguous,0.4956801327055079,0.4968,False,121,False,False,False
urn:mavedb:00000078-b-1#413,,,p.Ala121Ser,0.9359409722706932,0.829519818098402,1.04236212644298,A121S,A121S,0.2063,benign,0.818136482545242,0.7937,False,121,False,False,False
urn:mavedb:00000078-b-1#414,,,p.Ala121Arg,-0.0888161005918784,-0.23241047134101,0.0547782701572528,A121R,A121R,0.9254,pathogenic,0.11503887492993659,0.0746,False,121,False,False,False
urn:mavedb:00000078-b-1#415,,,p.Ala121Gln,0.827419988214822,0.584640705761436,1.07019927066821,A121Q,A121Q,0.9014,pathogenic,0.12428095386020524,0.09860000000000002,True,121,False,True,False
urn:mavedb:00000078-b-1#416,,,p.Ala121Pro,0.0766241988097082,0.0352869458343328,0.117961451785084,A121P,A121P,0.8422,pathogenic,0.152356494385929,0.15780000000000005,False,121,False,False,False
urn:mavedb:00000078-b-1#417,,,p.Ala121Asn,0.945073376620611,0.811877389217207,1.07826936402401,A121N,A121N,0.9099,pathogenic,0.12087847146374957,0.09009999999999996,True,121,False,True,False
urn:mavedb:00000078-b-1#418,,,p.Ala121Met,0.8764632109250559,0.6753928363273799,1.0775335855227302,A121M,A121M,0.6416,pathogenic,0.31956509604718203,0.35840000000000005,True,121,False,True,False
urn:mavedb:00000078-b-1#419,,,p.Ala121Leu,0.993470193659166,0.9452590592662492,1.04168132805208,A121L,A121L,0.4539,ambiguous,0.5618412250687054,0.5461,False,121,False,False,False
urn:mavedb:00000078-b-1#420,,,p.Ala121Lys,0.0782935459820097,-0.0491372248668125,0.205724316830832,A121K,A121K,0.9788,pathogenic,0.09816318701761986,0.021199999999999997,False,121,False,False,False
urn:mavedb:00000078-b-1#421,,,p.Ala121Glu,0.181830240778203,0.0943520736416788,0.269308407914726,A121E,A121E,0.9457,pathogenic,0.10806172690947588,0.054300000000000015,False,121,False,False,False
urn:mavedb:00000078-b-1#422,,,p.Glu155His,0.995487344596294,0.875899875417106,1.11507481377548,E155H,E155H,0.1589,benign,0.8470432549070406,0.8411,False,155,False,False,False
urn:mavedb:00000078-b-1#423,,,p.Glu155Gly,1.01226599098019,0.852852897540807,1.17167908441956,E155G,E155G,0.0567,benign,0.891151200709059,0.9433,False,155,False,False,False
urn:mavedb:00000078-b-1#424,,,p.Glu155Asp,1.11373402701792,0.955040895745831,1.27242715829,E155D,E155D,0.088,benign,0.8799399101164369,0.912,False,155,False,False,False
urn:mavedb:00000078-b-1#425,,,p.Glu155Cys,1.2992843210524498,1.24325257335314,1.35531606875176,E155C,E155C,0.4044,ambiguous,0.6256340966367773,0.5956,False,155,False,False,False
urn:mavedb:00000078-b-1#426,,,p.Glu155Ala,1.00162393242365,0.8624280748441129,1.1408197900031898,E155A,E155A,0.072,benign,0.8858961524794603,0.928,False,155,False,False,False
urn:mavedb:00000078-b-1#427,,,p.Gln154Ile,0.900668672513527,0.81415794036384,0.987179404663214,Q154I,Q154I,0.2182,benign,0.8098964048199004,0.7818,False,154,False,False,False
urn:mavedb:00000078-b-1#428,,,p.Gln154Tyr,0.8737052002818559,0.7330673369358399,1.01434306362787,Q154Y,Q154Y,0.2166,benign,0.8110282729954474,0.7834,False,154,False,False,False
urn:mavedb:00000078-b-1#430,,,p.Gln154Trp,1.20962207337023,1.14522746862891,1.27401667811156,Q154W,Q154W,0.142,benign,0.8559335628439336,0.858,False,154,False,False,False
urn:mavedb:00000078-b-1#431,,,p.Gln154Val,0.719508911851183,0.518311270831502,0.920706552870865,Q154V,Q154V,0.1392,benign,0.8573393339511725,0.8608,False,154,False,False,False
urn:mavedb:00000078-b-1#432,,,p.Gln154Thr,0.849817407219305,0.6336403048593161,1.06599450957929,Q154T,Q154T,0.1117,benign,0.8701836566984588,0.8883,False,154,False,False,False
urn:mavedb:00000078-b-1#433,,,p.Gln154Ser,0.952684127086307,0.8575219863609039,1.04784626781171,Q154S,Q154S,0.1258,benign,0.8638121228044613,0.8742,False,154,False,False,False
urn:mavedb:00000078-b-1#434,,,p.Gln154Arg,1.05439392106478,0.9698742979973328,1.13891354413223,Q154R,Q154R,0.0534,benign,0.8922308905919956,0.9466,False,154,False,False,False
urn:mavedb:00000078-b-1#436,,,p.Gln154Pro,0.878970484134954,0.731839289573159,1.02610167869675,Q154P,Q154P,0.0601,benign,0.8900191866923161,0.9399,False,154,False,False,False
urn:mavedb:00000078-b-1#437,,,p.Gln154Asn,0.740091265552346,0.455601912961166,1.02458061814353,Q154N,Q154N,0.206,benign,0.8183389320343915,0.794,False,154,False,False,False
urn:mavedb:00000078-b-1#438,,,p.Gln154Met,1.03758016060325,0.874426866675414,1.2007334545310802,Q154M,Q154M,0.2345,benign,0.7979339871533517,0.7655000000000001,False,154,False,False,False
urn:mavedb:00000078-b-1#439,,,p.Gln154Leu,1.04951201550396,1.03000434934746,1.06901968166046,Q154L,Q154L,0.0976,benign,0.8761269245872706,0.9024,False,154,False,False,False
urn:mavedb:00000078-b-1#440,,,p.Gln154Lys,0.984408098970481,0.792014954278381,1.17680124366258,Q154K,Q154K,0.0729,benign,0.8855739021746022,0.9271,False,154,False,False,False
urn:mavedb:00000078-b-1#441,,,p.Gln154Glu,0.9248053535536508,0.761864387002092,1.08774632010521,Q154E,Q154E,0.0689,benign,0.8869947651281918,0.9311,False,154,False,False,False
urn:mavedb:00000078-b-1#442,,,p.Gln154His,0.918109637018387,0.767193400528737,1.06902587350804,Q154H,Q154H,0.1224,benign,0.8653889219496548,0.8776,False,154,False,False,False
urn:mavedb:00000078-b-1#443,,,p.Gln154Gly,1.01031567116843,0.823467289443388,1.19716405289348,Q154G,Q154G,0.0981,benign,0.8759232409149873,0.9019,False,154,False,False,False
urn:mavedb:00000078-b-1#444,,,p.Gln154Phe,1.06917246285297,0.952090406950255,1.18625451875569,Q154F,Q154F,0.3683,ambiguous,0.6690868455629904,0.6316999999999999,False,154,False,False,False
urn:mavedb:00000078-b-1#445,,,p.Gln154Asp,0.8568990105230891,0.6828188238999321,1.03097919714625,Q154D,Q154D,0.1882,benign,0.8298957352973462,0.8118,False,154,False,False,False
urn:mavedb:00000078-b-1#446,,,p.Gln154Cys,1.05652759200892,0.9076122689560948,1.20544291506174,Q154C,Q154C,0.2934,benign,0.7479449427244956,0.7066,False,154,False,False,False
urn:mavedb:00000078-b-1#447,,,p.Gln154Ala,1.0930223638401602,1.015479188225,1.17056553945533,Q154A,Q154A,0.1064,benign,0.8724666664149366,0.8936,False,154,False,False,False
urn:mavedb:00000078-b-1#448,,,p.Val153Ala,0.9437858824608628,0.80977402101577,1.07779774390596,V153A,V153A,0.0898,benign,0.8792389731861506,0.9102,False,153,False,False,False
urn:mavedb:00000078-b-1#449,,,p.Val153Tyr,1.15878883221183,1.0247705689775,1.29280709544616,V153Y,V153Y,0.1951,benign,0.8255212108158919,0.8049,False,153,False,False,False
urn:mavedb:00000078-b-1#451,,,p.Val153Trp,1.13371360680263,0.723811555665185,1.5436156579400802,V153W,V153W,0.2773,benign,0.7626779044244105,0.7227,False,153,False,False,False
urn:mavedb:00000078-b-1#453,,,p.Val153Thr,0.913521149581921,0.7835646211473221,1.04347767801652,V153T,V153T,0.1342,benign,0.8598034186814237,0.8658,False,153,False,False,False
urn:mavedb:00000078-b-1#454,,,p.Val153Ser,1.01233219679814,0.894230706053568,1.13043368754271,V153S,V153S,0.1186,benign,0.8671205881047281,0.8814,False,153,False,False,False
urn:mavedb:00000078-b-1#455,,,p.Val153Arg,0.98172951965583,0.862548305728144,1.10091073358352,V153R,V153R,0.1337,benign,0.8600465985089452,0.8663,False,153,False,False,False
urn:mavedb:00000078-b-1#456,,,p.Val153Pro,0.682842352737334,0.318315366401097,1.04736933907357,V153P,V153P,0.1594,benign,0.8467694017186791,0.8406,False,153,False,False,False
urn:mavedb:00000078-b-1#457,,,p.Val153Asn,0.889712948145883,0.7107290274747191,1.06869686881705,V153N,V153N,0.1415,benign,0.8561859675197825,0.8585,False,153,False,False,False
urn:mavedb:00000078-b-1#458,,,p.Val153Met,0.8772942352856179,0.72568219697954,1.0289062735916998,V153M,V153M,0.0988,benign,0.8756372248960567,0.9012,False,153,False,False,False
urn:mavedb:00000078-b-1#459,,,p.Val153Leu,1.09240659806907,1.0559730601298,1.1288401360083302,V153L,V153L,0.0986,benign,0.8757190461397947,0.9014,False,153,False,False,False
urn:mavedb:00000078-b-1#460,,,p.Val153Lys,0.437247905228303,0.175785710233192,0.698710100223414,V153K,V153K,0.1755,benign,0.8376072383640657,0.8245,False,153,False,False,False
urn:mavedb:00000078-b-1#461,,,p.Val153Ile,0.673756837384361,0.351388537122192,0.9961251376465308,V153I,V153I,0.0758,benign,0.8845253454293854,0.9242,False,153,False,False,False
urn:mavedb:00000078-b-1#462,,,p.Val153His,1.14444969039272,1.0605763737366,1.22832300704884,V153H,V153H,0.228,benign,0.8027990910946877,0.772,False,153,False,False,False
urn:mavedb:00000078-b-1#463,,,p.Val153Gly,0.9374505850144448,0.852336885408304,1.02256428462059,V153G,V153G,0.0817,benign,0.8823433884107822,0.9183,False,153,False,False,False
urn:mavedb:00000078-b-1#464,,,p.Val153Phe,1.12611774907253,1.00888284969748,1.24335264844757,V153F,V153F,0.0633,benign,0.8889353210571492,0.9367,False,153,False,False,False
urn:mavedb:00000078-b-1#465,,,p.Val153Glu,0.885777881444734,0.653723171179256,1.11783259171021,V153E,V153E,0.1381,benign,0.8578864945399947,0.8619,False,153,False,False,False
urn:mavedb:00000078-b-1#466,,,p.Val153Asp,0.928393235595854,0.8121675825523779,1.04461888863933,V153D,V153D,0.1455,benign,0.8541498844303752,0.8545,False,153,False,False,False
urn:mavedb:00000078-b-1#467,,,p.Val153Cys,1.2788714742763,1.00858088284904,1.54916206570355,V153C,V153C,0.4283,ambiguous,0.5953292830162609,0.5717,False,153,False,False,False
urn:mavedb:00000078-b-1#468,,,p.Lys152Pro,0.887554009872651,0.0913009333434089,1.68380708640189,K152P,K152P,0.2103,benign,0.8154124589031589,0.7897000000000001,False,152,False,False,False
urn:mavedb:00000078-b-1#469,,,p.Lys152Tyr,0.893522911036797,0.514505445948645,1.27254037612495,K152Y,K152Y,0.3356,benign,0.7055386419196865,0.6644,False,152,False,False,False
urn:mavedb:00000078-b-1#471,,,p.Lys152Val,0.8621957533596211,0.7605542383146429,0.9638372684045992,K152V,K152V,0.1627,benign,0.8449460293084542,0.8372999999999999,False,152,False,False,False
urn:mavedb:00000078-b-1#472,,,p.Lys152Thr,0.839694472089854,0.620058007741934,1.05933093643777,K152T,K152T,0.0833,benign,0.8817402555794865,0.9167,False,152,False,False,False
urn:mavedb:00000078-b-1#473,,,p.Lys152Ser,0.98743629309737,0.8768546893104091,1.09801789688433,K152S,K152S,0.1447,benign,0.8545601905731739,0.8553,False,152,False,False,False
urn:mavedb:00000078-b-1#474,,,p.Lys152Arg,0.9464966151871872,0.833005679953692,1.05998755042068,K152R,K152R,0.0699,benign,0.8866422897998152,0.9301,False,152,False,False,False
urn:mavedb:00000078-b-1#475,,,p.Lys152Gln,0.8916121671976329,0.72042766150589,1.06279667288938,K152Q,K152Q,0.0842,benign,0.8813988281259139,0.9158,False,152,False,False,False
urn:mavedb:00000078-b-1#476,,,p.Lys152Ile,0.8667134919258299,0.731009699813875,1.00241728403778,K152I,K152I,0.2046,benign,0.8192802925904776,0.7954,False,152,False,False,False
urn:mavedb:00000078-b-1#477,,,p.Lys152Asn,0.961340875804457,0.828818913547995,1.09386283806092,K152N,K152N,0.1384,benign,0.8577375534581535,0.8616,False,152,False,False,False
urn:mavedb:00000078-b-1#478,,,p.Lys152Met,1.03886061552571,0.9429446887814092,1.13477654227002,K152M,K152M,0.1559,benign,0.8486731178267953,0.8441,False,152,False,False,False
urn:mavedb:00000078-b-1#479,,,p.Lys152Leu,1.01159903386603,0.8924596522561831,1.13073841547589,K152L,K152L,0.1838,benign,0.8326168633050923,0.8162,False,152,False,False,False
urn:mavedb:00000078-b-1#480,,,p.Lys152Glu,0.881014847081898,0.6720983878379351,1.08993130632586,K152E,K152E,0.0661,benign,0.8879720698214061,0.9339,False,152,False,False,False
urn:mavedb:00000078-b-1#481,,,p.Lys152His,0.97743665109906,0.8768835491542349,1.07798975304388,K152H,K152H,0.1457,benign,0.8540470654124452,0.8543000000000001,False,152,False,False,False
urn:mavedb:00000078-b-1#482,,,p.Lys152Gly,0.952151201310746,0.8683711325008349,1.03593127012066,K152G,K152G,0.1416,benign,0.8561355345079134,0.8584,False,152,False,False,False
urn:mavedb:00000078-b-1#484,,,p.Ser149Arg,0.0483628979137453,-0.0712278451058705,0.167953640933361,S149R,S149R,0.9511,pathogenic,0.106326523986975,0.048900000000000055,False,149,False,False,False
urn:mavedb:00000078-b-1#485,,,p.Ser149Pro,0.365431152850769,0.23832808556155,0.492534220139988,S149P,S149P,0.7619,pathogenic,0.20481521201868863,0.23809999999999998,False,149,False,False,False
urn:mavedb:00000078-b-1#486,,,p.Ser149Met,0.824227209893298,0.430965212912256,1.21748920687434,S149M,S149M,0.6282,pathogenic,0.33498696895786,0.3718,True,149,False,True,False
urn:mavedb:00000078-b-1#487,,,p.Ser149Leu,0.65472445930078,0.5078892305150221,0.801559688086537,S149L,S149L,0.5249,ambiguous,0.4664473856650987,0.47509999999999997,False,149,False,False,False
urn:mavedb:00000078-b-1#488,,,p.Ser149Lys,0.187487639282962,-0.420004391912755,0.794979670478678,S149K,S149K,0.9796,pathogenic,0.09794484377082412,0.020399999999999974,False,149,False,False,False
urn:mavedb:00000078-b-1#489,,,p.Ser149Ile,0.787540539917845,0.5789680769623679,0.9961130028733228,S149I,S149I,0.4845,ambiguous,0.5209099313390007,0.5155000000000001,False,149,False,False,False
urn:mavedb:00000078-b-1#490,,,p.Ser149His,0.649318993388353,0.405889273542808,0.892748713233898,S149H,S149H,0.7058,pathogenic,0.25280817602878886,0.2942,False,149,False,False,False
urn:mavedb:00000078-b-1#491,,,p.Ser149Gly,0.748846437047895,0.6520287593137071,0.845664114782082,S149G,S149G,0.1325,benign,0.8606278533425379,0.8674999999999999,False,149,False,False,False
urn:mavedb:00000078-b-1#492,,,p.Ser149Asp,0.790317254593312,0.644580702658051,0.9360538065285732,S149D,S149D,0.7141,pathogenic,0.24509139729830975,0.28590000000000004,False,149,False,False,False
urn:mavedb:00000078-b-1#493,,,p.Ser149Cys,1.12381730050483,0.982623799970223,1.26501080103943,S149C,S149C,0.1597,benign,0.8466047856314178,0.8403,False,149,False,False,False
urn:mavedb:00000078-b-1#494,,,p.Ser149Ala,1.1382492164071698,0.995658130968492,1.28084030184585,S149A,S149A,0.2162,benign,0.8113100695713721,0.7838,False,149,False,False,False
urn:mavedb:00000078-b-1#495,,,p.Leu148Tyr,0.689586208916301,0.574984667603822,0.8041877502287801,L148Y,L148Y,0.4207,ambiguous,0.6050800550083442,0.5792999999999999,False,148,False,False,False
urn:mavedb:00000078-b-1#496,,,p.Leu148Ile,1.01562411567849,0.946736442720994,1.08451178863598,L148I,L148I,0.135,benign,0.8594131157923037,0.865,False,148,False,False,False
urn:mavedb:00000078-b-1#498,,,p.Leu148Trp,0.53474657942631,0.399601370797826,0.6698917880547939,L148W,L148W,0.2632,benign,0.7749174204817111,0.7368,False,148,False,False,False
urn:mavedb:00000078-b-1#499,,,p.Leu148Val,0.75431235806616,0.703515895423926,0.805108820708393,L148V,L148V,0.1251,benign,0.8641388909904534,0.8749,False,148,False,False,False
urn:mavedb:00000078-b-1#500,,,p.Leu148Thr,0.6588655526950961,0.6116135000452071,0.706117605344986,L148T,L148T,0.328,benign,0.7135731084052034,0.6719999999999999,False,148,False,False,False
urn:mavedb:00000078-b-1#501,,,p.Leu148Ser,0.749887194713124,0.671973142590951,0.8278012468352959,L148S,L148S,0.3898,ambiguous,0.6435769102397427,0.6102000000000001,False,148,False,False,False
urn:mavedb:00000078-b-1#502,,,p.Leu148Arg,0.292520442200044,0.1510442522400369,0.43399663216005,L148R,L148R,0.2718,benign,0.7675257837051016,0.7282,False,148,False,False,False
urn:mavedb:00000078-b-1#503,,,p.Leu148Gln,0.788264225561125,0.656216451862136,0.920311999260114,L148Q,L148Q,0.2059,benign,0.8184063579390759,0.7941,False,148,False,False,False
urn:mavedb:00000078-b-1#504,,,p.Leu148Pro,0.0184347097059317,-0.0559308383397116,0.0928002577515749,L148P,L148P,0.6387,pathogenic,0.3228620835142895,0.36129999999999995,False,148,False,False,False
urn:mavedb:00000078-b-1#505,,,p.Leu148Asn,0.8345166999565039,0.7720946799718,0.8969387199412081,L148N,L148N,0.5006,ambiguous,0.4991900008747987,0.49939999999999996,False,148,False,False,False
urn:mavedb:00000078-b-1#506,,,p.Leu148Met,0.8593323483901111,0.707983531027271,1.01068116575295,L148M,L148M,0.1629,benign,0.8448346284362852,0.8371,False,148,False,False,False
urn:mavedb:00000078-b-1#508,,,p.Leu148Lys,0.5836782523989329,0.4184481661011429,0.7489083386967221,L148K,L148K,0.4517,ambiguous,0.5647524520237424,0.5483,False,148,False,False,False
urn:mavedb:00000078-b-1#509,,,p.Leu148Glu,0.7593428179614641,0.6839529144407309,0.8347327214821979,L148E,L148E,0.4443,ambiguous,0.5745028543169568,0.5557000000000001,False,148,False,False,False
urn:mavedb:00000078-b-1#510,,,p.Leu148His,0.48761552411301,0.2879142903795739,0.6873167578464471,L148H,L148H,0.3015,benign,0.740227879152136,0.6985,False,148,False,False,False
urn:mavedb:00000078-b-1#511,,,p.Leu148Gly,0.510832777592064,0.445782789771062,0.575882765413066,L148G,L148G,0.5155,ambiguous,0.47909006866099924,0.48450000000000004,False,148,False,False,False
urn:mavedb:00000078-b-1#512,,,p.Leu148Phe,0.781451920161453,0.6962241540697379,0.866679686253169,L148F,L148F,0.1556,benign,0.8488348591072621,0.8444,False,148,False,False,False
urn:mavedb:00000078-b-1#513,,,p.Leu148Asp,0.920839012657855,0.8420926446769621,0.999585380638747,L148D,L148D,0.754,pathogenic,0.21098592869765292,0.246,True,148,False,True,False
urn:mavedb:00000078-b-1#514,,,p.Leu148Cys,0.89972143753914,0.7481329254312521,1.0513099496470302,L148C,L148C,0.4993,ambiguous,0.5009449986108524,0.5006999999999999,False,148,False,False,False
urn:mavedb:00000078-b-1#515,,,p.Leu148Ala,0.779353571515038,0.670182754344014,0.888524388686062,L148A,L148A,0.3355,benign,0.7056454631903345,0.6645,False,148,False,False,False
urn:mavedb:00000078-b-1#516,,,p.Trp147Ile,1.00824916347383,0.9527885632312232,1.06370976371644,W147I,W147I,0.0747,benign,0.8849249124894027,0.9253,False,147,False,False,False
urn:mavedb:00000078-b-1#517,,,p.Trp147Tyr,1.00210868514175,0.8829261177941621,1.12129125248935,W147Y,W147Y,0.126,benign,0.8637185564425194,0.874,False,147,False,False,False
urn:mavedb:00000078-b-1#519,,,p.Trp147Val,0.979000372600037,0.8562144719518779,1.10178627324819,W147V,W147V,0.0519,benign,0.8927155356775643,0.9480999999999999,False,147,False,False,False
urn:mavedb:00000078-b-1#520,,,p.Trp147Thr,0.612897853096151,0.513087209937368,0.712708496254933,W147T,W147T,0.1389,benign,0.857488844259799,0.8611,False,147,False,False,False
urn:mavedb:00000078-b-1#521,,,p.Trp147Ser,0.627696952595029,0.551553191772936,0.7038407134171211,W147S,W147S,0.1527,benign,0.8503867623599105,0.8472999999999999,False,147,False,False,False
urn:mavedb:00000078-b-1#522,,,p.Trp147Arg,0.481733315575794,0.426799650732548,0.5366669804190399,W147R,W147R,0.431,ambiguous,0.591841953380024,0.569,False,147,False,False,False
urn:mavedb:00000078-b-1#523,,,p.Trp147Gln,0.334907842397773,0.1441224649119069,0.5256932198836379,W147Q,W147Q,0.4753,ambiguous,0.5332841033920354,0.5246999999999999,False,147,False,False,False
urn:mavedb:00000078-b-1#524,,,p.Trp147Pro,-0.0868418029865389,-0.15858839404597,-0.0150952119271082,W147P,W147P,0.6371,pathogenic,0.3246908278536096,0.3629,False,147,False,False,False
urn:mavedb:00000078-b-1#525,,,p.Trp147Asn,0.322699577648396,0.197114419249041,0.448284736047751,W147N,W147N,0.5236,ambiguous,0.4681931277152979,0.47640000000000005,False,147,False,False,False
urn:mavedb:00000078-b-1#526,,,p.Trp147Met,0.976367889009414,0.8349292526267891,1.11780652539204,W147M,W147M,0.1254,benign,0.8639989834005026,0.8746,False,147,False,False,False
urn:mavedb:00000078-b-1#527,,,p.Trp147Leu,1.00383806424041,0.9048426378232158,1.1028334906576,W147L,W147L,0.0457,benign,0.894678787631683,0.9543,False,147,False,False,False
urn:mavedb:00000078-b-1#528,,,p.Trp147Lys,0.394100083310861,0.23326952011139,0.5549306465103311,W147K,W147K,0.5818,pathogenic,0.3917346135957099,0.4182,False,147,False,False,False
urn:mavedb:00000078-b-1#529,,,p.Trp147Glu,0.0519242637300129,-0.010861891002818,0.114710418462844,W147E,W147E,0.5771,pathogenic,0.39773229180926545,0.42290000000000005,False,147,False,False,False
urn:mavedb:00000078-b-1#530,,,p.Trp147His,0.664750808321198,0.466605065896368,0.8628965507460269,W147H,W147H,0.4559,ambiguous,0.5591900620285555,0.5441,False,147,False,False,False
urn:mavedb:00000078-b-1#531,,,p.Trp147Gly,0.6132894281904411,0.519207233785439,0.7073716225954441,W147G,W147G,0.077,benign,0.8840868764342561,0.923,False,147,False,False,False
urn:mavedb:00000078-b-1#532,,,p.Trp147Phe,0.958699953762474,0.8739725823509928,1.04342732517395,W147F,W147F,0.0605,benign,0.8898846867793867,0.9395,False,147,False,False,False
urn:mavedb:00000078-b-1#533,,,p.Trp147Asp,0.0332652894600465,-0.181086139490508,0.247616718410601,W147D,W147D,0.707,pathogenic,0.25167924379102957,0.29300000000000004,False,147,False,False,False
urn:mavedb:00000078-b-1#534,,,p.Trp147Cys,0.891047256717206,0.6360801904408161,1.1460143229936002,W147C,W147C,0.1515,benign,0.8510228096458982,0.8485,False,147,False,False,False
urn:mavedb:00000078-b-1#535,,,p.Trp147Ala,0.913077719994636,0.838403539856906,0.9877519001323648,W147A,W147A,0.0969,benign,0.8764112249859899,0.9031,False,147,False,False,False
urn:mavedb:00000078-b-1#536,,,p.Met146Glu,0.147527352576436,-0.0710412753549911,0.366095980507864,M146E,M146E,0.8893,pathogenic,0.12938099193856883,0.11070000000000002,False,146,False,False,False
urn:mavedb:00000078-b-1#537,,,p.Met146Tyr,0.764257423823514,0.572343470062297,0.956171377584731,M146Y,M146Y,0.7896,pathogenic,0.18465623219264443,0.21040000000000003,False,146,False,False,False
urn:mavedb:00000078-b-1#538,,,p.Met146Trp,1.04538188380629,0.861332250439607,1.22943151717297,M146W,M146W,0.7333,pathogenic,0.22806306530510745,0.26670000000000005,True,146,False,True,False
urn:mavedb:00000078-b-1#539,,,p.Met146Val,0.9360853809767592,0.790629805970909,1.08154095598261,M146V,M146V,0.108,benign,0.871783760276366,0.892,False,146,False,False,False
urn:mavedb:00000078-b-1#540,,,p.Met146Thr,1.0574952343952702,0.9411163493658722,1.1738741194246698,M146T,M146T,0.0968,benign,0.8764517578732212,0.9032,False,146,False,False,False
urn:mavedb:00000078-b-1#541,,,p.Met146Ser,0.911334183783164,0.8404408091740649,0.982227558392263,M146S,M146S,0.3484,ambiguous,0.6916264730660161,0.6516,False,146,False,False,False
urn:mavedb:00000078-b-1#542,,,p.Met146Arg,-0.0352328897366461,-0.0939436245819071,0.0234778451086149,M146R,M146R,0.7522,pathogenic,0.2124185336878398,0.24780000000000002,False,146,False,False,False
urn:mavedb:00000078-b-1#543,,,p.Met146Gln,0.0894799550388999,-0.0772918809286821,0.256251791006482,M146Q,M146Q,0.6639,pathogenic,0.2949959034674402,0.33609999999999995,False,146,False,False,False
urn:mavedb:00000078-b-1#544,,,p.Met146Pro,-0.0236358998520397,-0.18015568665762,0.132883886953541,M146P,M146P,0.8541,pathogenic,0.14605585072537747,0.14590000000000003,False,146,False,False,False
urn:mavedb:00000078-b-1#545,,,p.Met146Asn,0.311953737081544,0.20306064610264,0.420846828060448,M146N,M146N,0.7751,pathogenic,0.1949250869157675,0.2249,False,146,False,False,False
urn:mavedb:00000078-b-1#546,,,p.Met146Leu,1.09860078062523,1.03911824051651,1.15808332073396,M146L,M146L,0.103,benign,0.8738999374088959,0.897,False,146,False,False,False
urn:mavedb:00000078-b-1#547,,,p.Met146Lys,-0.15777377043697,-0.347708085143306,0.0321605442693658,M146K,M146K,0.7962,pathogenic,0.18018429963956412,0.20379999999999998,False,146,False,False,False
urn:mavedb:00000078-b-1#548,,,p.Met146Ile,0.810906429654587,0.630167141912586,0.991645717396588,M146I,M146I,0.4636,ambiguous,0.5489456015965657,0.5364,False,146,False,False,False
urn:mavedb:00000078-b-1#549,,,p.Met146His,0.164656381407454,0.0024546638736891,0.326858098941219,M146H,M146H,0.8615,pathogenic,0.14231214095395767,0.13849999999999996,False,146,False,False,False
urn:mavedb:00000078-b-1#550,,,p.Met146Gly,0.805579847102005,0.6708187313836871,0.9403409628203242,M146G,M146G,0.402,ambiguous,0.628615509225106,0.598,False,146,False,False,False
urn:mavedb:00000078-b-1#551,,,p.Met146Phe,1.04742761245796,0.974330517228918,1.12052470768701,M146F,M146F,0.2933,benign,0.7480389427207114,0.7067,False,146,False,False,False
urn:mavedb:00000078-b-1#552,,,p.Met146Asp,-0.0718404321885602,-0.1387594488634509,-0.0049214155136695,M146D,M146D,0.9646,pathogenic,0.10219814446273526,0.03539999999999999,False,146,False,False,False
urn:mavedb:00000078-b-1#553,,,p.Met146Cys,1.11284606991553,1.01497257512518,1.2107195647058702,M146C,M146C,0.6009,pathogenic,0.3677983095500506,0.3991,True,146,False,True,False
urn:mavedb:00000078-b-1#554,,,p.Met146Ala,0.845937037322726,0.68746396173125,1.0044101129142,M146A,M146A,0.1899,benign,0.8288301808443937,0.8101,False,146,False,False,False
urn:mavedb:00000078-b-1#555,,,p.Leu145Arg,0.0528063053072041,-0.169891993708153,0.275504604322561,L145R,L145R,0.8058,pathogenic,0.17390070401490604,0.19420000000000004,False,145,False,False,False
urn:mavedb:00000078-b-1#556,,,p.Leu145Tyr,-0.0550467251894995,-0.170667859300509,0.0605744089215099,L145Y,L145Y,0.9086,pathogenic,0.12138946068436447,0.09140000000000004,False,145,False,False,False
urn:mavedb:00000078-b-1#557,,,p.Leu145Trp,-0.1110281200231259,-0.287749883138826,0.0656936430925738,L145W,L145W,0.8227,pathogenic,0.1634593284683689,0.1773,False,145,False,False,False
urn:mavedb:00000078-b-1#558,,,p.Leu145Val,0.3292533658036649,0.230198602677598,0.4283081289297321,L145V,L145V,0.2269,benign,0.8036099142401542,0.7731,False,145,False,False,False
urn:mavedb:00000078-b-1#559,,,p.Leu145Thr,-0.056377093187607,-0.12487711219857,0.0121229258233563,L145T,L145T,0.7102,pathogenic,0.24869064926445267,0.28979999999999995,False,145,False,False,False
urn:mavedb:00000078-b-1#560,,,p.Leu145Ser,-0.0883445397248308,-0.204610631843516,0.0279215523938546,L145S,L145S,0.8365,pathogenic,0.15550018934529775,0.16349999999999998,False,145,False,False,False
urn:mavedb:00000078-b-1#561,,,p.Leu145Ala,0.0811969557190216,-0.0468753399755785,0.209269251413622,L145A,L145A,0.7434,pathogenic,0.21956553849232985,0.25660000000000005,False,145,False,False,False
urn:mavedb:00000078-b-1#562,,,p.Leu145Gln,-0.169869242904658,-0.343479337635082,0.0037408518257658,L145Q,L145Q,0.6969,pathogenic,0.2613205092992119,0.30310000000000004,False,145,False,False,False
urn:mavedb:00000078-b-1#563,,,p.Leu145Pro,-0.0793530834039595,-0.176871085152501,0.0181649183445819,L145P,L145P,0.9159,pathogenic,0.11856315825152441,0.08409999999999995,False,145,False,False,False
urn:mavedb:00000078-b-1#564,,,p.Leu145Asn,0.0366706973072158,-0.0017733188841376,0.0751147134985694,L145N,L145N,0.855,pathogenic,0.14559349250765802,0.14500000000000002,False,145,False,False,False
urn:mavedb:00000078-b-1#565,,,p.Leu145Met,0.5626021020511761,0.439467594633569,0.6857366094687819,L145M,L145M,0.2903,benign,0.7508444829646962,0.7097,False,145,False,False,False
urn:mavedb:00000078-b-1#567,,,p.Leu145Lys,-0.0428490249469722,-0.251217283776381,0.165519233882436,L145K,L145K,0.9064,pathogenic,0.12226188542469578,0.09360000000000002,False,145,False,False,False
urn:mavedb:00000078-b-1#568,,,p.Leu145Ile,0.740294886982815,0.473616372320326,1.0069734016453,L145I,L145I,0.2035,benign,0.8200160080188906,0.7965,False,145,False,False,False
urn:mavedb:00000078-b-1#569,,,p.Leu145Gly,-0.0854777961925592,-0.244459880105466,0.0735042877203479,L145G,L145G,0.8806,pathogenic,0.1332413063080577,0.11939999999999995,False,145,False,False,False
urn:mavedb:00000078-b-1#570,,,p.Leu145Phe,0.448984253992766,0.362819169898452,0.535149338087079,L145F,L145F,0.5423,ambiguous,0.44319957049291225,0.4577,False,145,False,False,False
urn:mavedb:00000078-b-1#571,,,p.Leu145Glu,0.0173615370072,-0.261661790234004,0.296384864248404,L145E,L145E,0.8941,pathogenic,0.12732103538293327,0.1059,False,145,False,False,False
urn:mavedb:00000078-b-1#572,,,p.Leu145Asp,-0.0523960452921809,-0.216943408959668,0.112151318375306,L145D,L145D,0.981,pathogenic,0.09756498933449421,0.019000000000000017,False,145,False,False,False
urn:mavedb:00000078-b-1#573,,,p.Leu145Cys,0.159335390009231,-0.1882839468031489,0.506954726821611,L145C,L145C,0.8827,pathogenic,0.13229434825921782,0.11729999999999996,False,145,False,False,False
urn:mavedb:00000078-b-1#574,,,p.Ser144Leu,1.05886975038085,0.873091718101843,1.24464778265985,S144L,S144L,0.1454,benign,0.854201257539219,0.8546,False,144,False,False,False
urn:mavedb:00000078-b-1#575,,,p.Ser144Tyr,1.06157057276862,0.948648032598328,1.17449311293892,S144Y,S144Y,0.3906,ambiguous,0.6426061118098881,0.6093999999999999,False,144,False,False,False
urn:mavedb:00000078-b-1#576,,,p.Ser144Val,1.00533911138443,0.913796908034958,1.0968813147339,S144V,S144V,0.1203,benign,0.8663498666766105,0.8797,False,144,False,False,False
urn:mavedb:00000078-b-1#577,,,p.Ser144Thr,1.05837236391335,0.994365026978693,1.122379700848,S144T,S144T,0.0893,benign,0.8794343187681707,0.9107,False,144,False,False,False
urn:mavedb:00000078-b-1#579,,,p.Ser144Arg,0.403113433531784,0.281129407463555,0.525097459600012,S144R,S144R,0.8919,pathogenic,0.12825910156963674,0.10809999999999997,False,144,False,False,False
urn:mavedb:00000078-b-1#580,,,p.Ser144Gln,0.6641153820234891,0.393645529999418,0.9345852340475608,S144Q,S144Q,0.8028,pathogenic,0.17583646171737027,0.19720000000000004,False,144,False,False,False
urn:mavedb:00000078-b-1#581,,,p.Ser144Pro,0.4833049249329061,0.420083777930788,0.546526071935025,S144P,S144P,0.7101,pathogenic,0.24878356056814033,0.28990000000000005,False,144,False,False,False
urn:mavedb:00000078-b-1#582,,,p.Ser144Asn,1.11543018312872,0.981455040329568,1.24940532592787,S144N,S144N,0.4603,ambiguous,0.5533430179995574,0.5397000000000001,False,144,False,False,False
urn:mavedb:00000078-b-1#583,,,p.Ser144Met,0.941740543119726,0.789098334862353,1.0943827513770998,S144M,S144M,0.2062,benign,0.8182039943435552,0.7938000000000001,False,144,False,False,False
urn:mavedb:00000078-b-1#584,,,p.Ser144Gly,1.02232244740885,0.972521741594538,1.07212315322317,S144G,S144G,0.0417,benign,0.8959118482249047,0.9583,False,144,False,False,False
urn:mavedb:00000078-b-1#585,,,p.Ser144Lys,0.519641101239062,0.372948377545745,0.66633382493238,S144K,S144K,0.9415,pathogenic,0.10944560363705927,0.058499999999999996,False,144,False,False,False
urn:mavedb:00000078-b-1#586,,,p.Ser144Ile,0.8759280669139649,0.728849055840105,1.02300707798782,S144I,S144I,0.128,benign,0.8627778883955288,0.872,False,144,False,False,False
urn:mavedb:00000078-b-1#587,,,p.Ser144His,0.7984642855299509,0.502216922079343,1.09471164898056,S144H,S144H,0.7157,pathogenic,0.24362848910531737,0.2843,False,144,False,False,False
urn:mavedb:00000078-b-1#588,,,p.Ser144Ala,1.02441470164129,0.9029234985636252,1.14590590471895,S144A,S144A,0.0752,benign,0.8847435705761922,0.9248,False,144,False,False,False
urn:mavedb:00000078-b-1#589,,,p.Ser144Phe,1.13040238121824,0.931329882791116,1.3294748796453602,S144F,S144F,0.2192,benign,0.8091851761169335,0.7807999999999999,False,144,False,False,False
urn:mavedb:00000078-b-1#590,,,p.Ser144Glu,0.5719387605556179,0.458640236651888,0.6852372844593481,S144E,S144E,0.8385,pathogenic,0.1543877142549549,0.16149999999999998,False,144,False,False,False
urn:mavedb:00000078-b-1#591,,,p.Ser144Asp,0.0821533764796301,-0.01095654038041,0.17526329333967,S144D,S144D,0.7985,pathogenic,0.1786551478841541,0.2015,False,144,False,False,False
urn:mavedb:00000078-b-1#592,,,p.Val143Tyr,0.8583480744136031,0.508888778776116,1.20780737005109,V143Y,V143Y,0.6776,pathogenic,0.28061666839930055,0.3224,True,143,False,True,False
urn:mavedb:00000078-b-1#593,,,p.Val143Ile,1.03065605065827,0.950552363017669,1.11075973829888,V143I,V143I,0.0852,benign,0.8810176271126902,0.9148000000000001,False,143,False,False,False
urn:mavedb:00000078-b-1#595,,,p.Val143Trp,1.03171711523485,0.576110296992803,1.4873239334769,V143W,V143W,0.7372,pathogenic,0.22474437319234808,0.26280000000000003,True,143,False,True,False
urn:mavedb:00000078-b-1#597,,,p.Val143Thr,0.983747198990662,0.938025384879481,1.02946901310184,V143T,V143T,0.204,benign,0.8196820194817485,0.796,False,143,False,False,False
urn:mavedb:00000078-b-1#598,,,p.Val143Ser,0.871492646386585,0.7827367873536929,0.960248505419477,V143S,V143S,0.3237,benign,0.7180429082201618,0.6763,False,143,False,False,False
urn:mavedb:00000078-b-1#599,,,p.Val143Arg,-0.077616317660531,-0.138352972990999,-0.0168796623300629,V143R,V143R,0.7606,pathogenic,0.20581760949293482,0.23939999999999995,False,143,False,False,False
urn:mavedb:00000078-b-1#600,,,p.Val143Gln,0.1610112539564649,-0.0541881209422357,0.3762106288551649,V143Q,V143Q,0.7424,pathogenic,0.22039279269981615,0.25760000000000005,False,143,False,False,False
urn:mavedb:00000078-b-1#601,,,p.Val143Pro,-0.080577683839655,-0.264540902188283,0.103385534508973,V143P,V143P,0.8902,pathogenic,0.12899101078760522,0.10980000000000001,False,143,False,False,False
urn:mavedb:00000078-b-1#602,,,p.Val143Asn,0.0414123172107583,-0.1008619677811969,0.183686602202714,V143N,V143N,0.7135,pathogenic,0.2456420445796017,0.2865,False,143,False,False,False
urn:mavedb:00000078-b-1#603,,,p.Val143Met,0.9447948501013428,0.788876626048051,1.1007130741546398,V143M,V143M,0.1193,benign,0.8668040079847098,0.8807,False,143,False,False,False
urn:mavedb:00000078-b-1#604,,,p.Val143Leu,0.932105083271505,0.825384405069405,1.0388257614736,V143L,V143L,0.1401,benign,0.8568895190223518,0.8599,False,143,False,False,False
urn:mavedb:00000078-b-1#605,,,p.Val143Lys,-0.0429768011094607,-0.0935260269549916,0.0075724247360702,V143K,V143K,0.8526,pathogenic,0.14683082385832102,0.14739999999999998,False,143,False,False,False
urn:mavedb:00000078-b-1#606,,,p.Val143Glu,-0.13394504285852,-0.309334501504152,0.0414444157871124,V143E,V143E,0.8141,pathogenic,0.16867526086361312,0.18589999999999995,False,143,False,False,False
urn:mavedb:00000078-b-1#607,,,p.Val143His,0.0716443336869098,-0.0966771606580686,0.239965828031888,V143H,V143H,0.8651,pathogenic,0.14053801444398734,0.13490000000000002,False,143,False,False,False
urn:mavedb:00000078-b-1#608,,,p.Val143Gly,0.87582614484402,0.817149386170196,0.934502903517844,V143G,V143G,0.162,benign,0.8453351261605826,0.838,False,143,False,False,False
urn:mavedb:00000078-b-1#609,,,p.Val143Phe,0.9270564338401048,0.494119749259372,1.3599931184208405,V143F,V143F,0.1258,benign,0.8638121228044613,0.8742,False,143,False,False,False
urn:mavedb:00000078-b-1#610,,,p.Val143Asp,0.169781447469152,-0.113149327607979,0.4527122225462829,V143D,V143D,0.8621,pathogenic,0.14201432978738374,0.13790000000000002,False,143,False,False,False
urn:mavedb:00000078-b-1#611,,,p.Val143Cys,0.825229219300738,0.6472006672207171,1.00325777138076,V143C,V143C,0.5659,pathogenic,0.4121762353836204,0.43410000000000004,False,143,False,False,False
urn:mavedb:00000078-b-1#612,,,p.Val143Ala,0.9722258504608442,0.799644552536734,1.14480714838495,V143A,V143A,0.1308,benign,0.8614455763734042,0.8692,False,143,False,False,False
urn:mavedb:00000078-b-1#613,,,p.Asn142Gln,0.4641249245491521,0.4014165086268479,0.526833340471457,N142Q,N142Q,0.9484,pathogenic,0.10718799110547045,0.05159999999999998,False,142,False,False,False
urn:mavedb:00000078-b-1#614,,,p.Asn142Tyr,0.0179170270947856,-0.0748514755967658,0.110685529786337,N142Y,N142Y,0.8901,pathogenic,0.12903425636925656,0.1099,False,142,False,False,False
urn:mavedb:00000078-b-1#616,,,p.Asn142Val,0.251191672385767,0.0754546763979359,0.426928668373597,N142V,N142V,0.8609,pathogenic,0.1426108055281327,0.1391,False,142,False,False,False
urn:mavedb:00000078-b-1#617,,,p.Asn142Thr,0.25213385269693,0.1337939078421199,0.37047379755174,N142T,N142T,0.6527,pathogenic,0.3071595225049729,0.34730000000000005,False,142,False,False,False
urn:mavedb:00000078-b-1#618,,,p.Asn142Ser,0.261184209792932,0.149594387128934,0.37277403245693,N142S,N142S,0.2715,benign,0.7677875035109509,0.7284999999999999,False,142,False,False,False
urn:mavedb:00000078-b-1#619,,,p.Asn142Arg,-0.0552056874673517,-0.13748626087772,0.0270748859430161,N142R,N142R,0.9604,pathogenic,0.10345113770452947,0.03959999999999997,False,142,False,False,False
urn:mavedb:00000078-b-1#620,,,p.Asn142Leu,0.141842621220813,0.0454003876021751,0.238284854839451,N142L,N142L,0.8128,pathogenic,0.1694811782368132,0.18720000000000003,False,142,False,False,False
urn:mavedb:00000078-b-1#621,,,p.Asn142Pro,0.216191424523674,0.0234767486208672,0.408906100426481,N142P,N142P,0.8557,pathogenic,0.14523523742322836,0.14429999999999998,False,142,False,False,False
urn:mavedb:00000078-b-1#623,,,p.Asn142Met,-0.0002563052860549,-0.114260194119259,0.113747583547149,N142M,N142M,0.9223,pathogenic,0.11617014447322967,0.07769999999999999,False,142,False,False,False
urn:mavedb:00000078-b-1#624,,,p.Asn142Phe,-0.0014840002178562,-0.124590886784739,0.121622886349027,N142F,N142F,0.9778,pathogenic,0.09843743538702784,0.022199999999999998,False,142,False,False,False
urn:mavedb:00000078-b-1#625,,,p.Asn142Ile,0.193513301523583,0.0783078731012368,0.308718729945928,N142I,N142I,0.8839,pathogenic,0.13175758910359348,0.11609999999999998,False,142,False,False,False
urn:mavedb:00000078-b-1#626,,,p.Asn142His,0.286565267768719,0.177448535548273,0.395681999989165,N142H,N142H,0.6037,pathogenic,0.3643531351504684,0.3963,False,142,False,False,False
urn:mavedb:00000078-b-1#627,,,p.Asn142Gly,-0.0216178773565034,-0.101037559394997,0.0578018046819905,N142G,N142G,0.8122,pathogenic,0.16985470089232185,0.18779999999999997,False,142,False,False,False
urn:mavedb:00000078-b-1#628,,,p.Asn142Ala,0.0092366103564527,-0.245308842359026,0.263782063071932,N142A,N142A,0.8646,pathogenic,0.14078259759149653,0.13539999999999996,False,142,False,False,False
urn:mavedb:00000078-b-1#629,,,p.Asn142Glu,0.575220441249391,0.460759151379436,0.6896817311193449,N142E,N142E,0.9702,pathogenic,0.10057033511317212,0.02980000000000005,False,142,False,False,False
urn:mavedb:00000078-b-1#630,,,p.Asn142Asp,0.9122958134630772,0.770661992388918,1.05392963453724,N142D,N142D,0.8725,pathogenic,0.13698608984743188,0.12749999999999995,True,142,False,True,False
urn:mavedb:00000078-b-1#631,,,p.Asn142Cys,0.0640501799236601,-0.0620442356658592,0.190144595513179,N142C,N142C,0.7459,pathogenic,0.21751090497066955,0.2541,False,142,False,False,False
urn:mavedb:00000078-b-1#632,,,p.Ile141Asn,0.0485555043179308,-0.117139319420563,0.214250328056425,I141N,I141N,0.8766,pathogenic,0.13507213934987977,0.12339999999999995,False,141,False,False,False
urn:mavedb:00000078-b-1#633,,,p.Ile141Tyr,-0.0893143109295333,-0.191659539012841,0.0130309171537747,I141Y,I141Y,0.9495,pathogenic,0.1068355503117546,0.05049999999999999,False,141,False,False,False
urn:mavedb:00000078-b-1#635,,,p.Ile141Val,0.8602453402246579,0.6880654680025581,1.03242521244676,I141V,I141V,0.0727,benign,0.8856456423057794,0.9273,False,141,False,False,False
urn:mavedb:00000078-b-1#636,,,p.Ile141Thr,0.395781221599486,0.296973474824364,0.494588968374607,I141T,I141T,0.6686,pathogenic,0.29000016045544663,0.33140000000000003,False,141,False,False,False
urn:mavedb:00000078-b-1#637,,,p.Ile141Ser,-0.0485594537928175,-0.153338053882325,0.05621914629669,I141S,I141S,0.8015,pathogenic,0.17668312539361275,0.1985,False,141,False,False,False
urn:mavedb:00000078-b-1#638,,,p.Ile141Arg,-0.0807642360403406,-0.147001150060366,-0.0145273220203147,I141R,I141R,0.955,pathogenic,0.10510354653791722,0.04500000000000004,False,141,False,False,False
urn:mavedb:00000078-b-1#639,,,p.Ile141Gln,-0.0068321730957329,-0.164686674200279,0.151022328008813,I141Q,I141Q,0.9656,pathogenic,0.10190390112423095,0.034399999999999986,False,141,False,False,False
urn:mavedb:00000078-b-1#640,,,p.Ile141Pro,-0.0324654688893457,-0.0533781177286464,-0.011552820050045,I141P,I141P,0.9693,pathogenic,0.10082868930819933,0.03069999999999995,False,141,False,False,False
urn:mavedb:00000078-b-1#642,,,p.Ile141Met,0.502556571492199,0.295199312354734,0.7099138306296641,I141M,I141M,0.2737,benign,0.7658617166723012,0.7263,False,141,False,False,False
urn:mavedb:00000078-b-1#643,,,p.Ile141Leu,0.726382321407035,0.4995509243625511,0.953213718451519,I141L,I141L,0.1619,benign,0.8453906091525273,0.8381000000000001,False,141,False,False,False
urn:mavedb:00000078-b-1#644,,,p.Ile141Lys,-0.072480847648392,-0.185333683625395,0.0403719883286106,I141K,I141K,0.9691,pathogenic,0.10088626963346906,0.03090000000000004,False,141,False,False,False
urn:mavedb:00000078-b-1#645,,,p.Ile141Glu,-0.0742892873305704,-0.217462843547958,0.0688842688868173,I141E,I141E,0.976,pathogenic,0.09893479729618229,0.02400000000000002,False,141,False,False,False
urn:mavedb:00000078-b-1#646,,,p.Ile141His,-0.0386717711294468,-0.2354486189510689,0.158105076692175,I141H,I141H,0.9784,pathogenic,0.09827271012811498,0.021599999999999953,False,141,False,False,False
urn:mavedb:00000078-b-1#647,,,p.Ile141Gly,-0.0504543832480197,-0.0879908182597211,-0.0129179482363183,I141G,I141G,0.9224,pathogenic,0.11613337078955384,0.0776,False,141,False,False,False
urn:mavedb:00000078-b-1#648,,,p.Ile141Phe,0.0253633069922764,-0.1241902043683969,0.17491681835295,I141F,I141F,0.6145,pathogenic,0.3512306931186921,0.38549999999999995,False,141,False,False,False
urn:mavedb:00000078-b-1#649,,,p.Ile141Asp,-0.0627592577791508,-0.150135762487536,0.0246172469292343,I141D,I141D,0.9859,pathogenic,0.0962577638554809,0.014100000000000001,False,141,False,False,False
urn:mavedb:00000078-b-1#650,,,p.Ile141Cys,0.6042823260043371,0.392419495589384,0.8161451564192891,I141C,I141C,0.8545,pathogenic,0.14585011556962477,0.14549999999999996,False,141,False,False,False
urn:mavedb:00000078-b-1#651,,,p.Ile141Ala,0.129057139533576,-0.0920757004685327,0.350189979535685,I141A,I141A,0.7223,pathogenic,0.23767834579816022,0.27769999999999995,False,141,False,False,False
urn:mavedb:00000078-b-1#653,,,p.Ala140Tyr,0.573733003022257,0.391155109731899,0.7563108963126149,A140Y,A140Y,0.74,pathogenic,0.22239081370532077,0.26,False,140,False,False,False
urn:mavedb:00000078-b-1#655,,,p.Ala140Trp,0.7051183468309599,0.4947475812149661,0.9154891124469532,A140W,A140W,0.8176,pathogenic,0.1665283790434724,0.1824,False,140,False,False,False
urn:mavedb:00000078-b-1#656,,,p.Ala140Val,0.963269690998024,0.726135190413494,1.20040419158256,A140V,A140V,0.0838,benign,0.8815507666788984,0.9162,False,140,False,False,False
urn:mavedb:00000078-b-1#657,,,p.Ala140Thr,0.879541553830822,0.7571429533207671,1.00194015434088,A140T,A140T,0.1086,benign,0.8715262702896942,0.8914,False,140,False,False,False
urn:mavedb:00000078-b-1#658,,,p.Ala140Ser,0.735934360478213,0.475322090811083,0.996546630145342,A140S,A140S,0.1986,benign,0.8232515497288603,0.8014,False,140,False,False,False
urn:mavedb:00000078-b-1#659,,,p.Ala140Arg,-0.0573950051339593,-0.13468326384533,0.0198932535774113,A140R,A140R,0.9323,pathogenic,0.11258465836185155,0.06769999999999998,False,140,False,False,False
urn:mavedb:00000078-b-1#660,,,p.Ala140Gln,-0.0427658243575488,-0.5482686166080021,0.462736967892904,A140Q,A140Q,0.8932,pathogenic,0.12770355212507023,0.1068,False,140,False,False,False
urn:mavedb:00000078-b-1#661,,,p.Ala140Pro,0.153756601503111,0.0323744200100409,0.275138782996182,A140P,A140P,0.8433,pathogenic,0.15175929642633362,0.15669999999999995,False,140,False,False,False
urn:mavedb:00000078-b-1#662,,,p.Ala140Asn,0.485488985519783,0.2965866824056989,0.674391288633868,A140N,A140N,0.8208,pathogenic,0.16459453348225322,0.17920000000000003,False,140,False,False,False
urn:mavedb:00000078-b-1#663,,,p.Ala140Met,0.98843998303805,0.780200813969092,1.19667915210701,A140M,A140M,0.1855,benign,0.8315717845244384,0.8145,False,140,False,False,False
urn:mavedb:00000078-b-1#664,,,p.Ala140Leu,1.06349247312738,0.9957595391231948,1.1312254071315702,A140L,A140L,0.1374,benign,0.8582331955249975,0.8626,False,140,False,False,False
urn:mavedb:00000078-b-1#665,,,p.Ala140Lys,0.179824903971163,-0.25715419265685,0.6168040005991751,A140K,A140K,0.9655,pathogenic,0.10193325524456412,0.034499999999999975,False,140,False,False,False
urn:mavedb:00000078-b-1#666,,,p.Ala140Ile,1.02245814685699,0.938597780623002,1.1063185130909698,A140I,A140I,0.1541,benign,0.8496401868182376,0.8459,False,140,False,False,False
urn:mavedb:00000078-b-1#667,,,p.Ala140His,-0.106261933409292,-0.40263862145505,0.190114754636466,A140H,A140H,0.9259,pathogenic,0.11485809060802872,0.07410000000000005,False,140,False,False,False
urn:mavedb:00000078-b-1#668,,,p.Ala140Gly,0.737705131496062,0.537626620116572,0.9377836428755528,A140G,A140G,0.146,benign,0.8538926547659177,0.854,False,140,False,False,False
urn:mavedb:00000078-b-1#669,,,p.Ala140Phe,0.747413405402409,0.557536487613817,0.937290323191002,A140F,A140F,0.2217,benign,0.807394238727522,0.7783,False,140,False,False,False
urn:mavedb:00000078-b-1#670,,,p.Ala140Glu,0.112792418546765,-0.213047935091994,0.438632772185525,A140E,A140E,0.9215,pathogenic,0.1164650122861575,0.07850000000000001,False,140,False,False,False
urn:mavedb:00000078-b-1#671,,,p.Ala140Asp,0.3093068643969249,-0.267398177215313,0.8860119060091629,A140D,A140D,0.9247,pathogenic,0.11529275366299666,0.07530000000000003,False,140,False,False,False
urn:mavedb:00000078-b-1#672,,,p.Ala140Cys,0.9185153534130128,0.851993720424441,0.9850369864015848,A140C,A140C,0.358,ambiguous,0.6808878677752667,0.642,False,140,False,False,False
urn:mavedb:00000078-b-1#673,,,p.Ala121His,0.707053443941618,0.615084751940098,0.7990221359431391,A121H,A121H,0.9519,pathogenic,0.10607360912105446,0.04810000000000003,False,121,False,False,False
urn:mavedb:00000078-b-1#674,,,p.Ala121Gly,1.0328988556246,0.960222842721739,1.10557486852746,A121G,A121G,0.1333,benign,0.860240722557629,0.8667,False,121,False,False,False
urn:mavedb:00000078-b-1#675,,,p.Ala121Phe,1.04404802607666,0.714814774562386,1.37328127759094,A121F,A121F,0.5643,pathogenic,0.4142558954646132,0.4357,False,121,False,False,False
urn:mavedb:00000078-b-1#676,,,p.Ala121Asp,0.137668960232306,0.0429160996216005,0.232421820843011,A121D,A121D,0.9344,pathogenic,0.11185489517407135,0.06559999999999999,False,121,False,False,False
urn:mavedb:00000078-b-1#677,,,p.Ala121Cys,0.8649082647735329,0.7815628058574019,0.948253723689664,A121C,A121C,0.7085,pathogenic,0.2502743738372239,0.2915,True,121,False,True,False
urn:mavedb:00000078-b-1#680,,,p.Leu120Tyr,0.825253491204239,0.703544747019629,0.946962235388849,L120Y,L120Y,0.9592,pathogenic,0.10381428016408625,0.04079999999999995,True,120,False,True,False
urn:mavedb:00000078-b-1#681,,,p.Leu120Trp,0.8947645919639889,0.842106755393191,0.947422428534786,L120W,L120W,0.8839,pathogenic,0.13175758910359348,0.11609999999999998,True,120,False,True,False
urn:mavedb:00000078-b-1#682,,,p.Leu120Val,0.630884402111679,0.369521055275617,0.8922477489477401,L120V,L120V,0.7442,pathogenic,0.21890595819204317,0.2558,False,120,False,False,False
urn:mavedb:00000078-b-1#683,,,p.Leu120Thr,0.7516871507367221,0.6212050579868249,0.8821692434866201,L120T,L120T,0.9404,pathogenic,0.10981308138234014,0.059599999999999986,False,120,False,False,False
urn:mavedb:00000078-b-1#684,,,p.Leu120Ser,0.948743704930657,0.8512427555960171,1.0462446542653,L120S,L120S,0.9732,pathogenic,0.09971804784499447,0.026800000000000046,True,120,False,True,False
urn:mavedb:00000078-b-1#685,,,p.Leu120Arg,0.6233362410028129,0.5307586879881521,0.7159137940174749,L120R,L120R,0.7646,pathogenic,0.20274964528524475,0.23540000000000005,False,120,False,False,False
urn:mavedb:00000078-b-1#686,,,p.Leu120Gln,0.969288444490492,0.860920493205626,1.07765639577536,L120Q,L120Q,0.9055,pathogenic,0.12262158328095321,0.09450000000000003,True,120,False,True,False
urn:mavedb:00000078-b-1#687,,,p.Leu120Pro,0.176999830862576,0.0757069772089102,0.2782926845162429,L120P,L120P,0.9327,pathogenic,0.11244504439028252,0.06730000000000003,False,120,False,False,False
urn:mavedb:00000078-b-1#688,,,p.Leu120Asn,0.964231958792475,0.7926856811720819,1.13577823641287,L120N,L120N,0.9799,pathogenic,0.09786320613583141,0.020100000000000007,True,120,False,True,False
urn:mavedb:00000078-b-1#689,,,p.Leu120Met,0.974141792284529,0.8618239201160258,1.08645966445303,L120M,L120M,0.6751,pathogenic,0.2831989108953948,0.32489999999999997,True,120,False,True,False
urn:mavedb:00000078-b-1#690,,,p.Leu120Gly,0.913974398066155,0.745591382076744,1.0823574140555698,L120G,L120G,0.9472,pathogenic,0.10757479476881841,0.05279999999999996,True,120,False,True,False
urn:mavedb:00000078-b-1#691,,,p.Leu120Lys,0.644387592790638,0.4671158294689221,0.821659356112355,L120K,L120K,0.9065,pathogenic,0.12222201952060799,0.09350000000000003,False,120,False,False,False
urn:mavedb:00000078-b-1#692,,,p.Leu120Ile,0.8873771185844721,0.8569689272036891,0.917785309965254,L120I,L120I,0.7581,pathogenic,0.20775970728015775,0.2419,True,120,False,True,False
urn:mavedb:00000078-b-1#693,,,p.Leu120His,0.723045741867782,0.350893758195415,1.09519772554015,L120H,L120H,0.933,pathogenic,0.11234052312121012,0.06699999999999995,False,120,False,False,False
urn:mavedb:00000078-b-1#694,,,p.Leu120Cys,0.916683474641208,0.6624735863751801,1.17089336290724,L120C,L120C,0.9578,pathogenic,0.10424086589310588,0.042200000000000015,True,120,False,True,False
urn:mavedb:00000078-b-1#695,,,p.Leu120Phe,0.827093505211578,0.321265838366715,1.33292117205644,L120F,L120F,0.7208,pathogenic,0.2390187263564249,0.2792,True,120,False,True,False
urn:mavedb:00000078-b-1#696,,,p.Leu120Glu,0.799147381394813,0.493192870140433,1.10510189264919,L120E,L120E,0.9638,pathogenic,0.1024346654604705,0.03620000000000001,False,120,False,False,False
urn:mavedb:00000078-b-1#697,,,p.Leu120Asp,1.00567888697235,0.851923373518024,1.15943440042667,L120D,L120D,0.9932,pathogenic,0.09437314162269192,0.006800000000000028,True,120,False,True,False
urn:mavedb:00000078-b-1#698,,,p.Leu120Ala,0.759795057421754,0.6646019861581579,0.85498812868535,L120A,L120A,0.9189,pathogenic,0.11743170167004843,0.08109999999999995,False,120,False,False,False
urn:mavedb:00000078-b-1#701,,,p.Tyr119Trp,1.1301101782144298,0.7895277719219391,1.47069258450692,Y119W,Y119W,0.4193,ambiguous,0.6068652367319147,0.5807,False,119,False,False,False
urn:mavedb:00000078-b-1#702,,,p.Tyr119Val,0.5783793154020429,0.423620663970902,0.733137966833183,Y119V,Y119V,0.7684,pathogenic,0.19987977761835535,0.23160000000000003,False,119,False,False,False
urn:mavedb:00000078-b-1#703,,,p.Tyr119Thr,0.25402798328433,0.193135356414267,0.314920610154393,Y119T,Y119T,0.9087,pathogenic,0.12135003459728927,0.09130000000000005,False,119,False,False,False
urn:mavedb:00000078-b-1#704,,,p.Tyr119Ser,0.108051129618582,0.0356002655284088,0.180501993708755,Y119S,Y119S,0.7057,pathogenic,0.25290245569751046,0.2943,False,119,False,False,False
urn:mavedb:00000078-b-1#705,,,p.Tyr119Arg,0.4515125065841339,0.34567004067186,0.557354972496407,Y119R,Y119R,0.969,pathogenic,0.10091508278590974,0.031000000000000028,False,119,False,False,False
urn:mavedb:00000078-b-1#706,,,p.Tyr119Gln,0.185064494466893,-0.123859891015569,0.493988879949354,Y119Q,Y119Q,0.9723,pathogenic,0.09997230402478607,0.027699999999999947,False,119,False,False,False
urn:mavedb:00000078-b-1#707,,,p.Tyr119Pro,-0.0576132746005623,-0.1569596097525299,0.0417330605514054,Y119P,Y119P,0.936,pathogenic,0.11130418344047914,0.06399999999999995,False,119,False,False,False
urn:mavedb:00000078-b-1#708,,,p.Tyr119Asn,0.0137800818773932,-0.164410078943009,0.191970242697796,Y119N,Y119N,0.8856,pathogenic,0.13100257466677573,0.11439999999999995,False,119,False,False,False
urn:mavedb:00000078-b-1#709,,,p.Tyr119Met,0.7123367000578159,0.5795528939632121,0.8451205061524201,Y119M,Y119M,0.908,pathogenic,0.12162643555123674,0.09199999999999997,False,119,False,False,False
urn:mavedb:00000078-b-1#710,,,p.Tyr119Leu,0.652017550190573,0.581336781197871,0.7226983191832741,Y119L,Y119L,0.674,pathogenic,0.2843410360288801,0.32599999999999996,False,119,False,False,False
urn:mavedb:00000078-b-1#711,,,p.Tyr119Lys,0.0732089183623761,-0.110226996633126,0.256644833357879,Y119K,Y119K,0.9911,pathogenic,0.09490770614730541,0.008900000000000019,False,119,False,False,False
urn:mavedb:00000078-b-1#712,,,p.Tyr119Ile,0.5064520769733181,0.276190468110547,0.73671368583609,Y119I,Y119I,0.8578,pathogenic,0.14416756686966478,0.1422,False,119,False,False,False
urn:mavedb:00000078-b-1#713,,,p.Tyr119His,0.474838290185257,0.284625059123062,0.665051521247452,Y119H,Y119H,0.8525,pathogenic,0.14688268375565897,0.14749999999999996,False,119,False,False,False
urn:mavedb:00000078-b-1#714,,,p.Tyr119Gly,0.23922593172774,0.14573546031326,0.332716403142221,Y119G,Y119G,0.7998,pathogenic,0.17779748260846795,0.20020000000000004,False,119,False,False,False
urn:mavedb:00000078-b-1#715,,,p.Tyr119Phe,0.8930782490001379,0.7178369588312271,1.06831953916905,Y119F,Y119F,0.1555,benign,0.8488887227400188,0.8445,False,119,False,False,False
urn:mavedb:00000078-b-1#716,,,p.Tyr119Glu,0.346779474893779,-0.0474681564908549,0.7410271062784142,Y119E,Y119E,0.9878,pathogenic,0.0957600798166941,0.012199999999999989,False,119,False,False,False
urn:mavedb:00000078-b-1#717,,,p.Tyr119Asp,-0.0025612507640677,-0.158003426766783,0.152880925238647,Y119D,Y119D,0.9617,pathogenic,0.10306032481642997,0.0383,False,119,False,False,False
urn:mavedb:00000078-b-1#718,,,p.Tyr119Cys,0.4676539856372921,0.334533283555383,0.6007746877192011,Y119C,Y119C,0.5632,ambiguous,0.41568787563742615,0.43679999999999997,False,119,False,False,False
urn:mavedb:00000078-b-1#719,,,p.Tyr119Ala,0.5893420597703339,0.49997092150477,0.6787131980358979,Y119A,Y119A,0.8987,pathogenic,0.12539248031169453,0.10129999999999995,False,119,False,False,False
urn:mavedb:00000078-b-1#721,,,p.Val118Tyr,0.0868814482773595,-0.0519046672002858,0.225667563755005,V118Y,V118Y,0.7356,pathogenic,0.22610017645860675,0.26439999999999997,False,118,False,False,False
urn:mavedb:00000078-b-1#723,,,p.Val118Trp,0.538255051337155,0.303386821625224,0.773123281049085,V118W,V118W,0.7883,pathogenic,0.18555184735317065,0.2117,False,118,False,False,False
urn:mavedb:00000078-b-1#724,,,p.Val118Phe,0.936761863597745,0.8091057300106451,1.06441799718485,V118F,V118F,0.1408,benign,0.8565383285707191,0.8592,False,118,False,False,False
urn:mavedb:00000078-b-1#725,,,p.Val118Thr,1.02686053211387,0.893712962842585,1.16000810138515,V118T,V118T,0.2798,benign,0.7604431573724318,0.7202,False,118,False,False,False
urn:mavedb:00000078-b-1#726,,,p.Val118Ser,0.917998775559943,0.798193605999205,1.03780394512068,V118S,V118S,0.3731,ambiguous,0.6634918505648914,0.6269,False,118,False,False,False
urn:mavedb:00000078-b-1#727,,,p.Val118Arg,0.0372176688744491,-0.0992731401308992,0.173708477879797,V118R,V118R,0.8289,pathogenic,0.15982174576045113,0.17110000000000003,False,118,False,False,False
urn:mavedb:00000078-b-1#728,,,p.Val118Gln,0.347335842427446,0.139190918018841,0.5554807668360501,V118Q,V118Q,0.8109,pathogenic,0.17066739079463078,0.18910000000000005,False,118,False,False,False
urn:mavedb:00000078-b-1#729,,,p.Val118Pro,0.0506894485872514,-0.165334293146973,0.266713190321476,V118P,V118P,0.7568,pathogenic,0.20877710757308732,0.24319999999999997,False,118,False,False,False
urn:mavedb:00000078-b-1#730,,,p.Val118Asn,0.3525666784302279,0.128146240538911,0.576987116321544,V118N,V118N,0.7341,pathogenic,0.2273784579074915,0.2659,False,118,False,False,False
urn:mavedb:00000078-b-1#731,,,p.Val118Met,0.840611217717197,0.6180544809492441,1.06316795448515,V118M,V118M,0.1386,benign,0.8576381409281617,0.8613999999999999,False,118,False,False,False
urn:mavedb:00000078-b-1#732,,,p.Val118Leu,1.06737759399212,0.998664392830586,1.1360907951536598,V118L,V118L,0.1072,benign,0.8721258910164975,0.8928,False,118,False,False,False
urn:mavedb:00000078-b-1#733,,,p.Val118Lys,-0.001339830598226,-0.202154368646614,0.199474707450162,V118K,V118K,0.9086,pathogenic,0.12138946068436447,0.09140000000000004,False,118,False,False,False
urn:mavedb:00000078-b-1#734,,,p.Val118Ile,0.7638174001999279,0.43218460775474,1.09545019264512,V118I,V118I,0.0746,benign,0.8849611250700634,0.9254,False,118,False,False,False
urn:mavedb:00000078-b-1#735,,,p.Val118His,0.4272191401025729,0.104078147829172,0.7503601323759741,V118H,V118H,0.9038,pathogenic,0.12330547165847233,0.09619999999999995,False,118,False,False,False
urn:mavedb:00000078-b-1#736,,,p.Val118Gly,0.543373642203478,0.4429361887732911,0.643811095633666,V118G,V118G,0.2182,benign,0.8098964048199004,0.7818,False,118,False,False,False
urn:mavedb:00000078-b-1#737,,,p.Val118Glu,0.0975447886660291,-0.248106891605364,0.4431964689374221,V118E,V118E,0.8694,pathogenic,0.13845866032862103,0.13060000000000005,False,118,False,False,False
urn:mavedb:00000078-b-1#738,,,p.Val118Asp,0.0921407327032254,-0.259167015556012,0.4434484809624629,V118D,V118D,0.8992,pathogenic,0.12518550822394847,0.1008,False,118,False,False,False
urn:mavedb:00000078-b-1#739,,,p.Val118Ala,0.8664057229000509,0.660123030118949,1.07268841568115,V118A,V118A,0.1598,benign,0.8465498628603505,0.8402000000000001,False,118,False,False,False
urn:mavedb:00000078-b-1#740,,,p.Ser117Asn,0.674745125948745,0.4492621540564729,0.9002280978410171,S117N,S117N,0.8355,pathogenic,0.15606027319330368,0.16449999999999998,False,117,False,False,False
urn:mavedb:00000078-b-1#741,,,p.Ser117Tyr,0.474377344999414,0.174450034401246,0.7743046555975831,S117Y,S117Y,0.8918,pathogenic,0.1283019846655734,0.10819999999999996,False,117,False,False,False
urn:mavedb:00000078-b-1#742,,,p.Ser117Val,0.650546606344326,0.550895888089835,0.750197324598817,S117V,S117V,0.7562,pathogenic,0.20924841299149227,0.24380000000000002,False,117,False,False,False
urn:mavedb:00000078-b-1#743,,,p.Ser117Thr,0.983713622893468,0.77611452087354,1.1913127249134,S117T,S117T,0.261,benign,0.7767714173944676,0.739,False,117,False,False,False
urn:mavedb:00000078-b-1#745,,,p.Ser117Arg,0.0341408624854633,-0.0618084235179395,0.130090148488866,S117R,S117R,0.9899,pathogenic,0.09521590547696207,0.010099999999999998,False,117,False,False,False
urn:mavedb:00000078-b-1#746,,,p.Ser117Gln,0.90118237906281,0.510178452532152,1.29218630559347,S117Q,S117Q,0.9722,pathogenic,0.10000063013972516,0.027800000000000047,True,117,False,True,False
urn:mavedb:00000078-b-1#747,,,p.Ser117Pro,0.202003813785882,0.132469135250989,0.271538492320775,S117P,S117P,0.9023,pathogenic,0.12391377130712321,0.09770000000000001,False,117,False,False,False
urn:mavedb:00000078-b-1#748,,,p.Ser117Ile,0.577410357559037,0.482962761495997,0.671857953622076,S117I,S117I,0.8472,pathogenic,0.1496664028019158,0.15280000000000005,False,117,False,False,False
urn:mavedb:00000078-b-1#749,,,p.Ser117Met,0.522874456071646,0.396530047630878,0.649218864512414,S117M,S117M,0.723,pathogenic,0.23705523520723198,0.277,False,117,False,False,False
urn:mavedb:00000078-b-1#750,,,p.Ser117Leu,0.54305314721246,0.4290496578214521,0.657056636603469,S117L,S117L,0.6712,pathogenic,0.2872645722981185,0.3288,False,117,False,False,False
urn:mavedb:00000078-b-1#751,,,p.Ser117Lys,-0.132962159344786,-0.341008525882976,0.0750842071934041,S117K,S117K,0.9952,pathogenic,0.09386964605876882,0.0048000000000000265,False,117,False,False,False
urn:mavedb:00000078-b-1#752,,,p.Ser117Asp,0.633034406638717,0.269607774176992,0.996461039100442,S117D,S117D,0.9642,pathogenic,0.10231627954759598,0.035800000000000054,False,117,False,False,False
urn:mavedb:00000078-b-1#753,,,p.Ser117His,0.8881606002824859,0.799599242291162,0.97672195827381,S117H,S117H,0.9516,pathogenic,0.10616832771692783,0.0484,True,117,False,True,False
urn:mavedb:00000078-b-1#754,,,p.Ser117Gly,0.795016062541417,0.710528050413212,0.879504074669621,S117G,S117G,0.4182,ambiguous,0.6082653864042901,0.5818,False,117,False,False,False
urn:mavedb:00000078-b-1#755,,,p.Ser117Glu,0.647472462788022,0.4396220450259529,0.855322880550091,S117E,S117E,0.9769,pathogenic,0.09868551754744866,0.02310000000000001,False,117,False,False,False
urn:mavedb:00000078-b-1#756,,,p.Ser117Cys,0.8096749492014491,0.4472276183367721,1.17212228006613,S117C,S117C,0.185,benign,0.831879977505329,0.815,False,117,False,False,False
urn:mavedb:00000078-b-1#757,,,p.Ser117Ala,0.5800311427267271,0.24257898926851,0.917483296184944,S117A,S117A,0.3371,benign,0.7039328134942986,0.6629,False,117,False,False,False
urn:mavedb:00000078-b-1#758,,,p.Gly116Cys,1.01647406582344,0.8450005084811508,1.18794762316572,G116C,G116C,0.3962,ambiguous,0.6357695870333012,0.6038,False,116,False,False,False
urn:mavedb:00000078-b-1#759,,,p.Gly116Tyr,0.90754729656165,0.653074864899693,1.16201972822361,G116Y,G116Y,0.9061,pathogenic,0.12238160367025472,0.09389999999999998,True,116,False,True,False
urn:mavedb:00000078-b-1#761,,,p.Gly116Trp,0.819893337320413,0.5408394120148939,1.09894726262593,G116W,G116W,0.7913,pathogenic,0.1834924075128715,0.2087,True,116,False,True,False
urn:mavedb:00000078-b-1#762,,,p.Gly116Val,1.13079781568821,1.05851117646674,1.20308445490967,G116V,G116V,0.3965,ambiguous,0.6354013539045308,0.6034999999999999,False,116,False,False,False
urn:mavedb:00000078-b-1#763,,,p.Gly116Thr,1.03943343059174,0.897273980208197,1.18159288097528,G116T,G116T,0.4518,ambiguous,0.5646202415737701,0.5482,False,116,False,False,False
urn:mavedb:00000078-b-1#764,,,p.Gly116Ser,0.9856523606679228,0.7830301080422769,1.1882746132935702,G116S,G116S,0.2561,benign,0.780846930672421,0.7439,False,116,False,False,False
urn:mavedb:00000078-b-1#765,,,p.Gly116Arg,0.492808619311723,0.397557631056561,0.588059607566884,G116R,G116R,0.9417,pathogenic,0.10937901530223032,0.05830000000000002,False,116,False,False,False
urn:mavedb:00000078-b-1#766,,,p.Gly116Gln,0.933982398982672,0.747292302589795,1.12067249537555,G116Q,G116Q,0.9273,pathogenic,0.11435435769422059,0.07269999999999999,True,116,False,True,False
urn:mavedb:00000078-b-1#767,,,p.Gly116Pro,0.789778942886772,0.69249424931777,0.887063636455773,G116P,G116P,0.9635,pathogenic,0.10252361977630245,0.03649999999999998,False,116,False,False,False
urn:mavedb:00000078-b-1#768,,,p.Gly116Asn,0.6631336012786611,0.515346568517114,0.810920634040208,G116N,G116N,0.929,pathogenic,0.11374753751718794,0.07099999999999995,False,116,False,False,False
urn:mavedb:00000078-b-1#769,,,p.Gly116Met,1.0724691423838,0.891407353687669,1.25353093107993,G116M,G116M,0.7003,pathogenic,0.2580396451620742,0.29969999999999997,True,116,False,True,False
urn:mavedb:00000078-b-1#770,,,p.Gly116Leu,1.08087340601655,1.00963680011242,1.15211001192068,G116L,G116L,0.6309,pathogenic,0.3318415079133366,0.3691,True,116,False,True,False
urn:mavedb:00000078-b-1#771,,,p.Gly116Lys,0.7116766805757929,0.486391598021475,0.936961763130112,G116K,G116K,0.9832,pathogenic,0.09697381169474217,0.016800000000000037,False,116,False,False,False
urn:mavedb:00000078-b-1#772,,,p.Gly116Ile,0.8973490415168079,0.6799039228232551,1.1147941602103602,G116I,G116I,0.5885,pathogenic,0.3832553157118621,0.4115,False,116,False,True,False
urn:mavedb:00000078-b-1#773,,,p.Gly116His,0.8232144451248291,0.664030992299814,0.982397897949844,G116H,G116H,0.9648,pathogenic,0.10213917083792713,0.03520000000000001,True,116,False,True,False
urn:mavedb:00000078-b-1#775,,,p.Gly116Phe,1.16463366121889,1.07184331685825,1.25742400557952,G116F,G116F,0.748,pathogenic,0.21579989563132806,0.252,True,116,False,True,False
urn:mavedb:00000078-b-1#776,,,p.Gly116Glu,0.873603473807394,0.7984085338532159,0.9487984137615708,G116E,G116E,0.9373,pathogenic,0.11086008020238784,0.06269999999999998,True,116,False,True,False
urn:mavedb:00000078-b-1#777,,,p.Gly116Asp,0.677932469151806,0.460947710236539,0.8949172280670721,G116D,G116D,0.9392,pathogenic,0.11021637185778743,0.060799999999999965,False,116,False,False,False
urn:mavedb:00000078-b-1#778,,,p.Gly116Ala,1.24217196166657,1.14786074133423,1.3364831819988998,G116A,G116A,0.2071,benign,0.8175953564886624,0.7928999999999999,False,116,False,False,False
urn:mavedb:00000078-b-1#780,,,p.Ala115Tyr,0.298122219571552,0.165699545734107,0.4305448934089979,A115Y,A115Y,0.6689,pathogenic,0.2896834934062231,0.33109999999999995,False,115,False,False,False
urn:mavedb:00000078-b-1#782,,,p.Ala115Trp,0.37349036915122,0.235258620557785,0.511722117744656,A115W,A115W,0.6732,pathogenic,0.2851739455532358,0.3268,False,115,False,False,False
urn:mavedb:00000078-b-1#783,,,p.Ala115Val,0.954047874727395,0.900484586545407,1.00761116290938,A115V,A115V,0.0793,benign,0.8832389111146604,0.9207,False,115,False,False,False
urn:mavedb:00000078-b-1#784,,,p.Ala115Thr,0.796553704232601,0.7036905089904609,0.8894168994747409,A115T,A115T,0.0932,benign,0.8778974577702836,0.9068,False,115,False,False,False
urn:mavedb:00000078-b-1#785,,,p.Ala115Ser,0.603543051615905,0.534691649295157,0.6723944539366539,A115S,A115S,0.1603,benign,0.8462748680934291,0.8397,False,115,False,False,False
urn:mavedb:00000078-b-1#786,,,p.Ala115Arg,-0.0449799023041584,-0.135816511097298,0.0458567064889814,A115R,A115R,0.8281,pathogenic,0.16028540611028175,0.17190000000000005,False,115,False,False,False
urn:mavedb:00000078-b-1#787,,,p.Ala115Gln,-0.0383465267620456,-0.108637736453364,0.0319446829292731,A115Q,A115Q,0.7486,pathogenic,0.2153135278569867,0.25139999999999996,False,115,False,False,False
urn:mavedb:00000078-b-1#788,,,p.Ala115Pro,0.0758973133451175,-0.130283913892316,0.282078540582551,A115P,A115P,0.5077,ambiguous,0.489606848564086,0.49229999999999996,False,115,False,False,False
urn:mavedb:00000078-b-1#789,,,p.Ala115Met,0.722954804529349,0.4521009990696839,0.993808609989015,A115M,A115M,0.1488,benign,0.8524409122456188,0.8512,False,115,False,False,False
urn:mavedb:00000078-b-1#790,,,p.Ala115Leu,0.983912761884242,0.891415127371246,1.07641039639724,A115L,A115L,0.1057,benign,0.8727637363358214,0.8943,False,115,False,False,False
urn:mavedb:00000078-b-1#791,,,p.Ala115Lys,-0.175323653334868,-0.3511820324429181,0.0005347257731821,A115K,A115K,0.8919,pathogenic,0.12825910156963674,0.10809999999999997,False,115,False,False,False
urn:mavedb:00000078-b-1#792,,,p.Ala115Ile,0.994710622188126,0.878025249759882,1.11139599461637,A115I,A115I,0.1452,benign,0.8543039309963515,0.8548,False,115,False,False,False
urn:mavedb:00000078-b-1#793,,,p.Ala115His,-0.0784335243837301,-0.184110902425716,0.0272438536582554,A115H,A115H,0.844,pathogenic,0.15138084608669955,0.15600000000000003,False,115,False,False,False
urn:mavedb:00000078-b-1#794,,,p.Ala115Gly,0.8088220632963571,0.7375853123240429,0.8800588142686708,A115G,A115G,0.1266,benign,0.8634373123246475,0.8734,False,115,False,False,False
urn:mavedb:00000078-b-1#795,,,p.Ala115Phe,0.9566438772029192,0.7716777675564641,1.14160998684937,A115F,A115F,0.2036,benign,0.8199492672790817,0.7964,False,115,False,False,False
urn:mavedb:00000078-b-1#796,,,p.Ala115Glu,-0.008023831355786,-0.226227591241155,0.210179928529583,A115E,A115E,0.7881,pathogenic,0.18569006843346453,0.21189999999999998,False,115,False,False,False
urn:mavedb:00000078-b-1#797,,,p.Ala115Asp,0.1926298986433469,-0.0726764237427797,0.457936221029474,A115D,A115D,0.8137,pathogenic,0.16892274318282446,0.18630000000000002,False,115,False,False,False
urn:mavedb:00000078-b-1#798,,,p.Ala115Cys,0.843963503282385,0.380774212408451,1.30715279415632,A115C,A115C,0.3044,benign,0.7374156044835601,0.6956,False,115,False,False,False
urn:mavedb:00000078-b-1#799,,,p.Leu114Arg,-0.033129606804079,-0.142541919958202,0.0762827063500441,L114R,L114R,0.7942,pathogenic,0.18152624477527962,0.20579999999999998,False,114,False,False,False
urn:mavedb:00000078-b-1#800,,,p.Leu114Tyr,0.513402335202664,0.163433082370678,0.8633715880346501,L114Y,L114Y,0.7092,pathogenic,0.2496211628529046,0.29079999999999995,False,114,False,False,False
urn:mavedb:00000078-b-1#801,,,p.Leu114Val,1.07290246240565,0.95238374204667,1.1934211827646202,L114V,L114V,0.0857,benign,0.8808262990321841,0.9143,False,114,False,False,False
urn:mavedb:00000078-b-1#802,,,p.Leu114Thr,0.864808533562661,0.7042954312756831,1.02532163584964,L114T,L114T,0.3121,benign,0.7298228832757028,0.6879,False,114,False,False,False
urn:mavedb:00000078-b-1#803,,,p.Leu114Ala,1.05495075077208,0.928504937346724,1.1813965641974298,L114A,L114A,0.2621,benign,0.7758462941312675,0.7379,False,114,False,False,False
urn:mavedb:00000078-b-1#804,,,p.Leu114Pro,-0.0539809441609029,-0.3410122810434289,0.233050392721623,L114P,L114P,0.775,pathogenic,0.19499805461892666,0.22499999999999998,False,114,False,False,False
urn:mavedb:00000078-b-1#805,,,p.Leu114Asn,0.324368902608272,0.0052562905313538,0.64348151468519,L114N,L114N,0.7513,pathogenic,0.21313855572955676,0.24870000000000003,False,114,False,False,False
urn:mavedb:00000078-b-1#806,,,p.Leu114Met,0.930936441533695,0.745509051067722,1.11636383199967,L114M,L114M,0.1357,benign,0.8590703711001789,0.8643000000000001,False,114,False,False,False
urn:mavedb:00000078-b-1#808,,,p.Leu114Lys,-0.113684156881216,-0.252777905719417,0.0254095919569847,L114K,L114K,0.91,pathogenic,0.1208393034534817,0.08999999999999997,False,114,False,False,False
urn:mavedb:00000078-b-1#809,,,p.Leu114Ile,0.971938325238542,0.8817978344220542,1.06207881605503,L114I,L114I,0.1149,benign,0.8687760168350699,0.8851,False,114,False,False,False
urn:mavedb:00000078-b-1#810,,,p.Leu114His,-0.0047071048190698,-0.2935311764759519,0.284116966837812,L114H,L114H,0.7444,pathogenic,0.2187413717112856,0.25560000000000005,False,114,False,False,False
urn:mavedb:00000078-b-1#811,,,p.Leu114Gly,0.596437433416217,0.43789602805595,0.754978838776484,L114G,L114G,0.6024,pathogenic,0.365950537677723,0.39759999999999995,False,114,False,False,False
urn:mavedb:00000078-b-1#812,,,p.Leu114Phe,0.941326428264011,0.8455905743767929,1.03706228215123,L114F,L114F,0.1442,benign,0.8548158451358671,0.8558,False,114,False,False,False
urn:mavedb:00000078-b-1#813,,,p.Leu114Glu,-0.1967032372371089,-0.400827073938437,0.0074205994642184,L114E,L114E,0.8543,pathogenic,0.14595293458755487,0.14570000000000005,False,114,False,False,False
urn:mavedb:00000078-b-1#814,,,p.Leu114Asp,0.0388917728826101,-0.297131257584612,0.374914803349832,L114D,L114D,0.956,pathogenic,0.10479398382776009,0.04400000000000004,False,114,False,False,False
urn:mavedb:00000078-b-1#815,,,p.Leu114Cys,1.00874471454009,0.8615512629320792,1.1559381661481,L114C,L114C,0.5111,ambiguous,0.4850205364498373,0.4889,False,114,False,False,False
urn:mavedb:00000078-b-1#816,,,p.Ser113Pro,0.813835046165937,0.4055040484138521,1.22216604391802,S113P,S113P,0.7002,pathogenic,0.25813563076679313,0.29979999999999996,True,113,False,True,False
urn:mavedb:00000078-b-1#817,,,p.Ser113Tyr,1.00019566290426,0.7809740297911109,1.21941729601741,S113Y,S113Y,0.8198,pathogenic,0.16519589750356312,0.18020000000000003,True,113,False,True,False
urn:mavedb:00000078-b-1#818,,,p.Ser113Gln,1.0827483834021,0.9811476867609058,1.1843490800433,S113Q,S113Q,0.9614,pathogenic,0.10315027398946508,0.03859999999999997,True,113,False,True,False
urn:mavedb:00000078-b-1#819,,,p.Ser113Ala,1.04420890189266,0.6877606314436379,1.40065717234168,S113A,S113A,0.1659,benign,0.8431512827883271,0.8341000000000001,False,113,False,False,False
urn:mavedb:00000078-b-1#820,,,p.Ser113Leu,1.0337171464700698,0.8714718873203409,1.1959624056198102,S113L,S113L,0.5893,pathogenic,0.3822486341568492,0.41069999999999995,False,113,False,True,False
urn:mavedb:00000078-b-1#821,,,p.Ser113Lys,0.4167075470291129,0.30950463126771,0.523910462790516,S113K,S113K,0.9967,pathogenic,0.093495586397419,0.0032999999999999696,False,113,False,False,False
urn:mavedb:00000078-b-1#822,,,p.Ser113Gly,0.8626967178865601,0.6305220669325021,1.09487136884062,S113G,S113G,0.3019,benign,0.7398415236590832,0.6980999999999999,False,113,False,False,False
urn:mavedb:00000078-b-1#823,,,p.Val112Tyr,0.298626497911427,0.093188175055357,0.504064820767498,V112Y,V112Y,0.7136,pathogenic,0.24555019213761392,0.2864,False,112,False,False,False
urn:mavedb:00000078-b-1#824,,,p.Val112Leu,1.08173295718029,0.9544244045208572,1.20904150983971,V112L,V112L,0.0834,benign,0.8817023963608503,0.9166,False,112,False,False,False
urn:mavedb:00000078-b-1#826,,,p.Val112Ser,0.588973013623585,0.352469995639586,0.8254760316075841,V112S,V112S,0.2743,benign,0.7653338857317664,0.7257,False,112,False,False,False
urn:mavedb:00000078-b-1#827,,,p.Val112Met,0.9419887512006552,0.5572219116442371,1.32675559075707,V112M,V112M,0.1298,benign,0.861923470689945,0.8702,False,112,False,False,False
urn:mavedb:00000078-b-1#828,,,p.Val112Ala,0.784461216436208,0.1171117563698819,1.45181067650253,V112A,V112A,0.1242,benign,0.8645573928251401,0.8758,False,112,False,False,False
urn:mavedb:00000078-b-1#829,,,p.Val112Gly,0.7822848580680409,0.532613816420606,1.03195589971548,V112G,V112G,0.1594,benign,0.8467694017186791,0.8406,False,112,False,False,False
urn:mavedb:00000078-b-1#830,,,p.Val112Asp,0.184913949894612,-0.12803759482344,0.4978654946126629,V112D,V112D,0.8311,pathogenic,0.15855532758664387,0.16890000000000005,False,112,False,False,False
urn:mavedb:00000078-b-1#831,,,p.Val112Cys,0.888537953338587,0.173247641072885,1.60382826560429,V112C,V112C,0.5549,ambiguous,0.426547957602477,0.44510000000000005,False,112,False,False,False
urn:mavedb:00000078-b-1#832,,,p.Leu111Ile,1.00083729273778,0.896279411013744,1.1053951744618202,L111I,L111I,0.0986,benign,0.8757190461397947,0.9014,False,111,False,False,False
urn:mavedb:00000078-b-1#833,,,p.Leu111Tyr,0.561934306507125,0.23327518065761,0.8905934323566399,L111Y,L111Y,0.471,ambiguous,0.5390515226891638,0.529,False,111,False,False,False
urn:mavedb:00000078-b-1#835,,,p.Leu111Trp,0.6826721284162839,0.6614003580172819,0.7039438988152859,L111W,L111W,0.2347,benign,0.7977822797874508,0.7653,False,111,False,False,False
urn:mavedb:00000078-b-1#836,,,p.Leu111Val,1.00177125652976,0.9667395792646468,1.03680293379487,L111V,L111V,0.0675,benign,0.8874851846894923,0.9325,False,111,False,False,False
urn:mavedb:00000078-b-1#837,,,p.Leu111Thr,0.9099868869025708,0.8448613258009822,0.97511244800416,L111T,L111T,0.1595,benign,0.8467145550528732,0.8405,False,111,False,False,False
urn:mavedb:00000078-b-1#838,,,p.Leu111Ser,0.745957561976657,0.61886641949333,0.8730487044599841,L111S,L111S,0.2123,benign,0.8140331416601007,0.7877000000000001,False,111,False,False,False
urn:mavedb:00000078-b-1#839,,,p.Leu111Arg,-0.0333518929572434,-0.0784545522853136,0.0117507663708267,L111R,L111R,0.5426,ambiguous,0.4428010684482668,0.45740000000000003,False,111,False,False,False
urn:mavedb:00000078-b-1#840,,,p.Leu111Gln,0.205987268486905,0.0539870329261799,0.3579875040476289,L111Q,L111Q,0.4209,ambiguous,0.6048247416918128,0.5791,False,111,False,False,False
urn:mavedb:00000078-b-1#841,,,p.Leu111Pro,-0.112454978280676,-0.23845122708689,0.0135412705255373,L111P,L111P,0.3465,ambiguous,0.6937212368929118,0.6535,False,111,False,False,False
urn:mavedb:00000078-b-1#842,,,p.Leu111Asn,-0.198542985649583,-0.406274759778117,0.0091887884789503,L111N,L111N,0.6819,pathogenic,0.27621926685364817,0.31810000000000005,False,111,False,False,False
urn:mavedb:00000078-b-1#843,,,p.Leu111Met,1.02376054650119,0.9341355498200749,1.1133855431823,L111M,L111M,0.1058,benign,0.8727213610085206,0.8942,False,111,False,False,False
urn:mavedb:00000078-b-1#844,,,p.Ser110Met,0.474211030635235,-0.128475944905192,1.07689800617566,S110M,S110M,0.7201,pathogenic,0.23964663779041678,0.27990000000000004,False,110,False,False,False
urn:mavedb:00000078-b-1#845,,,p.Ser110Tyr,-0.1093563868816919,-0.230188307733173,0.011475533969788,S110Y,S110Y,0.8241,pathogenic,0.16262903117295163,0.17589999999999995,False,110,False,False,False
urn:mavedb:00000078-b-1#846,,,p.Ser110Val,0.425951621708066,0.266602035271986,0.585301208144146,S110V,S110V,0.562,ambiguous,0.4172520556403695,0.43799999999999994,False,110,False,False,False
urn:mavedb:00000078-b-1#847,,,p.Ser110Thr,1.19602949312016,1.11744900956987,1.27460997667045,S110T,S110T,0.2603,benign,0.7773581807201745,0.7397,False,110,False,False,False
urn:mavedb:00000078-b-1#849,,,p.Ser110Arg,-0.0918788308057719,-0.176563811200911,-0.0071938504106324,S110R,S110R,0.9858,pathogenic,0.09628409908095474,0.01419999999999999,False,110,False,False,False
urn:mavedb:00000078-b-1#850,,,p.Ser110Gln,0.520046214508629,0.0278972311987889,1.01219519781847,S110Q,S110Q,0.952,pathogenic,0.1060420694058387,0.04800000000000004,False,110,False,False,False
urn:mavedb:00000078-b-1#851,,,p.Ser110Pro,0.0917203551232853,-0.169156739905343,0.352597450151914,S110P,S110P,0.7029,pathogenic,0.2555548933150036,0.29710000000000003,False,110,False,False,False
urn:mavedb:00000078-b-1#852,,,p.Ser110Asn,1.26099765168811,0.989988419516008,1.53200688386021,S110N,S110N,0.8242,pathogenic,0.1625699239158448,0.17579999999999996,True,110,False,True,False
urn:mavedb:00000078-b-1#853,,,p.Ser110Gly,0.9208110442017712,0.74617834102201,1.09544374738153,S110G,S110G,0.2184,benign,0.8097543938676574,0.7816,False,110,False,False,False
urn:mavedb:00000078-b-1#854,,,p.Ser110Leu,0.519578029434893,0.413038895577858,0.6261171632919279,S110L,S110L,0.5201,ambiguous,0.47289784067022383,0.4799,False,110,False,False,False
urn:mavedb:00000078-b-1#855,,,p.Ser110Ile,0.177999599590256,-0.3678167901843541,0.723815989364865,S110I,S110I,0.7297,pathogenic,0.23116841890319484,0.2703,False,110,False,False,False
urn:mavedb:00000078-b-1#856,,,p.Ser110His,0.456897569771285,0.340299947508797,0.5734951920337729,S110H,S110H,0.9213,pathogenic,0.11653891795543454,0.07869999999999999,False,110,False,False,False
urn:mavedb:00000078-b-1#857,,,p.Ser110Phe,0.0171795077382112,-0.174731956768756,0.2090909722451789,S110F,S110F,0.7768,pathogenic,0.19368917212196884,0.22319999999999995,False,110,False,False,False
urn:mavedb:00000078-b-1#858,,,p.Ser110Cys,0.896281760148553,0.510943246304822,1.28162027399229,S110C,S110C,0.1735,benign,0.8387822198688979,0.8265,False,110,False,False,False
urn:mavedb:00000078-b-1#859,,,p.Ser110Ala,0.944044340498452,0.666293638221468,1.2217950427754398,S110A,S110A,0.143,benign,0.8554269535765423,0.857,False,110,False,False,False
urn:mavedb:00000078-b-1#860,,,p.Ser109Pro,-0.0306804105319374,-0.112593692946173,0.0512328718822978,S109P,S109P,0.508,ambiguous,0.48920207312235386,0.492,False,109,False,False,False
urn:mavedb:00000078-b-1#861,,,p.Ser109Trp,0.5415173625963879,0.2783039923588,0.804730732833976,S109W,S109W,0.4742,ambiguous,0.5347606135427031,0.5258,False,109,False,False,False
urn:mavedb:00000078-b-1#862,,,p.Ser109Val,0.9921612134896792,0.87125653854359,1.11306588843577,S109V,S109V,0.3873,ambiguous,0.6466010447866262,0.6127,False,109,False,False,False
urn:mavedb:00000078-b-1#863,,,p.Ser109Thr,0.869288893183136,0.50171939657876,1.23685838978751,S109T,S109T,0.099,benign,0.8755553216509783,0.901,False,109,False,False,False
urn:mavedb:00000078-b-1#865,,,p.Ser109Arg,-0.0198877592283827,-0.167284165247616,0.127508646790851,S109R,S109R,0.9681,pathogenic,0.101175092122027,0.03190000000000004,False,109,False,False,False
urn:mavedb:00000078-b-1#866,,,p.Ser109Gln,0.6613136728982729,0.310114087093041,1.01251325870351,S109Q,S109Q,0.8883,pathogenic,0.1298163433015413,0.11170000000000002,False,109,False,False,False
urn:mavedb:00000078-b-1#867,,,p.Ser109Gly,0.854681062957803,0.775581516418803,0.933780609496803,S109G,S109G,0.1398,benign,0.8570396715485089,0.8602,False,109,False,False,False
urn:mavedb:00000078-b-1#868,,,p.Ser109Met,0.9436618382971208,0.7219675968285859,1.16535607976566,S109M,S109M,0.3265,benign,0.7151386196007556,0.6735,False,109,False,False,False
urn:mavedb:00000078-b-1#869,,,p.Ser109Leu,1.01157072456089,0.735016500257587,1.2881249488642,S109L,S109L,0.1974,benign,0.8240335914655993,0.8026,False,109,False,False,False
urn:mavedb:00000078-b-1#870,,,p.Ser109Lys,-0.0400376370775586,-0.0940617607187865,0.0139864865636694,S109K,S109K,0.9862,pathogenic,0.09617884319049497,0.013800000000000034,False,109,False,False,False
urn:mavedb:00000078-b-1#871,,,p.Ser109Cys,1.07189066616722,1.02152307944202,1.12225825289242,S109C,S109C,0.1212,benign,0.865939238421682,0.8788,False,109,False,False,False
urn:mavedb:00000078-b-1#872,,,p.Ser109Phe,0.976203493585858,0.6477480681836529,1.30465891898806,S109F,S109F,0.3433,ambiguous,0.6972260492426597,0.6567000000000001,False,109,False,False,False
urn:mavedb:00000078-b-1#873,,,p.Ser109Glu,-0.0315508620343693,-0.165628682603614,0.102526958534875,S109E,S109E,0.9465,pathogenic,0.10780155450998877,0.05349999999999999,False,109,False,False,False
urn:mavedb:00000078-b-1#874,,,p.Ser109Asp,-0.0040738111086071,-0.1400999829667669,0.131952360749553,S109D,S109D,0.9237,pathogenic,0.11565702237972941,0.07630000000000003,False,109,False,False,False
urn:mavedb:00000078-b-1#875,,,p.Ser109Ala,0.894057880239901,0.688799412852101,1.0993163476277,S109A,S109A,0.1316,benign,0.8610615990721494,0.8684000000000001,False,109,False,False,False
urn:mavedb:00000078-b-1#876,,,p.Leu108Gln,-0.080059746933161,-0.1525250734302869,-0.0075944204360348,L108Q,L108Q,0.4104,ambiguous,0.6181285461460045,0.5896,False,108,False,False,False
urn:mavedb:00000078-b-1#877,,,p.Leu108Tyr,0.942065845009702,0.776678989540845,1.10745270047856,L108Y,L108Y,0.4038,ambiguous,0.6263805849880603,0.5962000000000001,False,108,False,False,False
urn:mavedb:00000078-b-1#878,,,p.Leu108Val,0.991604965572955,0.848989142471822,1.13422078867409,L108V,L108V,0.0909,benign,0.8788074708318421,0.9091,False,108,False,False,False
urn:mavedb:00000078-b-1#879,,,p.Leu108Thr,0.882051749474813,0.785088555860475,0.979014943089152,L108T,L108T,0.2077,benign,0.8171883070620973,0.7923,False,108,False,False,False
urn:mavedb:00000078-b-1#880,,,p.Leu108Ser,0.8777963383543359,0.787362513600442,0.96823016310823,L108S,L108S,0.2343,benign,0.7980855740370469,0.7657,False,108,False,False,False
urn:mavedb:00000078-b-1#881,,,p.Leu108Arg,0.170731307265466,0.0165179340914698,0.324944680439462,L108R,L108R,0.5229,ambiguous,0.4691335447610199,0.47709999999999997,False,108,False,False,False
urn:mavedb:00000078-b-1#883,,,p.Leu108Pro,-0.123561544435294,-0.295094406977206,0.0479713181066173,L108P,L108P,0.3284,benign,0.7131545061273169,0.6716,False,108,False,False,False
urn:mavedb:00000078-b-1#884,,,p.Leu108Asn,0.432493998519618,0.30839483119608,0.556593165843155,L108N,L108N,0.6155,pathogenic,0.3500294368340241,0.38449999999999995,False,108,False,False,False
urn:mavedb:00000078-b-1#885,,,p.Leu108Met,1.05120284440962,0.8139144313535459,1.2884912574657,L108M,L108M,0.1307,benign,0.8614934695616602,0.8693,False,108,False,False,False
urn:mavedb:00000078-b-1#886,,,p.Leu108Gly,0.773890937183235,0.707339719538828,0.8404421548276428,L108G,L108G,0.238,benign,0.7952616834740476,0.762,False,108,False,False,False
urn:mavedb:00000078-b-1#887,,,p.Leu108Lys,0.2375478929172289,0.0856682340281824,0.389427551806276,L108K,L108K,0.7111,pathogenic,0.24785584839121338,0.28890000000000005,False,108,False,False,False
urn:mavedb:00000078-b-1#888,,,p.Leu108Ile,1.14979114302869,1.0974041859347698,1.2021781001226102,L108I,L108I,0.114,benign,0.8691741604092166,0.886,False,108,False,False,False
urn:mavedb:00000078-b-1#889,,,p.Lys152Phe,0.966479550849784,0.7908100741272991,1.14214902757227,K152F,K152F,0.4582,ambiguous,0.5561360585128138,0.5418000000000001,False,152,False,False,False
urn:mavedb:00000078-b-1#890,,,p.Lys152Asp,1.00864074955318,0.9147568672532612,1.10252463185309,K152D,K152D,0.1397,benign,0.8570896747602155,0.8603000000000001,False,152,False,False,False
urn:mavedb:00000078-b-1#891,,,p.Lys152Cys,0.417237185822926,-0.5802431086195289,1.41471748026538,K152C,K152C,0.4395,ambiguous,0.5807898094836227,0.5605,False,152,False,False,False
urn:mavedb:00000078-b-1#892,,,p.Lys152Ala,1.01193122408449,0.930980853192883,1.09288159497609,K152A,K152A,0.1175,benign,0.8676158843360076,0.8825000000000001,False,152,False,False,False
urn:mavedb:00000078-b-1#893,,,p.Arg151Asp,0.7647428641393331,0.614862278645375,0.91462344963329,R151D,R151D,0.403,ambiguous,0.6273747287180885,0.597,False,151,False,False,False
urn:mavedb:00000078-b-1#894,,,p.Arg151Tyr,0.9898676101495232,0.918715204952598,1.06102001534645,R151Y,R151Y,0.2143,benign,0.8126422252873584,0.7857000000000001,False,151,False,False,False
urn:mavedb:00000078-b-1#895,,,p.Arg151Trp,0.883378380987551,0.7699999820548491,0.996756779920254,R151W,R151W,0.0672,benign,0.8875898140398883,0.9328,False,151,False,False,False
urn:mavedb:00000078-b-1#896,,,p.Arg151Val,0.920116445818639,0.810575759445087,1.02965713219219,R151V,R151V,0.2424,benign,0.7918495937151914,0.7576,False,151,False,False,False
urn:mavedb:00000078-b-1#897,,,p.Arg151Thr,0.766821828398922,0.6305494258136359,0.903094230984207,R151T,R151T,0.1912,benign,0.8280099680043814,0.8088,False,151,False,False,False
urn:mavedb:00000078-b-1#898,,,p.Arg151Ser,0.8917804290560971,0.756434021828755,1.02712683628344,R151S,R151S,0.2402,benign,0.7935629840184742,0.7598,False,151,False,False,False
urn:mavedb:00000078-b-1#900,,,p.Arg151Gln,0.9943367604499008,0.613718739135463,1.3749547817643402,R151Q,R151Q,0.0703,benign,0.8865007900022842,0.9297,False,151,False,False,False
urn:mavedb:00000078-b-1#901,,,p.Arg151Pro,0.7375279722900409,0.483321823726253,0.9917341208538292,R151P,R151P,0.2493,benign,0.7863800503697858,0.7507,False,151,False,False,False
urn:mavedb:00000078-b-1#902,,,p.Arg151Asn,0.5950614515216579,0.201635861947981,0.988487041095336,R151N,R151N,0.3781,ambiguous,0.6576011759558006,0.6219,False,151,False,False,False
urn:mavedb:00000078-b-1#903,,,p.Arg151Met,0.5404768476122009,0.141893234026528,0.939060461197874,R151M,R151M,0.2662,benign,0.7723650473201872,0.7338,False,151,False,False,False
urn:mavedb:00000078-b-1#904,,,p.Arg151Leu,0.92102789940486,0.8506745657397958,0.991381233069925,R151L,R151L,0.1365,benign,0.8586772538530768,0.8634999999999999,False,151,False,False,False
urn:mavedb:00000078-b-1#905,,,p.Arg151Lys,0.7322571061102819,0.28198427391178,1.18252993830878,R151K,R151K,0.113,benign,0.869614478323529,0.887,False,151,False,False,False
urn:mavedb:00000078-b-1#906,,,p.Arg151Ile,1.01978616124064,0.7700859548335591,1.26948636764772,R151I,R151I,0.233,benign,0.7990679544181869,0.767,False,151,False,False,False
urn:mavedb:00000078-b-1#907,,,p.Arg151His,0.784232867574746,0.6700568812362601,0.8984088539132321,R151H,R151H,0.0979,benign,0.8760047756600491,0.9021,False,151,False,False,False
urn:mavedb:00000078-b-1#908,,,p.Arg151Gly,0.8666111938168292,0.7886588656069391,0.9445635220267192,R151G,R151G,0.104,benign,0.8734809019049729,0.896,False,151,False,False,False
urn:mavedb:00000078-b-1#909,,,p.Arg151Phe,0.9059929853199542,0.833472538184994,0.978513432454913,R151F,R151F,0.3119,benign,0.7300223973709853,0.6880999999999999,False,151,False,False,False
urn:mavedb:00000078-b-1#910,,,p.Arg151Glu,0.983025388089907,0.825299178905472,1.14075159727434,R151E,R151E,0.181,benign,0.8343210744493258,0.819,False,151,False,False,False
urn:mavedb:00000078-b-1#911,,,p.Arg151Cys,0.85405573602304,0.693220840397785,1.01489063164829,R151C,R151C,0.1204,benign,0.8663043303730402,0.8796,False,151,False,False,False
urn:mavedb:00000078-b-1#912,,,p.Arg151Ala,0.7844265373083671,0.544493359113954,1.0243597155027802,R151A,R151A,0.2253,benign,0.8047828641732085,0.7746999999999999,False,151,False,False,False
urn:mavedb:00000078-b-1#913,,,p.Phe150Trp,1.04462553917055,0.770362008906486,1.3188890694346105,F150W,F150W,0.2644,benign,0.7738998235413932,0.7356,False,150,False,False,False
urn:mavedb:00000078-b-1#914,,,p.Phe150Tyr,0.970893766041022,0.776319207874103,1.16546832420794,F150Y,F150Y,0.1654,benign,0.8434334504797529,0.8346,False,150,False,False,False
urn:mavedb:00000078-b-1#916,,,p.Phe150Gly,0.459242502133175,0.395728267540813,0.522756736725538,F150G,F150G,0.6483,pathogenic,0.3120359919235516,0.3517,False,150,False,False,False
urn:mavedb:00000078-b-1#917,,,p.Phe150Val,0.8549155855909559,0.682650948071697,1.02718022311022,F150V,F150V,0.1814,benign,0.8340789135557786,0.8186,False,150,False,False,False
urn:mavedb:00000078-b-1#918,,,p.Phe150Thr,0.837634161965343,0.7384423619724371,0.936825961958248,F150T,F150T,0.5595,ambiguous,0.4205173773552142,0.4405,False,150,False,False,False
urn:mavedb:00000078-b-1#919,,,p.Phe150Ser,0.652051553500687,0.5340380038146589,0.770065103186716,F150S,F150S,0.412,ambiguous,0.6161148707402504,0.5880000000000001,False,150,False,False,False
urn:mavedb:00000078-b-1#920,,,p.Phe150Arg,0.456188963241701,0.3832695285722,0.5291083979112029,F150R,F150R,0.7081,pathogenic,0.2506483216470319,0.29190000000000005,False,150,False,False,False
urn:mavedb:00000078-b-1#921,,,p.Phe150Gln,0.378617041183159,0.201297971398075,0.555936110968242,F150Q,F150Q,0.7842,pathogenic,0.1884086013369874,0.2158,False,150,False,False,False
urn:mavedb:00000078-b-1#922,,,p.Phe150Pro,0.0961980296207749,-0.247596613969502,0.439992673211052,F150P,F150P,0.9286,pathogenic,0.11388984145013671,0.07140000000000002,False,150,False,False,False
urn:mavedb:00000078-b-1#923,,,p.Phe150Asn,0.253197203118958,0.0712219259134006,0.4351724803245151,F150N,F150N,0.7741,pathogenic,0.19565610013072693,0.2259,False,150,False,False,False
urn:mavedb:00000078-b-1#924,,,p.Phe150Met,0.9570887483253612,0.894036337453001,1.02014115919772,F150M,F150M,0.4856,ambiguous,0.5194279157855376,0.5144,False,150,False,False,False
urn:mavedb:00000078-b-1#925,,,p.Phe150Leu,1.06863304049934,0.9550528127800592,1.1822132682186202,F150L,F150L,0.613,pathogenic,0.3530370451565394,0.387,True,150,False,True,False
urn:mavedb:00000078-b-1#926,,,p.Phe150Lys,0.4892290731792779,0.379173601199765,0.599284545158791,F150K,F150K,0.8739,pathogenic,0.13632826078273783,0.1261,False,150,False,False,False
urn:mavedb:00000078-b-1#927,,,p.Phe150Ile,0.983805321707609,0.9368138038484892,1.03079683956673,F150I,F150I,0.1795,benign,0.8352253393890738,0.8205,False,150,False,False,False
urn:mavedb:00000078-b-1#928,,,p.Phe150His,0.5266365739130171,0.274947790186296,0.7783253576397379,F150H,F150H,0.6143,pathogenic,0.3514712310604849,0.38570000000000004,False,150,False,False,False
urn:mavedb:00000078-b-1#929,,,p.Phe150Cys,0.9875530846687052,0.948951130330292,1.02615503900712,F150C,F150C,0.2884,benign,0.7526068401371139,0.7116,False,150,False,False,False
urn:mavedb:00000078-b-1#931,,,p.Phe150Glu,-0.0829231114067149,-0.2450823611585789,0.0792361383451492,F150E,F150E,0.8758,pathogenic,0.13544260717485984,0.12419999999999998,False,150,False,False,False
urn:mavedb:00000078-b-1#932,,,p.Phe150Asp,-0.107674130906968,-0.366686837438308,0.1513385756243719,F150D,F150D,0.8701,pathogenic,0.13812421508193362,0.12990000000000002,False,150,False,False,False
urn:mavedb:00000078-b-1#933,,,p.Phe150Ala,1.06854997776323,0.98976497054709,1.1473349849793602,F150A,F150A,0.4774,ambiguous,0.5304633359382125,0.5226,False,150,False,False,False
urn:mavedb:00000078-b-1#934,,,p.Ser149Glu,0.595014353609619,0.52586786306327,0.664160844155968,S149E,S149E,0.8999,pathogenic,0.12489661484375209,0.10009999999999997,False,149,False,False,False
urn:mavedb:00000078-b-1#935,,,p.Ser149Tyr,0.8502546356493449,0.712970072248448,0.987539199050241,S149Y,S149Y,0.6911,pathogenic,0.266999589296111,0.30889999999999995,True,149,False,True,False
urn:mavedb:00000078-b-1#937,,,p.Ser149Thr,1.0674286029311402,1.01265812158171,1.12219908428056,S149T,S149T,0.1457,benign,0.8540470654124452,0.8543000000000001,False,149,False,False,False
urn:mavedb:00000078-b-1#939,,,p.Leu128Trp,0.6577996708660021,0.389424505295498,0.926174836436506,L128W,L128W,0.7722,pathogenic,0.19705321826991223,0.2278,False,128,False,False,False
urn:mavedb:00000078-b-1#940,,,p.Leu128Val,0.740465286946771,0.6452088937743949,0.835721680119147,L128V,L128V,0.5386,ambiguous,0.4481216828128608,0.46140000000000003,False,128,False,False,False
urn:mavedb:00000078-b-1#941,,,p.Leu128Thr,0.852179191699688,0.7606344145680909,0.9437239688312858,L128T,L128T,0.9122,pathogenic,0.11998260159445212,0.08779999999999999,True,128,False,True,False
urn:mavedb:00000078-b-1#942,,,p.Leu128Ser,1.04969693301605,0.8632905225926171,1.23610334343949,L128S,L128S,0.9526,pathogenic,0.1058531786741598,0.0474,True,128,False,True,False
urn:mavedb:00000078-b-1#943,,,p.Leu128Arg,0.7265741561010141,0.5411703987576829,0.911977913444346,L128R,L128R,0.6038,pathogenic,0.3642304129666987,0.3962,False,128,False,False,False
urn:mavedb:00000078-b-1#944,,,p.Leu128Ile,0.9870252288899908,0.890875528276643,1.08317492950334,L128I,L128I,0.4163,ambiguous,0.6106785799193202,0.5837,False,128,False,False,False
urn:mavedb:00000078-b-1#945,,,p.Leu128Asn,0.650358888471143,0.118114513635719,1.18260326330657,L128N,L128N,0.9475,pathogenic,0.10747786595301154,0.05249999999999999,False,128,False,False,False
urn:mavedb:00000078-b-1#946,,,p.Leu128Met,0.868063133440762,0.589899582277658,1.14622668460387,L128M,L128M,0.548,ambiguous,0.4356442134791996,0.45199999999999996,False,128,False,False,False
urn:mavedb:00000078-b-1#948,,,p.Leu128Asp,0.8731847721056379,0.817799648427264,0.928569895784012,L128D,L128D,0.982,pathogenic,0.09729540632624373,0.018000000000000016,True,128,False,True,False
urn:mavedb:00000078-b-1#949,,,p.Leu128His,1.05135935404972,0.9381663946062808,1.16455231349315,L128H,L128H,0.8419,pathogenic,0.15251989593879656,0.15810000000000002,True,128,False,True,False
urn:mavedb:00000078-b-1#950,,,p.Leu128Gly,0.5712972782410071,0.470998779135668,0.671595777346345,L128G,L128G,0.9465,pathogenic,0.10780155450998877,0.05349999999999999,False,128,False,False,False
urn:mavedb:00000078-b-1#951,,,p.Leu128Glu,1.12161912743903,1.02371788455862,1.21952037031943,L128E,L128E,0.9132,pathogenic,0.11959633615776286,0.08679999999999999,True,128,False,True,False
urn:mavedb:00000078-b-1#952,,,p.Leu128Cys,0.622116683608642,0.540292601826748,0.7039407653905358,L128C,L128C,0.9336,pathogenic,0.11213196622273992,0.06640000000000001,False,128,False,False,False
urn:mavedb:00000078-b-1#953,,,p.Leu128Ala,0.8869464818379229,0.811243156479723,0.962649807196122,L128A,L128A,0.8892,pathogenic,0.12942443037058043,0.11080000000000001,True,128,False,True,False
urn:mavedb:00000078-b-1#954,,,p.Val127Glu,1.19070330669315,1.09141714135569,1.2899894720306102,V127E,V127E,0.5227,ambiguous,0.4694022854714565,0.47729999999999995,False,127,False,False,False
urn:mavedb:00000078-b-1#956,,,p.Val127Thr,1.07188111709812,0.877259699300894,1.26650253489534,V127T,V127T,0.5235,ambiguous,0.468327456108229,0.47650000000000003,False,127,False,False,False
urn:mavedb:00000078-b-1#957,,,p.Val127Ser,0.936261702241246,0.8238774193707751,1.04864598511172,V127S,V127S,0.5427,ambiguous,0.4426682546619694,0.45730000000000004,False,127,False,False,False
urn:mavedb:00000078-b-1#958,,,p.Val127Pro,0.5262698923632021,0.429966679158875,0.6225731055675289,V127P,V127P,0.8008,pathogenic,0.17714099114737347,0.19920000000000004,False,127,False,False,False
urn:mavedb:00000078-b-1#959,,,p.Val127Asn,0.961031369108872,0.6761688148837629,1.24589392333398,V127N,V127N,0.716,pathogenic,0.24335508206988365,0.28400000000000003,True,127,False,True,False
urn:mavedb:00000078-b-1#960,,,p.Val127Met,0.8173462694218001,0.506222663375942,1.12846987546766,V127M,V127M,0.3759,ambiguous,0.6602008365521359,0.6241,False,127,False,False,False
urn:mavedb:00000078-b-1#961,,,p.Val127Leu,0.632350867254255,0.468479504406357,0.796222230102154,V127L,V127L,0.386,ambiguous,0.6481677833939091,0.614,False,127,False,False,False
urn:mavedb:00000078-b-1#962,,,p.Val127Ile,0.802105724281549,0.6340759326713921,0.970135515891706,V127I,V127I,0.0864,benign,0.8805576223980349,0.9136,False,127,False,False,False
urn:mavedb:00000078-b-1#963,,,p.Val127His,0.9955298856012852,0.75417922817742,1.23688054302515,V127H,V127H,0.7133,pathogenic,0.24582584293232929,0.28669999999999995,True,127,False,True,False
urn:mavedb:00000078-b-1#964,,,p.Val127Gly,0.5337441366073571,0.324578974598382,0.7429092986163309,V127G,V127G,0.4589,ambiguous,0.5552055219759574,0.5411,False,127,False,False,False
urn:mavedb:00000078-b-1#965,,,p.Val127Phe,1.06035880403934,0.873654790579627,1.24706281749906,V127F,V127F,0.2642,benign,0.7740697333188785,0.7358,False,127,False,False,False
urn:mavedb:00000078-b-1#966,,,p.Val127Asp,0.898369916527155,0.7900293578635681,1.00671047519074,V127D,V127D,0.7284,pathogenic,0.23229970529069321,0.27159999999999995,True,127,False,True,False
urn:mavedb:00000078-b-1#967,,,p.Val127Cys,0.5169377408947279,0.183593661645852,0.850281820143605,V127C,V127C,0.8909,pathogenic,0.12868889010968654,0.10909999999999997,False,127,False,False,False
urn:mavedb:00000078-b-1#968,,,p.Val127Ala,0.8070361364406191,0.311262582641825,1.30280969023941,V127A,V127A,0.4995,ambiguous,0.5006749994937505,0.5005,False,127,False,False,False
urn:mavedb:00000078-b-1#969,,,p.Phe126Thr,1.04966984615729,0.937664657573602,1.16167503474098,F126T,F126T,0.6949,pathogenic,0.26326710879467385,0.30510000000000004,True,126,False,True,False
urn:mavedb:00000078-b-1#970,,,p.Phe126Val,0.949041547141068,0.8854341024089929,1.01264899187314,F126V,F126V,0.3573,ambiguous,0.6816795030612361,0.6427,False,126,False,False,False
urn:mavedb:00000078-b-1#971,,,p.Phe126Glu,0.5772856283158311,0.469192829086704,0.685378427544958,F126E,F126E,0.953,pathogenic,0.10572758198856796,0.04700000000000004,False,126,False,False,False
urn:mavedb:00000078-b-1#972,,,p.Phe126Ser,0.834374357260305,0.6240016142696939,1.04474710025091,F126S,F126S,0.5247,ambiguous,0.46671589660796453,0.47529999999999994,False,126,False,False,False
urn:mavedb:00000078-b-1#973,,,p.Phe126Arg,0.5529096216541569,0.374325557517552,0.7314936857907621,F126R,F126R,0.7985,pathogenic,0.1786551478841541,0.2015,False,126,False,False,False
urn:mavedb:00000078-b-1#974,,,p.Phe126Gln,0.609383420823985,0.433542338329137,0.7852245033188342,F126Q,F126Q,0.8787,pathogenic,0.13410649838406274,0.12129999999999996,False,126,False,False,False
urn:mavedb:00000078-b-1#975,,,p.Phe126Pro,0.54500606963786,0.382393058244413,0.707619081031307,F126P,F126P,0.9635,pathogenic,0.10252361977630245,0.03649999999999998,False,126,False,False,False
urn:mavedb:00000078-b-1#976,,,p.Phe126Asn,0.6970467563589521,0.4924061325146351,0.901687380203268,F126N,F126N,0.8966,pathogenic,0.126267426281647,0.10340000000000005,False,126,False,False,False
urn:mavedb:00000078-b-1#977,,,p.Phe126Met,0.8709604578542269,0.803886194028271,0.938034721680183,F126M,F126M,0.7946,pathogenic,0.18125694170115375,0.20540000000000003,True,126,False,True,False
urn:mavedb:00000078-b-1#978,,,p.Phe126Leu,0.5981731770074239,0.535742177896455,0.6606041761183941,F126L,F126L,0.8922,pathogenic,0.1281305797491033,0.1078,False,126,False,False,False
urn:mavedb:00000078-b-1#979,,,p.Phe126Lys,0.6365850526184721,0.468581552737576,0.8045885524993679,F126K,F126K,0.9394,pathogenic,0.1101489819248879,0.06059999999999999,False,126,False,False,False
urn:mavedb:00000078-b-1#980,,,p.Phe126Ile,0.681346257306565,0.5532390409311639,0.8094534736819671,F126I,F126I,0.5096,ambiguous,0.48704358199238545,0.49039999999999995,False,126,False,False,False
urn:mavedb:00000078-b-1#981,,,p.Phe126His,0.727479686863904,0.5426360034795229,0.912323370248284,F126H,F126H,0.7625,pathogenic,0.20435429297786079,0.23750000000000004,False,126,False,False,False
urn:mavedb:00000078-b-1#982,,,p.Phe126Gly,0.881892464261067,0.792199961678558,0.971584966843577,F126G,F126G,0.7934,pathogenic,0.18206622473413614,0.2066,True,126,False,True,False
urn:mavedb:00000078-b-1#984,,,p.Phe126Asp,0.637715543638943,0.462782025101298,0.812649062176587,F126D,F126D,0.9558,pathogenic,0.10485576598229349,0.04420000000000002,False,126,False,False,False
urn:mavedb:00000078-b-1#985,,,p.Phe126Cys,0.545859011905457,0.459116860516674,0.632601163294241,F126C,F126C,0.4999,ambiguous,0.5001349999959499,0.5001,False,126,False,False,False
urn:mavedb:00000078-b-1#986,,,p.Phe126Ala,0.972742559338109,0.876034357179202,1.06945076149702,F126A,F126A,0.5602,ambiguous,0.41960219976460683,0.43979999999999997,False,126,False,False,False
urn:mavedb:00000078-b-1#987,,,p.Phe125Met,1.03645216085004,0.959410216954185,1.11349410474589,F125M,F125M,0.6805,pathogenic,0.27764484300412373,0.3195,True,125,False,True,False
urn:mavedb:00000078-b-1#988,,,p.Phe125Tyr,0.928992151207758,0.811772409524508,1.04621189289101,F125Y,F125Y,0.2398,benign,0.7938729299650527,0.7602,False,125,False,False,False
urn:mavedb:00000078-b-1#990,,,p.Phe125Val,0.926005623666302,0.795000953585267,1.05701029374734,F125V,F125V,0.2309,benign,0.8006441511271641,0.7691,False,125,False,False,False
urn:mavedb:00000078-b-1#991,,,p.Phe125Thr,0.8142111611515291,0.560498078295713,1.06792424400734,F125T,F125T,0.7533,pathogenic,0.2115418750806905,0.24670000000000003,True,125,False,True,False
urn:mavedb:00000078-b-1#992,,,p.Phe125Ser,0.959674228510211,0.88747718037994,1.03187127664048,F125S,F125S,0.6372,pathogenic,0.32457633010927345,0.3628,True,125,False,True,False
urn:mavedb:00000078-b-1#993,,,p.Phe125Arg,0.500103276506928,0.4096227850449,0.5905837679689561,F125R,F125R,0.9264,pathogenic,0.11467776987474128,0.0736,False,125,False,False,False
urn:mavedb:00000078-b-1#994,,,p.Phe125Gln,0.611049002613531,0.537253556354963,0.684844448872098,F125Q,F125Q,0.9511,pathogenic,0.106326523986975,0.048900000000000055,False,125,False,False,False
urn:mavedb:00000078-b-1#995,,,p.Phe125Pro,0.0231062375481721,-0.181374889972137,0.227587365068481,F125P,F125P,0.9711,pathogenic,0.10031321628644095,0.028900000000000037,False,125,False,False,False
urn:mavedb:00000078-b-1#996,,,p.Phe125Asn,0.808457323592481,0.7078151476610791,0.9090994995238828,F125N,F125N,0.9215,pathogenic,0.1164650122861575,0.07850000000000001,True,125,False,True,False
urn:mavedb:00000078-b-1#997,,,p.Phe125His,0.96419603148345,0.7970376457987142,1.13135441716819,F125H,F125H,0.8999,pathogenic,0.12489661484375209,0.10009999999999997,True,125,False,True,False
urn:mavedb:00000078-b-1#998,,,p.Phe125Leu,0.802274574197222,0.5541974916908861,1.05035165670356,F125L,F125L,0.7717,pathogenic,0.1974226685635474,0.22829999999999995,True,125,False,True,False
urn:mavedb:00000078-b-1#999,,,p.Phe125Lys,0.369576238814597,0.224099383887593,0.5150530937416021,F125K,F125K,0.974,pathogenic,0.099493065331152,0.026000000000000023,False,125,False,False,False
urn:mavedb:00000078-b-1#1000,,,p.Phe125Ile,0.913720828719466,0.803288012557711,1.02415364488122,F125I,F125I,0.2753,benign,0.7644516749818051,0.7247,False,125,False,False,False
urn:mavedb:00000078-b-1#1001,,,p.Phe125Asp,0.542119766220029,0.373565087832092,0.7106744446079649,F125D,F125D,0.9769,pathogenic,0.09868551754744866,0.02310000000000001,False,125,False,False,False
urn:mavedb:00000078-b-1#1002,,,p.Phe125Gly,0.9942445875227792,0.946523941340413,1.0419652337051402,F125G,F125G,0.8237,pathogenic,0.1628657262151471,0.1763,True,125,False,True,False
urn:mavedb:00000078-b-1#1004,,,p.Phe125Glu,0.544323017465683,0.468500386721771,0.620145648209594,F125E,F125E,0.9769,pathogenic,0.09868551754744866,0.02310000000000001,False,125,False,False,False
urn:mavedb:00000078-b-1#1005,,,p.Phe125Cys,0.748258522069286,0.6134315740813729,0.8830854700571992,F125C,F125C,0.3953,ambiguous,0.6368730851383309,0.6047,False,125,False,False,False
urn:mavedb:00000078-b-1#1006,,,p.Phe125Ala,0.9769550184846312,0.935988145478072,1.0179218914911898,F125A,F125A,0.6031,pathogenic,0.36508993384468363,0.39690000000000003,True,125,False,True,False
urn:mavedb:00000078-b-1#1007,,,p.Leu124Val,0.983678750201302,0.8734115225924399,1.09394597781016,L124V,L124V,0.6855,pathogenic,0.2725808170711722,0.3145,True,124,False,True,False
urn:mavedb:00000078-b-1#1008,,,p.Leu124Tyr,0.931280347933096,0.7841552916124879,1.0784054042537,L124Y,L124Y,0.9651,pathogenic,0.10205082763714113,0.03490000000000004,True,124,False,True,False
urn:mavedb:00000078-b-1#1010,,,p.Leu124Phe,0.72604053337512,0.5933497960365021,0.858731270713737,L124F,L124F,0.8399,pathogenic,0.15361505778667905,0.16010000000000002,False,124,False,False,False
urn:mavedb:00000078-b-1#1011,,,p.Leu124Thr,1.12827266321917,1.07232124612585,1.18422408031249,L124T,L124T,0.9059,pathogenic,0.12246151635833782,0.09409999999999996,True,124,False,True,False
urn:mavedb:00000078-b-1#1012,,,p.Leu124Ser,1.09103960893414,1.02130962382882,1.16076959403946,L124S,L124S,0.9035,pathogenic,0.12342676547178977,0.09650000000000003,True,124,False,True,False
urn:mavedb:00000078-b-1#1013,,,p.Leu124Arg,0.937795297821022,0.8455179712807159,1.03007262436133,L124R,L124R,0.8777,pathogenic,0.1345650952956397,0.12229999999999996,True,124,False,True,False
urn:mavedb:00000078-b-1#1014,,,p.Leu124Gln,0.611459190139798,0.282256891367728,0.9406614889118692,L124Q,L124Q,0.9208,pathogenic,0.11672401306771071,0.07920000000000005,False,124,False,False,False
urn:mavedb:00000078-b-1#1015,,,p.Leu124Pro,0.391844038139494,0.235312609238321,0.5483754670406661,L124P,L124P,0.9399,pathogenic,0.10998081330768378,0.06010000000000004,False,124,False,False,False
urn:mavedb:00000078-b-1#1016,,,p.Leu124Asn,1.1069114973882,0.963869256700336,1.24995373807605,L124N,L124N,0.9523,pathogenic,0.10594754960716368,0.047699999999999965,True,124,False,True,False
urn:mavedb:00000078-b-1#1017,,,p.Leu124Met,0.8827023646872121,0.697512883988281,1.06789184538614,L124M,L124M,0.735,pathogenic,0.22661065072920122,0.265,True,124,False,True,False
urn:mavedb:00000078-b-1#1019,,,p.Leu124Lys,0.820265198369855,0.596215663313595,1.04431473342611,L124K,L124K,0.964,pathogenic,0.10237544112193941,0.03600000000000003,True,124,False,True,False
urn:mavedb:00000078-b-1#1020,,,p.Leu124Ile,0.875523076042109,0.734568365953147,1.01647778613107,L124I,L124I,0.6687,pathogenic,0.28989457519561174,0.33130000000000004,True,124,False,True,False
urn:mavedb:00000078-b-1#1021,,,p.Leu124His,1.03195010395274,0.967925813812338,1.09597439409314,L124H,L124H,0.9307,pathogenic,0.11314600688369099,0.06930000000000003,True,124,False,True,False
urn:mavedb:00000078-b-1#1022,,,p.Leu124Gly,0.9718919225992252,0.854315904916649,1.0894679402818,L124G,L124G,0.9455,pathogenic,0.10812694016786187,0.05449999999999999,True,124,False,True,False
urn:mavedb:00000078-b-1#1023,,,p.Leu124Ala,0.9711182212615268,0.863507637664254,1.0787288048588,L124A,L124A,0.8975,pathogenic,0.12589132677932707,0.10250000000000004,True,124,False,True,False
urn:mavedb:00000078-b-1#1024,,,p.Leu124Glu,1.22039612221824,1.11834771747409,1.3224445269624,L124E,L124E,0.9765,pathogenic,0.0987961603976788,0.023499999999999965,True,124,False,True,False
urn:mavedb:00000078-b-1#1025,,,p.Leu124Asp,1.02578227736432,0.8349276918222549,1.21663686290638,L124D,L124D,0.992,pathogenic,0.09467786394887504,0.008000000000000007,True,124,False,True,False
urn:mavedb:00000078-b-1#1026,,,p.Leu124Cys,0.941958082666798,0.789866356746243,1.09404980858735,L124C,L124C,0.937,pathogenic,0.11096229997601734,0.06299999999999994,True,124,False,True,False
urn:mavedb:00000078-b-1#1027,,,p.Ile123Cys,0.811405525423837,0.6248778870359321,0.997933163811742,I123C,I123C,0.8793,pathogenic,0.13383241204381813,0.12070000000000003,True,123,False,True,False
urn:mavedb:00000078-b-1#1028,,,p.Ile123Tyr,0.759971832324514,0.381403117056399,1.13854054759263,I123Y,I123Y,0.8658,pathogenic,0.14019658131857615,0.13419999999999999,False,123,False,False,False
urn:mavedb:00000078-b-1#1029,,,p.Ile123Trp,0.569116417099538,0.3784865271386329,0.759746307060443,I123W,I123W,0.941,pathogenic,0.10961237817200975,0.05900000000000005,False,123,False,False,False
urn:mavedb:00000078-b-1#1030,,,p.Ile123Val,0.9734223508323708,0.934988078473542,1.0118566231911998,I123V,I123V,0.1981,benign,0.8235778926332641,0.8019000000000001,False,123,False,False,False
urn:mavedb:00000078-b-1#1031,,,p.Ile123Thr,0.812785101100783,0.6997830785933821,0.925787123608184,I123T,I123T,0.8639,pathogenic,0.14112599941738357,0.1361,True,123,False,True,False
urn:mavedb:00000078-b-1#1032,,,p.Ile123Ser,0.937010508505146,0.840131477013672,1.03388953999662,I123S,I123S,0.8014,pathogenic,0.17674845027113967,0.1986,True,123,False,True,False
urn:mavedb:00000078-b-1#1033,,,p.Ile123Arg,0.7132948609768031,0.577519843564606,0.8490698783889989,I123R,I123R,0.8625,pathogenic,0.14181626227021732,0.13749999999999996,False,123,False,False,False
urn:mavedb:00000078-b-1#1034,,,p.Ile123Gln,1.04025451256302,0.952405874604556,1.12810315052149,I123Q,I123Q,0.8897,pathogenic,0.12920745273137496,0.11029999999999995,True,123,False,True,False
urn:mavedb:00000078-b-1#1035,,,p.Ile123Pro,0.523837787919365,0.4609391989908039,0.586736376847925,I123P,I123P,0.9216,pathogenic,0.11642808778635738,0.07840000000000003,False,123,False,False,False
urn:mavedb:00000078-b-1#1036,,,p.Leu108His,0.7900912069797249,0.508226593615806,1.07195582034364,L108H,L108H,0.5039,ambiguous,0.49473524022879595,0.4961,False,108,False,False,False
urn:mavedb:00000078-b-1#1037,,,p.Leu108Cys,1.02860317001985,0.9187588434081508,1.13844749663155,L108C,L108C,0.3045,benign,0.7373181665104547,0.6955,False,108,False,False,False
urn:mavedb:00000078-b-1#1038,,,p.Leu108Phe,0.9060212691549828,0.71811587472825,1.09392666358172,L108F,L108F,0.0819,benign,0.8822682654116364,0.9181,False,108,False,False,False
urn:mavedb:00000078-b-1#1039,,,p.Leu108Glu,0.0778418872577494,-0.0393900745051824,0.195073849020681,L108E,L108E,0.6811,pathogenic,0.2770331549760673,0.31889999999999996,False,108,False,False,False
urn:mavedb:00000078-b-1#1040,,,p.Leu108Asp,0.144292534816194,-0.102437335874727,0.391022405507115,L108D,L108D,0.8679,pathogenic,0.1391791388903276,0.1321,False,108,False,False,False
urn:mavedb:00000078-b-1#1041,,,p.Leu107Asp,0.558974709005006,0.458450462943752,0.65949895506626,L107D,L107D,0.7829,pathogenic,0.18932463066124916,0.21709999999999996,False,107,False,False,False
urn:mavedb:00000078-b-1#1042,,,p.Leu107Tyr,0.8407989821539019,0.6853271239659972,0.996270840341808,L107Y,L107Y,0.3547,ambiguous,0.6846080922244442,0.6453,False,107,False,False,False
urn:mavedb:00000078-b-1#1043,,,p.Leu107Val,1.00972023521002,0.915506489194659,1.10393398122539,L107V,L107V,0.0751,benign,0.8847798761861364,0.9249,False,107,False,False,False
urn:mavedb:00000078-b-1#1044,,,p.Leu107Thr,1.02939789812197,0.947199210144843,1.1115965860990902,L107T,L107T,0.2294,benign,0.8017619140373919,0.7706,False,107,False,False,False
urn:mavedb:00000078-b-1#1045,,,p.Leu107Ser,0.8904937760133042,0.6981348431261851,1.08285270890042,L107S,L107S,0.3385,benign,0.702428118542178,0.6615,False,107,False,False,False
urn:mavedb:00000078-b-1#1046,,,p.Leu107Arg,0.9001232560060981,0.677220272697088,1.1230262393151105,L107R,L107R,0.243,benign,0.7913797504697877,0.757,False,107,False,False,False
urn:mavedb:00000078-b-1#1047,,,p.Leu107Pro,0.0022439908973825,-0.1463834446616269,0.150871426456392,L107P,L107P,0.3268,benign,0.7148260544467642,0.6732,False,107,False,False,False
urn:mavedb:00000078-b-1#1048,,,p.Leu107Asn,0.956535269332376,0.897067671631753,1.016002867033,L107N,L107N,0.4623,ambiguous,0.550679094978232,0.5377000000000001,False,107,False,False,False
urn:mavedb:00000078-b-1#1049,,,p.Leu107Met,0.72612235563032,-0.242083277912606,1.69432798917325,L107M,L107M,0.1198,benign,0.8665772147935451,0.8802,False,107,False,False,False
urn:mavedb:00000078-b-1#1051,,,p.Leu107Lys,1.14115110793855,0.7803388692629941,1.5019633466141102,L107K,L107K,0.4093,ambiguous,0.6195100124751125,0.5907,False,107,False,False,False
urn:mavedb:00000078-b-1#1052,,,p.Leu107Ile,0.825205628531847,0.444716730710984,1.20569452635271,L107I,L107I,0.0998,benign,0.8752268873715928,0.9002,False,107,False,False,False
urn:mavedb:00000078-b-1#1053,,,p.Leu107His,0.7790439970484409,0.7200214024306228,0.8380665916662601,L107H,L107H,0.3503,ambiguous,0.6895215154973992,0.6496999999999999,False,107,False,False,False
urn:mavedb:00000078-b-1#1054,,,p.Leu107Gly,0.810194305190942,0.7625923466144889,0.857796263767396,L107G,L107G,0.3269,benign,0.7147218063421983,0.6731,False,107,False,False,False
urn:mavedb:00000078-b-1#1055,,,p.Leu107Glu,0.8949560278428,0.7257559404195529,1.06415611526605,L107E,L107E,0.5514,ambiguous,0.4311547958157628,0.4486,False,107,False,False,False
urn:mavedb:00000078-b-1#1056,,,p.Leu107Cys,0.436232329836694,0.0276825271158613,0.844782132557527,L107C,L107C,0.448,ambiguous,0.5696360269041857,0.552,False,107,False,False,False
urn:mavedb:00000078-b-1#1057,,,p.Leu107Ala,0.9032679724032968,0.680998549773086,1.12553739503351,L107A,L107A,0.2126,benign,0.8138252447713284,0.7874,False,107,False,False,False
urn:mavedb:00000078-b-1#1058,,,p.Met106Ile,1.01804629891568,0.906981250280544,1.12911134755081,M106I,M106I,0.2448,benign,0.7899636386263873,0.7552,False,106,False,False,False
urn:mavedb:00000078-b-1#1059,,,p.Met106Tyr,0.247628431238055,-0.0424947640427718,0.537751626518881,M106Y,M106Y,0.5113,ambiguous,0.48475084104782845,0.4887,False,106,False,False,False
urn:mavedb:00000078-b-1#1060,,,p.Met106Val,0.880788969695532,0.772024671896275,0.98955326749479,M106V,M106V,0.0937,benign,0.8776982285876642,0.9063,False,106,False,False,False
urn:mavedb:00000078-b-1#1061,,,p.Met106Thr,0.87744843148807,0.803103434376292,0.951793428599848,M106T,M106T,0.2181,benign,0.8099673663028192,0.7819,False,106,False,False,False
urn:mavedb:00000078-b-1#1062,,,p.Met106Ser,0.975231933970074,0.8855315118758922,1.06493235606426,M106S,M106S,0.334,benign,0.7072442639718635,0.6659999999999999,False,106,False,False,False
urn:mavedb:00000078-b-1#1063,,,p.Met106Arg,0.6605490680524531,0.488123348948384,0.832974787156522,M106R,M106R,0.2364,benign,0.7964878978875624,0.7636000000000001,False,106,False,False,False
urn:mavedb:00000078-b-1#1064,,,p.Met106Gln,0.706066532849303,0.170853870831482,1.24127919486712,M106Q,M106Q,0.1588,benign,0.847097949570606,0.8412,False,106,False,False,False
urn:mavedb:00000078-b-1#1065,,,p.Met106Pro,-0.0870535931291277,-0.172661195543633,-0.0014459907146219,M106P,M106P,0.477,ambiguous,0.531000817311389,0.523,False,106,False,False,False
urn:mavedb:00000078-b-1#1066,,,p.Met106Asn,0.9602201441262008,0.851969076478929,1.06847121177347,M106N,M106N,0.4603,ambiguous,0.5533430179995574,0.5397000000000001,False,106,False,False,False
urn:mavedb:00000078-b-1#1067,,,p.Met106Leu,0.982677599875257,0.8874141023179529,1.07794109743256,M106L,M106L,0.0421,benign,0.8957897091775818,0.9579,False,106,False,False,False
urn:mavedb:00000078-b-1#1068,,,p.Met106Glu,0.9887042734844308,0.6902616138570591,1.2871469331118002,M106E,M106E,0.4286,ambiguous,0.594942384699646,0.5714,False,106,False,False,False
urn:mavedb:00000078-b-1#1069,,,p.Met106His,0.6413174521226421,0.361759621778077,0.920875282467208,M106H,M106H,0.399,ambiguous,0.6323250280513176,0.601,False,106,False,False,False
urn:mavedb:00000078-b-1#1070,,,p.Met106Gly,1.03523910419259,0.855208734139856,1.21526947424533,M106G,M106G,0.4074,ambiguous,0.6218904696951344,0.5926,False,106,False,False,False
urn:mavedb:00000078-b-1#1071,,,p.Met106Phe,0.386320332608492,0.236481262406237,0.536159402810748,M106F,M106F,0.2904,benign,0.7507514160403611,0.7096,False,106,False,False,False
urn:mavedb:00000078-b-1#1072,,,p.Met106Asp,0.692668986017558,0.438831668163798,0.9465063038713192,M106D,M106D,0.8185,pathogenic,0.16598169412724734,0.1815,False,106,False,False,False
urn:mavedb:00000078-b-1#1073,,,p.Met106Cys,0.9093100933743729,0.6029741487746271,1.21564603797412,M106C,M106C,0.5052,ambiguous,0.4929805694069717,0.4948,False,106,False,False,False
urn:mavedb:00000078-b-1#1074,,,p.Met106Ala,0.9562543522088072,0.8698233227726478,1.04268538164497,M106A,M106A,0.2925,benign,0.7487898236000584,0.7075,False,106,False,False,False
urn:mavedb:00000078-b-1#1076,,,p.Leu105Tyr,0.249857727456428,0.111187268700608,0.388528186212247,L105Y,L105Y,0.5461,ambiguous,0.4381587749312944,0.45389999999999997,False,105,False,False,False
urn:mavedb:00000078-b-1#1077,,,p.Leu105Trp,0.7909194861791929,0.5574437591736999,1.0243952131846898,L105W,L105W,0.2596,benign,0.7779434270712432,0.7404,False,105,False,False,False
urn:mavedb:00000078-b-1#1078,,,p.Leu105Val,0.9642389391297572,0.8859066053433778,1.04257127291614,L105V,L105V,0.0911,benign,0.8787287578851619,0.9089,False,105,False,False,False
urn:mavedb:00000078-b-1#1079,,,p.Leu105Thr,0.861241984869932,0.596827624309205,1.1256563454306598,L105T,L105T,0.2297,benign,0.8015389000088525,0.7703,False,105,False,False,False
urn:mavedb:00000078-b-1#1080,,,p.Leu105Ser,0.79592902393123,0.7476129671514341,0.8442450807110259,L105S,L105S,0.2906,benign,0.7505651888305879,0.7094,False,105,False,False,False
urn:mavedb:00000078-b-1#1081,,,p.Leu105Arg,0.0196379473571706,-0.0743860751434414,0.113661969857783,L105R,L105R,0.5368,ambiguous,0.4505208567566874,0.46319999999999995,False,105,False,False,False
urn:mavedb:00000078-b-1#1082,,,p.Leu105Gln,0.0773973505682204,-0.112543956598926,0.267338657735367,L105Q,L105Q,0.4158,ambiguous,0.6113125130742894,0.5842,False,105,False,False,False
urn:mavedb:00000078-b-1#1083,,,p.Leu105Pro,0.398751078170188,0.217861364639226,0.5796407917011489,L105P,L105P,0.3274,benign,0.7142001181877843,0.6726,False,105,False,False,False
urn:mavedb:00000078-b-1#1084,,,p.Leu105Asn,0.0219405777614366,-0.140822676143194,0.184703831666067,L105N,L105N,0.6812,pathogenic,0.27693131292670947,0.3188,False,105,False,False,False
urn:mavedb:00000078-b-1#1085,,,p.Leu105Met,0.8739590788396551,0.626712904968365,1.12120525271095,L105M,L105M,0.1339,benign,0.8599493965951153,0.8661,False,105,False,False,False
urn:mavedb:00000078-b-1#1086,,,p.Leu105Phe,0.956705186048358,0.840676792272798,1.07273357982392,L105F,L105F,0.1054,benign,0.8728907360135287,0.8946000000000001,False,105,False,False,False
urn:mavedb:00000078-b-1#1087,,,p.Leu105Lys,0.017049089452549,-0.137933758877221,0.172031937782319,L105K,L105K,0.7177,pathogenic,0.24181107471253405,0.2823,False,105,False,False,False
urn:mavedb:00000078-b-1#1088,,,p.Leu105Ile,0.944665550635154,0.812635542356565,1.07669555891374,L105I,L105I,0.1213,benign,0.8658935016159373,0.8787,False,105,False,False,False
urn:mavedb:00000078-b-1#1089,,,p.Leu105Gly,0.747905967230122,0.531848031357577,0.963963903102666,L105G,L105G,0.3654,ambiguous,0.6724380588686757,0.6346,False,105,False,False,False
urn:mavedb:00000078-b-1#1090,,,p.Leu105Ala,1.01959470669224,0.885161268016371,1.15402814536811,L105A,L105A,0.1822,benign,0.8335932957458299,0.8178,False,105,False,False,False
urn:mavedb:00000078-b-1#1091,,,p.Leu105Glu,0.168517896789505,0.0065794157940785,0.330456377784931,L105E,L105E,0.7051,pathogenic,0.2534687860556356,0.29490000000000005,False,105,False,False,False
urn:mavedb:00000078-b-1#1092,,,p.Leu105Asp,0.0694827688431036,-0.0928947823609948,0.231860320047202,L105D,L105D,0.8963,pathogenic,0.1263931681620536,0.10370000000000001,False,105,False,False,False
urn:mavedb:00000078-b-1#1093,,,p.Leu105Cys,1.07550154849306,0.975011089646826,1.17599200733929,L105C,L105C,0.4346,ambiguous,0.5871742850164487,0.5654,False,105,False,False,False
urn:mavedb:00000078-b-1#1094,,,p.Val104Phe,0.954646412292298,0.766307101585773,1.14298572299882,V104F,V104F,0.0704,benign,0.8864653694504143,0.9296,False,104,False,False,False
urn:mavedb:00000078-b-1#1095,,,p.Val104Tyr,0.8736250732318941,0.58499510601244,1.16225504045135,V104Y,V104Y,0.2467,benign,0.7884581249193096,0.7533,False,104,False,False,False
urn:mavedb:00000078-b-1#1097,,,p.Val104Trp,1.04562044143537,0.8195037137805259,1.27173716909022,V104W,V104W,0.3278,benign,0.7137822308660181,0.6722,False,104,False,False,False
urn:mavedb:00000078-b-1#1099,,,p.Val104Thr,1.03538658337673,0.878858111353004,1.1919150554004598,V104T,V104T,0.1118,benign,0.8701400032196899,0.8882,False,104,False,False,False
urn:mavedb:00000078-b-1#1100,,,p.Val104Ser,0.9561853421005252,0.809601342380611,1.10276934182044,V104S,V104S,0.1132,benign,0.8695265881702268,0.8868,False,104,False,False,False
urn:mavedb:00000078-b-1#1101,,,p.Val104Arg,0.892251971151513,0.7547658533338331,1.02973808896919,V104R,V104R,0.1776,benign,0.8363620706140977,0.8224,False,104,False,False,False
urn:mavedb:00000078-b-1#1102,,,p.Val104Gln,1.25643246696641,1.10170980258248,1.41115513135034,V104Q,V104Q,0.2311,benign,0.8004946070731918,0.7689,False,104,False,False,False
urn:mavedb:00000078-b-1#1103,,,p.Val104Pro,0.9761273422269928,0.9069600357553248,1.04529464869866,V104P,V104P,0.2008,benign,0.8218072662636233,0.7992,False,104,False,False,False
urn:mavedb:00000078-b-1#1104,,,p.Val104Asn,1.1184594788854398,0.917733983344404,1.31918497442649,V104N,V104N,0.1711,benign,0.8401782542395487,0.8289,False,104,False,False,False
urn:mavedb:00000078-b-1#1105,,,p.Val104Met,0.921794472997511,0.7302121569119449,1.11337678908308,V104M,V104M,0.0893,benign,0.8794343187681707,0.9107,False,104,False,False,False
urn:mavedb:00000078-b-1#1106,,,p.Val104Leu,1.0533196541879202,0.969156528902338,1.1374827794735098,V104L,V104L,0.0738,benign,0.8852501574003149,0.9262,False,104,False,False,False
urn:mavedb:00000078-b-1#1107,,,p.Val104Lys,0.6795092915573471,0.304070388650882,1.05494819446381,V104K,V104K,0.2322,benign,0.799669970941196,0.7678,False,104,False,False,False
urn:mavedb:00000078-b-1#1108,,,p.Val104Ile,0.9666069706646372,0.818587103178432,1.1146268381508402,V104I,V104I,0.0677,benign,0.8874153416381484,0.9323,False,104,False,False,False
urn:mavedb:00000078-b-1#1109,,,p.Val104His,1.04213868873385,0.945702433639666,1.13857494382804,V104H,V104H,0.298,benign,0.7435873712149551,0.702,False,104,False,False,False
urn:mavedb:00000078-b-1#1110,,,p.Val104Gly,0.97093575829361,0.887701570325393,1.05416994626183,V104G,V104G,0.1022,benign,0.8742336650670995,0.8978,False,104,False,False,False
urn:mavedb:00000078-b-1#1111,,,p.Val104Ala,1.0399479626193802,0.8980560678837359,1.18183985735502,V104A,V104A,0.0844,benign,0.8813227428647326,0.9156,False,104,False,False,False
urn:mavedb:00000078-b-1#1112,,,p.Val104Glu,0.539403808945259,0.224730767793081,0.8540768500974371,V104E,V104E,0.2471,benign,0.7881397684249594,0.7529,False,104,False,False,False
urn:mavedb:00000078-b-1#1113,,,p.Val104Asp,1.05121186660395,0.7375425832531869,1.36488114995471,V104D,V104D,0.2554,benign,0.7814230913721146,0.7445999999999999,False,104,False,False,False
urn:mavedb:00000078-b-1#1114,,,p.Val104Cys,0.525709425788818,0.0506408444282184,1.00077800714942,V104C,V104C,0.3919,ambiguous,0.6410254159046554,0.6081,False,104,False,False,False
urn:mavedb:00000078-b-1#1115,,,p.Ser103Val,0.863750113736244,0.6222659391616719,1.10523428831082,S103V,S103V,0.1578,benign,0.847643505614071,0.8422000000000001,False,103,False,False,False
urn:mavedb:00000078-b-1#1116,,,p.Ser103Tyr,0.9944630469001128,0.8909442414292149,1.09798185237101,S103Y,S103Y,0.1528,benign,0.8503335971980842,0.8472,False,103,False,False,False
urn:mavedb:00000078-b-1#1118,,,p.Ser103Trp,0.99223439532304,0.8312962750862058,1.1531725155598702,S103W,S103W,0.1869,benign,0.8307052131180797,0.8130999999999999,False,103,False,False,False
urn:mavedb:00000078-b-1#1119,,,p.Ser103Phe,0.8733267743712511,0.694280431746992,1.05237311699551,S103F,S103F,0.1708,benign,0.8403516937027377,0.8291999999999999,False,103,False,False,False
urn:mavedb:00000078-b-1#1120,,,p.Ser103Thr,0.992895202186908,0.9413028542316608,1.04448755014215,S103T,S103T,0.0926,benign,0.8781358711751618,0.9074,False,103,False,False,False
urn:mavedb:00000078-b-1#1122,,,p.Ser103Arg,0.8835888095448309,0.642343270870196,1.12483434821947,S103R,S103R,0.4377,ambiguous,0.5831391850606765,0.5623,False,103,False,False,False
urn:mavedb:00000078-b-1#1123,,,p.Ser103Gln,0.970596316005384,0.839279612872172,1.1019130191385902,S103Q,S103Q,0.433,ambiguous,0.5892512779575114,0.567,False,103,False,False,False
urn:mavedb:00000078-b-1#1124,,,p.Ser103Pro,1.01475336886602,0.8674537187703321,1.1620530189617,S103P,S103P,0.1308,benign,0.8614455763734042,0.8692,False,103,False,False,False
urn:mavedb:00000078-b-1#1125,,,p.Ser103Asn,1.04350749087006,0.8653353213767271,1.22167966036339,S103N,S103N,0.211,benign,0.81493101438383,0.789,False,103,False,False,False
urn:mavedb:00000078-b-1#1126,,,p.Ser103Met,0.918851608771135,0.757675832053038,1.08002738548923,S103M,S103M,0.2592,benign,0.7782771727481937,0.7408,False,103,False,False,False
urn:mavedb:00000078-b-1#1127,,,p.Ser103Leu,0.937472812685187,0.822251851794889,1.05269377357548,S103L,S103L,0.1374,benign,0.8582331955249975,0.8626,False,103,False,False,False
urn:mavedb:00000078-b-1#1128,,,p.Ser103Lys,1.0517574592537,0.892440224018451,1.21107469448894,S103K,S103K,0.6027,pathogenic,0.36558157521248086,0.3973,True,103,False,True,False
urn:mavedb:00000078-b-1#1129,,,p.Ser103Ile,1.01209802738331,0.87915020435507,1.1450458504115602,S103I,S103I,0.2203,benign,0.8083994308730784,0.7797000000000001,False,103,False,False,False
urn:mavedb:00000078-b-1#1130,,,p.Ser103His,0.942938990807678,0.820123141992913,1.06575483962244,S103H,S103H,0.2964,benign,0.7451104974189802,0.7036,False,103,False,False,False
urn:mavedb:00000078-b-1#1131,,,p.Ser103Gly,0.982394764405198,0.693044633555655,1.27174489525474,S103G,S103G,0.092,benign,0.8783735644487631,0.908,False,103,False,False,False
urn:mavedb:00000078-b-1#1132,,,p.Ser103Ala,0.8906883807716529,0.737740327019258,1.04363643452405,S103A,S103A,0.0693,benign,0.886853993116309,0.9307,False,103,False,False,False
urn:mavedb:00000078-b-1#1133,,,p.Ser103Glu,0.6260379025789,0.1994811339141549,1.05259467124364,S103E,S103E,0.4342,ambiguous,0.5876938990258397,0.5658000000000001,False,103,False,False,False
urn:mavedb:00000078-b-1#1134,,,p.Ser103Asp,0.976347334363846,0.892151549120183,1.06054311960751,S103D,S103D,0.3265,benign,0.7151386196007556,0.6735,False,103,False,False,False
urn:mavedb:00000078-b-1#1135,,,p.Ser103Cys,0.789765990290812,0.533553066600748,1.04597891398088,S103C,S103C,0.1208,benign,0.8661219626215179,0.8792,False,103,False,False,False
urn:mavedb:00000078-b-1#1136,,,p.Ala102Tyr,-0.0299153009911037,-0.118176149288455,0.0583455473062475,A102Y,A102Y,0.5676,pathogenic,0.40997086374443215,0.4324,False,102,False,False,False
urn:mavedb:00000078-b-1#1137,,,p.Ala102His,-0.0031418173443165,-0.0895374478765046,0.0832538131878715,A102H,A102H,0.6224,pathogenic,0.34180692920140676,0.37760000000000005,False,102,False,False,False
urn:mavedb:00000078-b-1#1139,,,p.Ala102Trp,0.6103967505847601,-0.376439091060477,1.59723259223,A102W,A102W,0.6973,pathogenic,0.2609326707344205,0.30269999999999997,False,102,False,False,False
urn:mavedb:00000078-b-1#1140,,,p.Ala102Val,0.50835081021753,0.4060989381504629,0.610602682284598,A102V,A102V,0.1222,benign,0.8654808650595853,0.8778,False,102,False,False,False
urn:mavedb:00000078-b-1#1141,,,p.Ala102Thr,0.659701669498483,0.5849242760348969,0.7344790629620691,A102T,A102T,0.1325,benign,0.8606278533425379,0.8674999999999999,False,102,False,False,False
urn:mavedb:00000078-b-1#1142,,,p.Ala102Ser,0.99586457404196,0.923105996181478,1.0686231519024398,A102S,A102S,0.1175,benign,0.8676158843360076,0.8825000000000001,False,102,False,False,False
urn:mavedb:00000078-b-1#1143,,,p.Ala102Arg,-0.0022045500752546,-0.1282158592644459,0.123806759113937,A102R,A102R,0.5443,ambiguous,0.44054463022598117,0.4557,False,102,False,False,False
urn:mavedb:00000078-b-1#1144,,,p.Ala102Gln,0.239606027301154,-0.0894884956410552,0.5687005502433621,A102Q,A102Q,0.4968,ambiguous,0.504319867294492,0.5032,False,102,False,False,False
urn:mavedb:00000078-b-1#1145,,,p.Ala102Pro,0.12176332425064,0.0477039030497002,0.19582274545158,A102P,A102P,0.2212,benign,0.807753899205904,0.7787999999999999,False,102,False,False,False
urn:mavedb:00000078-b-1#1146,,,p.Ala102Met,0.0444687813968131,-0.0972965189423743,0.186234081736001,A102M,A102M,0.3015,benign,0.740227879152136,0.6985,False,102,False,False,False
urn:mavedb:00000078-b-1#1147,,,p.Ala102Leu,-0.044066531456594,-0.1368737108756519,0.0487406479624638,A102L,A102L,0.2317,benign,0.8000452554830938,0.7683,False,102,False,False,False
urn:mavedb:00000078-b-1#1148,,,p.Ala102Lys,-0.0015401772684065,-0.101341068272282,0.0982607137354691,A102K,A102K,0.6574,pathogenic,0.3020111784595927,0.3426,False,102,False,False,False
urn:mavedb:00000078-b-1#1149,,,p.Ala102Ile,0.311043172314959,0.196846995727045,0.4252393489028729,A102I,A102I,0.2695,benign,0.7695251431231871,0.7304999999999999,False,102,False,False,False
urn:mavedb:00000078-b-1#1150,,,p.Ala102Asp,0.0194672342857038,-0.211334231605564,0.250268700176971,A102D,A102D,0.4791,ambiguous,0.528178084267044,0.5208999999999999,False,102,False,False,False
urn:mavedb:00000078-b-1#1151,,,p.Ala102Gly,0.8401661261465571,0.730343076316722,0.9499891759763928,A102G,A102G,0.1109,benign,0.8705321097291426,0.8891,False,102,False,False,False
urn:mavedb:00000078-b-1#1152,,,p.Ala102Phe,-0.0070546563478591,-0.0903653887578346,0.0762560760621164,A102F,A102F,0.3743,ambiguous,0.6620838517584062,0.6256999999999999,False,102,False,False,False
urn:mavedb:00000078-b-1#1153,,,p.Ala102Glu,0.0789077723554707,-0.143099959521645,0.3009155042325869,A102E,A102E,0.4489,ambiguous,0.5684496291484326,0.5510999999999999,False,102,False,False,False
urn:mavedb:00000078-b-1#1154,,,p.Ala102Cys,0.541046155507449,0.4304765191992329,0.6516157918156661,A102C,A102C,0.5015,ambiguous,0.4979750136686392,0.49850000000000005,False,102,False,False,False
urn:mavedb:00000078-b-1#1156,,,p.Trp101Pro,0.6514114174449439,0.496490370102717,0.8063324647871709,W101P,W101P,0.3839,ambiguous,0.6506901660325509,0.6161,False,101,False,False,False
urn:mavedb:00000078-b-1#1157,,,p.Trp101Tyr,0.844504702688803,0.52559105285737,1.16341835252024,W101Y,W101Y,0.3838,ambiguous,0.6508100156380916,0.6162000000000001,False,101,False,False,False
urn:mavedb:00000078-b-1#1159,,,p.Trp101Val,0.802460048488564,0.699272239834961,0.9056478571421668,W101V,W101V,0.2732,benign,0.7663007191219267,0.7268,False,101,False,False,False
urn:mavedb:00000078-b-1#1160,,,p.Trp101Thr,0.7781318313016379,0.468309062795837,1.0879545998074398,W101T,W101T,0.2123,benign,0.8140331416601007,0.7877000000000001,False,101,False,False,False
urn:mavedb:00000078-b-1#1161,,,p.Trp101Ser,0.954707566392734,0.847714394084014,1.06170073870145,W101S,W101S,0.1906,benign,0.8283891079916891,0.8094,False,101,False,False,False
urn:mavedb:00000078-b-1#1162,,,p.Trp101Arg,0.612312280642813,0.511171001575303,0.7134535597103231,W101R,W101R,0.4465,ambiguous,0.5716111464149629,0.5535,False,101,False,False,False
urn:mavedb:00000078-b-1#1163,,,p.Trp101Gln,0.39358083999362,0.106226814594482,0.6809348653927579,W101Q,W101Q,0.5153,ambiguous,0.4793594931732275,0.4847,False,101,False,False,False
urn:mavedb:00000078-b-1#1164,,,p.Trp101Lys,0.6159478463919561,0.5101340753127679,0.721761617471143,W101K,W101K,0.5686,pathogenic,0.408675679960996,0.4314,False,101,False,False,False
urn:mavedb:00000078-b-1#1165,,,p.Trp101Asn,0.4148105434612779,0.264170000099014,0.565451086823542,W101N,W101N,0.5842,pathogenic,0.3886874869257106,0.41579999999999995,False,101,False,False,False
urn:mavedb:00000078-b-1#1166,,,p.Trp101Met,0.8743918373038109,0.785555758772136,0.963227915835486,W101M,W101M,0.3798,ambiguous,0.6555840894457524,0.6202,False,101,False,False,False
urn:mavedb:00000078-b-1#1167,,,p.Trp101Leu,0.7760834125770121,0.687567831863475,0.864598993290548,W101L,W101L,0.1916,benign,0.827756654658793,0.8084,False,101,False,False,False
urn:mavedb:00000078-b-1#1168,,,p.Trp101Phe,0.782815865298766,0.6559376984781861,0.909694032119347,W101F,W101F,0.2295,benign,0.8016876059258915,0.7705,False,101,False,False,False
urn:mavedb:00000078-b-1#1169,,,p.Trp101Ile,0.472603594405016,0.213514411288538,0.731692777521494,W101I,W101I,0.3645,ambiguous,0.6734735756724474,0.6355,False,101,False,False,False
urn:mavedb:00000078-b-1#1170,,,p.Trp101His,0.8214872480103879,-0.313734733605525,1.9567092296263,W101H,W101H,0.5654,pathogenic,0.4128257149835511,0.4346,False,101,False,False,False
urn:mavedb:00000078-b-1#1171,,,p.Trp101Gly,0.8476931211800791,0.7841440910453821,0.911242151314776,W101G,W101G,0.1253,benign,0.8640456419033934,0.8747,False,101,False,False,False
urn:mavedb:00000078-b-1#1172,,,p.Trp101Ala,0.6949204554494339,0.376325034765108,1.0135158761337602,W101A,W101A,0.212,benign,0.814240777566805,0.788,False,101,False,False,False
urn:mavedb:00000078-b-1#1173,,,p.Trp101Glu,0.491666902248581,0.3774318280622329,0.60590197643493,W101E,W101E,0.5159,ambiguous,0.47855126489716715,0.4841,False,101,False,False,False
urn:mavedb:00000078-b-1#1174,,,p.Trp101Asp,0.111803876257026,-0.532786192541418,0.75639394505547,W101D,W101D,0.5956,pathogenic,0.37436590336322273,0.4044,False,101,False,False,False
urn:mavedb:00000078-b-1#1175,,,p.Trp101Cys,0.918825229284168,0.7210290121499591,1.11662144641838,W101C,W101C,0.5342,ambiguous,0.4539913275678007,0.4658,False,101,False,False,False
urn:mavedb:00000078-b-1#1177,,,p.Arg100Val,0.0577150349205245,-0.202683634179873,0.318113704020922,R100V,R100V,0.207,benign,0.817663097603479,0.793,False,100,False,False,False
urn:mavedb:00000078-b-1#1178,,,p.Arg100Thr,0.589623321944299,0.451413591585244,0.7278330523033532,R100T,R100T,0.1414,benign,0.8562363765859635,0.8586,False,100,False,False,False
urn:mavedb:00000078-b-1#1179,,,p.Arg100Ser,0.730707620332309,0.5153657651180539,0.946049475546564,R100S,R100S,0.1629,benign,0.8448346284362852,0.8371,False,100,False,False,False
urn:mavedb:00000078-b-1#1180,,,p.Arg100Leu,0.0103793233649901,-0.218701681298646,0.239460328028627,R100L,R100L,0.1398,benign,0.8570396715485089,0.8602,False,100,False,False,False
urn:mavedb:00000078-b-1#1181,,,p.Arg100Pro,0.9225747088767572,0.8283843152953009,1.01676510245821,R100P,R100P,0.0924,benign,0.8782151821957628,0.9076,False,100,False,False,False
urn:mavedb:00000078-b-1#1182,,,p.Arg100Asn,0.8102902930669859,0.484249229415115,1.1363313567188602,R100N,R100N,0.2648,benign,0.7735596315308303,0.7352000000000001,False,100,False,False,False
urn:mavedb:00000078-b-1#1183,,,p.Arg100Met,0.096838182921155,-0.174030339774306,0.367706705616616,R100M,R100M,0.2706,benign,0.7685709818905635,0.7294,False,100,False,False,False
urn:mavedb:00000078-b-1#1184,,,p.Arg100Gly,0.4147345487692829,0.2999952356287719,0.529473861909793,R100G,R100G,0.0951,benign,0.8771377115088254,0.9049,False,100,False,False,False
urn:mavedb:00000078-b-1#1185,,,p.Arg100Lys,1.12831559341127,0.8832357082004809,1.37339547862205,R100K,R100K,0.1247,benign,0.8643251177161976,0.8753,False,100,False,False,False
urn:mavedb:00000078-b-1#1186,,,p.Arg100Ile,-0.152738784721697,-0.6041091876386889,0.298631618195294,R100I,R100I,0.2058,benign,0.8184737552247203,0.7942,False,100,False,False,False
urn:mavedb:00000078-b-1#1187,,,p.Arg100His,0.640523680023347,0.300491720914731,0.9805556391319642,R100H,R100H,0.0974,benign,0.876208255172148,0.9026,False,100,False,False,False
urn:mavedb:00000078-b-1#1188,,,p.Arg100Glu,0.8382988397406129,0.667623247333803,1.00897443214742,R100E,R100E,0.1886,benign,0.8296457320070761,0.8114,False,100,False,False,False
urn:mavedb:00000078-b-1#1189,,,p.Arg100Asp,0.347855378747748,0.24687818447902,0.448832573016475,R100D,R100D,0.2585,benign,0.7788600367724647,0.7415,False,100,False,False,False
urn:mavedb:00000078-b-1#1190,,,p.Arg100Ala,-0.0007256421783962,-0.151504839674328,0.150053555317535,R100A,R100A,0.1655,benign,0.8433770685957668,0.8345,False,100,False,False,False
urn:mavedb:00000078-b-1#1191,,,p.Thr99Leu,0.761139441145468,0.406140166837657,1.11613871545328,T99L,T99L,0.1077,benign,0.8719122183955867,0.8923,False,99,False,False,False
urn:mavedb:00000078-b-1#1192,,,p.Thr99Tyr,1.34020983444701,1.22876330611977,1.45165636277426,T99Y,T99Y,0.1688,benign,0.8415019364004364,0.8311999999999999,False,99,False,False,False
urn:mavedb:00000078-b-1#1193,,,p.Thr99Val,0.8907013595992571,0.768469474085888,1.01293324511263,T99V,T99V,0.133,benign,0.8603860710411217,0.867,False,99,False,False,False
urn:mavedb:00000078-b-1#1195,,,p.Thr99Ser,0.9463040791559072,0.798398430792163,1.09420972751965,T99S,T99S,0.0673,benign,0.8875549556097175,0.9327,False,99,False,False,False
urn:mavedb:00000078-b-1#1196,,,p.Thr99Arg,0.233630201551775,0.0944622154178376,0.3727981876857121,T99R,T99R,0.1308,benign,0.8614455763734042,0.8692,False,99,False,False,False
urn:mavedb:00000078-b-1#1197,,,p.Thr99Pro,0.9483024789249908,0.703602963607194,1.19300199424279,T99P,T99P,0.0829,benign,0.8818914998835049,0.9171,False,99,False,False,False
urn:mavedb:00000078-b-1#1198,,,p.Thr99Asn,0.908261920660846,0.8116220091239,1.00490183219779,T99N,T99N,0.0867,benign,0.8804421827742764,0.9133,False,99,False,False,False
urn:mavedb:00000078-b-1#1199,,,p.Thr99Met,0.977780483473438,0.796454346225357,1.15910662072152,T99M,T99M,0.1041,benign,0.8734388834335609,0.8959,False,99,False,False,False
urn:mavedb:00000078-b-1#1200,,,p.Thr99Gly,0.9931215937851272,0.921489760050778,1.06475342751948,T99G,T99G,0.076,benign,0.8844524543885656,0.924,False,99,False,False,False
urn:mavedb:00000078-b-1#1201,,,p.Thr99Lys,1.14304758515843,1.05501860986739,1.23107656044948,T99K,T99K,0.1793,benign,0.835345450984502,0.8207,False,99,False,False,False
urn:mavedb:00000078-b-1#1202,,,p.Thr99Ile,0.559102585438744,0.301544312617837,0.816660858259651,T99I,T99I,0.171,benign,0.8402360936242413,0.829,False,99,False,False,False
urn:mavedb:00000078-b-1#1203,,,p.Thr99His,0.9623354828917,0.735766723988206,1.18890424179519,T99H,T99H,0.1408,benign,0.8565383285707191,0.8592,False,99,False,False,False
urn:mavedb:00000078-b-1#1204,,,p.Thr99Ala,0.980411886969466,0.819786581687605,1.14103719225133,T99A,T99A,0.07,benign,0.8866069421964646,0.9299999999999999,False,99,False,False,False
urn:mavedb:00000078-b-1#1205,,,p.Thr99Glu,0.658713211010996,0.3721397098275179,0.9452867121944748,T99E,T99E,0.1828,benign,0.8332279465761386,0.8172,False,99,False,False,False
urn:mavedb:00000078-b-1#1206,,,p.Thr99Asp,0.574004885062224,0.4177887079636071,0.7302210621608409,T99D,T99D,0.172,benign,0.8396565180755272,0.8280000000000001,False,99,False,False,False
urn:mavedb:00000078-b-1#1207,,,p.Thr99Cys,1.07357930392999,0.913270055526844,1.23388855233314,T99C,T99C,0.2615,benign,0.7763513715788714,0.7384999999999999,False,99,False,False,False
urn:mavedb:00000078-b-1#1208,,,p.Arg98Asn,0.980634140671908,0.8036709704410521,1.15759731090276,R98N,R98N,0.2371,benign,0.7959523814054807,0.7629,False,98,False,False,False
urn:mavedb:00000078-b-1#1209,,,p.Arg98Tyr,0.8046884813140941,0.726615774808306,0.882761187819881,R98Y,R98Y,0.2052,benign,0.8188775382803428,0.7948,False,98,False,False,False
urn:mavedb:00000078-b-1#1211,,,p.Arg98Trp,0.44758419710705,0.220605230012474,0.674563164201626,R98W,R98W,0.0982,benign,0.8758824428802986,0.9018,False,98,False,False,False
urn:mavedb:00000078-b-1#1212,,,p.Arg98Val,0.385646684922651,0.298949283154075,0.472344086691226,R98V,R98V,0.2421,benign,0.7920841043974753,0.7579,False,98,False,False,False
urn:mavedb:00000078-b-1#1213,,,p.Arg98Thr,0.8027708337432121,0.7517757548311942,0.8537659126552309,R98T,R98T,0.1424,benign,0.85573120741058,0.8576,False,98,False,False,False
urn:mavedb:00000078-b-1#1214,,,p.Arg98Ser,0.833377690589859,0.73339194384046,0.933363437339258,R98S,R98S,0.1701,benign,0.840755468505249,0.8299,False,98,False,False,False
urn:mavedb:00000078-b-1#1216,,,p.Arg98Gln,0.536009137825161,0.0273312832107607,1.04468699243956,R98Q,R98Q,0.0714,benign,0.8861101585498633,0.9286,False,98,False,False,False
urn:mavedb:00000078-b-1#1217,,,p.Arg98Pro,0.4216152682480089,0.359824572663977,0.483405963832041,R98P,R98P,0.1027,benign,0.8740252413464062,0.8973,False,98,False,False,False
urn:mavedb:00000078-b-1#1218,,,p.Arg98Ile,0.216666352016583,-0.0724122629268968,0.505744966960062,R98I,R98I,0.2656,benign,0.7728777573133274,0.7343999999999999,False,98,False,False,False
urn:mavedb:00000078-b-1#1219,,,p.Arg98Met,0.2051893433874,-0.142191374530422,0.552570061305223,R98M,R98M,0.2643,benign,0.7739847939477006,0.7357,False,98,False,False,False
urn:mavedb:00000078-b-1#1220,,,p.Arg98Leu,0.263068631593418,0.0713484586296388,0.454788804557198,R98L,R98L,0.154,benign,0.8496936755086103,0.846,False,98,False,False,False
urn:mavedb:00000078-b-1#1221,,,p.Arg98Lys,0.8345852478182081,0.535653426474458,1.1335170691619598,R98K,R98K,0.1093,benign,0.8712248964717628,0.8907,False,98,False,False,False
urn:mavedb:00000078-b-1#1222,,,p.Arg98Glu,0.741068594070996,0.5994113220428461,0.8827258660991469,R98E,R98E,0.145,benign,0.8544065074923419,0.855,False,98,False,False,False
urn:mavedb:00000078-b-1#1223,,,p.Arg98His,1.00348198273742,0.8821864412473219,1.12477752422751,R98H,R98H,0.0831,benign,0.8818159162298127,0.9169,False,98,False,False,False
urn:mavedb:00000078-b-1#1224,,,p.Arg98Gly,0.691903277286854,0.523420960529301,0.8603855940444058,R98G,R98G,0.0876,benign,0.8800948082093744,0.9124,False,98,False,False,False
urn:mavedb:00000078-b-1#1225,,,p.Arg98Phe,0.284507592540589,0.1459858168117469,0.4230293682694301,R98F,R98F,0.3281,benign,0.7134685024960913,0.6718999999999999,False,98,False,False,False
urn:mavedb:00000078-b-1#1226,,,p.Arg98Asp,0.8278180229112678,0.6152656545826329,1.0403703912399,R98D,R98D,0.2188,benign,0.8094700198666209,0.7812,False,98,False,False,False
urn:mavedb:00000078-b-1#1227,,,p.Arg98Cys,0.57206604586679,0.370377250285839,0.773754841447741,R98C,R98C,0.1287,benign,0.8624464975662093,0.8713,False,98,False,False,False
urn:mavedb:00000078-b-1#1228,,,p.Arg98Ala,0.6318030882087989,0.493534473231205,0.770071703186394,R98A,R98A,0.1759,benign,0.8373709688270482,0.8241,False,98,False,False,False
urn:mavedb:00000078-b-1#1229,,,p.Leu97Ala,0.712294880322128,0.140991919268646,1.2835978413756102,L97A,L97A,0.1947,benign,0.8257784166000882,0.8053,False,97,False,False,False
urn:mavedb:00000078-b-1#1230,,,p.Leu97Tyr,0.8303567563522829,0.606218713877278,1.05449479882729,L97Y,L97Y,0.2743,benign,0.7653338857317664,0.7257,False,97,False,False,False
urn:mavedb:00000078-b-1#1232,,,p.Leu97Val,0.816465393789528,0.595661744273232,1.0372690433058298,L97V,L97V,0.0886,benign,0.8797069737018436,0.9114,False,97,False,False,False
urn:mavedb:00000078-b-1#1233,,,p.Leu97Thr,0.544772971993026,0.153615444258725,0.9359304997273272,L97T,L97T,0.2075,benign,0.8173241050515732,0.7925,False,97,False,False,False
urn:mavedb:00000078-b-1#1234,,,p.Leu97Ser,0.817938563477048,0.597271903666011,1.03860522328808,L97S,L97S,0.1974,benign,0.8240335914655993,0.8026,False,97,False,False,False
urn:mavedb:00000078-b-1#1235,,,p.Leu97Arg,0.807432273760619,0.714791070050011,0.900073477471227,L97R,L97R,0.16,benign,0.8464399411590051,0.84,False,97,False,False,False
urn:mavedb:00000078-b-1#1236,,,p.Leu97Gln,0.625771005567176,0.487465865253315,0.764076145881038,L97Q,L97Q,0.1373,benign,0.8582826297026216,0.8627,False,97,False,False,False
urn:mavedb:00000078-b-1#1237,,,p.Leu97Pro,0.0617324014892523,-0.159081897310617,0.282546700289122,L97P,L97P,0.2825,benign,0.7580077449657256,0.7175,False,97,False,False,False
urn:mavedb:00000078-b-1#1238,,,p.Leu97Asn,0.7303600792221421,0.385170778716633,1.07554937972765,L97N,L97N,0.4564,ambiguous,0.5585266098383668,0.5436000000000001,False,97,False,False,False
urn:mavedb:00000078-b-1#1239,,,p.Leu97Met,0.943694514612304,0.8081176738262079,1.0792713553984,L97M,L97M,0.1203,benign,0.8663498666766105,0.8797,False,97,False,False,False
urn:mavedb:00000078-b-1#1241,,,p.Leu97Lys,0.731427535560128,0.697603954762975,0.7652511163572809,L97K,L97K,0.3177,benign,0.7241869496981271,0.6823,False,97,False,False,False
urn:mavedb:00000078-b-1#1242,,,p.Leu97Ile,0.913803156882642,0.773891849280428,1.05371446448486,L97I,L97I,0.1076,benign,0.8719549953226675,0.8924,False,97,False,False,False
urn:mavedb:00000078-b-1#1243,,,p.Leu97His,0.709423875066008,0.4193528221237671,0.9994949280082488,L97H,L97H,0.2223,benign,0.806961672192863,0.7777000000000001,False,97,False,False,False
urn:mavedb:00000078-b-1#1244,,,p.Leu97Gly,0.516178763365822,0.358587501229263,0.6737700255023811,L97G,L97G,0.3448,ambiguous,0.6955868084426515,0.6552,False,97,False,False,False
urn:mavedb:00000078-b-1#1245,,,p.Leu97Phe,1.00846847681887,0.7102017868803578,1.30673516675738,L97F,L97F,0.0768,benign,0.8841601419335098,0.9232,False,97,False,False,False
urn:mavedb:00000078-b-1#1246,,,p.Leu97Glu,0.019262307417833,-0.0788343459650632,0.117358960800729,L97E,L97E,0.3601,ambiguous,0.6785049506198466,0.6399,False,97,False,False,False
urn:mavedb:00000078-b-1#1247,,,p.Leu97Asp,0.0046622156530397,-0.6820561496672529,0.6913805809733321,L97D,L97D,0.7199,pathogenic,0.23982632164629758,0.2801,False,97,False,False,False
urn:mavedb:00000078-b-1#1248,,,p.Leu97Cys,1.02162098111463,0.935187947153876,1.10805401507539,L97C,L97C,0.359,ambiguous,0.6797546407328449,0.641,False,97,False,False,False
urn:mavedb:00000078-b-1#1249,,,p.Cys96Arg,0.205309144030262,-0.0143688356095941,0.424987123670119,C96R,C96R,0.5895,pathogenic,0.3819971608476707,0.4105,False,96,False,False,False
urn:mavedb:00000078-b-1#1250,,,p.Cys96Tyr,0.28084837838357,0.191154626740513,0.3705421300266271,C96Y,C96Y,0.2458,benign,0.7891726380014283,0.7542,False,96,False,False,False
urn:mavedb:00000078-b-1#1251,,,p.Cys96Val,0.643273382577954,0.533651537866809,0.7528952272890991,C96V,C96V,0.2652,benign,0.77321894282323,0.7348,False,96,False,False,False
urn:mavedb:00000078-b-1#1253,,,p.Leu111Lys,-0.115332132197141,-0.24931718689391,0.0186529224996276,L111K,L111K,0.7059,pathogenic,0.2527139274284974,0.29410000000000003,False,111,False,False,False
urn:mavedb:00000078-b-1#1254,,,p.Leu111Glu,0.0330000718956361,-0.106328793280221,0.172328937071493,L111E,L111E,0.6638,pathogenic,0.2951029003010265,0.33620000000000005,False,111,False,False,False
urn:mavedb:00000078-b-1#1255,,,p.Leu111His,0.0396472676281289,-0.132941478600945,0.212236013857203,L111H,L111H,0.5627,ambiguous,0.4163393631287435,0.4373,False,111,False,False,False
urn:mavedb:00000078-b-1#1256,,,p.Leu111Gly,0.7093836531725379,0.587189755641526,0.8315775507035509,L111G,L111G,0.2922,benign,0.7490708909181394,0.7078,False,111,False,False,False
urn:mavedb:00000078-b-1#1257,,,p.Leu111Phe,1.00394388516215,0.929301832887475,1.07858593743682,L111F,L111F,0.0899,benign,0.8791998447604973,0.9101,False,111,False,False,False
urn:mavedb:00000078-b-1#1258,,,p.Leu111Asp,-0.089214027001414,-0.243008881989226,0.0645808279863978,L111D,L111D,0.8896,pathogenic,0.129250805371225,0.11040000000000005,False,111,False,False,False
urn:mavedb:00000078-b-1#1259,,,p.Leu111Cys,0.900205311202831,0.7963404287483721,1.00407019365729,L111C,L111C,0.3328,benign,0.7085185442890918,0.6672,False,111,False,False,False
urn:mavedb:00000078-b-1#1260,,,p.Leu111Ala,0.994240949794585,0.8797507763493809,1.10873112323979,L111A,L111A,0.1187,benign,0.8670754287376009,0.8813,False,111,False,False,False
urn:mavedb:00000078-b-1#1261,,,p.Cys96Thr,0.62641003461209,0.3596168961175421,0.8932031731066379,C96T,C96T,0.3123,benign,0.7296232468685423,0.6877,False,96,False,False,False
urn:mavedb:00000078-b-1#1262,,,p.Cys96Ser,1.14720091624107,0.985288529948902,1.30911330253324,C96S,C96S,0.1751,benign,0.8378430828636445,0.8249,False,96,False,False,False
urn:mavedb:00000078-b-1#1263,,,p.Cys96Leu,0.706834240292359,0.640885997627069,0.77278248295765,C96L,C96L,0.2603,benign,0.7773581807201745,0.7397,False,96,False,False,False
urn:mavedb:00000078-b-1#1264,,,p.Cys96Pro,0.3477836307091149,0.251052574384957,0.444514687033272,C96P,C96P,0.7571,pathogenic,0.20854186619809678,0.2429,False,96,False,False,False
urn:mavedb:00000078-b-1#1265,,,p.Cys96Asn,0.5521746571008019,0.409498012187537,0.694851302014066,C96N,C96N,0.4957,ambiguous,0.5058046780180824,0.5043,False,96,False,False,False
urn:mavedb:00000078-b-1#1266,,,p.Cys96Met,0.968535498154444,0.8077976064451491,1.1292733898637402,C96M,C96M,0.4326,ambiguous,0.5897699121635466,0.5674,False,96,False,False,False
urn:mavedb:00000078-b-1#1267,,,p.Cys96Gly,0.7137010835422809,0.62301202214881,0.804390144935751,C96G,C96G,0.1248,benign,0.8642785949455831,0.8752,False,96,False,False,False
urn:mavedb:00000078-b-1#1268,,,p.Cys96Lys,-0.0622727468973461,-0.2102713134760489,0.0857258196813565,C96K,C96K,0.8601,pathogenic,0.14301035547303825,0.13990000000000002,False,96,False,False,False
urn:mavedb:00000078-b-1#1269,,,p.Cys96Ile,0.637264449570236,0.464593520834169,0.809935378306302,C96I,C96I,0.3302,benign,0.7112649093030166,0.6698,False,96,False,False,False
urn:mavedb:00000078-b-1#1270,,,p.Cys96His,0.615019138220471,0.547617695580771,0.682420580860171,C96H,C96H,0.5445,ambiguous,0.4402793645410989,0.4555,False,96,False,False,False
urn:mavedb:00000078-b-1#1271,,,p.Cys96Ala,0.8514622556456322,0.719191897741418,0.983732613549846,C96A,C96A,0.2596,benign,0.7779434270712432,0.7404,False,96,False,False,False
urn:mavedb:00000078-b-1#1272,,,p.Cys96Phe,0.8308886532077171,0.6476084960971861,1.01416881031825,C96F,C96F,0.1094,benign,0.8711817577461181,0.8906000000000001,False,96,False,False,False
urn:mavedb:00000078-b-1#1273,,,p.Cys96Glu,0.30845776069644,-0.8391944590083629,1.45610998040124,C96E,C96E,0.8082,pathogenic,0.17237016818246442,0.19179999999999997,False,96,False,False,False
urn:mavedb:00000078-b-1#1275,,,p.Gly95Ser,0.9164021224879358,0.7314434708259291,1.10136077414994,G95S,G95S,0.3196,benign,0.7222531030813569,0.6804,False,95,False,False,False
urn:mavedb:00000078-b-1#1276,,,p.Gly95Val,0.6730157919984089,0.545529128341325,0.800502455655494,G95V,G95V,0.6176,pathogenic,0.3475146265475136,0.38239999999999996,False,95,False,False,False
urn:mavedb:00000078-b-1#1277,,,p.Gly95Thr,0.7919366154308191,0.446354791372482,1.13751843948916,G95T,G95T,0.6278,pathogenic,0.33545456302328236,0.3722,False,95,False,False,False
urn:mavedb:00000078-b-1#1278,,,p.Gly95Ala,0.985483580986027,0.75532429355702,1.21564286841503,G95A,G95A,0.3455,ambiguous,0.694819628934483,0.6545000000000001,False,95,False,False,False
urn:mavedb:00000078-b-1#1279,,,p.Gly95Arg,-0.0698583806566061,-0.224273342511376,0.0845565811981637,G95R,G95R,0.9276,pathogenic,0.11424688573827986,0.07240000000000002,False,95,False,False,False
urn:mavedb:00000078-b-1#1280,,,p.Gly95Gln,0.382064465196025,0.0216894495724766,0.7424394808195741,G95Q,G95Q,0.9031,pathogenic,0.12358877501400996,0.09689999999999999,False,95,False,False,False
urn:mavedb:00000078-b-1#1281,,,p.Gly95Pro,0.5605116277687839,0.492389304178461,0.6286339513591079,G95P,G95P,0.9268,pathogenic,0.11453384641832028,0.07320000000000004,False,95,False,False,False
urn:mavedb:00000078-b-1#1282,,,p.Gly95Asn,0.540529572613518,0.292963725018421,0.7880954202086151,G95N,G95N,0.839,pathogenic,0.1541111925335532,0.16100000000000003,False,95,False,False,False
urn:mavedb:00000078-b-1#1283,,,p.Gly95Met,0.9980723388931992,0.7289445377466841,1.26720014003971,G95M,G95M,0.9289,pathogenic,0.11378308602673842,0.07110000000000005,True,95,False,True,False
urn:mavedb:00000078-b-1#1284,,,p.Gly95Leu,0.5882034226166529,0.224887708484817,0.95151913674849,G95L,G95L,0.8491,pathogenic,0.148660503405061,0.15090000000000003,False,95,False,False,False
urn:mavedb:00000078-b-1#1285,,,p.Gly95His,0.316363296879713,0.155281190961078,0.477445402798348,G95H,G95H,0.924,pathogenic,0.11554754561143435,0.07599999999999996,False,95,False,False,False
urn:mavedb:00000078-b-1#1287,,,p.Gly95Phe,0.8587607884044509,0.650341873945964,1.06717970286294,G95F,G95F,0.8932,pathogenic,0.12770355212507023,0.1068,True,95,False,True,False
urn:mavedb:00000078-b-1#1288,,,p.Gly95Glu,0.0358891668554953,-0.30916819048968,0.380946524200671,G95E,G95E,0.8328,pathogenic,0.1575853800039545,0.16720000000000002,False,95,False,False,False
urn:mavedb:00000078-b-1#1289,,,p.Gly95Asp,0.217096019603668,0.0935338258406549,0.340658213366682,G95D,G95D,0.754,pathogenic,0.21098592869765292,0.246,False,95,False,False,False
urn:mavedb:00000078-b-1#1290,,,p.Gly95Cys,0.8420977242719581,0.662452263261244,1.0217431852826702,G95C,G95C,0.6418,pathogenic,0.3193385595805664,0.35819999999999996,True,95,False,True,False
urn:mavedb:00000078-b-1#1291,,,p.Leu94Phe,1.00677945488723,0.762851631072646,1.25070727870182,L94F,L94F,0.1946,benign,0.8258426482634865,0.8054,False,94,False,False,False
urn:mavedb:00000078-b-1#1292,,,p.Leu94Val,0.541140711803798,0.371035659170512,0.7112457644370841,L94V,L94V,0.2273,benign,0.8033154866184925,0.7726999999999999,False,94,False,False,False
urn:mavedb:00000078-b-1#1293,,,p.Leu94Thr,0.4780236196489579,0.243468730011515,0.712578509286402,L94T,L94T,0.3808,ambiguous,0.6543942349250239,0.6192,False,94,False,False,False
urn:mavedb:00000078-b-1#1294,,,p.Leu94Ser,0.448487502390912,0.209585072628802,0.687389932153022,L94S,L94S,0.4838,ambiguous,0.5218527975640035,0.5162,False,94,False,False,False
urn:mavedb:00000078-b-1#1295,,,p.Leu94Arg,0.0169544256619277,-0.0523030179546504,0.0862118692785058,L94R,L94R,0.652,pathogenic,0.3079316748147207,0.348,False,94,False,False,False
urn:mavedb:00000078-b-1#1296,,,p.Leu94Gln,0.195556856833423,-0.179500973672241,0.570614687339088,L94Q,L94Q,0.5035,ambiguous,0.4952751736360927,0.49650000000000005,False,94,False,False,False
urn:mavedb:00000078-b-1#1297,,,p.Leu94Pro,0.121134707229901,-0.198952334330374,0.441221748790177,L94P,L94P,0.5554,ambiguous,0.42589110292795046,0.4446,False,94,False,False,False
urn:mavedb:00000078-b-1#1298,,,p.Leu94Asn,-0.0169802484096881,-0.0593920169894554,0.0254315201700793,L94N,L94N,0.8081,pathogenic,0.1724336211688238,0.19189999999999996,False,94,False,False,False
urn:mavedb:00000078-b-1#1300,,,p.Leu94Lys,-0.194322333939876,-0.386406380692407,-0.0022382871873452,L94K,L94K,0.8421,pathogenic,0.15241093633055758,0.15790000000000004,False,94,False,False,False
urn:mavedb:00000078-b-1#1301,,,p.Leu94Ile,0.507621898856166,0.443270840204157,0.5719729575081751,L94I,L94I,0.2929,benign,0.7484146318666618,0.7071000000000001,False,94,False,False,False
urn:mavedb:00000078-b-1#1302,,,p.Leu94His,-0.001253142091706,-0.090162432922359,0.0876561487389468,L94H,L94H,0.6801,pathogenic,0.2780532401237277,0.31989999999999996,False,94,False,False,False
urn:mavedb:00000078-b-1#1303,,,p.Leu94Gly,0.7626462761077641,0.6291012701780351,0.8961912820374921,L94G,L94G,0.5524,ambiguous,0.4298370023418072,0.4476,False,94,False,False,False
urn:mavedb:00000078-b-1#1304,,,p.Leu94Glu,0.0052479415938849,-0.131573603476834,0.142069486664604,L94E,L94E,0.8016,pathogenic,0.17661782867086334,0.19840000000000002,False,94,False,False,False
urn:mavedb:00000078-b-1#1305,,,p.Leu94Asp,-0.0862289080441609,-0.245740710984833,0.0732828948965111,L94D,L94D,0.9303,pathogenic,0.11328706963918142,0.06969999999999998,False,94,False,False,False
urn:mavedb:00000078-b-1#1306,,,p.Leu94Ala,0.881815053929787,0.6597360628598629,1.10389404499971,L94A,L94A,0.3481,ambiguous,0.6919579045440798,0.6518999999999999,False,94,False,False,False
urn:mavedb:00000078-b-1#1307,,,p.Leu93Val,0.952879090535546,0.8263962351369609,1.07936194593413,L93V,L93V,0.103,benign,0.8738999374088959,0.897,False,93,False,False,False
urn:mavedb:00000078-b-1#1308,,,p.Leu93Gly,0.855401417341833,0.6938817883045849,1.01692104637908,L93G,L93G,0.237,benign,0.796028974416554,0.763,False,93,False,False,False
urn:mavedb:00000078-b-1#1309,,,p.Leu92Met,1.0578810218628398,0.8266002052090929,1.2891618385165902,L92M,L92M,0.1666,benign,0.8427551621139123,0.8334,False,92,False,False,False
urn:mavedb:00000078-b-1#1310,,,p.Leu92Val,0.872283308154354,0.750689573493087,0.993877042815622,L92V,L92V,0.1474,benign,0.853169176141679,0.8526,False,92,False,False,False
urn:mavedb:00000078-b-1#1311,,,p.Leu92Thr,0.466179867383027,0.4304312811755649,0.501928453590489,L92T,L92T,0.6015,pathogenic,0.3670586106545342,0.39849999999999997,False,92,False,False,False
urn:mavedb:00000078-b-1#1312,,,p.Leu92Ser,0.149798504255479,0.0936764417747911,0.205920566736167,L92S,L92S,0.7087,pathogenic,0.25008758657154406,0.2913,False,92,False,False,False
urn:mavedb:00000078-b-1#1313,,,p.Leu92Arg,0.0472405156298546,-0.0328054801541039,0.127286511413813,L92R,L92R,0.8752,pathogenic,0.1357214050544168,0.12480000000000002,False,92,False,False,False
urn:mavedb:00000078-b-1#1314,,,p.Leu92Gln,-0.282765339418484,-0.657657815427283,0.0921271365903142,L92Q,L92Q,0.7983,pathogenic,0.17878752123295305,0.2017,False,92,False,False,False
urn:mavedb:00000078-b-1#1315,,,p.Leu92Pro,-0.0770338940260805,-0.218884182053871,0.0648163940017099,L92P,L92P,0.7973,pathogenic,0.17945109051035812,0.2027,False,92,False,False,False
urn:mavedb:00000078-b-1#1316,,,p.Leu92Asn,-0.1059062412745959,-0.205891403270867,-0.0059210792783258,L92N,L92N,0.8903,pathogenic,0.12894778659332926,0.10970000000000002,False,92,False,False,False
urn:mavedb:00000078-b-1#1317,,,p.Leu92Phe,0.9302621734846108,0.706595270916917,1.1539290760523,L92F,L92F,0.143,benign,0.8554269535765423,0.857,False,92,False,False,False
urn:mavedb:00000078-b-1#1319,,,p.Leu92Ile,0.8972119451264849,0.8176719773046608,0.976751912948308,L92I,L92I,0.1595,benign,0.8467145550528732,0.8405,False,92,False,False,False
urn:mavedb:00000078-b-1#1320,,,p.Leu92Gly,0.554174807183692,0.464393136469933,0.643956477897452,L92G,L92G,0.5875,pathogenic,0.3845154305341703,0.4125,False,92,False,False,False
urn:mavedb:00000078-b-1#1321,,,p.Leu92Ala,0.738557954093241,0.677758475066072,0.7993574331204091,L92A,L92A,0.4523,ambiguous,0.5639590188938596,0.5477000000000001,False,92,False,False,False
urn:mavedb:00000078-b-1#1322,,,p.Leu92Glu,-0.102446598351123,-0.1824190021476349,-0.0224741945546106,L92E,L92E,0.9423,pathogenic,0.10917966601233617,0.057699999999999974,False,92,False,False,False
urn:mavedb:00000078-b-1#1323,,,p.Leu92Asp,-0.140629415755032,-0.25454646792363,-0.0267123635864351,L92D,L92D,0.9801,pathogenic,0.09780885395300953,0.01990000000000003,False,92,False,False,False
urn:mavedb:00000078-b-1#1324,,,p.Leu92Cys,0.827340799304508,0.6942445992717621,0.960436999337254,L92C,L92C,0.6266,pathogenic,0.3368598051554482,0.37339999999999995,True,92,False,True,False
urn:mavedb:00000078-b-1#1325,,,p.Gln91Ser,1.0008398060812,0.90047000107321,1.10120961108919,Q91S,Q91S,0.4983,ambiguous,0.5022949801025569,0.5017,False,91,False,False,False
urn:mavedb:00000078-b-1#1326,,,p.Gln91Tyr,0.885315477451223,0.670124576265996,1.10050637863645,Q91Y,Q91Y,0.8626,pathogenic,0.14176680447500242,0.13739999999999997,True,91,False,True,False
urn:mavedb:00000078-b-1#1327,,,p.Gln91Val,0.782426628525291,0.667801623799811,0.8970516332507719,Q91V,Q91V,0.402,ambiguous,0.628615509225106,0.598,False,91,False,False,False
urn:mavedb:00000078-b-1#1328,,,p.Gln91Met,1.08408797950499,0.741601273273,1.42657468573699,Q91M,Q91M,0.4222,ambiguous,0.6031634721785746,0.5778,False,91,False,False,False
urn:mavedb:00000078-b-1#1329,,,p.Gln91Arg,-0.0477152801448175,-0.130374208323981,0.0349436480343457,Q91R,Q91R,0.8186,pathogenic,0.16592108644422135,0.1814,False,91,False,False,False
urn:mavedb:00000078-b-1#1330,,,p.Gln91Pro,0.0100828579518639,-0.107076666819516,0.127242382723244,Q91P,Q91P,0.5316,ambiguous,0.4574673379718036,0.46840000000000004,False,91,False,False,False
urn:mavedb:00000078-b-1#1331,,,p.Gln91Asn,0.8554998914671491,0.8243492473040459,0.886650535630253,Q91N,Q91N,0.6513,pathogenic,0.3087052125535602,0.3487,True,91,False,True,False
urn:mavedb:00000078-b-1#1332,,,p.Gln91Gly,0.438159980191122,0.311800494785486,0.5645194655967579,Q91G,Q91G,0.6995,pathogenic,0.2588083967212011,0.3005,False,91,False,False,False
urn:mavedb:00000078-b-1#1333,,,p.Gln91Leu,0.572574528433067,0.425809237615264,0.7193398192508701,Q91L,Q91L,0.2656,benign,0.7728777573133274,0.7343999999999999,False,91,False,False,False
urn:mavedb:00000078-b-1#1334,,,p.Gln91Lys,0.432849558180515,-0.5879897939826071,1.45368891034364,Q91K,Q91K,0.8617,pathogenic,0.14221277582749253,0.13829999999999998,False,91,False,False,False
urn:mavedb:00000078-b-1#1335,,,p.Gln91His,0.7453494975173249,-0.112756387744004,1.60345538277865,Q91H,Q91H,0.7372,pathogenic,0.22474437319234808,0.26280000000000003,False,91,False,False,False
urn:mavedb:00000078-b-1#1336,,,p.Gln91Glu,0.668530776588687,0.4919143736336989,0.845147179543675,Q91E,Q91E,0.2887,benign,0.752329320436663,0.7113,False,91,False,False,False
urn:mavedb:00000078-b-1#1337,,,p.Gln91Asp,0.2823289550423,0.110426133512591,0.454231776572009,Q91D,Q91D,0.9578,pathogenic,0.10424086589310588,0.042200000000000015,False,91,False,False,False
urn:mavedb:00000078-b-1#1338,,,p.Gln91Ala,0.7856477816553811,0.702928999511999,0.868366563798763,Q91A,Q91A,0.5581,ambiguous,0.4223497626987105,0.44189999999999996,False,91,False,False,False
urn:mavedb:00000078-b-1#1339,,,p.Leu90Ser,0.8935705845517591,0.688777704788787,1.09836346431473,L90S,L90S,0.2057,benign,0.8185411238974186,0.7943,False,90,False,False,False
urn:mavedb:00000078-b-1#1340,,,p.Leu90Tyr,0.644029805476641,0.533025244205684,0.755034366747597,L90Y,L90Y,0.5549,ambiguous,0.426547957602477,0.44510000000000005,False,90,False,False,False
urn:mavedb:00000078-b-1#1342,,,p.Leu90Trp,1.12551357016455,1.00810448245443,1.24292265787466,L90W,L90W,0.3233,benign,0.718455887336618,0.6767000000000001,False,90,False,False,False
urn:mavedb:00000078-b-1#1343,,,p.Leu90Val,1.01448318432198,0.840037639045411,1.18892872959854,L90V,L90V,0.087,benign,0.8803265673443877,0.913,False,90,False,False,False
urn:mavedb:00000078-b-1#1344,,,p.Leu90Thr,0.8973099673690891,0.759703001392373,1.03491693334581,L90T,L90T,0.1706,benign,0.8404671889096841,0.8294,False,90,False,False,False
urn:mavedb:00000078-b-1#1346,,,p.Leu90Arg,0.220384085889605,-0.347844401074308,0.7886125728535179,L90R,L90R,0.6142,pathogenic,0.3515915357725478,0.38580000000000003,False,90,False,False,False
urn:mavedb:00000078-b-1#1347,,,p.Leu90Gln,0.8738819063987149,0.600503232723072,1.14726058007436,L90Q,L90Q,0.2629,benign,0.7751711217432502,0.7371,False,90,False,False,False
urn:mavedb:00000078-b-1#1348,,,p.Leu90Asn,0.4209072289779179,0.198265988744168,0.643548469211668,L90N,L90N,0.5545,ambiguous,0.4270736731163891,0.4455,False,90,False,False,False
urn:mavedb:00000078-b-1#1349,,,p.Leu90Phe,1.16435360243638,1.07186376884117,1.25684343603158,L90F,L90F,0.1267,benign,0.8633903587362585,0.8733,False,90,False,False,False
urn:mavedb:00000078-b-1#1350,,,p.Leu90Ile,1.01251271265772,0.869140997378748,1.15588442793669,L90I,L90I,0.1047,benign,0.8731863328561332,0.8953,False,90,False,False,False
urn:mavedb:00000078-b-1#1351,,,p.Leu90His,0.511282370902182,0.126147191141397,0.896417550662967,L90H,L90H,0.5431,ambiguous,0.44213710126618894,0.4569,False,90,False,False,False
urn:mavedb:00000078-b-1#1352,,,p.Leu90Gly,0.8413426067899191,0.7601706550184829,0.922514558561355,L90G,L90G,0.3625,ambiguous,0.6757670024128088,0.6375,False,90,False,False,False
urn:mavedb:00000078-b-1#1353,,,p.Leu90Asp,0.2554787829001,-0.198826379963308,0.709783945763507,L90D,L90D,0.8999,pathogenic,0.12489661484375209,0.10009999999999997,False,90,False,False,False
urn:mavedb:00000078-b-1#1354,,,p.Leu90Cys,1.02865918648924,0.9100825120290248,1.14723586094945,L90C,L90C,0.4548,ambiguous,0.560648731517599,0.5452,False,90,False,False,False
urn:mavedb:00000078-b-1#1355,,,p.Leu90Ala,0.9402684528817778,0.859888209615056,1.0206486961485,L90A,L90A,0.1774,benign,0.836481164598144,0.8226,False,90,False,False,False
urn:mavedb:00000078-b-1#1356,,,p.Thr89Gln,0.625639269744928,0.3897870660286189,0.8614914734612371,T89Q,T89Q,0.7547,pathogenic,0.21043147993824451,0.24529999999999996,False,89,False,False,False
urn:mavedb:00000078-b-1#1357,,,p.Thr89Val,1.05690266996857,0.96839502172036,1.14541031821678,T89V,T89V,0.139,benign,0.8574390312387407,0.861,False,89,False,False,False
urn:mavedb:00000078-b-1#1359,,,p.Thr89Ser,0.8328241306461291,0.721106739285887,0.944541522006372,T89S,T89S,0.0991,benign,0.8755143392578508,0.9009,False,89,False,False,False
urn:mavedb:00000078-b-1#1360,,,p.Thr89Arg,0.0366566430025663,-0.160242208836544,0.2335554948416769,T89R,T89R,0.8074,pathogenic,0.17287856859537598,0.1926,False,89,False,False,False
urn:mavedb:00000078-b-1#1361,,,p.Thr89Ala,1.02796961545776,0.9055310136692172,1.1504082172463,T89A,T89A,0.0903,benign,0.8790431330949914,0.9097,False,89,False,False,False
urn:mavedb:00000078-b-1#1362,,,p.Thr89Pro,0.792768000219481,0.708221936888695,0.877314063550268,T89P,T89P,0.3048,benign,0.7370256675831229,0.6952,False,89,False,False,False
urn:mavedb:00000078-b-1#1363,,,p.Thr89Asn,0.477560131361969,0.290686365809772,0.664433896914166,T89N,T89N,0.4225,ambiguous,0.6027796784992056,0.5775,False,89,False,False,False
urn:mavedb:00000078-b-1#1364,,,p.Thr89Met,0.8814248460167929,0.518024386913139,1.24482530512045,T89M,T89M,0.107,benign,0.8722112117678252,0.893,False,89,False,False,False
urn:mavedb:00000078-b-1#1365,,,p.Thr89Leu,1.0726714880456,0.9189639503756528,1.22637902571554,T89L,T89L,0.1101,benign,0.8708791882729632,0.8899,False,89,False,False,False
urn:mavedb:00000078-b-1#1366,,,p.Thr89Lys,0.195705628872576,-0.0346419067229712,0.426053164468123,T89K,T89K,0.8762,pathogenic,0.13525719309515716,0.12380000000000002,False,89,False,False,False
urn:mavedb:00000078-b-1#1367,,,p.Thr89Ile,1.18518289923668,1.05625123496023,1.31411456351313,T89I,T89I,0.1479,benign,0.8529096323500351,0.8521,False,89,False,False,False
urn:mavedb:00000078-b-1#1368,,,p.Thr89His,0.0552917468308548,-0.273380466837024,0.3839639604987341,T89H,T89H,0.671,pathogenic,0.2874742899425168,0.32899999999999996,False,89,False,False,False
urn:mavedb:00000078-b-1#1369,,,p.Thr89Gly,0.851476007293809,0.7031399480272819,0.999812066560337,T89G,T89G,0.1465,benign,0.8536348175072467,0.8535,False,89,False,False,False
urn:mavedb:00000078-b-1#1370,,,p.Thr89Phe,1.1180812837227,1.00757885575741,1.22858371168799,T89F,T89F,0.192,benign,0.8275028981253443,0.808,False,89,False,False,False
urn:mavedb:00000078-b-1#1371,,,p.Thr89Glu,-0.0227369292939334,-0.0530464252536504,0.0075725666657837,T89E,T89E,0.8749,pathogenic,0.13586110900954662,0.1251,False,89,False,False,False
urn:mavedb:00000078-b-1#1372,,,p.Thr89Asp,0.0207710656986563,-0.0675728267230672,0.10911495812038,T89D,T89D,0.8587,pathogenic,0.14371323828556054,0.14129999999999998,False,89,False,False,False
urn:mavedb:00000078-b-1#1373,,,p.Thr89Cys,1.05147186871912,0.8325538050451909,1.27038993239305,T89C,T89C,0.282,benign,0.7584604619563475,0.718,False,89,False,False,False
urn:mavedb:00000078-b-1#1375,,,p.Tyr88Trp,-0.0188524303958039,-0.166886991599703,0.129182130808096,Y88W,Y88W,0.7731,pathogenic,0.19639008575984584,0.2269,False,88,False,False,False
urn:mavedb:00000078-b-1#1376,,,p.Tyr88Val,-0.0498221610355037,-0.2121700386572669,0.112525716586259,Y88V,Y88V,0.9167,pathogenic,0.11825974442051342,0.08330000000000004,False,88,False,False,False
urn:mavedb:00000078-b-1#1377,,,p.Tyr88Thr,-0.0745830861143891,-0.1633587923420109,0.0141926201132323,Y88T,Y88T,0.9645,pathogenic,0.10222765474383377,0.035499999999999976,False,88,False,False,False
urn:mavedb:00000078-b-1#1378,,,p.Tyr88Ser,-0.0825168332290322,-0.189127653898951,0.0240939874408866,Y88S,Y88S,0.8569,pathogenic,0.14462383957788552,0.1431,False,88,False,False,False
urn:mavedb:00000078-b-1#1379,,,p.Tyr88Arg,-0.0618089383409458,-0.1864106353097469,0.0627927586278557,Y88R,Y88R,0.9736,pathogenic,0.09960543647909696,0.02639999999999998,False,88,False,False,False
urn:mavedb:00000078-b-1#1380,,,p.Tyr88Gln,-0.134440661430866,-0.33123128335451,0.0623499604927785,Y88Q,Y88Q,0.9881,pathogenic,0.09568196281994237,0.011900000000000022,False,88,False,False,False
urn:mavedb:00000078-b-1#1381,,,p.Tyr88Pro,-0.0361487075878,-0.092014791476033,0.019717376300433,Y88P,Y88P,0.9595,pathogenic,0.10372327854494448,0.04049999999999998,False,88,False,False,False
urn:mavedb:00000078-b-1#1382,,,p.Tyr88Asn,-0.0333206526825092,-0.0838870791031982,0.0172457737381799,Y88N,Y88N,0.8899,pathogenic,0.12912081172703677,0.11009999999999998,False,88,False,False,False
urn:mavedb:00000078-b-1#1383,,,p.Tyr88Met,0.164226881406998,-0.121379435997395,0.4498331988113921,Y88M,Y88M,0.9714,pathogenic,0.10022778365224791,0.02859999999999996,False,88,False,False,False
urn:mavedb:00000078-b-1#1384,,,p.Tyr88Leu,-0.022897292658843,-0.128794491804536,0.0829999064868494,Y88L,Y88L,0.8377,pathogenic,0.1548314761629827,0.1623,False,88,False,False,False
urn:mavedb:00000078-b-1#1385,,,p.Tyr88Lys,0.0281390761295242,-0.268818955193946,0.325097107452994,Y88K,Y88K,0.993,pathogenic,0.09442379147888727,0.007000000000000006,False,88,False,False,False
urn:mavedb:00000078-b-1#1386,,,p.Tyr88Ile,0.0175360782687203,-0.0800093499585042,0.115081506495945,Y88I,Y88I,0.9613,pathogenic,0.10318028879278585,0.03869999999999996,False,88,False,False,False
urn:mavedb:00000078-b-1#1387,,,p.Tyr88His,0.0131379520939192,-0.103583677631237,0.129859581819076,Y88H,Y88H,0.906,pathogenic,0.12242154995652697,0.09399999999999997,False,88,False,False,False
urn:mavedb:00000078-b-1#1388,,,p.Tyr88Gly,-0.0879078109526929,-0.1550026845885,-0.0208129373168863,Y88G,Y88G,0.9146,pathogenic,0.11905884581861864,0.08540000000000003,False,88,False,False,False
urn:mavedb:00000078-b-1#1389,,,p.Tyr88Phe,0.827330939568578,0.671300715768784,0.983361163368371,Y88F,Y88F,0.2397,benign,0.7939503405974933,0.7603,False,88,False,False,False
urn:mavedb:00000078-b-1#1390,,,p.Tyr88Glu,-0.134101310918531,-0.246587647794471,-0.0216149740425899,Y88E,Y88E,0.9923,pathogenic,0.09460149794310513,0.00770000000000004,False,88,False,False,False
urn:mavedb:00000078-b-1#1391,,,p.Tyr88Asp,0.0943209119604441,-0.17370612921541,0.362347953136299,Y88D,Y88D,0.942,pathogenic,0.10927926276740278,0.05800000000000005,False,88,False,False,False
urn:mavedb:00000078-b-1#1392,,,p.Tyr88Cys,-0.0231225679637772,-0.0879364783205751,0.0416913423930207,Y88C,Y88C,0.7874,pathogenic,0.18617475522867155,0.2126,False,88,False,False,False
urn:mavedb:00000078-b-1#1393,,,p.Tyr88Ala,-0.0752239876144397,-0.1488209867060969,-0.0016269885227827,Y88A,Y88A,0.969,pathogenic,0.10091508278590974,0.031000000000000028,False,88,False,False,False
urn:mavedb:00000078-b-1#1394,,,p.Phe87Leu,0.849041045430139,0.6688917683588629,1.02919032250142,F87L,F87L,0.9797,pathogenic,0.09791761663528141,0.020299999999999985,True,87,False,True,False
urn:mavedb:00000078-b-1#1395,,,p.Phe87Tyr,1.10958346725291,0.98099068532243,1.23817624918338,F87Y,F87Y,0.4929,ambiguous,0.5095835507234583,0.5071,False,87,False,False,False
urn:mavedb:00000078-b-1#1397,,,p.Phe87Trp,0.669894378953962,0.478277290691009,0.861511467216914,F87W,F87W,0.821,pathogenic,0.16447458290871142,0.17900000000000005,False,87,False,False,False
urn:mavedb:00000078-b-1#1398,,,p.Phe87Val,0.568891557263996,0.481574914045624,0.6562082004823679,F87V,F87V,0.8313,pathogenic,0.1584408256808976,0.16869999999999996,False,87,False,False,False
urn:mavedb:00000078-b-1#1399,,,p.Phe87Thr,0.5959080213064539,0.3579507246065611,0.8338653180063471,F87T,F87T,0.9411,pathogenic,0.1095789885264653,0.05889999999999995,False,87,False,False,False
urn:mavedb:00000078-b-1#1400,,,p.Phe87Ser,0.531000371931444,0.3356275458999669,0.726373197962921,F87S,F87S,0.8741,pathogenic,0.1362346490311097,0.1259,False,87,False,False,False
urn:mavedb:00000078-b-1#1401,,,p.Phe87Arg,-0.132440220075017,-0.253473085986784,-0.0114073541632508,F87R,F87R,0.9778,pathogenic,0.09843743538702784,0.022199999999999998,False,87,False,False,False
urn:mavedb:00000078-b-1#1402,,,p.Phe87Gln,0.551842132912195,0.454446281036497,0.649237984787893,F87Q,F87Q,0.9849,pathogenic,0.09652175500437327,0.015100000000000002,False,87,False,False,False
urn:mavedb:00000078-b-1#1403,,,p.Phe87Pro,-0.0131848961555146,-0.217207596786518,0.190837804475489,F87P,F87P,0.9908,pathogenic,0.09498456886646525,0.009199999999999986,False,87,False,False,False
urn:mavedb:00000078-b-1#1404,,,p.Phe87Asn,0.544756767712598,0.383204189307271,0.706309346117924,F87N,F87N,0.9622,pathogenic,0.10291072655269883,0.037799999999999945,False,87,False,False,False
urn:mavedb:00000078-b-1#1405,,,p.Phe87Met,0.706540414918886,0.6236626009273281,0.7894182289104441,F87M,F87M,0.9642,pathogenic,0.10231627954759598,0.035800000000000054,False,87,False,False,False
urn:mavedb:00000078-b-1#1407,,,p.Phe87Lys,-0.0662994244343858,-0.231368458658272,0.0987696097895009,F87K,F87K,0.9954,pathogenic,0.09381959565328331,0.0046000000000000485,False,87,False,False,False
urn:mavedb:00000078-b-1#1408,,,p.Phe87His,0.997767018955565,0.7949041332305621,1.20062990468057,F87H,F87H,0.9384,pathogenic,0.11048663302748118,0.06159999999999999,True,87,False,True,False
urn:mavedb:00000078-b-1#1409,,,p.Phe87Gly,0.617462153863307,0.559244216545569,0.675680091181044,F87G,F87G,0.9478,pathogenic,0.10738108920460648,0.052200000000000024,False,87,False,False,False
urn:mavedb:00000078-b-1#1410,,,p.Phe87Ala,0.5066250940658901,0.3656415831498821,0.6476086049818989,F87A,F87A,0.9313,pathogenic,0.11293495774039944,0.06869999999999998,False,87,False,False,False
urn:mavedb:00000078-b-1#1411,,,p.Phe87Glu,0.367304499816765,0.249688940238923,0.484920059394608,F87E,F87E,0.9936,pathogenic,0.09427200612859638,0.006399999999999961,False,87,False,False,False
urn:mavedb:00000078-b-1#1412,,,p.Phe87Asp,0.464256551376594,0.356619643623605,0.571893459129583,F87D,F87D,0.9893,pathogenic,0.09537075538012024,0.010700000000000043,False,87,False,False,False
urn:mavedb:00000078-b-1#1413,,,p.Phe87Cys,0.37438831202104,-0.6615574386414239,1.4103340626835,F87C,F87C,0.8632,pathogenic,0.14147055339234582,0.13680000000000003,False,87,False,False,False
urn:mavedb:00000078-b-1#1414,,,p.Ile86Val,1.04833590055377,0.949141038785044,1.1475307623225,I86V,I86V,0.102,benign,0.8743168890820491,0.898,False,86,False,False,False
urn:mavedb:00000078-b-1#1415,,,p.Ile86Tyr,0.7785207286394309,0.716152676561846,0.840888780717016,I86Y,I86Y,0.7221,pathogenic,0.23785665794326105,0.27790000000000004,False,86,False,False,False
urn:mavedb:00000078-b-1#1416,,,p.Ile86Cys,0.688777556693488,0.198009766171894,1.17954534721508,I86C,I86C,0.5843,pathogenic,0.38856075665100065,0.41569999999999996,False,86,False,False,False
urn:mavedb:00000078-b-1#1417,,,p.Ile86Thr,0.8827058276769599,0.609301585970889,1.1561100693830302,I86T,I86T,0.4712,ambiguous,0.5387835421298219,0.5287999999999999,False,86,False,False,False
urn:mavedb:00000078-b-1#1418,,,p.Ile86Ser,0.754732133844838,0.626753122765941,0.882711144923734,I86S,I86S,0.434,ambiguous,0.5879536150007634,0.5660000000000001,False,86,False,False,False
urn:mavedb:00000078-b-1#1419,,,p.Ile86Arg,-0.0682680108997014,-0.220724019810614,0.0841879980112113,I86R,I86R,0.8874,pathogenic,0.13021000106084651,0.11260000000000003,False,86,False,False,False
urn:mavedb:00000078-b-1#1420,,,p.Ile86Gln,0.4490018390480129,0.248274226499423,0.649729451596603,I86Q,I86Q,0.906,pathogenic,0.12242154995652697,0.09399999999999997,False,86,False,False,False
urn:mavedb:00000078-b-1#1421,,,p.Ile86Pro,-0.0375385187308859,-0.1705042223292999,0.0954271848675285,I86P,I86P,0.8833,pathogenic,0.13202557365454753,0.11670000000000003,False,86,False,False,False
urn:mavedb:00000078-b-1#1422,,,p.Ile86Met,1.07693530109941,0.87121347355303,1.2826571286457902,I86M,I86M,0.1392,benign,0.8573393339511725,0.8608,False,86,False,False,False
urn:mavedb:00000078-b-1#1423,,,p.Ile86Leu,1.01126702089861,0.9738613995273722,1.04867264226986,I86L,I86L,0.0807,benign,0.8827178563407216,0.9193,False,86,False,False,False
urn:mavedb:00000078-b-1#1425,,,p.Ile86His,0.222408717644203,0.0405501469795557,0.4042672883088511,I86H,I86H,0.898,pathogenic,0.12568311091795084,0.10199999999999998,False,86,False,False,False
urn:mavedb:00000078-b-1#1426,,,p.Ile86Gly,0.770759364089739,0.615404864353226,0.926113863826252,I86G,I86G,0.5574,ambiguous,0.423266955768001,0.4426,False,86,False,False,False
urn:mavedb:00000078-b-1#1427,,,p.Ile86Phe,0.980131675291114,0.8043659787894079,1.15589737179282,I86F,I86F,0.1905,benign,0.8284522012395409,0.8095,False,86,False,False,False
urn:mavedb:00000078-b-1#1428,,,p.Ile86Glu,0.322523804219659,0.0161948407052965,0.628852767734021,I86E,I86E,0.9561,pathogenic,0.104763117157961,0.04390000000000005,False,86,False,False,False
urn:mavedb:00000078-b-1#1429,,,p.Ile86Ala,0.868615798514196,0.646425206643607,1.09080639038479,I86A,I86A,0.3483,ambiguous,0.6917369784754065,0.6517,False,86,False,False,False
urn:mavedb:00000078-b-1#1430,,,p.Cys85Tyr,0.192537637591004,0.0622759791068342,0.322799296075173,C85Y,C85Y,0.6735,pathogenic,0.28486138039924436,0.3265,False,85,False,False,False
urn:mavedb:00000078-b-1#1431,,,p.Cys85Ile,0.9331124911733192,0.6427183911706371,1.223506591176,C85I,C85I,0.2662,benign,0.7723650473201872,0.7338,False,85,False,False,False
urn:mavedb:00000078-b-1#1433,,,p.Leu70Lys,0.451209814558237,0.246918978599702,0.655500650516772,L70K,L70K,0.8232,pathogenic,0.16316219409587365,0.17679999999999996,False,70,False,False,False
urn:mavedb:00000078-b-1#1434,,,p.Leu70Ile,0.8600238723875849,0.694538252635127,1.02550949214004,L70I,L70I,0.202,benign,0.8210137060371843,0.798,False,70,False,False,False
urn:mavedb:00000078-b-1#1435,,,p.Leu70Cys,0.5370512842622249,0.220323222953964,0.8537793455704871,L70C,L70C,0.7069,pathogenic,0.2517731505355655,0.2931,False,70,False,False,False
urn:mavedb:00000078-b-1#1436,,,p.Leu70Gly,0.5460881642561289,0.455534398344704,0.6366419301675551,L70G,L70G,0.705,pathogenic,0.2535632831574916,0.29500000000000004,False,70,False,False,False
urn:mavedb:00000078-b-1#1437,,,p.Leu70Glu,0.419120173237454,0.328140382431734,0.510099964043174,L70E,L70E,0.8585,pathogenic,0.14381403248021757,0.14149999999999996,False,70,False,False,False
urn:mavedb:00000078-b-1#1438,,,p.Leu70Asp,0.488135023136805,0.323193242189848,0.653076804083761,L70D,L70D,0.9632,pathogenic,0.10261271563357281,0.036800000000000055,False,70,False,False,False
urn:mavedb:00000078-b-1#1439,,,p.Leu70Ala,0.837687069436851,0.7328282538143359,0.9425458850593672,L70A,L70A,0.3182,benign,0.7236791031985362,0.6818,False,70,False,False,False
urn:mavedb:00000078-b-1#1441,,,p.Val69Tyr,1.04283046297107,0.713638605420484,1.37202232052165,V69Y,V69Y,0.4141,ambiguous,0.6134643543903,0.5859,False,69,False,False,False
urn:mavedb:00000078-b-1#1442,,,p.Val69Trp,1.15367585570624,1.02849122732927,1.2788604840832198,V69W,V69W,0.5093,ambiguous,0.48744825663185587,0.4907,False,69,False,False,False
urn:mavedb:00000078-b-1#1443,,,p.Val69Asp,0.540192354775545,0.3892067359019961,0.691177973649094,V69D,V69D,0.7795,pathogenic,0.19174381440012933,0.22050000000000003,False,69,False,False,False
urn:mavedb:00000078-b-1#1444,,,p.Val69Thr,1.08679010184217,0.953432138662984,1.22014806502136,V69T,V69T,0.3815,ambiguous,0.6535598770302662,0.6185,False,69,False,False,False
urn:mavedb:00000078-b-1#1445,,,p.Val69Ser,0.87057442327777,0.8017423498739709,0.93940649668157,V69S,V69S,0.4631,ambiguous,0.5496125067164271,0.5368999999999999,False,69,False,False,False
urn:mavedb:00000078-b-1#1446,,,p.Val69Arg,0.5818249192005339,0.41907253180487,0.7445773065961979,V69R,V69R,0.5199,ambiguous,0.47316687099028976,0.48009999999999997,False,69,False,False,False
urn:mavedb:00000078-b-1#1447,,,p.Val69Gln,0.645811617116556,0.408483685636637,0.883139548596474,V69Q,V69Q,0.6035,pathogenic,0.36459864609546905,0.39649999999999996,False,69,False,False,False
urn:mavedb:00000078-b-1#1448,,,p.Val69Pro,0.485936530146529,0.4251488412163471,0.5467242190767101,V69P,V69P,0.6756,pathogenic,0.28268096129810283,0.3244,False,69,False,False,False
urn:mavedb:00000078-b-1#1449,,,p.Val69Asn,0.7101275848671469,0.550953469874537,0.8693016998597571,V69N,V69N,0.7077,pathogenic,0.2510227670915716,0.2923,False,69,False,False,False
urn:mavedb:00000078-b-1#1450,,,p.Val69Leu,0.9150771395961792,0.8331330082077909,0.9970212709845668,V69L,V69L,0.1172,benign,0.8677505024473163,0.8828,False,69,False,False,False
urn:mavedb:00000078-b-1#1451,,,p.Val69Ile,0.99246478327945,0.90467343376247,1.08025613279643,V69I,V69I,0.0772,benign,0.8840135358557173,0.9228,False,69,False,False,False
urn:mavedb:00000078-b-1#1452,,,p.Val69His,0.829932470122408,0.6056777304645611,1.05418720978026,V69H,V69H,0.6892,pathogenic,0.26888246281087985,0.31079999999999997,True,69,False,True,False
urn:mavedb:00000078-b-1#1453,,,p.Val69Gly,0.6704562204909039,0.5848307301705761,0.756081710811232,V69G,V69G,0.2986,benign,0.7430141525483803,0.7014,False,69,False,False,False
urn:mavedb:00000078-b-1#1454,,,p.Val69Phe,0.9563700439571072,0.919373421467715,0.9933666664465,V69F,V69F,0.0761,benign,0.8844159808345519,0.9238999999999999,False,69,False,False,False
urn:mavedb:00000078-b-1#1455,,,p.Val69Glu,0.449347458191642,0.237039664652247,0.661655251731037,V69E,V69E,0.6439,pathogenic,0.316966530226551,0.35609999999999997,False,69,False,False,False
urn:mavedb:00000078-b-1#1456,,,p.Val69Cys,0.868068516072659,0.7649297132068891,0.971207318938428,V69C,V69C,0.6918,pathogenic,0.26630869110949507,0.30820000000000003,True,69,False,True,False
urn:mavedb:00000078-b-1#1457,,,p.Val69Ala,0.785200788377829,0.609268819876587,0.961132756879072,V69A,V69A,0.2231,benign,0.8063832622020626,0.7769,False,69,False,False,False
urn:mavedb:00000078-b-1#1458,,,p.His68Ile,0.8017339039642242,0.5874963715412371,1.01597143638721,H68I,H68I,0.2286,benign,0.802355303217987,0.7714,False,68,False,False,False
urn:mavedb:00000078-b-1#1459,,,p.His68Tyr,0.700438772490574,0.267576560477833,1.13330098450332,H68Y,H68Y,0.0854,benign,0.8809411541813812,0.9146,False,68,False,False,False
urn:mavedb:00000078-b-1#1460,,,p.His68Val,0.9131188126366758,0.8074841421185659,1.0187534831547902,H68V,H68V,0.1585,benign,0.847261881752104,0.8415,False,68,False,False,False
urn:mavedb:00000078-b-1#1461,,,p.His68Thr,0.990700751975069,0.917176678297187,1.06422482565295,H68T,H68T,0.1399,benign,0.8569896445269617,0.8601,False,68,False,False,False
urn:mavedb:00000078-b-1#1462,,,p.His68Ser,1.04165927333775,0.965141624430748,1.11817692224475,H68S,H68S,0.1212,benign,0.865939238421682,0.8788,False,68,False,False,False
urn:mavedb:00000078-b-1#1463,,,p.His68Arg,0.8461022951302941,0.7822409522282731,0.909963638032315,H68R,H68R,0.0824,benign,0.8820801225717558,0.9176,False,68,False,False,False
urn:mavedb:00000078-b-1#1464,,,p.His68Gln,1.03560804774809,0.895374498724657,1.17584159677153,H68Q,H68Q,0.1002,benign,0.8750621765521966,0.8998,False,68,False,False,False
urn:mavedb:00000078-b-1#1465,,,p.His68Pro,1.09733780666002,1.04001957698104,1.154656036339,H68P,H68P,0.066,benign,0.8880067126420945,0.9339999999999999,False,68,False,False,False
urn:mavedb:00000078-b-1#1466,,,p.His68Asn,1.03477324042428,0.974459608166868,1.09508687268168,H68N,H68N,0.084,benign,0.8814748360428913,0.916,False,68,False,False,False
urn:mavedb:00000078-b-1#1467,,,p.His68Met,1.01454483056114,0.7829822820249359,1.24610737909734,H68M,H68M,0.2905,benign,0.7506583179952737,0.7095,False,68,False,False,False
urn:mavedb:00000078-b-1#1468,,,p.His68Leu,0.890078813142261,0.7381386860177371,1.04201894026678,H68L,H68L,0.1029,benign,0.8739417262156245,0.8971,False,68,False,False,False
urn:mavedb:00000078-b-1#1469,,,p.His68Lys,0.876226028252611,0.795893263690323,0.9565587928149,H68K,H68K,0.1395,benign,0.8571896097861084,0.8605,False,68,False,False,False
urn:mavedb:00000078-b-1#1470,,,p.His68Cys,0.598347610255415,0.409293776192599,0.7874014443182309,H68C,H68C,0.2592,benign,0.7782771727481937,0.7408,False,68,False,False,False
urn:mavedb:00000078-b-1#1471,,,p.His68Gly,1.02219383822194,0.957347790473967,1.08703988596991,H68G,H68G,0.1554,benign,0.8489425613220507,0.8446,False,68,False,False,False
urn:mavedb:00000078-b-1#1472,,,p.His68Glu,1.21642314434015,1.14852127892103,1.28432500975926,H68E,H68E,0.1329,benign,0.8604344739970351,0.8671,False,68,False,False,False
urn:mavedb:00000078-b-1#1473,,,p.His68Asp,0.956222182037628,0.890595195696736,1.02184916837852,H68D,H68D,0.1083,benign,0.8716551109804739,0.8917,False,68,False,False,False
urn:mavedb:00000078-b-1#1474,,,p.His68Ala,0.896306735704502,0.8145460117502171,0.9780674596587868,H68A,H68A,0.1327,benign,0.8605312101493073,0.8673,False,68,False,False,False
urn:mavedb:00000078-b-1#1475,,,p.Glu67Thr,0.698953943794719,0.5909128214054079,0.80699506618403,E67T,E67T,0.5119,ambiguous,0.48394182141644015,0.4881,False,67,False,False,False
urn:mavedb:00000078-b-1#1476,,,p.Glu67Tyr,0.610444068608072,0.531450466726039,0.689437670490105,E67Y,E67Y,0.8654,pathogenic,0.14039154562160108,0.13460000000000005,False,67,False,False,False
urn:mavedb:00000078-b-1#1478,,,p.Glu67Val,0.522101003341585,0.438890556660333,0.605311450022837,E67V,E67V,0.6396,pathogenic,0.32183644313413595,0.36040000000000005,False,67,False,False,False
urn:mavedb:00000078-b-1#1479,,,p.Glu67Asp,0.853813689605985,0.654671640380037,1.05295573883193,E67D,E67D,0.3709,ambiguous,0.666063612528933,0.6291,False,67,False,False,False
urn:mavedb:00000078-b-1#1480,,,p.Glu67Ser,0.7874892153251171,0.7237303341515179,0.851248096498715,E67S,E67S,0.2636,benign,0.7745787179052102,0.7363999999999999,False,67,False,False,False
urn:mavedb:00000078-b-1#1481,,,p.Glu67Arg,0.483922661655266,0.379612955154701,0.588232368155831,E67R,E67R,0.3367,benign,0.7043616771503328,0.6633,False,67,False,False,False
urn:mavedb:00000078-b-1#1482,,,p.Glu67Gln,0.8910569923741,0.74132752862662,1.04078645612158,E67Q,E67Q,0.1394,benign,0.8572395416162971,0.8606,False,67,False,False,False
urn:mavedb:00000078-b-1#1483,,,p.Glu67Pro,0.67956352432541,0.6347821072838989,0.724344941366921,E67P,E67P,0.6983,pathogenic,0.2599652367685649,0.30169999999999997,False,67,False,False,False
urn:mavedb:00000078-b-1#1484,,,p.Glu67Asn,0.524808627564031,0.429812883243291,0.619804371884772,E67N,E67N,0.5979,pathogenic,0.37150847343576093,0.4021,False,67,False,False,False
urn:mavedb:00000078-b-1#1485,,,p.Glu67Met,0.3633840889507089,0.257330523548071,0.469437654353346,E67M,E67M,0.8066,pathogenic,0.1733887460643674,0.19340000000000002,False,67,False,False,False
urn:mavedb:00000078-b-1#1486,,,p.Glu67Leu,0.250623161246409,0.1398725899772,0.3613737325156189,E67L,E67L,0.7724,pathogenic,0.19690564689939738,0.22760000000000002,False,67,False,False,False
urn:mavedb:00000078-b-1#1487,,,p.Glu67Lys,0.5087858991894989,0.4031390299274021,0.614432768451596,E67K,E67K,0.3046,benign,0.7372206977007366,0.6954,False,67,False,False,False
urn:mavedb:00000078-b-1#1488,,,p.Glu67Ile,0.317910045829631,0.21721907474597,0.418601016913291,E67I,E67I,0.8439,pathogenic,0.15143483508983013,0.15610000000000002,False,67,False,False,False
urn:mavedb:00000078-b-1#1489,,,p.Glu67His,0.729474372560953,0.6480595493557061,0.8108891957662009,E67H,E67H,0.6564,pathogenic,0.3031012835570704,0.3436,False,67,False,False,False
urn:mavedb:00000078-b-1#1490,,,p.Glu67Gly,0.799424484542347,0.7542748714079108,0.844574097676782,E67G,E67G,0.1525,benign,0.8504930181953261,0.8475,False,67,False,False,False
urn:mavedb:00000078-b-1#1491,,,p.Glu67Phe,0.5714967273870389,0.311861823862441,0.831131630911636,E67F,E67F,0.9349,pathogenic,0.11168230734192064,0.06510000000000005,False,67,False,False,False
urn:mavedb:00000078-b-1#1492,,,p.Glu67Cys,0.4043317630803509,0.294395371799876,0.5142681543608251,E67C,E67C,0.945,pathogenic,0.10829027174610698,0.05500000000000005,False,67,False,False,False
urn:mavedb:00000078-b-1#1493,,,p.Glu67Ala,0.674295531024667,0.5747567868468001,0.7738342752025351,E67A,E67A,0.2169,benign,0.8108166185647752,0.7831,False,67,False,False,False
urn:mavedb:00000078-b-1#1494,,,p.Val66Met,0.9255774868686508,0.7939277315402241,1.05722724219708,V66M,V66M,0.3556,ambiguous,0.6835964550305355,0.6444,False,66,False,False,False
urn:mavedb:00000078-b-1#1495,,,p.Val66Tyr,0.556567263561236,0.49210367742197,0.621030849700502,V66Y,V66Y,0.9275,pathogenic,0.11428269130183571,0.07250000000000001,False,66,False,False,False
urn:mavedb:00000078-b-1#1497,,,p.Val66Trp,0.421694608973587,0.290369612459032,0.5530196054881421,V66W,V66W,0.9066,pathogenic,0.12218217369207786,0.09340000000000004,False,66,False,False,False
urn:mavedb:00000078-b-1#1499,,,p.Val66Thr,0.7105342273101121,0.5468590883380661,0.874209366282158,V66T,V66T,0.3644,ambiguous,0.6735885003237684,0.6355999999999999,False,66,False,False,False
urn:mavedb:00000078-b-1#1500,,,p.Val66Ser,0.525833081390075,0.272615867023743,0.7790502957564069,V66S,V66S,0.6466,pathogenic,0.3139346080317402,0.35340000000000005,False,66,False,False,False
urn:mavedb:00000078-b-1#1501,,,p.Val66Arg,0.603343572778895,0.468756948731386,0.737930196826404,V66R,V66R,0.8315,pathogenic,0.1583264280188021,0.16849999999999998,False,66,False,False,False
urn:mavedb:00000078-b-1#1502,,,p.Val66Gln,0.194117897070361,-0.0652051957781316,0.453440989918853,V66Q,V66Q,0.8624,pathogenic,0.14186574369104366,0.13759999999999994,False,66,False,False,False
urn:mavedb:00000078-b-1#1503,,,p.Val66Pro,0.521077037134117,0.3917580682784601,0.650396005989773,V66P,V66P,0.7756,pathogenic,0.19456069342208515,0.22440000000000004,False,66,False,False,False
urn:mavedb:00000078-b-1#1504,,,p.Val66Asn,0.536375440808475,0.463977123437101,0.60877375817985,V66N,V66N,0.936,pathogenic,0.11130418344047914,0.06399999999999995,False,66,False,False,False
urn:mavedb:00000078-b-1#1505,,,p.Val66His,0.6001608991361089,0.194588986930113,1.0057328113420998,V66H,V66H,0.966,pathogenic,0.10178664034051788,0.03400000000000003,False,66,False,False,False
urn:mavedb:00000078-b-1#1506,,,p.Val66Leu,0.8144598449170091,0.7176795854905028,0.911240104343515,V66L,V66L,0.2716,benign,0.7677002947093068,0.7283999999999999,False,66,False,False,False
urn:mavedb:00000078-b-1#1507,,,p.Val66Lys,0.44560564408988,0.316205621618175,0.575005666561585,V66K,V66K,0.9199,pathogenic,0.1170583782872071,0.08009999999999995,False,66,False,False,False
urn:mavedb:00000078-b-1#1508,,,p.Val66Ile,0.5970180083278851,0.319387157428365,0.874648859227406,V66I,V66I,0.1355,benign,0.8591684154401207,0.8645,False,66,False,False,False
urn:mavedb:00000078-b-1#1509,,,p.Val66Asp,0.468192790430228,0.3789001274497151,0.5574854534107421,V66D,V66D,0.9512,pathogenic,0.10629485150414686,0.048799999999999955,False,66,False,False,False
urn:mavedb:00000078-b-1#1510,,,p.Val66Gly,0.6368565852784019,0.5620914928578671,0.7116216776989359,V66G,V66G,0.4701,ambiguous,0.5402570871563286,0.5299,False,66,False,False,False
urn:mavedb:00000078-b-1#1511,,,p.Val66Phe,0.523362235076555,0.486419603757397,0.560304866395713,V66F,V66F,0.3838,ambiguous,0.6508100156380916,0.6162000000000001,False,66,False,False,False
urn:mavedb:00000078-b-1#1512,,,p.Val66Glu,0.5917453722486221,0.4777119867296679,0.7057787577675749,V66E,V66E,0.8862,pathogenic,0.1307376024488207,0.11380000000000001,False,66,False,False,False
urn:mavedb:00000078-b-1#1513,,,p.Val66Ala,0.727080875354139,0.6307372435763471,0.8234245071319299,V66A,V66A,0.2358,benign,0.7969457341271072,0.7642,False,66,False,False,False
urn:mavedb:00000078-b-1#1514,,,p.Leu65Thr,0.444270077670438,0.21846364182235,0.670076513518526,L65T,L65T,0.8346,pathogenic,0.156566549520247,0.1654,False,65,False,False,False
urn:mavedb:00000078-b-1#1515,,,p.Leu65Tyr,0.979904941715929,0.9119319755943228,1.04787790783753,L65Y,L65Y,0.8292,pathogenic,0.1596483062972623,0.17079999999999995,True,65,False,True,False
urn:mavedb:00000078-b-1#1516,,,p.Leu65Trp,0.9975627656493672,0.656550697432269,1.33857483386647,L65W,L65W,0.493,ambiguous,0.5094486110950023,0.507,False,65,False,False,False
urn:mavedb:00000078-b-1#1517,,,p.Leu65Val,1.07242042121543,0.95584262045323,1.1889982219776298,L65V,L65V,0.149,benign,0.8523364826466322,0.851,False,65,False,False,False
urn:mavedb:00000078-b-1#1518,,,p.Leu65Glu,0.428874632732,0.283412823922455,0.574336441541544,L65E,L65E,0.9399,pathogenic,0.10998081330768378,0.06010000000000004,False,65,False,False,False
urn:mavedb:00000078-b-1#1519,,,p.Leu65Ser,0.648490212409165,0.534447284218758,0.7625331405995709,L65S,L65S,0.9233,pathogenic,0.11580325345204447,0.07669999999999999,False,65,False,False,False
urn:mavedb:00000078-b-1#1520,,,p.Leu65Arg,0.589621465773583,0.443328757201262,0.735914174345905,L65R,L65R,0.8134,pathogenic,0.16910864192636071,0.1866,False,65,False,False,False
urn:mavedb:00000078-b-1#1521,,,p.Leu65Gln,0.7371282205710059,0.6290522630154229,0.84520417812659,L65Q,L65Q,0.8427,pathogenic,0.15208466294790146,0.1573,False,65,False,False,False
urn:mavedb:00000078-b-1#1522,,,p.Leu65Pro,0.5319783686985861,0.4095343151449221,0.65442242225225,L65P,L65P,0.8506,pathogenic,0.14787267110762548,0.14939999999999998,False,65,False,False,False
urn:mavedb:00000078-b-1#1523,,,p.Leu65Asn,0.470200348227636,0.344864803671287,0.595535892783985,L65N,L65N,0.9698,pathogenic,0.10068500638056804,0.030200000000000005,False,65,False,False,False
urn:mavedb:00000078-b-1#1524,,,p.Leu65Met,0.9238662132377992,0.7622525536885699,1.08547987278703,L65M,L65M,0.2352,benign,0.797402484038002,0.7648,False,65,False,False,False
urn:mavedb:00000078-b-1#1526,,,p.Leu65Lys,0.342169577864408,0.153650365284,0.530688790444815,L65K,L65K,0.9151,pathogenic,0.11886780908423991,0.08489999999999998,False,65,False,False,False
urn:mavedb:00000078-b-1#1527,,,p.Leu65Ile,0.81001443013215,0.351577952806693,1.26845090745761,L65I,L65I,0.1301,benign,0.8617803443242796,0.8699,False,65,False,False,False
urn:mavedb:00000078-b-1#1528,,,p.Leu65His,0.5568334584240029,0.25703902319508,0.8566278936529259,L65H,L65H,0.903,pathogenic,0.12362932824905833,0.09699999999999998,False,65,False,False,False
urn:mavedb:00000078-b-1#1529,,,p.Leu65Gly,0.492305880451713,0.415255183256918,0.569356577646507,L65G,L65G,0.9269,pathogenic,0.11449791175749999,0.07310000000000005,False,65,False,False,False
urn:mavedb:00000078-b-1#1530,,,p.Leu65Phe,1.1236802727511002,1.0351057951670302,1.21225475033518,L65F,L65F,0.2349,benign,0.7976304519050068,0.7651,False,65,False,False,False
urn:mavedb:00000078-b-1#1531,,,p.Leu65Asp,0.541194206824396,0.454905580202473,0.6274828334463199,L65D,L65D,0.9887,pathogenic,0.09552610734973398,0.011299999999999977,False,65,False,False,False
urn:mavedb:00000078-b-1#1532,,,p.Leu65Cys,0.9312767404564258,0.635159197923064,1.22739428298979,L65C,L65C,0.9077,pathogenic,0.12174519227943825,0.09230000000000005,True,65,False,True,False
urn:mavedb:00000078-b-1#1533,,,p.Leu65Ala,0.8915485549940071,0.73669476548944,1.04640234449857,L65A,L65A,0.6923,pathogenic,0.2658161139417745,0.3077,True,65,False,True,False
urn:mavedb:00000078-b-1#1534,,,p.Gly64Ser,0.541265556507459,0.3987838580041421,0.6837472550107769,G64S,G64S,0.8107,pathogenic,0.17079283257235367,0.18930000000000002,False,64,False,False,False
urn:mavedb:00000078-b-1#1535,,,p.Gly64Tyr,0.4016167446185879,0.2693990478195729,0.5338344414176021,G64Y,G64Y,0.9806,pathogenic,0.09767322827274999,0.019399999999999973,False,64,False,False,False
urn:mavedb:00000078-b-1#1537,,,p.Gly64Trp,0.6555075252268511,0.4112380654572689,0.899776984996433,G64W,G64W,0.9581,pathogenic,0.10414918906619999,0.04190000000000005,False,64,False,False,False
urn:mavedb:00000078-b-1#1538,,,p.Gly64Val,0.355330759957424,0.212424822160043,0.498236697754805,G64V,G64V,0.9599,pathogenic,0.1036021672259142,0.040100000000000025,False,64,False,False,False
urn:mavedb:00000078-b-1#1539,,,p.Gly64Thr,0.44713031686456,0.266403236581044,0.6278573971480771,G64T,G64T,0.969,pathogenic,0.10091508278590974,0.031000000000000028,False,64,False,False,False
urn:mavedb:00000078-b-1#1540,,,p.Gly64Ala,0.620641796055172,0.432986695437188,0.8082968966731559,G64A,G64A,0.8854,pathogenic,0.13109107273036275,0.11460000000000004,False,64,False,False,False
urn:mavedb:00000078-b-1#1541,,,p.Gly64Arg,0.322867684865167,0.191352828584494,0.454382541145841,G64R,G64R,0.9533,pathogenic,0.10563355763558172,0.046699999999999964,False,64,False,False,False
urn:mavedb:00000078-b-1#1542,,,p.Gly64Gln,0.4336275358633529,0.329343718024367,0.537911353702339,G64Q,G64Q,0.9769,pathogenic,0.09868551754744866,0.02310000000000001,False,64,False,False,False
urn:mavedb:00000078-b-1#1543,,,p.Gly64Pro,0.466118178630326,0.374766933683331,0.557469423577321,G64P,G64P,0.9816,pathogenic,0.09740306591522069,0.018399999999999972,False,64,False,False,False
urn:mavedb:00000078-b-1#1544,,,p.Gly64Asn,0.500475809773473,0.3297182754756,0.671233344071346,G64N,G64N,0.985,pathogenic,0.09649529191947635,0.015000000000000013,False,64,False,False,False
urn:mavedb:00000078-b-1#1545,,,p.Gly64Met,0.37728760347002,0.216485532897761,0.5380896740422789,G64M,G64M,0.993,pathogenic,0.09442379147888727,0.007000000000000006,False,64,False,False,False
urn:mavedb:00000078-b-1#1546,,,p.Gly64Leu,0.462088346808433,0.387497921411876,0.536678772204989,G64L,G64L,0.9683,pathogenic,0.10111720465445054,0.03169999999999995,False,64,False,False,False
urn:mavedb:00000078-b-1#1547,,,p.Gly64Lys,0.377660686464908,0.258065771617565,0.497255601312251,G64K,G64K,0.9916,pathogenic,0.09477987807219979,0.008399999999999963,False,64,False,False,False
urn:mavedb:00000078-b-1#1548,,,p.Gly64Ile,0.377841735186276,0.2922730402199961,0.463410430152556,G64I,G64I,0.9775,pathogenic,0.09851999668519246,0.022499999999999964,False,64,False,False,False
urn:mavedb:00000078-b-1#1550,,,p.Gly64Glu,0.488444248342225,0.428670245099189,0.548218251585262,G64E,G64E,0.9798,pathogenic,0.09789040409256199,0.020199999999999996,False,64,False,False,False
urn:mavedb:00000078-b-1#1551,,,p.Gly64Asp,0.457465476054461,0.365351613494705,0.5495793386142179,G64D,G64D,0.9648,pathogenic,0.10213917083792713,0.03520000000000001,False,64,False,False,False
urn:mavedb:00000078-b-1#1552,,,p.Gly64Cys,0.290485913580788,0.246086633294467,0.334885193867108,G64C,G64C,0.9538,pathogenic,0.10547717962321046,0.04620000000000002,False,64,False,False,False
urn:mavedb:00000078-b-1#1553,,,p.Phe63Lys,0.329229080811549,0.219270644582546,0.4391875170405529,F63K,F63K,0.9932,pathogenic,0.09437314162269192,0.006800000000000028,False,63,False,False,False
urn:mavedb:00000078-b-1#1554,,,p.Phe63Tyr,0.913056716520288,0.7832172072184642,1.04289622582211,F63Y,F63Y,0.7101,pathogenic,0.24878356056814033,0.28990000000000005,True,63,False,True,False
urn:mavedb:00000078-b-1#1556,,,p.Phe63Trp,0.530991984565902,0.125162167090571,0.936821802041232,F63W,F63W,0.7372,pathogenic,0.22474437319234808,0.26280000000000003,False,63,False,False,False
urn:mavedb:00000078-b-1#1557,,,p.Phe63Val,0.8461591489920249,0.7298542577465971,0.962464040237452,F63V,F63V,0.9175,pathogenic,0.11795756354648164,0.08250000000000002,True,63,False,True,False
urn:mavedb:00000078-b-1#1558,,,p.Phe63Thr,0.4402699083757709,0.3969676635177249,0.483572153233818,F63T,F63T,0.9808,pathogenic,0.09761907976810319,0.019199999999999995,False,63,False,False,False
urn:mavedb:00000078-b-1#1559,,,p.Phe63Ser,0.472721723674984,0.3667258999640779,0.57871754738589,F63S,F63S,0.9553,pathogenic,0.10501050646334284,0.04469999999999996,False,63,False,False,False
urn:mavedb:00000078-b-1#1560,,,p.Phe63Arg,0.401803155357034,0.346027170734803,0.457579139979264,F63R,F63R,0.9728,pathogenic,0.09983089987458466,0.027200000000000002,False,63,False,False,False
urn:mavedb:00000078-b-1#1561,,,p.Phe63Gln,0.440847187815911,0.242503954874593,0.63919042075723,F63Q,F63Q,0.9861,pathogenic,0.09620513591695434,0.013900000000000023,False,63,False,False,False
urn:mavedb:00000078-b-1#1562,,,p.Phe63Pro,0.5011881566392921,0.40004275805216,0.602333555226424,F63P,F63P,0.9958,pathogenic,0.09371965733821497,0.0041999999999999815,False,63,False,False,False
urn:mavedb:00000078-b-1#1563,,,p.Phe63Asn,0.449574525904358,0.279199749023408,0.619949302785308,F63N,F63N,0.9836,pathogenic,0.09686707341739234,0.01639999999999997,False,63,False,False,False
urn:mavedb:00000078-b-1#1564,,,p.Phe63Met,1.08260774198205,1.00106041622025,1.16415506774385,F63M,F63M,0.926,pathogenic,0.11482198940541585,0.07399999999999995,True,63,False,True,False
urn:mavedb:00000078-b-1#1565,,,p.Phe63Leu,1.0220176518734,0.8963817561872901,1.14765354755951,F63L,F63L,0.9695,pathogenic,0.10077117024208884,0.03049999999999997,True,63,False,True,False
urn:mavedb:00000078-b-1#1567,,,p.Phe63Ile,1.02681818170362,0.839081406672302,1.21455495673493,F63I,F63I,0.9303,pathogenic,0.11328706963918142,0.06969999999999998,True,63,False,True,False
urn:mavedb:00000078-b-1#1568,,,p.Phe63His,0.392855320163897,0.055670292013722,0.730040348314072,F63H,F63H,0.9783,pathogenic,0.09830012759323657,0.021700000000000053,False,63,False,False,False
urn:mavedb:00000078-b-1#1569,,,p.Phe63Gly,1.0183700867280798,0.951642911778515,1.08509726167764,F63G,F63G,0.9591,pathogenic,0.10384464610047428,0.04090000000000005,True,63,False,True,False
urn:mavedb:00000078-b-1#1570,,,p.Phe63Ala,0.807959637301275,0.4945657769067921,1.12135349769576,F63A,F63A,0.9545,pathogenic,0.105258940272965,0.045499999999999985,True,63,False,True,False
urn:mavedb:00000078-b-1#1571,,,p.Phe63Glu,0.493825309174983,0.369768671749921,0.617881946600046,F63E,F63E,0.9929,pathogenic,0.09444913695719667,0.007099999999999995,False,63,False,False,False
urn:mavedb:00000078-b-1#1572,,,p.Phe63Asp,0.3851142858949,0.308054504117771,0.462174067672029,F63D,F63D,0.9909,pathogenic,0.09495893412184989,0.009099999999999997,False,63,False,False,False
urn:mavedb:00000078-b-1#1573,,,p.Phe63Cys,0.631190829740472,0.426125413257677,0.836256246223267,F63C,F63C,0.9433,pathogenic,0.10884879929094102,0.05669999999999997,False,63,False,False,False
urn:mavedb:00000078-b-1#1575,,,p.Gly62Tyr,0.435360281892673,0.370418114113387,0.50030244967196,G62Y,G62Y,0.977,pathogenic,0.09865789381469747,0.02300000000000002,False,62,False,False,False
urn:mavedb:00000078-b-1#1577,,,p.Gly62Trp,0.518163723075629,0.381162221945366,0.655165224205893,G62W,G62W,0.958,pathogenic,0.10417973188253815,0.04200000000000004,False,62,False,False,False
urn:mavedb:00000078-b-1#1578,,,p.Gly62Val,0.455764778498387,0.392538036714031,0.518991520282742,G62V,G62V,0.92,pathogenic,0.11702115064942523,0.07999999999999996,False,62,False,False,False
urn:mavedb:00000078-b-1#1579,,,p.Gly62Thr,0.558830896411861,0.428779914697336,0.6888818781263859,G62T,G62T,0.9524,pathogenic,0.10591607609869036,0.047599999999999976,False,62,False,False,False
urn:mavedb:00000078-b-1#1580,,,p.Gly62Ser,0.46704386843982,0.381976883642657,0.5521108532369841,G62S,G62S,0.8702,pathogenic,0.13807652931005504,0.12980000000000003,False,62,False,False,False
urn:mavedb:00000078-b-1#1581,,,p.Gly62Arg,0.361746062364239,0.252184276794047,0.471307847934432,G62R,G62R,0.9722,pathogenic,0.10000063013972516,0.027800000000000047,False,62,False,False,False
urn:mavedb:00000078-b-1#1582,,,p.Gly62Gln,0.423662498729024,0.2988863827334,0.5484386147246479,G62Q,G62Q,0.989,pathogenic,0.0954483685170513,0.01100000000000001,False,62,False,False,False
urn:mavedb:00000078-b-1#1583,,,p.Gly62Pro,0.486800780996458,0.3833779524734969,0.5902236095194189,G62P,G62P,0.9829,pathogenic,0.09705401610512282,0.017100000000000004,False,62,False,False,False
urn:mavedb:00000078-b-1#1584,,,p.Gly62Asn,0.427786331841157,0.330251626997433,0.5253210366848821,G62N,G62N,0.984,pathogenic,0.09676056438529768,0.016000000000000014,False,62,False,False,False
urn:mavedb:00000078-b-1#1585,,,p.Gly62Leu,0.451625312767752,0.369198792913284,0.534051832622219,G62L,G62L,0.983,pathogenic,0.0970272669355303,0.017000000000000015,False,62,False,False,False
urn:mavedb:00000078-b-1#1586,,,p.Gly62Lys,0.30903876816772,0.1109605138767409,0.5071170224586989,G62K,G62K,0.9922,pathogenic,0.09462693952134703,0.007800000000000029,False,62,False,False,False
urn:mavedb:00000078-b-1#1587,,,p.Gly62Ile,0.4318983552249849,0.378726892144093,0.485069818305877,G62I,G62I,0.9588,pathogenic,0.10393584020106776,0.041200000000000014,False,62,False,False,False
urn:mavedb:00000078-b-1#1588,,,p.Gly62His,0.475300341898394,0.355070237784982,0.595530446011805,G62H,G62H,0.9923,pathogenic,0.09460149794310513,0.00770000000000004,False,62,False,False,False
urn:mavedb:00000078-b-1#1589,,,p.Gly62Cys,0.308420158171585,0.210352980620401,0.4064873357227689,G62C,G62C,0.9547,pathogenic,0.10519673369339722,0.04530000000000001,False,62,False,False,False
urn:mavedb:00000078-b-1#1590,,,p.Gly62Phe,0.51367168952328,0.447678019262563,0.5796653597839971,G62F,G62F,0.9823,pathogenic,0.09721481323794952,0.01770000000000005,False,62,False,False,False
urn:mavedb:00000078-b-1#1591,,,p.Gly62Glu,0.502864875953813,0.345136742885128,0.6605930090224971,G62E,G62E,0.974,pathogenic,0.099493065331152,0.026000000000000023,False,62,False,False,False
urn:mavedb:00000078-b-1#1592,,,p.Gly62Asp,0.511919636797483,0.429394342991244,0.594444930603722,G62D,G62D,0.9482,pathogenic,0.10725228974168088,0.05179999999999996,False,62,False,False,False
urn:mavedb:00000078-b-1#1593,,,p.Gly62Ala,0.5444840270311769,0.44366619748176,0.6453018565805939,G62A,G62A,0.8731,pathogenic,0.13670361671506503,0.1269,False,62,False,False,False
urn:mavedb:00000078-b-1#1594,,,p.Arg61Trp,0.9019119130296972,0.731348144210649,1.07247568184875,R61W,R61W,0.1708,benign,0.8403516937027377,0.8291999999999999,False,61,False,False,False
urn:mavedb:00000078-b-1#1595,,,p.Arg61Tyr,1.2325667578870902,1.07583414868822,1.38929936708596,R61Y,R61Y,0.4332,ambiguous,0.5889918681725904,0.5668,False,61,False,False,False
urn:mavedb:00000078-b-1#1596,,,p.Arg61Gly,0.584628459440434,0.263961072073034,0.905295846807834,R61G,R61G,0.3099,benign,0.7320108044241631,0.6900999999999999,False,61,False,False,False
urn:mavedb:00000078-b-1#1597,,,p.Arg61Val,1.10335586200027,1.02322770304607,1.18348402095446,R61V,R61V,0.329,benign,0.7125257100574831,0.671,False,61,False,False,False
urn:mavedb:00000078-b-1#1598,,,p.Arg61Thr,1.11681449281624,1.00967731701691,1.22395166861557,R61T,R61T,0.1649,benign,0.8437149728715617,0.8351,False,61,False,False,False
urn:mavedb:00000078-b-1#1599,,,p.Arg61Ser,1.08963434906551,0.9415449658320272,1.237723732299,R61S,R61S,0.3892,ambiguous,0.6443040345447884,0.6108,False,61,False,False,False
urn:mavedb:00000078-b-1#1601,,,p.Arg61Gln,1.04090276194139,0.7902399853968441,1.29156553848594,R61Q,R61Q,0.0733,benign,0.8854302004473187,0.9267,False,61,False,False,False
urn:mavedb:00000078-b-1#1602,,,p.Arg61Pro,0.398380651551325,0.2083484630998,0.58841284000285,R61P,R61P,0.7942,pathogenic,0.18152624477527962,0.20579999999999998,False,61,False,False,False
urn:mavedb:00000078-b-1#1603,,,p.Arg61Asn,1.2334662677456398,1.12603306121595,1.34089947427532,R61N,R61N,0.5476,ambiguous,0.4361732595717074,0.4524,False,61,False,False,False
urn:mavedb:00000078-b-1#1604,,,p.Arg61Met,0.922840297154929,0.815016457081654,1.0306641372282,R61M,R61M,0.2828,benign,0.7577357406736634,0.7172000000000001,False,61,False,False,False
urn:mavedb:00000078-b-1#1605,,,p.Arg61Leu,1.01898852962275,0.923909672699292,1.1140673865462098,R61L,R61L,0.2706,benign,0.7685709818905635,0.7294,False,61,False,False,False
urn:mavedb:00000078-b-1#1606,,,p.Arg61Lys,1.1369213445464,1.0192827418284,1.25455994726441,R61K,R61K,0.1021,benign,0.8742752874574714,0.8979,False,61,False,False,False
urn:mavedb:00000078-b-1#1607,,,p.Arg61Ile,1.07862604437524,0.940250970838072,1.2170011179123998,R61I,R61I,0.3424,ambiguous,0.6982064979530175,0.6576,False,61,False,False,False
urn:mavedb:00000078-b-1#1608,,,p.Arg61His,1.12455300282552,1.01567407462598,1.23343193102505,R61H,R61H,0.1216,benign,0.8657561572552516,0.8784,False,61,False,False,False
urn:mavedb:00000078-b-1#1609,,,p.Arg61Cys,0.7184697183038778,0.3133353493585589,1.1236040872492,R61C,R61C,0.2526,benign,0.7837126295308381,0.7474000000000001,False,61,False,False,False
urn:mavedb:00000078-b-1#1610,,,p.Arg61Phe,0.928193520088289,0.774264086692754,1.08212295348382,R61F,R61F,0.596,pathogenic,0.3738681608279299,0.404,False,61,False,True,False
urn:mavedb:00000078-b-1#1611,,,p.Arg61Glu,0.6595479188594101,0.0248075131906754,1.29428832452815,R61E,R61E,0.2295,benign,0.8016876059258915,0.7705,False,61,False,False,False
urn:mavedb:00000078-b-1#1612,,,p.Arg61Asp,0.847265595629722,0.495369673476061,1.19916151778338,R61D,R61D,0.6694,pathogenic,0.2891563068315615,0.3306,True,61,False,True,False
urn:mavedb:00000078-b-1#1613,,,p.Arg61Ala,0.968372853778133,0.77198352878518,1.16476217877109,R61A,R61A,0.3656,ambiguous,0.6722076524340687,0.6344000000000001,False,61,False,False,False
urn:mavedb:00000078-b-1#1614,,,p.Gly60Gln,1.00969859808863,0.894398548549939,1.1249986476273202,G60Q,G60Q,0.9196,pathogenic,0.11717017530920767,0.08040000000000003,True,60,False,True,False
urn:mavedb:00000078-b-1#1615,,,p.Gly60Tyr,1.02457825760687,0.926878363128316,1.12227815208542,G60Y,G60Y,0.9671,pathogenic,0.101465454561803,0.03290000000000004,True,60,False,True,False
urn:mavedb:00000078-b-1#1617,,,p.Gly60Trp,1.01811398661528,0.8756655937591441,1.16056237947142,G60W,G60W,0.9317,pathogenic,0.11279462091820763,0.06830000000000003,True,60,False,True,False
urn:mavedb:00000078-b-1#1618,,,p.Gly60Val,0.589373426580484,0.522214548017635,0.656532305143332,G60V,G60V,0.9028,pathogenic,0.12371049579469076,0.09719999999999995,False,60,False,False,False
urn:mavedb:00000078-b-1#1619,,,p.Gly60Thr,0.767768290022918,0.7272447750093689,0.808291805036467,G60T,G60T,0.8423,pathogenic,0.15230207767063697,0.15769999999999995,False,60,False,False,False
urn:mavedb:00000078-b-1#1620,,,p.Gly60Ser,1.10516408332903,1.03098187304525,1.17934629361282,G60S,G60S,0.3419,ambiguous,0.6987501856177226,0.6581,False,60,False,False,False
urn:mavedb:00000078-b-1#1621,,,p.Gly60Arg,0.4464200693183329,0.357108715347026,0.535731423289639,G60R,G60R,0.9396,pathogenic,0.11008166201433944,0.06040000000000001,False,60,False,False,False
urn:mavedb:00000078-b-1#1622,,,p.Gly60Ala,0.970567449329657,0.822506941782725,1.11862795687659,G60A,G60A,0.4195,ambiguous,0.6066104273605694,0.5805,False,60,False,False,False
urn:mavedb:00000078-b-1#1623,,,p.Gly60Pro,0.4716661505094071,0.4159218084502169,0.527410492568598,G60P,G60P,0.9852,pathogenic,0.09644240844338868,0.014800000000000035,False,60,False,False,False
urn:mavedb:00000078-b-1#1624,,,p.Gly60Asn,0.9040681466807492,0.661938449111882,1.14619784424962,G60N,G60N,0.9377,pathogenic,0.11072403444905948,0.06230000000000002,True,60,False,True,False
urn:mavedb:00000078-b-1#1625,,,p.Gly60Met,1.01953907318199,0.9162090431658148,1.12286910319817,G60M,G60M,0.9716,pathogenic,0.10017090441067883,0.02839999999999998,True,60,False,True,False
urn:mavedb:00000078-b-1#1626,,,p.Gly60Leu,0.7042652332812379,0.632178404771548,0.776352061790928,G60L,G60L,0.9526,pathogenic,0.1058531786741598,0.0474,False,60,False,False,False
urn:mavedb:00000078-b-1#1627,,,p.Gly60Lys,0.370514444155503,0.3486043354006949,0.39242455291031,G60K,G60K,0.9767,pathogenic,0.09874080937492694,0.023299999999999987,False,60,False,False,False
urn:mavedb:00000078-b-1#1628,,,p.Gly60Ile,0.46186503908376,0.402174230439334,0.521555847728186,G60I,G60I,0.9547,pathogenic,0.10519673369339722,0.04530000000000001,False,60,False,False,False
urn:mavedb:00000078-b-1#1629,,,p.Gly60His,1.05152537555475,0.953007424718215,1.15004332639129,G60H,G60H,0.9641,pathogenic,0.10234585249281947,0.03590000000000004,True,60,False,True,False
urn:mavedb:00000078-b-1#1631,,,p.Gly60Phe,0.82020224249087,0.6301372863897711,1.01026719859197,G60F,G60F,0.9761,pathogenic,0.09890704024981853,0.023900000000000032,True,60,False,True,False
urn:mavedb:00000078-b-1#1632,,,p.Gly60Glu,1.03184479039472,0.865781127240698,1.19790845354874,G60E,G60E,0.8762,pathogenic,0.13525719309515716,0.12380000000000002,True,60,False,True,False
urn:mavedb:00000078-b-1#1633,,,p.Gly60Asp,1.04431242929975,0.83570406420459,1.25292079439491,G60D,G60D,0.9025,pathogenic,0.12383239992231401,0.09750000000000003,True,60,False,True,False
urn:mavedb:00000078-b-1#1634,,,p.Gly60Cys,0.5026398732852471,0.255231713846853,0.7500480327236401,G60C,G60C,0.8851,pathogenic,0.1312239831649301,0.1149,False,60,False,False,False
urn:mavedb:00000078-b-1#1635,,,p.Trp59Ala,0.62228723537788,0.520789243623624,0.723785227132135,W59A,W59A,0.872,pathogenic,0.1372221116044711,0.128,False,59,False,False,False
urn:mavedb:00000078-b-1#1636,,,p.Trp59Tyr,1.09094976667369,0.916834353983119,1.26506517936426,W59Y,W59Y,0.5333,ambiguous,0.4551939558457645,0.4667,False,59,False,False,False
urn:mavedb:00000078-b-1#1638,,,p.Trp59Val,0.647850646062326,0.5757184319385871,0.719982860186064,W59V,W59V,0.9177,pathogenic,0.1178822105039391,0.08230000000000004,False,59,False,False,False
urn:mavedb:00000078-b-1#1639,,,p.Trp59Thr,0.6006357403675899,0.5274377429278879,0.673833737807292,W59T,W59T,0.9381,pathogenic,0.11058827085252129,0.061899999999999955,False,59,False,False,False
urn:mavedb:00000078-b-1#1640,,,p.Trp59Ser,0.473008431774917,0.326858678463076,0.619158185086759,W59S,W59S,0.837,pathogenic,0.15522111042852396,0.16300000000000003,False,59,False,False,False
urn:mavedb:00000078-b-1#1641,,,p.Trp59Arg,0.374079919058571,0.2746680142154539,0.473491823901688,W59R,W59R,0.9574,pathogenic,0.1043633276293153,0.04259999999999997,False,59,False,False,False
urn:mavedb:00000078-b-1#1642,,,p.Trp59Gln,0.5334055740861121,0.282498422809863,0.7843127253623621,W59Q,W59Q,0.9687,pathogenic,0.10100161428708468,0.031299999999999994,False,59,False,False,False
urn:mavedb:00000078-b-1#1643,,,p.Trp59Pro,0.51385762624919,0.412658860250003,0.615056392248376,W59P,W59P,0.9578,pathogenic,0.10424086589310588,0.042200000000000015,False,59,False,False,False
urn:mavedb:00000078-b-1#1644,,,p.Trp59Asn,0.568185393751572,0.285887299817342,0.8504834876858031,W59N,W59N,0.9753,pathogenic,0.09912951272818432,0.024700000000000055,False,59,False,False,False
urn:mavedb:00000078-b-1#1645,,,p.Trp59Met,0.6638194037437829,0.5367253418707539,0.790913465616812,W59M,W59M,0.9489,pathogenic,0.10702753889876099,0.051100000000000034,False,59,False,False,False
urn:mavedb:00000078-b-1#1646,,,p.Trp59Leu,0.713944117112726,0.6118255122915529,0.8160627219338978,W59L,W59L,0.8214,pathogenic,0.16423500353166864,0.17859999999999998,False,59,False,False,False
urn:mavedb:00000078-b-1#1647,,,p.Trp59Lys,0.315574828028413,0.160466719450727,0.4706829366061,W59K,W59K,0.9832,pathogenic,0.09697381169474217,0.016800000000000037,False,59,False,False,False
urn:mavedb:00000078-b-1#1648,,,p.Ser57Asp,0.680194019348917,0.539176867543096,0.8212111711547371,S57D,S57D,0.9264,pathogenic,0.11467776987474128,0.0736,False,57,False,False,False
urn:mavedb:00000078-b-1#1649,,,p.Ser57Ala,0.777305921091015,0.64729916414151,0.90731267804052,S57A,S57A,0.6119,pathogenic,0.3543650854617179,0.3881,False,57,False,False,False
urn:mavedb:00000078-b-1#1650,,,p.Ser56Met,0.925217132552872,0.7353212642435641,1.11511300086218,S56M,S56M,0.6057,pathogenic,0.3619029303467671,0.3943,True,56,False,True,False
urn:mavedb:00000078-b-1#1651,,,p.Ser56Tyr,1.00514814040823,0.875402151946162,1.1348941288703,S56Y,S56Y,0.5016,ambiguous,0.497840016588647,0.49839999999999995,False,56,False,False,False
urn:mavedb:00000078-b-1#1652,,,p.Ser56Trp,0.904800314656996,0.7143770540338791,1.09522357528011,S56W,S56W,0.6049,pathogenic,0.36288193858719126,0.3951,True,56,False,True,False
urn:mavedb:00000078-b-1#1653,,,p.Ser56Val,1.052343217291,0.8294869054822859,1.27519952909971,S56V,S56V,0.5896,pathogenic,0.3818714538539954,0.4104,False,56,False,True,False
urn:mavedb:00000078-b-1#1654,,,p.Ser56Thr,1.04812402334124,0.891548605317982,1.2046994413645,S56T,S56T,0.1623,benign,0.8451685238370172,0.8377,False,56,False,False,False
urn:mavedb:00000078-b-1#1656,,,p.Ser56Arg,0.5454524257108639,0.4373046614727249,0.653600189949004,S56R,S56R,0.8384,pathogenic,0.15444309511212456,0.16159999999999997,False,56,False,False,False
urn:mavedb:00000078-b-1#1657,,,p.Ser56Gln,1.0408335875217198,0.926599490094418,1.15506768494902,S56Q,S56Q,0.7346,pathogenic,0.22695158782495417,0.26539999999999997,True,56,False,True,False
urn:mavedb:00000078-b-1#1658,,,p.Ser56Pro,0.453602452998715,0.3250670416567789,0.5821378643406511,S56P,S56P,0.7872,pathogenic,0.18631349822108606,0.2128,False,56,False,False,False
urn:mavedb:00000078-b-1#1659,,,p.Ser56Asn,0.8850017123026129,0.747037585163585,1.02296583944164,S56N,S56N,0.4906,ambiguous,0.5126866372044877,0.5094000000000001,False,56,False,False,False
urn:mavedb:00000078-b-1#1660,,,p.Ser56Gly,1.0434014359353498,0.955491212107159,1.13131165976353,S56G,S56G,0.1711,benign,0.8401782542395487,0.8289,False,56,False,False,False
urn:mavedb:00000078-b-1#1661,,,p.Ser56Leu,1.01189928280053,0.944907043477604,1.07889152212345,S56L,S56L,0.344,ambiguous,0.696461871560189,0.656,False,56,False,False,False
urn:mavedb:00000078-b-1#1662,,,p.Ser56Ile,1.0340365137904,0.9104613847524292,1.1576116428283798,S56I,S56I,0.6638,pathogenic,0.2951029003010265,0.33620000000000005,True,56,False,True,False
urn:mavedb:00000078-b-1#1663,,,p.Ser56His,0.986409282703732,0.875139489502709,1.09767907590475,S56H,S56H,0.6597,pathogenic,0.2995148566076695,0.34030000000000005,True,56,False,True,False
urn:mavedb:00000078-b-1#1664,,,p.Ser56Cys,0.933398348087557,0.83633541529547,1.03046128087964,S56C,S56C,0.4284,ambiguous,0.5952003332731386,0.5716,False,56,False,False,False
urn:mavedb:00000078-b-1#1665,,,p.Ser56Phe,0.915960090321095,0.528764502290235,1.30315567835196,S56F,S56F,0.5753,pathogenic,0.4000395967260734,0.42469999999999997,False,56,False,False,False
urn:mavedb:00000078-b-1#1666,,,p.Ser56Glu,0.9901582951774108,0.541425099982665,1.4388914903721597,S56E,S56E,0.7535,pathogenic,0.2113828803706338,0.24650000000000005,True,56,False,True,False
urn:mavedb:00000078-b-1#1667,,,p.Ser56Asp,0.8420359309475259,0.371147410992721,1.31292445090233,S56D,S56D,0.6856,pathogenic,0.2724803119685556,0.3144,True,56,False,True,False
urn:mavedb:00000078-b-1#1668,,,p.Ser56Ala,1.09436664995274,0.890367954307032,1.29836534559846,S56A,S56A,0.1559,benign,0.8486731178267953,0.8441,False,56,False,False,False
urn:mavedb:00000078-b-1#1669,,,p.Phe55Tyr,0.7372806149145099,0.569759396921018,0.9048018329080028,F55Y,F55Y,0.7788,pathogenic,0.19224610079409593,0.22119999999999995,False,55,True,False,False
urn:mavedb:00000078-b-1#1671,,,p.Phe55Trp,1.11771203638131,0.766468522275848,1.46895555048677,F55W,F55W,0.8925,pathogenic,0.12800224895978057,0.10750000000000004,True,55,True,True,False
urn:mavedb:00000078-b-1#1672,,,p.Phe55Val,0.914872951734272,0.552400536177832,1.27734536729071,F55V,F55V,0.9076,pathogenic,0.12178481780423717,0.09240000000000004,True,55,True,True,False
urn:mavedb:00000078-b-1#1673,,,p.Phe55Asn,0.672226404502102,0.4960771623206311,0.848375646683573,F55N,F55N,0.9805,pathogenic,0.09770032431874795,0.019499999999999962,False,55,True,False,False
urn:mavedb:00000078-b-1#1674,,,p.Phe55Ser,0.512656968022209,0.335792472753793,0.689521463290624,F55S,F55S,0.954,pathogenic,0.1054147434817437,0.04600000000000004,False,55,True,False,False
urn:mavedb:00000078-b-1#1675,,,p.Phe55Arg,0.413340029837123,0.227197215553647,0.5994828441206,F55R,F55R,0.9631,pathogenic,0.1026424457397409,0.036900000000000044,False,55,True,False,False
urn:mavedb:00000078-b-1#1676,,,p.Phe55Pro,0.329874633003002,0.215463953661043,0.444285312344961,F55P,F55P,0.9941,pathogenic,0.09414589413044347,0.005900000000000016,False,55,True,False,False
urn:mavedb:00000078-b-1#1677,,,p.Phe55Gly,0.5433886987859939,0.3403852566293029,0.7463921409426841,F55G,F55G,0.9763,pathogenic,0.09885157067089988,0.023700000000000054,False,55,True,False,False
urn:mavedb:00000078-b-1#1678,,,p.Phe55Leu,0.988220540787682,0.6936499701490789,1.28279111142628,F55L,F55L,0.9705,pathogenic,0.10048449182744268,0.02949999999999997,True,55,True,True,False
urn:mavedb:00000078-b-1#1679,,,p.Phe55Ile,1.02772476311591,0.713143596078095,1.34230593015372,F55I,F55I,0.8953,pathogenic,0.12681366714386672,0.10470000000000002,True,55,True,True,False
urn:mavedb:00000078-b-1#1680,,,p.Phe55His,0.7466804115810161,0.5567108585603979,0.936649964601634,F55H,F55H,0.9752,pathogenic,0.09915738874541945,0.024800000000000044,False,55,True,False,False
urn:mavedb:00000078-b-1#1682,,,p.Phe55Glu,0.877451827311435,0.7433008743511859,1.01160278027168,F55E,F55E,0.9873,pathogenic,0.09589055582063583,0.012700000000000045,True,55,True,True,False
urn:mavedb:00000078-b-1#1683,,,p.Phe55Cys,0.277543896546307,-0.0417301062557179,0.5968178993483311,F55C,F55C,0.9658,pathogenic,0.10184523960708532,0.03420000000000001,False,55,True,False,False
urn:mavedb:00000078-b-1#1684,,,p.Val54Thr,0.6723087018394829,-0.0656478940533542,1.4102652977323202,V54T,V54T,0.8169,pathogenic,0.16695509363390848,0.18310000000000004,False,54,False,False,False
urn:mavedb:00000078-b-1#1685,,,p.Val54Tyr,1.09852947992525,0.947118121232911,1.2499408386176,V54Y,V54Y,0.9166,pathogenic,0.11829760363914954,0.08340000000000003,True,54,False,True,False
urn:mavedb:00000078-b-1#1688,,,p.Val54Pro,0.583298938685826,0.41931491978115,0.747282957590502,V54P,V54P,0.8186,pathogenic,0.16592108644422135,0.1814,False,54,False,False,False
urn:mavedb:00000078-b-1#1689,,,p.Val54Ser,0.413271979318019,0.1369919673476509,0.6895519912883871,V54S,V54S,0.7392,pathogenic,0.2230607811058623,0.26080000000000003,False,54,False,False,False
urn:mavedb:00000078-b-1#1690,,,p.Val54Arg,0.1984713831206,0.0391676088794354,0.3577751573617649,V54R,V54R,0.7931,pathogenic,0.18226918996743163,0.20689999999999997,False,54,False,False,False
urn:mavedb:00000078-b-1#1691,,,p.Val54Gln,0.563026464301986,0.453409278324935,0.6726436502790379,V54Q,V54Q,0.8673,pathogenic,0.1394687898506927,0.13270000000000004,False,54,False,False,False
urn:mavedb:00000078-b-1#1692,,,p.Val54Lys,0.535645660942566,0.4714396603208689,0.5998516615642641,V54K,V54K,0.9363,pathogenic,0.11120143222178144,0.06369999999999998,False,54,False,False,False
urn:mavedb:00000078-b-1#1694,,,p.Cys85Trp,0.0385575400501887,-0.100525562241714,0.177640642342091,C85W,C85W,0.7397,pathogenic,0.2226418192798254,0.2603,False,85,False,False,False
urn:mavedb:00000078-b-1#1695,,,p.Cys85Val,1.05632345889848,0.997133556387157,1.1155133614098,C85V,C85V,0.2366,benign,0.7963350442450229,0.7634,False,85,False,False,False
urn:mavedb:00000078-b-1#1696,,,p.Cys85Thr,0.916616644695522,0.8594314462148871,0.973801843176157,C85T,C85T,0.4447,ambiguous,0.5739775520058481,0.5553,False,85,False,False,False
urn:mavedb:00000078-b-1#1697,,,p.Cys85Ser,0.7977127109625191,0.6819810277111271,0.91344439421391,C85S,C85S,0.3775,ambiguous,0.6583113749533466,0.6225,False,85,False,False,False
urn:mavedb:00000078-b-1#1698,,,p.Cys85Arg,0.0384956721012821,-0.0426623260280221,0.119653670230586,C85R,C85R,0.9659,pathogenic,0.10181593219603705,0.03410000000000002,False,85,False,False,False
urn:mavedb:00000078-b-1#1699,,,p.Cys85Gln,-0.0673570645342232,-0.216285350549341,0.0815712214808947,C85Q,C85Q,0.965,pathogenic,0.10208025974872491,0.03500000000000003,False,85,False,False,False
urn:mavedb:00000078-b-1#1700,,,p.Cys85Pro,0.515286389705506,0.427500138990694,0.603072640420318,C85P,C85P,0.9736,pathogenic,0.09960543647909696,0.02639999999999998,False,85,False,False,False
urn:mavedb:00000078-b-1#1701,,,p.Cys85Asn,-0.113175607884198,-0.243505044500563,0.0171538287321678,C85N,C85N,0.875,pathogenic,0.13581451840919853,0.125,False,85,False,False,False
urn:mavedb:00000078-b-1#1702,,,p.Cys85Met,1.0911991190424102,0.981727543158944,1.20067069492587,C85M,C85M,0.4631,ambiguous,0.5496125067164271,0.5368999999999999,False,85,False,False,False
urn:mavedb:00000078-b-1#1703,,,p.Cys85Leu,1.12305714031661,1.0686739156346998,1.17744036499852,C85L,C85L,0.2662,benign,0.7723650473201872,0.7338,False,85,False,False,False
urn:mavedb:00000078-b-1#1704,,,p.Cys85Lys,0.014300937404449,-0.254554176077874,0.283156050886772,C85K,C85K,0.9939,pathogenic,0.09419629799287946,0.006099999999999994,False,85,False,False,False
urn:mavedb:00000078-b-1#1705,,,p.Cys85Glu,0.0788958662281113,-0.529757532600079,0.6875492650563011,C85E,C85E,0.9854,pathogenic,0.09638958184743027,0.014599999999999946,False,85,False,False,False
urn:mavedb:00000078-b-1#1706,,,p.Cys85His,-0.1290422050997469,-0.277410504634864,0.0193260944353696,C85H,C85H,0.9549,pathogenic,0.10513459257099345,0.04510000000000003,False,85,False,False,False
urn:mavedb:00000078-b-1#1707,,,p.Cys85Gly,0.7862307794918159,0.694684502479577,0.877777056504054,C85G,C85G,0.2255,benign,0.8046366615697466,0.7745,False,85,False,False,False
urn:mavedb:00000078-b-1#1708,,,p.Cys85Phe,0.9378486212824308,0.7926210723604951,1.08307617020437,C85F,C85F,0.2365,benign,0.7964114861688174,0.7635000000000001,False,85,False,False,False
urn:mavedb:00000078-b-1#1709,,,p.Cys85Asp,-0.0507741805730177,-0.234870096238547,0.133321735092512,C85D,C85D,0.9738,pathogenic,0.09954922090571892,0.0262,False,85,False,False,False
urn:mavedb:00000078-b-1#1711,,,p.Cys85Ala,0.919593487393282,0.770320709686621,1.06886626509994,C85A,C85A,0.4214,ambiguous,0.6041861464570598,0.5786,False,85,False,False,False
urn:mavedb:00000078-b-1#1712,,,p.Gly84Tyr,1.17086976729157,1.0550776132927,1.28666192129045,G84Y,G84Y,0.9751,pathogenic,0.09918527966516383,0.024900000000000033,True,84,False,True,False
urn:mavedb:00000078-b-1#1713,,,p.Gly84Ile,0.461214148393589,0.0396085155047518,0.882819781282427,G84I,G84I,0.9445,pathogenic,0.10845403040545873,0.055499999999999994,False,84,False,False,False
urn:mavedb:00000078-b-1#1715,,,p.Gly84Trp,1.22664212362417,1.11387988491344,1.33940436233491,G84W,G84W,0.9345,pathogenic,0.11182034186450679,0.0655,True,84,False,True,False
urn:mavedb:00000078-b-1#1716,,,p.Gly84Val,0.703120677636875,0.57767193671177,0.82856941856198,G84V,G84V,0.9025,pathogenic,0.12383239992231401,0.09750000000000003,False,84,False,False,False
urn:mavedb:00000078-b-1#1717,,,p.Gly84Thr,0.8606099653587621,0.664261387407457,1.05695854331007,G84T,G84T,0.9163,pathogenic,0.11841129696370599,0.0837,True,84,False,True,False
urn:mavedb:00000078-b-1#1718,,,p.Gly84Ser,0.92470187611351,0.760071871481114,1.08933188074591,G84S,G84S,0.6867,pathogenic,0.27137676874026967,0.3133,True,84,False,True,False
urn:mavedb:00000078-b-1#1719,,,p.Gly84Arg,0.30946496724221,0.223061570804446,0.3958683636799729,G84R,G84R,0.9401,pathogenic,0.1099136681875722,0.05989999999999995,False,84,False,False,False
urn:mavedb:00000078-b-1#1720,,,p.Gly84Gln,1.03675852009631,0.947129067356896,1.12638797283573,G84Q,G84Q,0.9711,pathogenic,0.10031321628644095,0.028900000000000037,True,84,False,True,False
urn:mavedb:00000078-b-1#1721,,,p.Gly84Pro,0.46587599958844,0.39604116226004,0.53571083691684,G84P,G84P,0.9498,pathogenic,0.10673978221183392,0.05020000000000002,False,84,False,False,False
urn:mavedb:00000078-b-1#1722,,,p.Gly84Asn,0.976022598012026,0.912836176837634,1.03920901918642,G84N,G84N,0.9815,pathogenic,0.09743001695379284,0.01849999999999996,True,84,False,True,False
urn:mavedb:00000078-b-1#1723,,,p.Gly84Met,0.8953740756059221,0.6166657335953011,1.17408241761654,G84M,G84M,0.9875,pathogenic,0.09583832322764917,0.012499999999999956,True,84,False,True,False
urn:mavedb:00000078-b-1#1724,,,p.Gly84Leu,1.07493114079356,0.976762920201578,1.17309936138555,G84L,G84L,0.9502,pathogenic,0.10661232553310919,0.049799999999999955,True,84,False,True,False
urn:mavedb:00000078-b-1#1725,,,p.Gly84Lys,0.323573905941175,0.22551010528035,0.421637706602,G84K,G84K,0.9895,pathogenic,0.0953190830313144,0.010499999999999954,False,84,False,False,False
urn:mavedb:00000078-b-1#1726,,,p.Gly84Glu,0.9786207549755748,0.923855468584783,1.03338604136637,G84E,G84E,0.9737,pathogenic,0.099577321189078,0.02629999999999999,True,84,False,True,False
urn:mavedb:00000078-b-1#1727,,,p.Gly84His,1.08443954395189,0.984169675061333,1.18470941284245,G84H,G84H,0.9817,pathogenic,0.09737612933997351,0.018299999999999983,True,84,False,True,False
urn:mavedb:00000078-b-1#1729,,,p.Gly84Phe,1.06055033663647,0.91706888307329,1.20403179019966,G84F,G84F,0.9708,pathogenic,0.10039878561504614,0.029200000000000004,True,84,False,True,False
urn:mavedb:00000078-b-1#1730,,,p.Gly84Asp,1.03363040250908,0.904217064199056,1.1630437408191,G84D,G84D,0.969,pathogenic,0.10091508278590974,0.031000000000000028,True,84,False,True,False
urn:mavedb:00000078-b-1#1731,,,p.Gly84Cys,0.907192963784836,0.77413259208105,1.04025333548862,G84C,G84C,0.8878,pathogenic,0.13003482626813523,0.11219999999999997,True,84,False,True,False
urn:mavedb:00000078-b-1#1732,,,p.Gly84Ala,0.99479015159888,0.8749532804761859,1.1146270227215702,G84A,G84A,0.7027,pathogenic,0.2557452841320518,0.2973,True,84,False,True,False
urn:mavedb:00000078-b-1#1733,,,p.Phe83Ala,0.752355118037287,0.527986424171028,0.9767238119035472,F83A,F83A,0.7611,pathogenic,0.2054314660341765,0.2389,False,83,False,False,False
urn:mavedb:00000078-b-1#1734,,,p.Phe83Tyr,1.0086508415152,0.881526149111112,1.13577553391929,F83Y,F83Y,0.2459,benign,0.789093369932081,0.7541,False,83,False,False,False
urn:mavedb:00000078-b-1#1736,,,p.Phe83Val,0.608461117164408,0.524898578862192,0.6920236554666249,F83V,F83V,0.5524,ambiguous,0.4298370023418072,0.4476,False,83,False,False,False
urn:mavedb:00000078-b-1#1737,,,p.Phe83Thr,0.434729137731846,0.317204093946677,0.552254181517015,F83T,F83T,0.7881,pathogenic,0.18569006843346453,0.21189999999999998,False,83,False,False,False
urn:mavedb:00000078-b-1#1738,,,p.Phe83Ser,0.2771447111809699,0.108359543176107,0.445929879185833,F83S,F83S,0.7305,pathogenic,0.2304748568768129,0.26949999999999996,False,83,False,False,False
urn:mavedb:00000078-b-1#1739,,,p.Phe83Arg,0.1243313339606819,-0.0940909827906621,0.342753650712026,F83R,F83R,0.9632,pathogenic,0.10261271563357281,0.036800000000000055,False,83,False,False,False
urn:mavedb:00000078-b-1#1740,,,p.Phe83Gln,0.141558633470678,0.0156385952609795,0.267478671680376,F83Q,F83Q,0.9699,pathogenic,0.10065631566193772,0.030100000000000016,False,83,False,False,False
urn:mavedb:00000078-b-1#1741,,,p.Phe83Pro,0.170781382879474,0.0684793768239226,0.273083388935026,F83P,F83P,0.9553,pathogenic,0.10501050646334284,0.04469999999999996,False,83,False,False,False
urn:mavedb:00000078-b-1#1742,,,p.Phe83Asn,0.251890306466856,-0.0049353981968176,0.50871601113053,F83N,F83N,0.939,pathogenic,0.11028383187374835,0.061000000000000054,False,83,False,False,False
urn:mavedb:00000078-b-1#1743,,,p.Phe83Met,0.6485412668164189,0.479501632552455,0.817580901080383,F83M,F83M,0.7946,pathogenic,0.18125694170115375,0.20540000000000003,False,83,False,False,False
urn:mavedb:00000078-b-1#1744,,,p.Phe83Leu,0.8663771811657549,0.745235023436505,0.987519338895005,F83L,F83L,0.8299,pathogenic,0.15924453149475087,0.17010000000000003,True,83,False,True,False
urn:mavedb:00000078-b-1#1745,,,p.Phe83Lys,-0.114459686924884,-0.180708198910754,-0.0482111749390132,F83K,F83K,0.9888,pathogenic,0.09550018042824412,0.011199999999999988,False,83,False,False,False
urn:mavedb:00000078-b-1#1746,,,p.Phe83Ile,0.784481846667408,0.586381066771955,0.9825826265628608,F83I,F83I,0.5741,pathogenic,0.4015808859530697,0.42589999999999995,False,83,False,False,False
urn:mavedb:00000078-b-1#1747,,,p.Phe83His,0.6184868304382221,0.50147728575872,0.735496375117725,F83H,F83H,0.918,pathogenic,0.11776932481577618,0.08199999999999996,False,83,False,False,False
urn:mavedb:00000078-b-1#1748,,,p.Phe83Gly,0.40532102116692,0.229089085788915,0.581552956544925,F83G,F83G,0.8682,pathogenic,0.1390346266030656,0.13180000000000003,False,83,False,False,False
urn:mavedb:00000078-b-1#1750,,,p.Phe83Glu,0.202741472177108,-0.111554676779919,0.517037621134136,F83E,F83E,0.9827,pathogenic,0.097107557576543,0.017299999999999982,False,83,False,False,False
urn:mavedb:00000078-b-1#1751,,,p.Phe83Asp,-0.0356355227790734,-0.151435008306124,0.080163962747977,F83D,F83D,0.9737,pathogenic,0.099577321189078,0.02629999999999999,False,83,False,False,False
urn:mavedb:00000078-b-1#1752,,,p.Ile82Lys,0.314513861283997,-0.171467370311404,0.800495092879397,I82K,I82K,0.8844,pathogenic,0.13153487089554106,0.11560000000000004,False,82,False,False,False
urn:mavedb:00000078-b-1#1753,,,p.Ile82Tyr,0.773772449291204,0.5547654482698811,0.992779450312526,I82Y,I82Y,0.6494,pathogenic,0.31081177393397613,0.3506,False,82,False,False,False
urn:mavedb:00000078-b-1#1755,,,p.Ile82Trp,0.8530505037846858,0.130905149579069,1.5751958579903,I82W,I82W,0.8237,pathogenic,0.1628657262151471,0.1763,True,82,False,True,False
urn:mavedb:00000078-b-1#1756,,,p.Ile82Val,0.9228573150147992,0.7800221199140179,1.06569251011558,I82V,I82V,0.0809,benign,0.8826431154868942,0.9191,False,82,False,False,False
urn:mavedb:00000078-b-1#1757,,,p.Ile82Thr,0.922057182757084,0.801296258467779,1.04281810704639,I82T,I82T,0.6416,pathogenic,0.31956509604718203,0.35840000000000005,True,82,False,True,False
urn:mavedb:00000078-b-1#1758,,,p.Ile82Ser,0.713007677561972,0.603486890007872,0.8225284651160709,I82S,I82S,0.6537,pathogenic,0.3060588571575781,0.34630000000000005,False,82,False,False,False
urn:mavedb:00000078-b-1#1759,,,p.Ile82Arg,0.153406084347909,0.0653476891779317,0.241464479517886,I82R,I82R,0.7873,pathogenic,0.1862441122144023,0.2127,False,82,False,False,False
urn:mavedb:00000078-b-1#1760,,,p.Ile82Gln,0.477102094070974,0.263685265782733,0.690518922359215,I82Q,I82Q,0.8936,pathogenic,0.12753333358506339,0.10640000000000005,False,82,False,False,False
urn:mavedb:00000078-b-1#1761,,,p.Ile82Pro,-0.0160605807552277,-0.166976012915218,0.134854851404762,I82P,I82P,0.9041,pathogenic,0.12318436047038105,0.09589999999999999,False,82,False,False,False
urn:mavedb:00000078-b-1#1762,,,p.Ile82Asn,0.389943374204101,0.188320101012513,0.59156664739569,I82N,I82N,0.7059,pathogenic,0.2527139274284974,0.29410000000000003,False,82,False,False,False
urn:mavedb:00000078-b-1#1763,,,p.Ile82Met,0.950221678799568,0.8890519587408,1.0113913988583398,I82M,I82M,0.2411,benign,0.7928638295957818,0.7589,False,82,False,False,False
urn:mavedb:00000078-b-1#1764,,,p.Ile82Leu,1.02219160128637,0.98667410113258,1.05770910144016,I82L,I82L,0.1149,benign,0.8687760168350699,0.8851,False,82,False,False,False
urn:mavedb:00000078-b-1#1765,,,p.Ile82Phe,0.8545556132718342,0.7838817583132951,0.925229468230372,I82F,I82F,0.2514,benign,0.7846864721430132,0.7485999999999999,False,82,False,False,False
urn:mavedb:00000078-b-1#1766,,,p.Asn80His,0.5980193969020511,0.406653421928235,0.789385371875868,N80H,N80H,0.855,pathogenic,0.14559349250765802,0.14500000000000002,False,80,False,False,True
urn:mavedb:00000078-b-1#1767,,,p.Asn80Gly,0.5568576437739,0.4495564046257801,0.664158882922021,N80G,N80G,0.9103,pathogenic,0.12072191816855979,0.0897,False,80,False,False,True
urn:mavedb:00000078-b-1#1768,,,p.Asn80Phe,0.7100203973075061,0.5863678081028979,0.833672986512113,N80F,N80F,0.9859,pathogenic,0.0962577638554809,0.014100000000000001,False,80,False,False,True
urn:mavedb:00000078-b-1#1769,,,p.Asn80Glu,0.741738093536313,0.6573416810393029,0.8261345060333221,N80E,N80E,0.9834,pathogenic,0.09692041387339023,0.016599999999999948,False,80,False,False,True
urn:mavedb:00000078-b-1#1770,,,p.Asn80Asp,0.670049231622926,0.547438519080962,0.792659944164889,N80D,N80D,0.8759,pathogenic,0.13539621984525646,0.12409999999999999,False,80,False,False,True
urn:mavedb:00000078-b-1#1771,,,p.Asn80Cys,0.481977785586095,0.222781829283724,0.7411737418884659,N80C,N80C,0.9106,pathogenic,0.12060471083526637,0.08940000000000003,False,80,False,False,True
urn:mavedb:00000078-b-1#1772,,,p.Ser79Gly,0.743342507314695,0.663167045297443,0.823517969331947,S79G,S79G,0.3302,benign,0.7112649093030166,0.6698,False,79,False,False,False
urn:mavedb:00000078-b-1#1773,,,p.Ser79Val,0.6511392807144771,0.5884833465561999,0.7137952148727541,S79V,S79V,0.8804,pathogenic,0.13333200139559193,0.11960000000000004,False,79,False,False,False
urn:mavedb:00000078-b-1#1774,,,p.Ser79Thr,0.8773760262101229,0.6451222537667262,1.10962979865352,S79T,S79T,0.3523,ambiguous,0.6872948275450728,0.6476999999999999,False,79,False,False,False
urn:mavedb:00000078-b-1#1776,,,p.Ser79Arg,0.633688316051818,0.504415847154021,0.7629607849496159,S79R,S79R,0.9261,pathogenic,0.11478590673856194,0.07389999999999997,False,79,False,False,False
urn:mavedb:00000078-b-1#1777,,,p.Ser79Pro,0.970418365796844,0.8704223411607059,1.07041439043298,S79P,S79P,0.1945,benign,0.8259068520270594,0.8055,False,79,False,False,False
urn:mavedb:00000078-b-1#1778,,,p.Ser79Asn,1.02997665589672,0.805590829622717,1.25436248217073,S79N,S79N,0.5251,ambiguous,0.46617889874580615,0.4749,False,79,False,False,False
urn:mavedb:00000078-b-1#1779,,,p.Ser79Met,0.65978976301698,0.407274280205036,0.912305245828923,S79M,S79M,0.879,pathogenic,0.13396935488996758,0.121,False,79,False,False,False
urn:mavedb:00000078-b-1#1780,,,p.Ser79Leu,0.549751873460806,0.307135684477465,0.792368062444147,S79L,S79L,0.7977,pathogenic,0.1791853220916651,0.20230000000000004,False,79,False,False,False
urn:mavedb:00000078-b-1#1781,,,p.Ser79Lys,0.5798931392832181,0.463973372143628,0.695812906422808,S79K,S79K,0.9518,pathogenic,0.10610516540638953,0.04820000000000002,False,79,False,False,False
urn:mavedb:00000078-b-1#1782,,,p.Ser79Ile,0.518849600617378,0.444479906827844,0.593219294406911,S79I,S79I,0.9242,pathogenic,0.11547465457061454,0.07579999999999998,False,79,False,False,False
urn:mavedb:00000078-b-1#1783,,,p.Ser79His,0.958160123471842,0.86327699317467,1.05304325376901,S79H,S79H,0.7624,pathogenic,0.20443103717890043,0.23760000000000003,True,79,False,True,False
urn:mavedb:00000078-b-1#1784,,,p.Ser79Ala,1.1110640301089298,0.942665461547134,1.27946259867072,S79A,S79A,0.3659,ambiguous,0.6718618443769632,0.6341,False,79,False,False,False
urn:mavedb:00000078-b-1#1785,,,p.Ser79Glu,0.991287921243738,0.90576943146846,1.07680641101902,S79E,S79E,0.8405,pathogenic,0.15328544494712681,0.15949999999999998,True,79,False,True,False
urn:mavedb:00000078-b-1#1786,,,p.Ser79Asp,1.13784288513388,0.827772558267931,1.44791321199982,S79D,S79D,0.6465,pathogenic,0.314046541692977,0.35350000000000004,True,79,False,True,False
urn:mavedb:00000078-b-1#1787,,,p.Ser79Cys,0.837166325376226,0.614492823347199,1.05983982740525,S79C,S79C,0.5933,pathogenic,0.37723436340985694,0.40669999999999995,False,79,False,True,False
urn:mavedb:00000078-b-1#1789,,,p.Gln78Tyr,0.69531210709498,0.456892925637666,0.933731288552294,Q78Y,Q78Y,0.8908,pathogenic,0.1287319861495339,0.10919999999999996,False,78,False,False,False
urn:mavedb:00000078-b-1#1790,,,p.Gln78His,0.454146144000856,0.0185644538603481,0.8897278341413639,Q78H,Q78H,0.8207,pathogenic,0.16465454901549806,0.17930000000000001,False,78,False,False,False
urn:mavedb:00000078-b-1#1791,,,p.Gln78Trp,0.896777495570544,0.5295809986962129,1.2639739924448798,Q78W,Q78W,0.8925,pathogenic,0.12800224895978057,0.10750000000000004,True,78,False,True,False
urn:mavedb:00000078-b-1#1792,,,p.Gln78Val,1.03394033769223,0.9111646287745492,1.15671604660992,Q78V,Q78V,0.3778,ambiguous,0.6579563876350115,0.6222,False,78,False,False,False
urn:mavedb:00000078-b-1#1793,,,p.Gln78Thr,0.7429245532881691,0.4112358087294529,1.07461329784689,Q78T,Q78T,0.5822,pathogenic,0.39122601772576016,0.41779999999999995,False,78,False,False,False
urn:mavedb:00000078-b-1#1794,,,p.Gln78Ser,0.8116210172843109,0.7170058248662159,0.9062362097024068,Q78S,Q78S,0.7333,pathogenic,0.22806306530510745,0.26670000000000005,True,78,False,True,False
urn:mavedb:00000078-b-1#1795,,,p.Gln78Arg,0.737753055599163,0.616558288311332,0.8589478228869949,Q78R,Q78R,0.3124,benign,0.7295233828077999,0.6876,False,78,False,False,False
urn:mavedb:00000078-b-1#1797,,,p.Gln78Pro,0.373924542477561,0.0731402359074571,0.674708849047666,Q78P,Q78P,0.515,ambiguous,0.4797636576873799,0.485,False,78,False,False,False
urn:mavedb:00000078-b-1#1798,,,p.Gln78Asn,0.397400476285954,0.291355859287153,0.5034450932847561,Q78N,Q78N,0.8796,pathogenic,0.13369566962695972,0.12039999999999995,False,78,False,False,False
urn:mavedb:00000078-b-1#1799,,,p.Gln78Met,0.944686198133542,0.7501333155607359,1.1392390807063502,Q78M,Q78M,0.6732,pathogenic,0.2851739455532358,0.3268,True,78,False,True,False
urn:mavedb:00000078-b-1#1800,,,p.Gln78Leu,1.12748667591683,1.0890478286173,1.16592552321636,Q78L,Q78L,0.4231,ambiguous,0.6020116182140035,0.5769,False,78,False,False,False
urn:mavedb:00000078-b-1#1801,,,p.Gln78Lys,0.702333642766038,0.592063039903982,0.8126042456280941,Q78K,Q78K,0.3997,ambiguous,0.6314612088258107,0.6003000000000001,False,78,False,False,False
urn:mavedb:00000078-b-1#1802,,,p.Gln78Ile,0.9321490057751408,0.714553211636457,1.14974479991383,Q78I,Q78I,0.6044,pathogenic,0.3634945469174052,0.39559999999999995,True,78,False,True,False
urn:mavedb:00000078-b-1#1803,,,p.Gln78Asp,0.547425781701129,0.358452351254,0.7363992121482571,Q78D,Q78D,0.9554,pathogenic,0.10497952575564451,0.04459999999999997,False,78,False,False,False
urn:mavedb:00000078-b-1#1804,,,p.Gln78Gly,0.6842529487144351,0.597280062872126,0.771225834556744,Q78G,Q78G,0.736,pathogenic,0.22576048103726581,0.264,False,78,False,False,False
urn:mavedb:00000078-b-1#1805,,,p.Gln78Phe,1.01632005260747,0.8849527157362349,1.1476873894787,Q78F,Q78F,0.8913,pathogenic,0.12851671917715002,0.10870000000000002,True,78,False,True,False
urn:mavedb:00000078-b-1#1806,,,p.Gln78Glu,0.6203411457099921,0.42039378299075,0.820288508429235,Q78E,Q78E,0.2528,benign,0.7835498917975733,0.7472,False,78,False,False,False
urn:mavedb:00000078-b-1#1807,,,p.Gln78Cys,0.904665759814232,0.473335661042365,1.3359958585861,Q78C,Q78C,0.9521,pathogenic,0.10601054625336703,0.047900000000000054,True,78,False,True,False
urn:mavedb:00000078-b-1#1808,,,p.Gln78Ala,1.03736422748491,0.987118117905933,1.08761033706389,Q78A,Q78A,0.5397,ambiguous,0.44665698200044257,0.46030000000000004,False,78,False,False,False
urn:mavedb:00000078-b-1#1809,,,p.Asn77His,0.2949550902387849,-0.1543720451734,0.7442822256509691,N77H,N77H,0.554,ambiguous,0.4277311049397663,0.44599999999999995,False,77,False,False,False
urn:mavedb:00000078-b-1#1810,,,p.Asn77Tyr,0.6462862475739151,0.497287276040096,0.795285219107734,N77Y,N77Y,0.6202,pathogenic,0.3444159105542474,0.3798,False,77,False,False,False
urn:mavedb:00000078-b-1#1812,,,p.Asn77Trp,0.555563563713292,0.439809404833494,0.67131772259309,N77W,N77W,0.947,pathogenic,0.10763949856065141,0.05300000000000005,False,77,False,False,False
urn:mavedb:00000078-b-1#1813,,,p.Asn77Val,0.4716421990155321,0.42260636894585,0.520678029085213,N77V,N77V,0.6091,pathogenic,0.35775831902559346,0.3909,False,77,False,False,False
urn:mavedb:00000078-b-1#1814,,,p.Asn77Thr,0.5108715403792949,0.414169209892258,0.6075738708663311,N77T,N77T,0.6522,pathogenic,0.30771091836369324,0.3478,False,77,False,False,False
urn:mavedb:00000078-b-1#1815,,,p.Asn77Ser,0.494668998859867,0.413076578492874,0.5762614192268609,N77S,N77S,0.3293,benign,0.7122109106914323,0.6707000000000001,False,77,False,False,False
urn:mavedb:00000078-b-1#1816,,,p.Asn77Arg,0.360696068584308,0.255788945820235,0.465603191348381,N77R,N77R,0.8227,pathogenic,0.1634593284683689,0.1773,False,77,False,False,False
urn:mavedb:00000078-b-1#1817,,,p.Asn77Gln,0.622114759803876,0.5187916083558181,0.725437911251934,N77Q,N77Q,0.8527,pathogenic,0.14677898837565695,0.1473,False,77,False,False,False
urn:mavedb:00000078-b-1#1818,,,p.Asn77Pro,0.319659258390542,0.170274931419155,0.4690435853619289,N77P,N77P,0.8464,pathogenic,0.1500926189890438,0.15359999999999996,False,77,False,False,False
urn:mavedb:00000078-b-1#1819,,,p.Asn77Met,0.594543141989486,0.4567475306779461,0.732338753301025,N77M,N77M,0.83,pathogenic,0.1591869541025632,0.17000000000000004,False,77,False,False,False
urn:mavedb:00000078-b-1#1820,,,p.Asn77Leu,0.530186259753452,0.434112173465055,0.626260346041849,N77L,N77L,0.5926,pathogenic,0.37810953030486555,0.4074,False,77,False,False,False
urn:mavedb:00000078-b-1#1821,,,p.Asn77Lys,0.1794083985734969,0.124185071533689,0.234631725613305,N77K,N77K,0.9058,pathogenic,0.12250150288368605,0.09419999999999995,False,77,False,False,False
urn:mavedb:00000078-b-1#1822,,,p.Asn77Ile,0.4435979114541239,0.330672497463754,0.5565233254444929,N77I,N77I,0.6161,pathogenic,0.349309833967449,0.3839,False,77,False,False,False
urn:mavedb:00000078-b-1#1823,,,p.Asn77Asp,0.586573123906911,0.511801354805561,0.6613448930082599,N77D,N77D,0.6959,pathogenic,0.262292266645724,0.30410000000000004,False,77,False,False,False
urn:mavedb:00000078-b-1#1824,,,p.Asn77Gly,0.5668626905707089,0.4788514818123351,0.654873899329083,N77G,N77G,0.7851,pathogenic,0.18777731828354655,0.21489999999999998,False,77,False,False,False
urn:mavedb:00000078-b-1#1825,,,p.Asn77Phe,0.583818372262225,0.400638538855382,0.7669982056690671,N77F,N77F,0.9168,pathogenic,0.11822190446682425,0.08320000000000005,False,77,False,False,False
urn:mavedb:00000078-b-1#1826,,,p.Asn77Glu,0.4908126114981161,0.421320033460523,0.560305189535708,N77E,N77E,0.9126,pathogenic,0.11982786040855141,0.08740000000000003,False,77,False,False,False
urn:mavedb:00000078-b-1#1827,,,p.Asn77Cys,0.395228079799109,0.218610281814645,0.571845877783574,N77C,N77C,0.7736,pathogenic,0.19602272108730817,0.22640000000000005,False,77,False,False,False
urn:mavedb:00000078-b-1#1828,,,p.Asn77Ala,0.5122050336144329,0.424652566584675,0.59975750064419,N77A,N77A,0.7968,pathogenic,0.17978394056521102,0.20320000000000005,False,77,False,False,False
urn:mavedb:00000078-b-1#1829,,,p.Leu76Trp,1.00051204935654,0.906173646062569,1.0948504526505,L76W,L76W,0.2366,benign,0.7963350442450229,0.7634,False,76,False,False,False
urn:mavedb:00000078-b-1#1830,,,p.Leu76Tyr,0.963774785237704,0.869395808369409,1.058153762106,L76Y,L76Y,0.6083,pathogenic,0.35873114745613605,0.39170000000000005,True,76,False,True,False
urn:mavedb:00000078-b-1#1831,,,p.Leu76Gly,0.377795358798468,0.324012158283608,0.431578559313329,L76G,L76G,0.8035,pathogenic,0.1753825317377815,0.1965,False,76,False,False,False
urn:mavedb:00000078-b-1#1832,,,p.Leu76Val,0.928533479362921,0.8705966761728071,0.986470282553035,L76V,L76V,0.1868,benign,0.8307672888050597,0.8132,False,76,False,False,False
urn:mavedb:00000078-b-1#1833,,,p.Leu76Thr,0.437024830800376,0.384049018824691,0.490000642776061,L76T,L76T,0.7495,pathogenic,0.21458605056694263,0.25049999999999994,False,76,False,False,False
urn:mavedb:00000078-b-1#1834,,,p.Leu76Ser,0.3028158177872801,0.231782297607591,0.373849337966969,L76S,L76S,0.8233,pathogenic,0.16310284722949045,0.17669999999999997,False,76,False,False,False
urn:mavedb:00000078-b-1#1835,,,p.Leu76Arg,0.0545426010157455,-0.0742627276758588,0.18334792970735,L76R,L76R,0.7991,pathogenic,0.1782587079439703,0.20089999999999997,False,76,False,False,False
urn:mavedb:00000078-b-1#1836,,,p.Leu76Gln,0.2102088094647929,0.118482878407071,0.301934740522514,L76Q,L76Q,0.8002,pathogenic,0.1775345472164333,0.19979999999999998,False,76,False,False,False
urn:mavedb:00000078-b-1#1837,,,p.Leu76Pro,0.324470638534139,0.244736646926043,0.4042046301422361,L76P,L76P,0.6792,pathogenic,0.2789739017283642,0.3208,False,76,False,False,False
urn:mavedb:00000078-b-1#1838,,,p.Leu76Asn,-0.238403193572378,-0.3802330093067871,-0.0965733778379684,L76N,L76N,0.9597,pathogenic,0.10366269088481034,0.0403,False,76,False,False,False
urn:mavedb:00000078-b-1#1839,,,p.Leu76Met,1.08645841522672,1.02574604543622,1.14717078501721,L76M,L76M,0.2239,benign,0.8058029588261979,0.7761,False,76,False,False,False
urn:mavedb:00000078-b-1#1841,,,p.Leu76Lys,0.0592287266449057,-0.246180593677197,0.364638046967009,L76K,L76K,0.9494,pathogenic,0.10686750649715418,0.05059999999999998,False,76,False,False,False
urn:mavedb:00000078-b-1#1842,,,p.Leu76Ile,0.9854060922184,0.828356756144801,1.142455428292,L76I,L76I,0.2195,benign,0.8089712348260074,0.7805,False,76,False,False,False
urn:mavedb:00000078-b-1#1843,,,p.Leu76His,0.495000848398284,0.381900201143387,0.6081014956531811,L76H,L76H,0.8413,pathogenic,0.1528473810725125,0.15869999999999995,False,76,False,False,False
urn:mavedb:00000078-b-1#1844,,,p.Leu76Cys,0.518496911453153,0.460204271929154,0.576789550977151,L76C,L76C,0.6229,pathogenic,0.34121565825357847,0.3771,False,76,False,False,False
urn:mavedb:00000078-b-1#1845,,,p.Leu76Phe,1.05920706313722,0.8595699921843821,1.25884413409006,L76F,L76F,0.0713,benign,0.8861457620145319,0.9287,False,76,False,False,False
urn:mavedb:00000078-b-1#1846,,,p.Leu76Glu,0.178988646631743,-0.0330680568189556,0.391045350082442,L76E,L76E,0.9535,pathogenic,0.10557095708098868,0.046499999999999986,False,76,False,False,False
urn:mavedb:00000078-b-1#1847,,,p.Leu76Asp,0.269814135358902,0.0820329736014474,0.4575952971163561,L76D,L76D,0.9865,pathogenic,0.09610004990193693,0.013499999999999956,False,76,False,False,False
urn:mavedb:00000078-b-1#1848,,,p.Leu76Ala,1.0658049704947,0.8063242848659999,1.3252856561234,L76A,L76A,0.5193,ambiguous,0.47397407669067687,0.4807,False,76,False,False,False
urn:mavedb:00000078-b-1#1849,,,p.Ile75Thr,0.8009115966142191,0.5938230322330511,1.00800016099539,I75T,I75T,0.3781,ambiguous,0.6576011759558006,0.6219,False,75,False,False,False
urn:mavedb:00000078-b-1#1850,,,p.Ile75Tyr,1.02215740066494,0.978308553886514,1.06600624744337,I75Y,I75Y,0.3925,ambiguous,0.6402945570870323,0.6074999999999999,False,75,False,False,False
urn:mavedb:00000078-b-1#1852,,,p.Ile75Trp,0.91771300210321,0.8633332700876459,0.972092734118774,I75W,I75W,0.5054,ambiguous,0.49271063766226086,0.49460000000000004,False,75,False,False,False
urn:mavedb:00000078-b-1#1853,,,p.Ile75Val,0.984323878901246,0.8567534198259009,1.1118943379765902,I75V,I75V,0.0675,benign,0.8874851846894923,0.9325,False,75,False,False,False
urn:mavedb:00000078-b-1#1854,,,p.Ile75Glu,0.488778443545798,0.344356334288382,0.633200552803214,I75E,I75E,0.7019,pathogenic,0.25650808774563566,0.29810000000000003,False,75,False,False,False
urn:mavedb:00000078-b-1#1855,,,p.Ile75Ser,0.568495168549125,0.329247030075341,0.8077433070229091,I75S,I75S,0.3311,benign,0.7103165065937768,0.6689,False,75,False,False,False
urn:mavedb:00000078-b-1#1856,,,p.Ile75Arg,0.7069680606656009,0.608306038037288,0.8056300832939151,I75R,I75R,0.4266,ambiguous,0.5975189047498762,0.5734,False,75,False,False,False
urn:mavedb:00000078-b-1#1857,,,p.Ile75Gln,0.7834618467089641,0.5607779937485,1.00614569966943,I75Q,I75Q,0.6238,pathogenic,0.3401529480894693,0.3762,False,75,False,False,False
urn:mavedb:00000078-b-1#1858,,,p.Ile75Pro,0.8547428678621021,0.779188630834239,0.9302971048899648,I75P,I75P,0.2474,benign,0.7879006797599042,0.7525999999999999,False,75,False,False,False
urn:mavedb:00000078-b-1#1859,,,p.Ile75Asn,0.7124833624734609,0.571121587644795,0.853845137302128,I75N,I75N,0.4623,ambiguous,0.550679094978232,0.5377000000000001,False,75,False,False,False
urn:mavedb:00000078-b-1#1860,,,p.Ile75Met,0.868899994442497,0.694805756136032,1.04299423274896,I75M,I75M,0.1395,benign,0.8571896097861084,0.8605,False,75,False,False,False
urn:mavedb:00000078-b-1#1861,,,p.Ile75Leu,1.0149125697510202,0.894838431113977,1.13498670838806,I75L,I75L,0.0935,benign,0.877777980479392,0.9065,False,75,False,False,False
urn:mavedb:00000078-b-1#1862,,,p.Ile75Lys,0.7032214395919871,0.6331963271061279,0.773246552077846,I75K,I75K,0.5896,pathogenic,0.3818714538539954,0.4104,False,75,False,False,False
urn:mavedb:00000078-b-1#1864,,,p.Ile75His,0.4925861959297679,-0.149092230924545,1.13426462278408,I75H,I75H,0.5281,ambiguous,0.4621546068585692,0.4719,False,75,False,False,False
urn:mavedb:00000078-b-1#1865,,,p.Ile75Gly,0.6099755500994399,0.49536858864156,0.724582511557321,I75G,I75G,0.555,ambiguous,0.4264165608423472,0.44499999999999995,False,75,False,False,False
urn:mavedb:00000078-b-1#1866,,,p.Ile75Phe,1.0300521830311602,0.990253962374666,1.0698504036876602,I75F,I75F,0.0931,benign,0.8779372434200999,0.9069,False,75,False,False,False
urn:mavedb:00000078-b-1#1867,,,p.Ile75Asp,0.483364256034451,0.28719438987501,0.679534122193891,I75D,I75D,0.7195,pathogenic,0.2401860634801497,0.28049999999999997,False,75,False,False,False
urn:mavedb:00000078-b-1#1868,,,p.Ile75Cys,0.708797779574703,0.602923430751855,0.8146721283975509,I75C,I75C,0.6042,pathogenic,0.36373974653113206,0.39580000000000004,False,75,False,False,False
urn:mavedb:00000078-b-1#1869,,,p.Ile75Ala,0.7040824901810769,0.575469100420837,0.832695879941317,I75A,I75A,0.2583,benign,0.7790262910434732,0.7417,False,75,False,False,False
urn:mavedb:00000078-b-1#1870,,,p.Ser74Asn,0.862703498479809,0.7443718987618159,0.9810350981978032,S74N,S74N,0.323,benign,0.7187653061149434,0.677,False,74,False,False,False
urn:mavedb:00000078-b-1#1871,,,p.Ser74Tyr,0.6338438711519699,0.493036376381495,0.7746513659224442,S74Y,S74Y,0.6967,pathogenic,0.2615146138485777,0.3033,False,74,False,False,False
urn:mavedb:00000078-b-1#1873,,,p.Ser74Trp,0.626033656566737,0.525361042228888,0.7267062709045858,S74W,S74W,0.7007,pathogenic,0.2576560123788518,0.2993,False,74,False,False,False
urn:mavedb:00000078-b-1#1874,,,p.Ser74Val,0.458147320238477,0.396217379860714,0.5200772606162399,S74V,S74V,0.7607,pathogenic,0.2057403201726145,0.23929999999999996,False,74,False,False,False
urn:mavedb:00000078-b-1#1875,,,p.Ser74Thr,0.8984541050260509,0.702472731462615,1.09443547858949,S74T,S74T,0.3096,benign,0.7323080084081081,0.6904,False,74,False,False,False
urn:mavedb:00000078-b-1#1877,,,p.Ser74Arg,0.3739234624010661,0.25736847850114,0.490478446300991,S74R,S74R,0.9503,pathogenic,0.1065805031213752,0.049699999999999966,False,74,False,False,False
urn:mavedb:00000078-b-1#1878,,,p.Ser74Gln,0.408744304672304,0.301567363032092,0.515921246312516,S74Q,S74Q,0.9099,pathogenic,0.12087847146374957,0.09009999999999996,False,74,False,False,False
urn:mavedb:00000078-b-1#1879,,,p.Ser74Pro,0.494347943515054,0.370328580952104,0.618367306078004,S74P,S74P,0.8567,pathogenic,0.14472549811451857,0.14329999999999998,False,74,False,False,False
urn:mavedb:00000078-b-1#1880,,,p.Ser74Ile,0.3942437331058879,0.32467442883202,0.463813037379756,S74I,S74I,0.7563,pathogenic,0.20916978589138585,0.24370000000000003,False,74,False,False,False
urn:mavedb:00000078-b-1#1881,,,p.Ser74Met,0.7480893367110358,0.488400683873502,1.00777798954857,S74M,S74M,0.7175,pathogenic,0.2419922550342743,0.2825,False,74,False,False,False
urn:mavedb:00000078-b-1#1882,,,p.Ser74Leu,0.438390772452072,0.3695629638160529,0.50721858108809,S74L,S74L,0.6539,pathogenic,0.30583906490881557,0.34609999999999996,False,74,False,False,False
urn:mavedb:00000078-b-1#1883,,,p.Ser74Lys,0.335931629106022,0.23300323516531,0.438860023046733,S74K,S74K,0.9729,pathogenic,0.09980266428057002,0.027100000000000013,False,74,False,False,False
urn:mavedb:00000078-b-1#1884,,,p.Ser74Asp,0.508164413630156,0.402734948455212,0.6135938788051,S74D,S74D,0.7418,pathogenic,0.22089062819422617,0.2582,False,74,False,False,False
urn:mavedb:00000078-b-1#1885,,,p.Ser74Gly,0.363228037217123,0.252752574045614,0.473703500388633,S74G,S74G,0.1742,benign,0.8383721813724746,0.8258,False,74,False,False,False
urn:mavedb:00000078-b-1#1886,,,p.Ser74Phe,0.7034596851347921,0.37421871502795,1.03270065524163,S74F,S74F,0.8327,pathogenic,0.1576422277979349,0.1673,False,74,False,False,False
urn:mavedb:00000078-b-1#1887,,,p.Ser74Glu,0.44924666199859,0.315480776030815,0.583012547966365,S74E,S74E,0.9352,pathogenic,0.11157896888698536,0.06479999999999997,False,74,False,False,False
urn:mavedb:00000078-b-1#1888,,,p.Ser74Cys,0.750709279719972,0.584062015274464,0.917356544165479,S74C,S74C,0.2552,benign,0.7815874310785998,0.7448,False,74,False,False,False
urn:mavedb:00000078-b-1#1889,,,p.Ser74Ala,0.584407302427284,0.465786670356464,0.7030279344981051,S74A,S74A,0.3802,ambiguous,0.6551084427562804,0.6198,False,74,False,False,False
urn:mavedb:00000078-b-1#1890,,,p.Asp73Met,0.490686909995774,0.41685472261419,0.564519097377358,D73M,D73M,0.7334,pathogenic,0.2279773806391957,0.26659999999999995,False,73,False,False,False
urn:mavedb:00000078-b-1#1891,,,p.Asp73Tyr,0.546838075638421,0.440271604908367,0.653404546368475,D73Y,D73Y,0.2154,benign,0.8118722606244864,0.7846,False,73,False,False,False
urn:mavedb:00000078-b-1#1893,,,p.Asp73Trp,0.381840776270732,0.126214620725911,0.637466931815553,D73W,D73W,0.782,pathogenic,0.18996170153586073,0.21799999999999997,False,73,False,False,False
urn:mavedb:00000078-b-1#1894,,,p.Asp73Val,0.458656776713914,0.4107657641829099,0.5065477892449171,D73V,D73V,0.3472,ambiguous,0.6929506716919466,0.6528,False,73,False,False,False
urn:mavedb:00000078-b-1#1895,,,p.Asp73Thr,0.7791193320058291,0.610327446463705,0.9479112175479542,D73T,D73T,0.2844,benign,0.7562803128781019,0.7156,False,73,False,False,False
urn:mavedb:00000078-b-1#1896,,,p.Asp73Ser,0.939294253032635,0.869665507420917,1.00892299864435,D73S,D73S,0.1457,benign,0.8540470654124452,0.8543000000000001,False,73,False,False,False
urn:mavedb:00000078-b-1#1897,,,p.Asp73Arg,0.661472567478892,0.5770879379135789,0.7458571970442059,D73R,D73R,0.2693,benign,0.7696982224997251,0.7307,False,73,False,False,False
urn:mavedb:00000078-b-1#1898,,,p.Asp73Gln,0.7990540762936371,0.465378197758238,1.13272995482904,D73Q,D73Q,0.2522,benign,0.7840377357936991,0.7478,False,73,False,False,False
urn:mavedb:00000078-b-1#1899,,,p.Asp73Pro,0.490815024876005,0.380398484177462,0.6012315655745469,D73P,D73P,0.5745,pathogenic,0.401066851300726,0.4255,False,73,False,False,False
urn:mavedb:00000078-b-1#1900,,,p.Asp73Asn,0.833288409383039,0.704824450215862,0.961752368550216,D73N,D73N,0.1063,benign,0.8725091682482572,0.8936999999999999,False,73,False,False,False
urn:mavedb:00000078-b-1#1901,,,p.Asp73His,0.618049031687614,0.223988858541966,1.01210920483326,D73H,D73H,0.183,benign,0.8331059468716697,0.817,False,73,False,False,False
urn:mavedb:00000078-b-1#1902,,,p.Asp73Leu,0.3821250162809629,0.13956543171279,0.6246846008491371,D73L,D73L,0.5454,ambiguous,0.4390861943076062,0.4546,False,73,False,False,False
urn:mavedb:00000078-b-1#1903,,,p.Asp73Lys,0.743606060703672,0.634245208165344,0.852966913242,D73K,D73K,0.2765,benign,0.7633889086775226,0.7235,False,73,False,False,False
urn:mavedb:00000078-b-1#1904,,,p.Asp73Ile,0.384915558086799,0.307114521746771,0.4627165944268271,D73I,D73I,0.5631,ambiguous,0.41581814393277283,0.43689999999999996,False,73,False,False,False
urn:mavedb:00000078-b-1#1905,,,p.Asp73Cys,0.5623639595588629,0.32021946626709,0.804508452850636,D73C,D73C,0.7096,pathogenic,0.2492485839596389,0.2904,False,73,False,False,False
urn:mavedb:00000078-b-1#1906,,,p.Asp73Gly,0.752902745920718,0.700471661308022,0.8053338305334151,D73G,D73G,0.1124,benign,0.8698776295309952,0.8876,False,73,False,False,False
urn:mavedb:00000078-b-1#1907,,,p.Asp73Glu,0.914561636360066,0.621590014534304,1.20753325818583,D73E,D73E,0.1487,benign,0.8524930902531941,0.8513,False,73,False,False,False
urn:mavedb:00000078-b-1#1909,,,p.Asp73Ala,0.6147134585029539,0.4846984226206539,0.744728494385255,D73A,D73A,0.2186,benign,0.8096122655642514,0.7814,False,73,False,False,False
urn:mavedb:00000078-b-1#1910,,,p.Gln72Met,0.9141527400432372,0.819168233189937,1.00913724689654,Q72M,Q72M,0.2752,benign,0.764540036275359,0.7248,False,72,False,False,False
urn:mavedb:00000078-b-1#1911,,,p.Gln72Tyr,0.979651404622821,0.7706921502153661,1.18861065903028,Q72Y,Q72Y,0.3505,ambiguous,0.6892993505904678,0.6495,False,72,False,False,False
urn:mavedb:00000078-b-1#1912,,,p.Gln72Val,0.976781242808861,0.880685885807371,1.07287659981035,Q72V,Q72V,0.1796,benign,0.8351652433125039,0.8204,False,72,False,False,False
urn:mavedb:00000078-b-1#1913,,,p.Gln72Thr,0.954063859529658,0.706822768545572,1.20130495051374,Q72T,Q72T,0.1058,benign,0.8727213610085206,0.8942,False,72,False,False,False
urn:mavedb:00000078-b-1#1914,,,p.Gln72Ser,0.942222992010487,0.658323057904588,1.22612292611639,Q72S,Q72S,0.1087,benign,0.8714832808228499,0.8913,False,72,False,False,False
urn:mavedb:00000078-b-1#1915,,,p.Gln72Arg,0.8927745957423809,0.6695231360196179,1.11602605546514,Q72R,Q72R,0.0593,benign,0.8902873485547277,0.9407,False,72,False,False,False
urn:mavedb:00000078-b-1#1916,,,p.Gln72Pro,0.8979231456090442,0.614495934833789,1.1813503563843,Q72P,Q72P,0.0548,benign,0.8917751120824597,0.9452,False,72,False,False,False
urn:mavedb:00000078-b-1#1917,,,p.Gln72Asn,1.11768574684638,1.10471243479169,1.13065905890106,Q72N,Q72N,0.1999,benign,0.8223997613088759,0.8001,False,72,False,False,False
urn:mavedb:00000078-b-1#1918,,,p.Gln72Gly,0.8194844124739641,0.58948501117284,1.04948381377509,Q72G,Q72G,0.1317,benign,0.8610134978141307,0.8683,False,72,False,False,False
urn:mavedb:00000078-b-1#1919,,,p.Gln72Leu,0.6907934859030079,0.420066585225229,0.961520386580786,Q72L,Q72L,0.1504,benign,0.8516027233181456,0.8496,False,72,False,False,False
urn:mavedb:00000078-b-1#1920,,,p.Gln72Ile,0.9820851039616972,0.8661635944722199,1.09800661345117,Q72I,Q72I,0.3146,benign,0.727318647345873,0.6854,False,72,False,False,False
urn:mavedb:00000078-b-1#1921,,,p.Gln72His,0.9537244185651792,0.8653060530406591,1.0421427840897,Q72H,Q72H,0.1335,benign,0.8601437071416511,0.8665,False,72,False,False,False
urn:mavedb:00000078-b-1#1922,,,p.Gln72Ala,1.09958966488327,0.959970910296361,1.23920841947018,Q72A,Q72A,0.0916,benign,0.8785316274099071,0.9084,False,72,False,False,False
urn:mavedb:00000078-b-1#1923,,,p.Gln72Glu,0.856851827103706,0.587757717152578,1.12594593705483,Q72E,Q72E,0.0608,benign,0.8897836281422123,0.9392,False,72,False,False,False
urn:mavedb:00000078-b-1#1924,,,p.Gln72Asp,1.15826901604424,0.9242537237397108,1.39228430834878,Q72D,Q72D,0.1944,benign,0.8259710278974314,0.8056,False,72,False,False,False
urn:mavedb:00000078-b-1#1925,,,p.Gln72Cys,0.558761449129775,0.360930005999142,0.7565928922604069,Q72C,Q72C,0.5157,ambiguous,0.47882065917141176,0.48429999999999995,False,72,False,False,False
urn:mavedb:00000078-b-1#1926,,,p.Gly71Ser,0.8099424649144571,0.621280216801299,0.998604713027616,G71S,G71S,0.3474,ambiguous,0.6927302549612634,0.6526000000000001,False,71,False,False,False
urn:mavedb:00000078-b-1#1927,,,p.Gly71Tyr,0.226255653964191,0.016182966301956,0.436328341626427,G71Y,G71Y,0.9095,pathogenic,0.12103534162700237,0.09050000000000002,False,71,False,False,False
urn:mavedb:00000078-b-1#1929,,,p.Gly71Trp,0.5728639450948559,0.463893226611527,0.681834663578185,G71W,G71W,0.8471,pathogenic,0.14971959280359937,0.15290000000000004,False,71,False,False,False
urn:mavedb:00000078-b-1#1930,,,p.Gly71Val,0.5320388050117191,0.409809070132812,0.6542685398906259,G71V,G71V,0.8492,pathogenic,0.14860780871037194,0.15080000000000005,False,71,False,False,False
urn:mavedb:00000078-b-1#1931,,,p.Gly71Thr,1.00606902268159,0.701388454694978,1.3107495906681998,G71T,G71T,0.7394,pathogenic,0.2228931034826126,0.26060000000000005,True,71,False,True,False
urn:mavedb:00000078-b-1#1932,,,p.Gly71Ala,0.716475218831599,0.536264341273879,0.896686096389318,G71A,G71A,0.5481,ambiguous,0.43551198026798726,0.45189999999999997,False,71,False,False,False
urn:mavedb:00000078-b-1#1933,,,p.Gly71Arg,0.52372651771449,0.4163138135279949,0.631139221900985,G71R,G71R,0.7666,pathogenic,0.20123377502697776,0.23340000000000005,False,71,False,False,False
urn:mavedb:00000078-b-1#1934,,,p.Gly71Gln,0.471300860464606,0.3243521999283739,0.6182495210008391,G71Q,G71Q,0.8036,pathogenic,0.17531779674959624,0.19640000000000002,False,71,False,False,False
urn:mavedb:00000078-b-1#1935,,,p.Gly71Pro,0.605751561741234,0.304240109532403,0.9072630139500648,G71P,G71P,0.8402,pathogenic,0.15345013713964945,0.15980000000000005,False,71,False,False,False
urn:mavedb:00000078-b-1#1936,,,p.Gly71Asn,0.755326855823624,0.6626626679580611,0.847991043689187,G71N,G71N,0.8204,pathogenic,0.16483475668749603,0.17959999999999998,False,71,False,False,False
urn:mavedb:00000078-b-1#1937,,,p.Gly71Met,0.43099256736063,0.3318176608978189,0.5301674738234411,G71M,G71M,0.9543,pathogenic,0.10532121236831699,0.04569999999999996,False,71,False,False,False
urn:mavedb:00000078-b-1#1938,,,p.Gly71Leu,0.4247642714519601,0.364174283011753,0.485354259892168,G71L,G71L,0.8896,pathogenic,0.129250805371225,0.11040000000000005,False,71,False,False,False
urn:mavedb:00000078-b-1#1939,,,p.Gly71Lys,0.431958783088613,0.2135874343314369,0.6503301318457889,G71K,G71K,0.8815,pathogenic,0.13283427462797961,0.11850000000000005,False,71,False,False,False
urn:mavedb:00000078-b-1#1940,,,p.Gly71Ile,0.480220082199093,0.33087508221228,0.629565082185905,G71I,G71I,0.9325,pathogenic,0.11251481531050767,0.0675,False,71,False,False,False
urn:mavedb:00000078-b-1#1941,,,p.Gly71His,0.580441741458202,0.37358661176594,0.7872968711504641,G71H,G71H,0.8113,pathogenic,0.17041683753581494,0.18869999999999998,False,71,False,False,False
urn:mavedb:00000078-b-1#1943,,,p.Gly71Glu,0.5758690362744581,0.285623919164633,0.8661141533842841,G71E,G71E,0.7505,pathogenic,0.2137806595987678,0.24950000000000006,False,71,False,False,False
urn:mavedb:00000078-b-1#1944,,,p.Gly71Asp,0.841698605657845,0.693154837455907,0.990242373859783,G71D,G71D,0.5867,pathogenic,0.3855249213683736,0.4133,False,71,False,True,False
urn:mavedb:00000078-b-1#1945,,,p.Leu70Met,1.0152480876460102,0.8717404804097819,1.15875569488223,L70M,L70M,0.1928,benign,0.826994053770483,0.8072,False,70,False,False,False
urn:mavedb:00000078-b-1#1946,,,p.Leu70Tyr,0.936158637608316,0.8247317127829,1.04758556243373,L70Y,L70Y,0.7037,pathogenic,0.25479457086700424,0.2963,True,70,False,True,False
urn:mavedb:00000078-b-1#1947,,,p.Leu70Trp,1.02652851056727,0.9535249479943928,1.09953207314014,L70W,L70W,0.2367,benign,0.7962585721120337,0.7633,False,70,False,False,False
urn:mavedb:00000078-b-1#1948,,,p.Leu70Val,0.92017805547579,0.8886898416915641,0.951666269260016,L70V,L70V,0.1354,benign,0.8592174024085034,0.8646,False,70,False,False,False
urn:mavedb:00000078-b-1#1949,,,p.Leu70Thr,0.7778811586864559,0.690089391581468,0.865672925791445,L70T,L70T,0.3667,ambiguous,0.6709385278066045,0.6333,False,70,False,False,False
urn:mavedb:00000078-b-1#1950,,,p.Leu70Ser,0.593078805567953,0.49777864296173,0.688378968174175,L70S,L70S,0.6254,pathogenic,0.33826872008880376,0.37460000000000004,False,70,False,False,False
urn:mavedb:00000078-b-1#1951,,,p.Leu70Arg,0.529717188883052,0.4260468386893449,0.6333875390767579,L70R,L70R,0.5634,ambiguous,0.4154273829980217,0.4366,False,70,False,False,False
urn:mavedb:00000078-b-1#1952,,,p.Leu70Gln,0.323522872138736,0.084133670856888,0.5629120734205849,L70Q,L70Q,0.5897,pathogenic,0.3817457666582062,0.4103,False,70,False,False,False
urn:mavedb:00000078-b-1#1953,,,p.Leu70Pro,0.393118584468117,0.297784182281698,0.488452986654537,L70P,L70P,0.5782,pathogenic,0.3963250493146433,0.42179999999999995,False,70,False,False,False
urn:mavedb:00000078-b-1#1954,,,p.Leu70Asn,0.580315257993553,0.542744535827112,0.617885980159993,L70N,L70N,0.9255,pathogenic,0.11500268093175404,0.07450000000000001,False,70,False,False,False
urn:mavedb:00000078-b-1#1955,,,p.Leu70His,0.465201741237431,0.41830727347608,0.5120962089987809,L70H,L70H,0.7151,pathogenic,0.24417614472064603,0.28490000000000004,False,70,False,False,False
urn:mavedb:00000078-b-1#1956,,,p.Val54Asn,0.530821229601475,0.3933513881174879,0.668291071085461,V54N,V54N,0.8897,pathogenic,0.12920745273137496,0.11029999999999995,False,54,False,False,False
urn:mavedb:00000078-b-1#1957,,,p.Val54Met,1.04146230941099,0.894511908905855,1.18841270991612,V54M,V54M,0.908,pathogenic,0.12162643555123674,0.09199999999999997,True,54,False,True,False
urn:mavedb:00000078-b-1#1958,,,p.Val54Leu,0.920716285813048,0.796239715074516,1.04519285655158,V54L,V54L,0.8738,pathogenic,0.1363751007149689,0.12619999999999998,True,54,False,True,False
urn:mavedb:00000078-b-1#1959,,,p.Val54Ile,1.04016513202086,0.964130330947102,1.1161999330946102,V54I,V54I,0.3559,ambiguous,0.6832587464341141,0.6441,False,54,False,False,False
urn:mavedb:00000078-b-1#1960,,,p.Val54Gly,0.8963828189017851,0.709094697960996,1.08367093984258,V54G,V54G,0.6578,pathogenic,0.30157594065697235,0.34219999999999995,True,54,False,True,False
urn:mavedb:00000078-b-1#1961,,,p.Val54Phe,1.0491436839070098,0.8878790237302651,1.21040834408376,V54F,V54F,0.7621,pathogenic,0.2046614512996477,0.2379,True,54,False,True,False
urn:mavedb:00000078-b-1#1962,,,p.Arg53Val,0.8741773603651991,0.7245664038517771,1.02378831687862,R53V,R53V,0.5988,pathogenic,0.37039339624761086,0.4012,False,53,False,True,False
urn:mavedb:00000078-b-1#1963,,,p.Arg53Tyr,0.972433528595372,0.7170434635601061,1.22782359363064,R53Y,R53Y,0.7449,pathogenic,0.21833044532807272,0.2551,True,53,False,True,False
urn:mavedb:00000078-b-1#1965,,,p.Arg53Glu,1.2740953293493795,1.20438888541115,1.3438017732876102,R53E,R53E,0.5129,ambiguous,0.4825936888851844,0.4871,False,53,False,False,False
urn:mavedb:00000078-b-1#1966,,,p.Arg53Thr,1.01784580669117,0.9305050037803342,1.10518660960201,R53T,R53T,0.4553,ambiguous,0.559985858902258,0.5447,False,53,False,False,False
urn:mavedb:00000078-b-1#1967,,,p.Arg53Ser,1.11368777144823,1.03419512317007,1.1931804197264,R53S,R53S,0.641,pathogenic,0.32024535926715497,0.359,True,53,False,True,False
urn:mavedb:00000078-b-1#1969,,,p.Arg53Gln,0.852825843772313,0.477920434378722,1.2277312531659,R53Q,R53Q,0.1679,benign,0.8420161401061632,0.8321000000000001,False,53,False,False,False
urn:mavedb:00000078-b-1#1970,,,p.Arg53Pro,1.01227139187557,0.92420925712764,1.10033352662349,R53P,R53P,0.7745,pathogenic,0.19536333843025333,0.22550000000000003,True,53,False,True,False
urn:mavedb:00000078-b-1#1971,,,p.Arg53Asn,0.952119603737345,0.7699369030352651,1.13430230443943,R53N,R53N,0.7978,pathogenic,0.17911895099391206,0.20220000000000005,True,53,False,True,False
urn:mavedb:00000078-b-1#1972,,,p.Arg53Met,0.910025547476846,0.8459216744826921,0.9741294204710008,R53M,R53M,0.6685,pathogenic,0.29010577528327025,0.3315,True,53,False,True,False
urn:mavedb:00000078-b-1#1973,,,p.Arg53Leu,0.818802328636627,0.643831586295148,0.993773070978106,R53L,R53L,0.4104,ambiguous,0.6181285461460045,0.5896,False,53,False,False,False
urn:mavedb:00000078-b-1#1974,,,p.Arg53Ile,0.669769127449186,0.5482252702930871,0.7913129846052851,R53I,R53I,0.649,pathogenic,0.31125655228567,0.351,False,53,False,False,False
urn:mavedb:00000078-b-1#1975,,,p.Arg53His,1.07084457783654,0.992208022624608,1.14948113304848,R53H,R53H,0.2352,benign,0.797402484038002,0.7648,False,53,False,False,False
urn:mavedb:00000078-b-1#1976,,,p.Arg53Gly,1.00000539597657,0.9000149335148578,1.09999585843829,R53G,R53G,0.46,ambiguous,0.5537422843404736,0.54,False,53,False,False,False
urn:mavedb:00000078-b-1#1977,,,p.Arg53Phe,0.8815368359664829,0.462870724953789,1.30020294697918,R53F,R53F,0.864,pathogenic,0.1410768715381992,0.136,True,53,False,True,False
urn:mavedb:00000078-b-1#1978,,,p.Arg53Asp,1.24888618474672,1.19061613377497,1.3071562357184698,R53D,R53D,0.8203,pathogenic,0.16489487962622212,0.17969999999999997,True,53,False,True,False
urn:mavedb:00000078-b-1#1979,,,p.Arg53Cys,0.966026509259087,0.886231570418536,1.04582144809964,R53C,R53C,0.5536,ambiguous,0.42825727864133317,0.4464,False,53,False,False,False
urn:mavedb:00000078-b-1#1980,,,p.Arg53Ala,0.957571658287047,0.8708428890599922,1.0443004275141,R53A,R53A,0.5133,ambiguous,0.48205452211617433,0.4867,False,53,False,False,False
urn:mavedb:00000078-b-1#1981,,,p.Ser52Thr,0.898143032752623,0.6489260241073671,1.14736004139788,S52T,S52T,0.285,benign,0.7557324702597369,0.7150000000000001,False,52,False,False,False
urn:mavedb:00000078-b-1#1982,,,p.Ser52Tyr,0.600319575811079,0.3872092542247349,0.813429897397422,S52Y,S52Y,0.9422,pathogenic,0.10921284763440367,0.05779999999999996,False,52,False,False,False
urn:mavedb:00000078-b-1#1984,,,p.Ser52Val,0.511941009487758,0.418477198460182,0.6054048205153331,S52V,S52V,0.954,pathogenic,0.1054147434817437,0.04600000000000004,False,52,False,False,False
urn:mavedb:00000078-b-1#1985,,,p.Ser52Glu,0.735072692873662,0.439849099556467,1.03029628619086,S52E,S52E,0.9467,pathogenic,0.10773668126954535,0.053300000000000014,False,52,False,False,False
urn:mavedb:00000078-b-1#1987,,,p.Ser52Arg,0.4271567408933379,0.391817098111791,0.462496383674885,S52R,S52R,0.9749,pathogenic,0.0992411062398991,0.02510000000000001,False,52,False,False,False
urn:mavedb:00000078-b-1#1988,,,p.Ser52Gln,0.611330631894291,0.537768195273994,0.684893068514588,S52Q,S52Q,0.95,pathogenic,0.10667602045129686,0.050000000000000044,False,52,False,False,False
urn:mavedb:00000078-b-1#1989,,,p.Ser52Pro,0.380508929695136,0.202404775563228,0.5586130838270439,S52P,S52P,0.8688,pathogenic,0.1387462273263136,0.13119999999999998,False,52,False,False,False
urn:mavedb:00000078-b-1#1990,,,p.Ser52Asn,0.3577469072216289,0.171430903275956,0.544062911167303,S52N,S52N,0.9496,pathogenic,0.10680361087401287,0.0504,False,52,False,False,False
urn:mavedb:00000078-b-1#1991,,,p.Ser52Met,0.6406403027013361,0.455411461692024,0.825869143710648,S52M,S52M,0.955,pathogenic,0.10510354653791722,0.04500000000000004,False,52,False,False,False
urn:mavedb:00000078-b-1#1992,,,p.Ser52Leu,0.37062226586105,0.2053369358840489,0.535907595838051,S52L,S52L,0.9167,pathogenic,0.11825974442051342,0.08330000000000004,False,52,False,False,False
urn:mavedb:00000078-b-1#1993,,,p.Ser52Lys,0.4070754356988111,0.3216687855456339,0.492482085851988,S52K,S52K,0.9908,pathogenic,0.09498456886646525,0.009199999999999986,False,52,False,False,False
urn:mavedb:00000078-b-1#1994,,,p.Ser52Ile,0.6285104908251911,0.60458736826875,0.652433613381631,S52I,S52I,0.9719,pathogenic,0.10008569918010435,0.028100000000000014,False,52,False,False,False
urn:mavedb:00000078-b-1#1995,,,p.Ser52His,0.666579663116943,0.573251233507039,0.7599080927268471,S52H,S52H,0.9438,pathogenic,0.10868401180998888,0.05620000000000003,False,52,False,False,False
urn:mavedb:00000078-b-1#1996,,,p.Ser52Gly,0.959119931769437,0.796008228005006,1.1222316355338702,S52G,S52G,0.6462,pathogenic,0.31438250917358285,0.3538,True,52,False,True,False
urn:mavedb:00000078-b-1#1997,,,p.Ser52Phe,0.53073108583897,0.306589906411945,0.754872265265996,S52F,S52F,0.9621,pathogenic,0.1029406145365428,0.037900000000000045,False,52,False,False,False
urn:mavedb:00000078-b-1#1998,,,p.Ser52Asp,0.7372678458994789,0.340109401738294,1.13442629006066,S52D,S52D,0.9579,pathogenic,0.10421029082241817,0.042100000000000026,False,52,False,False,False
urn:mavedb:00000078-b-1#1999,,,p.Ser52Cys,0.3704702644025379,-0.461885423479056,1.2028259522841298,S52C,S52C,0.9176,pathogenic,0.11791987742824407,0.08240000000000003,False,52,False,False,False
urn:mavedb:00000078-b-1#2000,,,p.Ser52Ala,0.698309258869381,0.501216077311065,0.895402440427697,S52A,S52A,0.6614,pathogenic,0.2976795778929979,0.3386,False,52,False,False,False
urn:mavedb:00000078-b-1#2001,,,p.Cys51Gln,0.4137877632858521,0.2902983724735689,0.537277154098135,C51Q,C51Q,0.9911,pathogenic,0.09490770614730541,0.008900000000000019,False,51,True,False,False
urn:mavedb:00000078-b-1#2002,,,p.Cys51Tyr,0.397946688437313,0.2898469342914009,0.506046442583225,C51Y,C51Y,0.9541,pathogenic,0.10538355003810254,0.04590000000000005,False,51,True,False,False
urn:mavedb:00000078-b-1#2003,,,p.Cys51Trp,0.500346111137659,0.2212331589949649,0.7794590632803531,C51W,C51W,0.918,pathogenic,0.11776932481577618,0.08199999999999996,False,51,True,False,False
urn:mavedb:00000078-b-1#2004,,,p.Cys51Val,0.197135315918078,0.0043139894269415,0.3899566424092151,C51V,C51V,0.9477,pathogenic,0.10741333123678416,0.05230000000000001,False,51,True,False,False
urn:mavedb:00000078-b-1#2005,,,p.Cys51Thr,0.523200833287025,0.352928786700843,0.693472879873207,C51T,C51T,0.9789,pathogenic,0.0981358428932026,0.021100000000000008,False,51,True,False,False
urn:mavedb:00000078-b-1#2006,,,p.Cys51Ser,0.488297712208382,0.3994855717343641,0.5771098526824,C51S,C51S,0.9461,pathogenic,0.107931504702596,0.05389999999999995,False,51,True,False,False
urn:mavedb:00000078-b-1#2007,,,p.Cys51Arg,0.438404239637016,0.227721947698532,0.649086531575499,C51R,C51R,0.9532,pathogenic,0.10566488260974559,0.04679999999999995,False,51,True,False,False
urn:mavedb:00000078-b-1#2008,,,p.Cys51Leu,0.0761985681318584,-0.0318956276058277,0.184292763869545,C51L,C51L,0.9412,pathogenic,0.10954561625775641,0.05879999999999996,False,51,True,False,False
urn:mavedb:00000078-b-1#2009,,,p.Cys51Pro,0.549632438356471,0.257686423892956,0.8415784528199859,C51P,C51P,0.9722,pathogenic,0.10000063013972516,0.027800000000000047,False,51,True,False,False
urn:mavedb:00000078-b-1#2010,,,p.Cys51Asn,0.374514074232138,0.2222967526255689,0.526731395838707,C51N,C51N,0.9908,pathogenic,0.09498456886646525,0.009199999999999986,False,51,True,False,False
urn:mavedb:00000078-b-1#2011,,,p.Cys51Met,0.415416519618786,0.238256156925212,0.5925768823123589,C51M,C51M,0.9859,pathogenic,0.0962577638554809,0.014100000000000001,False,51,True,False,False
urn:mavedb:00000078-b-1#2012,,,p.Cys51Phe,0.448586867334957,0.0745783582822931,0.8225953763876199,C51F,C51F,0.9049,pathogenic,0.12286228849117463,0.09509999999999996,False,51,True,False,False
urn:mavedb:00000078-b-1#2013,,,p.Cys51Ile,0.0684579435633028,-0.0895814178568571,0.226497304983463,C51I,C51I,0.9781,pathogenic,0.09835500659651375,0.02190000000000003,False,51,True,False,False
urn:mavedb:00000078-b-1#2014,,,p.Cys51His,0.579288125522587,0.156712702342616,1.00186354870256,C51H,C51H,0.9826,pathogenic,0.09713434989191222,0.01739999999999997,False,51,True,False,False
urn:mavedb:00000078-b-1#2015,,,p.Cys51Gly,0.435928790157347,0.349495932895181,0.5223616474195121,C51G,C51G,0.8668,pathogenic,0.1397108046705287,0.13319999999999999,False,51,True,False,False
urn:mavedb:00000078-b-1#2016,,,p.Cys51Glu,0.525685260419377,0.456662934188854,0.594707586649901,C51E,C51E,0.9945,pathogenic,0.09404524991773436,0.005499999999999949,False,51,True,False,False
urn:mavedb:00000078-b-1#2017,,,p.Cys51Asp,0.526961311713701,0.285340682785302,0.7685819406421011,C51D,C51D,0.9856,pathogenic,0.09633681207785605,0.014399999999999968,False,51,True,False,False
urn:mavedb:00000078-b-1#2018,,,p.Ser50Met,0.824104280585997,0.6773275031428779,0.9708810580291152,S50M,S50M,0.9397,pathogenic,0.11004802829848186,0.06030000000000002,True,50,False,True,False
urn:mavedb:00000078-b-1#2019,,,p.Ser50Tyr,0.7806818774231149,0.711091785346192,0.850271969500038,S50Y,S50Y,0.8735,pathogenic,0.13651575683436606,0.12649999999999995,False,50,False,False,False
urn:mavedb:00000078-b-1#2021,,,p.Ser50Trp,0.7009766527331701,0.396672108994874,1.00528119647146,S50W,S50W,0.8237,pathogenic,0.1628657262151471,0.1763,False,50,False,False,False
urn:mavedb:00000078-b-1#2022,,,p.Ser50Val,0.576033751396666,0.4683048208444279,0.683762681948904,S50V,S50V,0.9056,pathogenic,0.12258153633699308,0.09440000000000004,False,50,False,False,False
urn:mavedb:00000078-b-1#2023,,,p.Ser50Thr,0.9042408012323028,0.8338563700215781,0.974625232443027,S50T,S50T,0.4722,ambiguous,0.5374432273573351,0.5278,False,50,False,False,False
urn:mavedb:00000078-b-1#2025,,,p.Ser50Arg,0.6826459574993511,0.554515096454766,0.8107768185439359,S50R,S50R,0.9315,pathogenic,0.11286475310975434,0.0685,False,50,False,False,False
urn:mavedb:00000078-b-1#2026,,,p.Ser50Gln,1.0431863665625,0.866456314174754,1.21991641895025,S50Q,S50Q,0.9154,pathogenic,0.11875341980390357,0.08460000000000001,True,50,False,True,False
urn:mavedb:00000078-b-1#2027,,,p.Ser50Pro,0.5139463621683621,0.374510932643765,0.6533817916929581,S50P,S50P,0.9134,pathogenic,0.11951931782769779,0.08660000000000001,False,50,False,False,False
urn:mavedb:00000078-b-1#2028,,,p.Ser50Asn,0.972436889721986,0.706413317457984,1.23846046198599,S50N,S50N,0.8805,pathogenic,0.1332866427654585,0.11950000000000005,True,50,False,True,False
urn:mavedb:00000078-b-1#2029,,,p.Ser50His,0.7411789246695121,0.6076699475881461,0.874687901750878,S50H,S50H,0.894,pathogenic,0.12736345284661305,0.10599999999999998,False,50,False,False,False
urn:mavedb:00000078-b-1#2030,,,p.Ser50Leu,0.564660812070457,0.483898886407455,0.64542273773346,S50L,S50L,0.8191,pathogenic,0.16561845275125642,0.18089999999999995,False,50,False,False,False
urn:mavedb:00000078-b-1#2031,,,p.Ser50Lys,-0.144760332733901,-0.526789148381573,0.237268482913771,S50K,S50K,0.9851,pathogenic,0.09646884306805598,0.014900000000000024,False,50,False,False,False
urn:mavedb:00000078-b-1#2032,,,p.Ser50Ile,0.503039182194021,0.3829698327496141,0.6231085316384279,S50I,S50I,0.9225,pathogenic,0.11609661592264864,0.07750000000000001,False,50,False,False,False
urn:mavedb:00000078-b-1#2033,,,p.Ser50Asp,0.870824365055628,0.621961438394541,1.11968729171671,S50D,S50D,0.9528,pathogenic,0.10579034732375064,0.04720000000000002,True,50,False,True,False
urn:mavedb:00000078-b-1#2034,,,p.Ser50Gly,0.9101882650854072,0.8160388872015559,1.00433764296926,S50G,S50G,0.571,pathogenic,0.40557370823311295,0.42900000000000005,False,50,False,False,False
urn:mavedb:00000078-b-1#2035,,,p.Ser50Phe,0.658962536282001,0.5573366303760989,0.7605884421879041,S50F,S50F,0.8999,pathogenic,0.12489661484375209,0.10009999999999997,False,50,False,False,False
urn:mavedb:00000078-b-1#2036,,,p.Ser50Glu,1.00662269816265,0.929846527929632,1.08339886839566,S50E,S50E,0.9604,pathogenic,0.10345113770452947,0.03959999999999997,True,50,False,True,False
urn:mavedb:00000078-b-1#2037,,,p.Ser50Cys,1.08074505333053,0.8834630672627579,1.2780270393983,S50C,S50C,0.7644,pathogenic,0.2029018952442765,0.23560000000000003,True,50,False,True,False
urn:mavedb:00000078-b-1#2038,,,p.Ser50Ala,0.834232579556243,0.676941535617944,0.991523623494542,S50A,S50A,0.4528,ambiguous,0.563297514213013,0.5472,False,50,False,False,False
urn:mavedb:00000078-b-1#2039,,,p.Ile49His,0.8688666001162321,0.77937419406393,0.9583590061685352,I49H,I49H,0.9704,pathogenic,0.10051309101628411,0.02959999999999996,True,49,False,True,False
urn:mavedb:00000078-b-1#2040,,,p.Ile49Tyr,0.751551237001789,0.621171301439054,0.8819311725645241,I49Y,I49Y,0.8759,pathogenic,0.13539621984525646,0.12409999999999999,False,49,False,False,False
urn:mavedb:00000078-b-1#2041,,,p.Ile49Val,0.827924587385287,0.637251754949604,1.01859741982097,I49V,I49V,0.1121,benign,0.8700089134559198,0.8879,False,49,False,False,False
urn:mavedb:00000078-b-1#2042,,,p.Ile49Thr,0.5798370841794119,0.3028249418608389,0.856849226497985,I49T,I49T,0.8962,pathogenic,0.126435123900898,0.1038,False,49,False,False,False
urn:mavedb:00000078-b-1#2043,,,p.Ile49Ser,0.7323955362809642,0.605785206663283,0.859005865898645,I49S,I49S,0.8728,pathogenic,0.13684475069967533,0.12719999999999998,False,49,False,False,False
urn:mavedb:00000078-b-1#2044,,,p.Ile49Arg,0.4556970757158761,0.387050161066377,0.524343990365376,I49R,I49R,0.9311,pathogenic,0.11300523487180807,0.06889999999999996,False,49,False,False,False
urn:mavedb:00000078-b-1#2045,,,p.Ile49Gln,0.966872122185704,0.306679228623315,1.62706501574809,I49Q,I49Q,0.9618,pathogenic,0.10303037348040081,0.03820000000000001,True,49,False,True,False
urn:mavedb:00000078-b-1#2046,,,p.Ile49Pro,0.371160748485812,0.280183350046171,0.462138146925453,I49P,I49P,0.9257,pathogenic,0.11493034865166547,0.07430000000000003,False,49,False,False,False
urn:mavedb:00000078-b-1#2047,,,p.Ile49Asn,0.5961656805364761,0.490128581499729,0.7022027795732241,I49N,I49N,0.9423,pathogenic,0.10917966601233617,0.057699999999999974,False,49,False,False,False
urn:mavedb:00000078-b-1#2048,,,p.Ile49Met,0.936087736806248,0.789235543036893,1.0829399305756,I49M,I49M,0.3026,benign,0.7391642116964421,0.6974,False,49,False,False,False
urn:mavedb:00000078-b-1#2049,,,p.Ile49Leu,0.8504413515504499,0.5884143655240129,1.1124683375768898,I49L,I49L,0.3096,benign,0.7323080084081081,0.6904,False,49,False,False,False
urn:mavedb:00000078-b-1#2050,,,p.Ile49Lys,0.216810172020409,0.0229409348675063,0.410679409173312,I49K,I49K,0.971,pathogenic,0.1003417241983593,0.029000000000000026,False,49,False,False,False
urn:mavedb:00000078-b-1#2052,,,p.Ile49Cys,0.6305508335773671,0.566557949109826,0.6945437180449079,I49C,I49C,0.9555,pathogenic,0.1049485613610015,0.044499999999999984,False,49,False,False,False
urn:mavedb:00000078-b-1#2053,,,p.Ile49Gly,0.609696876812746,0.392108321739105,0.827285431886387,I49G,I49G,0.9636,pathogenic,0.10249395262041211,0.03639999999999999,False,49,False,False,False
urn:mavedb:00000078-b-1#2054,,,p.Ile49Phe,1.1207557668593702,1.0248824206609,1.21662911305784,I49F,I49F,0.3228,benign,0.7189714349528775,0.6772,False,49,False,False,False
urn:mavedb:00000078-b-1#2055,,,p.Ile49Asp,0.698520932475455,0.478272397805197,0.918769467145712,I49D,I49D,0.9885,pathogenic,0.09557800315772488,0.011499999999999955,False,49,False,False,False
urn:mavedb:00000078-b-1#2056,,,p.Ala48Arg,0.6608131317631329,0.569887200346356,0.7517390631799109,A48R,A48R,0.4516,ambiguous,0.5648846510596065,0.5484,False,48,False,False,False
urn:mavedb:00000078-b-1#2057,,,p.Ala48Tyr,1.02550913912972,0.915803556328566,1.13521472193087,A48Y,A48Y,0.515,ambiguous,0.4797636576873799,0.485,False,48,False,False,False
urn:mavedb:00000078-b-1#2059,,,p.Ala48Trp,1.2515087527462,1.15727885334179,1.3457386521506205,A48W,A48W,0.6664,pathogenic,0.29233050506325425,0.3336,True,48,False,True,False
urn:mavedb:00000078-b-1#2060,,,p.Ala48Val,1.00051697085474,0.9060710157989228,1.09496292591057,A48V,A48V,0.2006,benign,0.8219391297794562,0.7994,False,48,False,False,False
urn:mavedb:00000078-b-1#2061,,,p.Ala48Thr,0.861317466826777,0.75758551616535,0.965049417488203,A48T,A48T,0.1227,benign,0.8652508392076957,0.8773,False,48,False,False,False
urn:mavedb:00000078-b-1#2062,,,p.Ala48Ser,0.886008575825718,0.779455661953305,0.99256148969813,A48S,A48S,0.089,benign,0.8795512891669034,0.911,False,48,False,False,False
urn:mavedb:00000078-b-1#2063,,,p.Ala48Cys,0.8293379910550359,0.565855576586971,1.0928204055231,A48C,A48C,0.7267,pathogenic,0.23378701906993365,0.2733,True,48,False,True,False
urn:mavedb:00000078-b-1#2064,,,p.Ala48Gln,0.752352644257164,0.605382206382052,0.8993230821322759,A48Q,A48Q,0.4394,ambiguous,0.5809204511144842,0.5606,False,48,False,False,False
urn:mavedb:00000078-b-1#2065,,,p.Ala48Pro,0.511630191605955,0.360281545909151,0.6629788373027601,A48P,A48P,0.5295,ambiguous,0.4602786484107506,0.47050000000000003,False,48,False,False,False
urn:mavedb:00000078-b-1#2066,,,p.Ala48Asn,0.7851822234765591,0.5602102400874439,1.01015420686567,A48N,A48N,0.4084,ambiguous,0.6206385046776838,0.5916,False,48,False,False,False
urn:mavedb:00000078-b-1#2067,,,p.Ala48Met,1.1307125315179298,0.9833912371852672,1.2780338258506,A48M,A48M,0.4099,ambiguous,0.618756783787447,0.5901000000000001,False,48,False,False,False
urn:mavedb:00000078-b-1#2068,,,p.Ala48Leu,1.06374900204088,0.950932869110758,1.176565134971,A48L,A48L,0.3778,ambiguous,0.6579563876350115,0.6222,False,48,False,False,False
urn:mavedb:00000078-b-1#2069,,,p.Ala48Lys,0.512225333849449,0.3755607371938369,0.648889930505061,A48K,A48K,0.6135,pathogenic,0.3524343345626593,0.38649999999999995,False,48,False,False,False
urn:mavedb:00000078-b-1#2070,,,p.Ala48Ile,1.0182643557940798,0.686061117093246,1.3504675944949198,A48I,A48I,0.4754,ambiguous,0.5331498389711752,0.5246,False,48,False,False,False
urn:mavedb:00000078-b-1#2071,,,p.Ala48His,0.85560027940532,0.608059091046445,1.1031414677642,A48H,A48H,0.4659,ambiguous,0.5458750795372118,0.5341,False,48,False,False,False
urn:mavedb:00000078-b-1#2072,,,p.Ala48Gly,0.890190290015357,0.776415611001118,1.0039649690296,A48G,A48G,0.2097,benign,0.8158239991620702,0.7903,False,48,False,False,False
urn:mavedb:00000078-b-1#2073,,,p.Ala48Phe,0.84763241609637,0.568863908326369,1.12640092386637,A48F,A48F,0.3886,ambiguous,0.6450303199192176,0.6113999999999999,False,48,False,False,False
urn:mavedb:00000078-b-1#2074,,,p.Ala48Glu,0.846940543065104,0.7478395227569901,0.946041563373218,A48E,A48E,0.4189,ambiguous,0.6073746375112514,0.5811,False,48,False,False,False
urn:mavedb:00000078-b-1#2075,,,p.Ala48Asp,0.3000170657523969,0.0798513673989703,0.520182764105825,A48D,A48D,0.3812,ambiguous,0.6539176057964416,0.6188,False,48,False,False,False
urn:mavedb:00000078-b-1#2077,,,p.Thr47Gln,1.07881188331459,0.977843991864492,1.17977977476468,T47Q,T47Q,0.1509,benign,0.851339496594939,0.8491,False,47,False,False,False
urn:mavedb:00000078-b-1#2078,,,p.Thr47Tyr,1.13545854116567,1.01279022461268,1.25812685771867,T47Y,T47Y,0.3152,benign,0.7267147939992553,0.6848000000000001,False,47,False,False,False
urn:mavedb:00000078-b-1#2079,,,p.Thr47Trp,1.08255039260457,0.883314254517961,1.28178653069117,T47W,T47W,0.4571,ambiguous,0.5575973424312676,0.5428999999999999,False,47,False,False,False
urn:mavedb:00000078-b-1#2080,,,p.Thr47Val,0.965285156256696,0.79445403135436,1.13611628115903,T47V,T47V,0.1835,benign,0.8328004731565422,0.8165,False,47,False,False,False
urn:mavedb:00000078-b-1#2082,,,p.Thr47Ser,0.760131875450578,0.564376203676494,0.955887547224662,T47S,T47S,0.095,benign,0.8771778795060812,0.905,False,47,False,False,False
urn:mavedb:00000078-b-1#2083,,,p.Thr47Arg,0.9631428831054673,0.8836887052857259,1.04259706092521,T47R,T47R,0.1147,benign,0.8688646455781043,0.8853,False,47,False,False,False
urn:mavedb:00000078-b-1#2084,,,p.Thr47Leu,0.643853711955192,0.2864667682368969,1.00124065567349,T47L,T47L,0.143,benign,0.8554269535765423,0.857,False,47,False,False,False
urn:mavedb:00000078-b-1#2085,,,p.Thr47Pro,0.93160477394604,0.76417890665972,1.09903064123236,T47P,T47P,0.0765,benign,0.8842698995455748,0.9235,False,47,False,False,False
urn:mavedb:00000078-b-1#2086,,,p.Thr47Asn,1.11809063242579,1.02394300782162,1.21223825702995,T47N,T47N,0.1118,benign,0.8701400032196899,0.8882,False,47,False,False,False
urn:mavedb:00000078-b-1#2087,,,p.Thr47Met,1.06997059123241,0.9186978845746891,1.2212432978901395,T47M,T47M,0.1199,benign,0.8665317895966171,0.8801,False,47,False,False,False
urn:mavedb:00000078-b-1#2088,,,p.Thr47Gly,0.8236587468682071,0.6791205938217499,0.968196899914663,T47G,T47G,0.1816,benign,0.8339576711916147,0.8184,False,47,False,False,False
urn:mavedb:00000078-b-1#2089,,,p.Thr47Lys,0.9873030340862048,0.8535754526422,1.12103061553021,T47K,T47K,0.144,benign,0.854917937779553,0.856,False,47,False,False,False
urn:mavedb:00000078-b-1#2090,,,p.Thr47Ile,1.00787056220362,0.8202534863878891,1.1954876380193502,T47I,T47I,0.2636,benign,0.7745787179052102,0.7363999999999999,False,47,False,False,False
urn:mavedb:00000078-b-1#2091,,,p.Thr47His,1.04905329344491,0.829644257580443,1.26846232930938,T47H,T47H,0.1892,benign,0.8292699020845745,0.8108,False,47,False,False,False
urn:mavedb:00000078-b-1#2092,,,p.Thr47Ala,1.00098632146189,0.86971313078595,1.13225951213784,T47A,T47A,0.0799,benign,0.8830160579833455,0.9201,False,47,False,False,False
urn:mavedb:00000078-b-1#2093,,,p.Thr47Phe,1.12357867013744,1.01695701411746,1.23020032615742,T47F,T47F,0.29,benign,0.751123497001831,0.71,False,47,False,False,False
urn:mavedb:00000078-b-1#2094,,,p.Thr47Glu,1.05433216728143,0.780523600099307,1.32814073446356,T47E,T47E,0.1292,benign,0.8622091024795232,0.8708,False,47,False,False,False
urn:mavedb:00000078-b-1#2095,,,p.Thr47Cys,0.648490844583234,0.402018092438623,0.894963596727846,T47C,T47C,0.5953,pathogenic,0.37473942926507375,0.40469999999999995,False,47,False,False,False
urn:mavedb:00000078-b-1#2097,,,p.Gly46Glu,0.608669312717744,0.413281188269452,0.8040574371660351,G46E,G46E,0.7876,pathogenic,0.18603612829715543,0.21240000000000003,False,46,False,False,False
urn:mavedb:00000078-b-1#2098,,,p.Gly46Val,0.880548806167955,0.768724179130438,0.992373433205472,G46V,G46V,0.857,pathogenic,0.1445730464234577,0.14300000000000002,True,46,False,True,False
urn:mavedb:00000078-b-1#2099,,,p.Gly46Thr,1.14581514546791,0.916638641175169,1.3749916497606498,G46T,G46T,0.7157,pathogenic,0.24362848910531737,0.2843,True,46,False,True,False
urn:mavedb:00000078-b-1#2100,,,p.Gly46Ser,0.992272965025974,0.8915291202387411,1.0930168098132098,G46S,G46S,0.2592,benign,0.7782771727481937,0.7408,False,46,False,False,False
urn:mavedb:00000078-b-1#2101,,,p.Gly46Arg,0.533275582817872,0.442513485645718,0.624037679990026,G46R,G46R,0.8429,pathogenic,0.15197610676108608,0.15710000000000002,False,46,False,False,False
urn:mavedb:00000078-b-1#2102,,,p.Gly46Pro,0.550753245437207,0.473263966343176,0.628242524531238,G46P,G46P,0.9457,pathogenic,0.10806172690947588,0.054300000000000015,False,46,False,False,False
urn:mavedb:00000078-b-1#2103,,,p.Gly46Asn,0.996313661678412,0.8080117394096701,1.18461558394715,G46N,G46N,0.7049,pathogenic,0.2536578113145228,0.29510000000000003,True,46,False,True,False
urn:mavedb:00000078-b-1#2104,,,p.Gly46Leu,0.7864944275199741,0.671906471630594,0.901082383409354,G46L,G46L,0.9117,pathogenic,0.12017646961615223,0.08830000000000005,False,46,False,False,False
urn:mavedb:00000078-b-1#2105,,,p.Gly46Lys,0.586132733548958,0.508846203656068,0.663419263441848,G46K,G46K,0.9422,pathogenic,0.10921284763440367,0.05779999999999996,False,46,False,False,False
urn:mavedb:00000078-b-1#2106,,,p.Gly46Ile,0.9974107843351908,0.87805147811129,1.11677009055909,G46I,G46I,0.9395,pathogenic,0.11011531322061319,0.0605,True,46,False,True,False
urn:mavedb:00000078-b-1#2107,,,p.Gly46His,0.991418347307904,0.8825985482784058,1.1002381463374,G46H,G46H,0.853,pathogenic,0.14662362833657036,0.14700000000000002,True,46,False,True,False
urn:mavedb:00000078-b-1#2109,,,p.Gly46Phe,1.02615880824481,0.925934957842603,1.12638265864701,G46F,G46F,0.9326,pathogenic,0.11247992083785116,0.06740000000000002,True,46,False,True,False
urn:mavedb:00000078-b-1#2110,,,p.Gly46Asp,1.02619346595404,0.912872375147224,1.13951455676085,G46D,G46D,0.5848,pathogenic,0.38792738808293437,0.4152,False,46,False,True,False
urn:mavedb:00000078-b-1#2111,,,p.Gly46Cys,1.07449989538742,0.957793665697982,1.19120612507685,G46C,G46C,0.7889,pathogenic,0.18513787904934187,0.21109999999999995,True,46,False,True,False
urn:mavedb:00000078-b-1#2112,,,p.Gly46Ala,1.08457311437194,0.943401402181274,1.22574482656261,G46A,G46A,0.4315,ambiguous,0.5911948722493535,0.5685,False,46,False,False,False
urn:mavedb:00000078-b-1#2113,,,p.Val45Thr,0.682923025767207,0.5001122720260689,0.8657337795083441,V45T,V45T,0.406,ambiguous,0.6236398012835297,0.594,False,45,False,False,False
urn:mavedb:00000078-b-1#2115,,,p.Val45Asp,0.6017973893805079,0.361734032497986,0.84186074626303,V45D,V45D,0.8553,pathogenic,0.14543980942682616,0.14470000000000005,False,45,False,False,False
urn:mavedb:00000078-b-1#2116,,,p.Val45Ser,0.4936097098305711,0.409397860142805,0.577821559518337,V45S,V45S,0.6181,pathogenic,0.3469174365016199,0.3819,False,45,False,False,False
urn:mavedb:00000078-b-1#2117,,,p.Val45Arg,0.38257749870956,0.233799555432272,0.531355441986849,V45R,V45R,0.6212,pathogenic,0.34322852176769053,0.3788,False,45,False,False,False
urn:mavedb:00000078-b-1#2118,,,p.Val45Gln,0.4544139383528429,0.229130617512424,0.679697259193263,V45Q,V45Q,0.7024,pathogenic,0.2560311029476204,0.2976,False,45,False,False,False
urn:mavedb:00000078-b-1#2119,,,p.Val45Pro,0.459381307276192,0.348514634482861,0.5702479800695239,V45P,V45P,0.8458,pathogenic,0.15041332681367559,0.1542,False,45,False,False,False
urn:mavedb:00000078-b-1#2120,,,p.Val45Asn,0.420362423484715,0.356979249096638,0.483745597872793,V45N,V45N,0.852,pathogenic,0.14714234973932172,0.14800000000000002,False,45,False,False,False
urn:mavedb:00000078-b-1#2121,,,p.Val45Met,1.03936978692616,0.9143232492179308,1.16441632463439,V45M,V45M,0.205,benign,0.8190119039567312,0.795,False,45,False,False,False
urn:mavedb:00000078-b-1#2122,,,p.Val45Leu,0.957296551892576,0.756690921925649,1.1579021818595,V45L,V45L,0.2145,benign,0.8125024939376095,0.7855,False,45,False,False,False
urn:mavedb:00000078-b-1#2123,,,p.Val45Lys,0.2549728180429589,0.0031988415908658,0.506746794495052,V45K,V45K,0.757,pathogenic,0.2086202495302122,0.243,False,45,False,False,False
urn:mavedb:00000078-b-1#2124,,,p.Val45Ile,1.17332713488831,1.05300329248563,1.29365097729099,V45I,V45I,0.0966,benign,0.8765327626363122,0.9034,False,45,False,False,False
urn:mavedb:00000078-b-1#2125,,,p.Val45His,0.619336159296245,0.327965201977291,0.910707116615198,V45H,V45H,0.8719,pathogenic,0.13726938450522252,0.1281,False,45,False,False,False
urn:mavedb:00000078-b-1#2126,,,p.Val45Gly,0.405403744762988,0.23899954677857,0.571807942747405,V45G,V45G,0.4413,ambiguous,0.5784358741958247,0.5587,False,45,False,False,False
urn:mavedb:00000078-b-1#2127,,,p.Ala34Arg,0.4592559334231421,0.3885022561132429,0.5300096107330421,A34R,A34R,0.2258,benign,0.8044171348684007,0.7742,False,34,False,False,False
urn:mavedb:00000078-b-1#2128,,,p.Ala34His,1.05616155605064,0.853017540237521,1.25930557186376,A34H,A34H,0.2869,benign,0.753990234094614,0.7131000000000001,False,34,False,False,False
urn:mavedb:00000078-b-1#2129,,,p.Ala34Pro,0.6458893921047679,-0.1306358612983069,1.42241464550784,A34P,A34P,0.4374,ambiguous,0.5835302956736562,0.5626,False,34,False,False,False
urn:mavedb:00000078-b-1#2130,,,p.Ala34Leu,1.17078871938244,1.0546606524843298,1.2869167862805502,A34L,A34L,0.1861,benign,0.8312010526210444,0.8139000000000001,False,34,False,False,False
urn:mavedb:00000078-b-1#2131,,,p.Ala34Ile,1.04942044715461,0.5311658481323811,1.5676750461768298,A34I,A34I,0.2738,benign,0.7657738227314432,0.7262,False,34,False,False,False
urn:mavedb:00000078-b-1#2132,,,p.Ala34Gly,0.770566943252605,0.293230871060214,1.247903015445,A34G,A34G,0.1274,benign,0.8630610460111963,0.8726,False,34,False,False,False
urn:mavedb:00000078-b-1#2133,,,p.Ala34Phe,1.10507481088772,0.862921290005307,1.3472283317701204,A34F,A34F,0.2622,benign,0.7757620060854233,0.7378,False,34,False,False,False
urn:mavedb:00000078-b-1#2134,,,p.Ala34Asp,1.3001431909151102,1.15991183501373,1.44037454681648,A34D,A34D,0.1606,benign,0.8461095662268427,0.8394,False,34,False,False,False
urn:mavedb:00000078-b-1#2135,,,p.Arg33His,1.38402451215912,0.935565547960696,1.83248347635755,R33H,R33H,0.1485,benign,0.852597372723978,0.8515,False,33,False,False,False
urn:mavedb:00000078-b-1#2136,,,p.Arg33Tyr,1.03960039186232,0.648901360349435,1.4302994233752,R33Y,R33Y,0.4836,ambiguous,0.5221221529571072,0.5164,False,33,False,False,False
urn:mavedb:00000078-b-1#2137,,,p.Arg33Val,1.2985581435294298,1.22198304992522,1.37513323713365,R33V,R33V,0.4523,ambiguous,0.5639590188938596,0.5477000000000001,False,33,False,False,False
urn:mavedb:00000078-b-1#2138,,,p.Arg33Thr,1.23722662928001,1.12972421976616,1.3447290387938702,R33T,R33T,0.4639,ambiguous,0.5485453538677322,0.5361,False,33,False,False,False
urn:mavedb:00000078-b-1#2139,,,p.Arg33Ser,0.758959133319206,0.451309504856009,1.0666087617824,R33S,R33S,0.5785,pathogenic,0.39594162591177173,0.4215,False,33,False,False,False
urn:mavedb:00000078-b-1#2141,,,p.Arg33Gln,1.14343534735732,1.05525281879126,1.2316178759233798,R33Q,R33Q,0.1606,benign,0.8461095662268427,0.8394,False,33,False,False,False
urn:mavedb:00000078-b-1#2142,,,p.Arg33Pro,1.18768582471999,1.10533885889616,1.27003279054381,R33P,R33P,0.746,pathogenic,0.2174291204344898,0.254,True,33,False,True,False
urn:mavedb:00000078-b-1#2143,,,p.Arg33Asn,1.13382145971858,0.9122850633736552,1.3553578560635098,R33N,R33N,0.7125,pathogenic,0.246562282487871,0.2875,True,33,False,True,False
urn:mavedb:00000078-b-1#2144,,,p.Arg33Met,1.14706605339403,0.911195037083022,1.38293706970503,R33M,R33M,0.5802,pathogenic,0.39377192249471515,0.41979999999999995,False,33,False,True,False
urn:mavedb:00000078-b-1#2145,,,p.Arg33Leu,1.22105742861931,0.8094554058656791,1.63265945137295,R33L,R33L,0.2745,benign,0.7651576928475426,0.7255,False,33,False,False,False
urn:mavedb:00000078-b-1#2146,,,p.Arg33Lys,1.00839599311302,0.958106850837442,1.05868513538859,R33K,R33K,0.1879,benign,0.8300829493322404,0.8121,False,33,False,False,False
urn:mavedb:00000078-b-1#2147,,,p.Arg33Ile,1.07021983532308,0.853296313823117,1.2871433568230402,R33I,R33I,0.5036,ambiguous,0.4951401889479843,0.49639999999999995,False,33,False,False,False
urn:mavedb:00000078-b-1#2148,,,p.Arg33Asp,1.20017937558888,1.15698379418755,1.2433749569902,R33D,R33D,0.7913,pathogenic,0.1834924075128715,0.2087,True,33,False,True,False
urn:mavedb:00000078-b-1#2149,,,p.Arg33Gly,1.19693933133209,1.14124753749819,1.25263112516599,R33G,R33G,0.3555,ambiguous,0.6837089694834572,0.6445000000000001,False,33,False,False,False
urn:mavedb:00000078-b-1#2150,,,p.Arg33Phe,0.662850093238333,0.300701852334576,1.02499833414209,R33F,R33F,0.628,pathogenic,0.3352207146240334,0.372,False,33,False,False,False
urn:mavedb:00000078-b-1#2151,,,p.Arg33Glu,1.24135295011763,1.1764668562216798,1.30623904401358,R33E,R33E,0.4608,ambiguous,0.5526773850677815,0.5392,False,33,False,False,False
urn:mavedb:00000078-b-1#2152,,,p.Arg33Cys,1.43185287430403,1.37483795505599,1.4888677935520602,R33C,R33C,0.4106,ambiguous,0.6178771123787221,0.5893999999999999,False,33,False,False,False
urn:mavedb:00000078-b-1#2153,,,p.Arg33Ala,1.1613108722923402,0.9894483108675172,1.33317343371716,R33A,R33A,0.415,ambiguous,0.6123258270215863,0.585,False,33,False,False,False
urn:mavedb:00000078-b-1#2154,,,p.Ala32Val,0.8662818132455798,0.6470554622302379,1.08550816426092,A32V,A32V,0.1265,benign,0.8634842431656339,0.8734999999999999,False,32,False,False,False
urn:mavedb:00000078-b-1#2156,,,p.Ala32Glu,0.995756706532991,0.620279769252464,1.37123364381352,A32E,A32E,0.1163,benign,0.868153170388506,0.8837,False,32,False,False,False
urn:mavedb:00000078-b-1#2157,,,p.Ala32Thr,1.03982339558138,0.9416491496236892,1.1379976415390802,A32T,A32T,0.1152,benign,0.8686429101991242,0.8848,False,32,False,False,False
urn:mavedb:00000078-b-1#2158,,,p.Ala32Ser,0.753049324174081,0.393095285619929,1.11300336272823,A32S,A32S,0.1053,benign,0.8729330271649379,0.8947,False,32,False,False,False
urn:mavedb:00000078-b-1#2159,,,p.Ala32Arg,0.3029530924027789,0.0835992016253373,0.5223069831802211,A32R,A32R,0.2741,benign,0.7655099539935801,0.7259,False,32,False,False,False
urn:mavedb:00000078-b-1#2160,,,p.Ala32Gln,0.7369205373237181,0.692306306413172,0.7815347682342629,A32Q,A32Q,0.1597,benign,0.8466047856314178,0.8403,False,32,False,False,False
urn:mavedb:00000078-b-1#2161,,,p.Ala32Pro,0.5849873523286241,0.460360534681887,0.709614169975361,A32P,A32P,0.8789,pathogenic,0.13401504708298562,0.12109999999999999,False,32,False,False,False
urn:mavedb:00000078-b-1#2162,,,p.Ala32Asn,0.9026045234283908,0.7857885765115799,1.0194204703452,A32N,A32N,0.3281,benign,0.7134685024960913,0.6718999999999999,False,32,False,False,False
urn:mavedb:00000078-b-1#2163,,,p.Ala32Met,1.00324383185052,0.570902485339505,1.43558517836153,A32M,A32M,0.2191,benign,0.8092564311120503,0.7809,False,32,False,False,False
urn:mavedb:00000078-b-1#2164,,,p.Ala32Leu,1.04522322165017,0.946330369748597,1.14411607355175,A32L,A32L,0.2454,benign,0.7894894047431322,0.7545999999999999,False,32,False,False,False
urn:mavedb:00000078-b-1#2165,,,p.Ala32Lys,0.591964964287349,0.404183488622003,0.779746439952696,A32K,A32K,0.3913,ambiguous,0.6417554506306905,0.6087,False,32,False,False,False
urn:mavedb:00000078-b-1#2166,,,p.Ala32Ile,0.8932518372561271,0.725952722620658,1.06055095189159,A32I,A32I,0.3121,benign,0.7298228832757028,0.6879,False,32,False,False,False
urn:mavedb:00000078-b-1#2167,,,p.Ala32His,0.688439779339938,0.471436242975607,0.9054433157042692,A32H,A32H,0.4011,ambiguous,0.6297303944714547,0.5989,False,32,False,False,False
urn:mavedb:00000078-b-1#2168,,,p.Ala32Gly,0.975128502951462,0.7611308073565459,1.18912619854638,A32G,A32G,0.2452,benign,0.7896476048405342,0.7548,False,32,False,False,False
urn:mavedb:00000078-b-1#2170,,,p.Ala31Ile,0.983906840356934,0.873373354761617,1.0944403259522502,A31I,A31I,0.2253,benign,0.8047828641732085,0.7746999999999999,False,31,False,False,False
urn:mavedb:00000078-b-1#2171,,,p.Ala31Tyr,0.8553746636543259,0.460832852627108,1.24991647468154,A31Y,A31Y,0.336,benign,0.7051110641237577,0.6639999999999999,False,31,False,False,False
urn:mavedb:00000078-b-1#2173,,,p.Ile82His,0.7639009064833291,0.64055948949715,0.887242323469508,I82H,I82H,0.8396,pathogenic,0.15378020709617246,0.1604,False,82,False,False,False
urn:mavedb:00000078-b-1#2174,,,p.Ile82Gly,0.486897216531022,0.426171223261219,0.547623209800824,I82G,I82G,0.855,pathogenic,0.14559349250765802,0.14500000000000002,False,82,False,False,False
urn:mavedb:00000078-b-1#2175,,,p.Ile82Ala,0.814938240888153,0.6056958788707509,1.02418060290556,I82A,I82A,0.6077,pathogenic,0.3594617319476398,0.3923,True,82,False,True,False
urn:mavedb:00000078-b-1#2176,,,p.Ile82Glu,0.270500890773223,0.0922723836364857,0.44872939790996,I82E,I82E,0.9332,pathogenic,0.11227093225965559,0.06679999999999997,False,82,False,False,False
urn:mavedb:00000078-b-1#2177,,,p.Ile82Asp,-0.0286961662991585,-0.16026293468976,0.102870602091443,I82D,I82D,0.9484,pathogenic,0.10718799110547045,0.05159999999999998,False,82,False,False,False
urn:mavedb:00000078-b-1#2178,,,p.Ile82Cys,0.7831150960857031,0.5757439109315671,0.9904862812398392,I82C,I82C,0.8073,pathogenic,0.17294224352583248,0.19269999999999998,False,82,False,False,False
urn:mavedb:00000078-b-1#2179,,,p.Ser81Ile,0.61398363481629,0.330640396191326,0.897326873441255,S81I,S81I,0.9012,pathogenic,0.1243627751039433,0.0988,False,81,False,False,False
urn:mavedb:00000078-b-1#2180,,,p.Ser81Tyr,1.07580574062847,0.7567208171461841,1.39489066411075,S81Y,S81Y,0.9104,pathogenic,0.1206828292956728,0.08960000000000001,True,81,False,True,False
urn:mavedb:00000078-b-1#2181,,,p.Ser81Trp,0.8727458212307858,0.589781806179718,1.15570983628185,S81W,S81W,0.913,pathogenic,0.11967343265561214,0.08699999999999997,True,81,False,True,False
urn:mavedb:00000078-b-1#2182,,,p.Ser81Val,0.7614403989117341,0.627996268142567,0.8948845296808999,S81V,S81V,0.8823,pathogenic,0.13247397111170806,0.11770000000000003,False,81,False,False,False
urn:mavedb:00000078-b-1#2183,,,p.Ser81Thr,0.621472269557829,0.519525278572599,0.7234192605430592,S81T,S81T,0.5217,ambiguous,0.4707463141331792,0.47829999999999995,False,81,False,False,False
urn:mavedb:00000078-b-1#2185,,,p.Ser81Arg,0.2255881041297389,0.0880184755101823,0.363157732749295,S81R,S81R,0.9822,pathogenic,0.09724166317586556,0.017800000000000038,False,81,False,False,False
urn:mavedb:00000078-b-1#2186,,,p.Ser81Gln,1.09082495102771,0.921463153653039,1.26018674840238,S81Q,S81Q,0.968,pathogenic,0.10120405895152414,0.03200000000000003,True,81,False,True,False
urn:mavedb:00000078-b-1#2187,,,p.Ser81Pro,0.968777278113877,0.8222308204529319,1.11532373577482,S81P,S81P,0.5951,pathogenic,0.3749885505611725,0.40490000000000004,False,81,False,True,False
urn:mavedb:00000078-b-1#2188,,,p.Ser81Asn,1.27263206082719,0.7909616593497729,1.75430246230461,S81N,S81N,0.8344,pathogenic,0.15667933910779067,0.16559999999999997,True,81,False,True,False
urn:mavedb:00000078-b-1#2189,,,p.Ser81Met,1.06915997889655,0.941225791882731,1.19709416591036,S81M,S81M,0.9129,pathogenic,0.11971201023728896,0.08709999999999996,True,81,False,True,False
urn:mavedb:00000078-b-1#2190,,,p.Ser81Leu,0.8639703011474019,0.7727332312160279,0.9552073710787758,S81L,S81L,0.8639,pathogenic,0.14112599941738357,0.1361,True,81,False,True,False
urn:mavedb:00000078-b-1#2191,,,p.Ser81Lys,0.2734723969148089,0.123514841526736,0.423429952302882,S81K,S81K,0.9955,pathogenic,0.09379459077227872,0.0044999999999999485,False,81,False,False,False
urn:mavedb:00000078-b-1#2192,,,p.Ser81Glu,1.18696887244307,1.1193257188503998,1.25461202603575,S81E,S81E,0.9748,pathogenic,0.09926904190875434,0.0252,True,81,False,True,False
urn:mavedb:00000078-b-1#2193,,,p.Ser81His,1.13394813571052,0.984674908846316,1.28322136257472,S81H,S81H,0.9353,pathogenic,0.111544558396797,0.06469999999999998,True,81,False,True,False
urn:mavedb:00000078-b-1#2194,,,p.Ser81Gly,1.02226320420891,0.91678718628965,1.12773922212817,S81G,S81G,0.204,benign,0.8196820194817485,0.796,False,81,False,False,False
urn:mavedb:00000078-b-1#2195,,,p.Ser81Phe,1.2766586625178,1.2219293361428898,1.3313879888926998,S81F,S81F,0.9499,pathogenic,0.10670789297256658,0.05010000000000003,True,81,False,True,False
urn:mavedb:00000078-b-1#2196,,,p.Ser81Asp,0.820412823510423,0.55670201559243,1.0841236314284202,S81D,S81D,0.9611,pathogenic,0.10324036606109886,0.038900000000000046,True,81,False,True,False
urn:mavedb:00000078-b-1#2197,,,p.Ser81Cys,1.19152730606502,0.9257022437702372,1.4573523683598102,S81C,S81C,0.4052,ambiguous,0.6246376117967742,0.5948,False,81,False,False,False
urn:mavedb:00000078-b-1#2198,,,p.Ser81Ala,1.23224080863405,1.1595431844915,1.30493843277661,S81A,S81A,0.222,benign,0.8071780883351178,0.778,False,81,False,False,False
urn:mavedb:00000078-b-1#2199,,,p.Asn80Gln,0.5985459837734991,0.530743219748666,0.666348747798333,N80Q,N80Q,0.9793,pathogenic,0.0980266128027674,0.02070000000000005,False,80,False,False,True
urn:mavedb:00000078-b-1#2200,,,p.Asn80Tyr,0.8450258987442321,0.737361796961572,0.952690000526891,N80Y,N80Y,0.9179,pathogenic,0.11780693420558831,0.08209999999999995,True,80,False,True,True
urn:mavedb:00000078-b-1#2202,,,p.Asn80Trp,0.990469038996398,0.91229660020939,1.06864147778341,N80W,N80W,0.9919,pathogenic,0.09470334681130735,0.008099999999999996,True,80,False,True,True
urn:mavedb:00000078-b-1#2203,,,p.Asn80Val,0.8372275886625821,0.809417387466009,0.8650377898591549,N80V,N80V,0.9008,pathogenic,0.12452666365971592,0.09919999999999995,True,80,False,True,True
urn:mavedb:00000078-b-1#2204,,,p.Asn80Thr,0.976976164161122,0.91497053940237,1.03898178891987,N80T,N80T,0.8566,pathogenic,0.14477636351265194,0.14339999999999997,True,80,False,True,True
urn:mavedb:00000078-b-1#2205,,,p.Asn80Ser,0.7751753995810259,0.7024640447559771,0.847886754406076,N80S,N80S,0.521,ambiguous,0.4716874475993147,0.479,False,80,False,False,True
urn:mavedb:00000078-b-1#2206,,,p.Asn80Arg,0.268994650410656,0.170712093046944,0.3672772077743689,N80R,N80R,0.9623,pathogenic,0.1028808543889301,0.037699999999999956,False,80,False,False,True
urn:mavedb:00000078-b-1#2207,,,p.Asn80Ala,0.7340155281278521,0.633867618725196,0.834163437530509,N80A,N80A,0.9449,pathogenic,0.10832298928150424,0.05510000000000004,False,80,False,False,True
urn:mavedb:00000078-b-1#2208,,,p.Asn80Pro,0.875505068775618,0.7926225605016769,0.958387577049558,N80P,N80P,0.8179,pathogenic,0.16634590743491262,0.18210000000000004,True,80,False,True,True
urn:mavedb:00000078-b-1#2210,,,p.Asn80Met,0.5580778227531611,0.407215605138253,0.7089400403680691,N80M,N80M,0.9622,pathogenic,0.10291072655269883,0.037799999999999945,False,80,False,False,True
urn:mavedb:00000078-b-1#2211,,,p.Asn80Leu,0.6019350828422659,0.532209970160068,0.671660195524464,N80L,N80L,0.8439,pathogenic,0.15143483508983013,0.15610000000000002,False,80,False,False,True
urn:mavedb:00000078-b-1#2212,,,p.Asn80Lys,0.175561876330511,0.0826813785876381,0.2684423740733839,N80K,N80K,0.979,pathogenic,0.09810851341635872,0.02100000000000002,False,80,False,False,True
urn:mavedb:00000078-b-1#2213,,,p.Asn80Ile,0.684545775544237,0.506999532868992,0.8620920182194829,N80I,N80I,0.9197,pathogenic,0.11713289060923818,0.08030000000000004,False,80,False,False,True
urn:mavedb:00000078-b-1#2214,,,p.Trp59Ile,0.7837067331773259,0.691254392042139,0.8761590743125128,W59I,W59I,0.9562,pathogenic,0.1047322667500716,0.04379999999999995,False,59,False,False,False
urn:mavedb:00000078-b-1#2215,,,p.Trp59His,0.7788001500153799,0.5496876472739289,1.00791265275683,W59H,W59H,0.9384,pathogenic,0.11048663302748118,0.06159999999999999,False,59,False,False,False
urn:mavedb:00000078-b-1#2216,,,p.Trp59Gly,0.532757913148756,0.45548901572226,0.610026810575251,W59G,W59G,0.7305,pathogenic,0.2304748568768129,0.26949999999999996,False,59,False,False,False
urn:mavedb:00000078-b-1#2217,,,p.Trp59Phe,0.993125898568374,0.728971074352117,1.25728072278463,W59F,W59F,0.4379,ambiguous,0.5828783723457552,0.5621,False,59,False,False,False
urn:mavedb:00000078-b-1#2218,,,p.Trp59Glu,0.569755979269469,0.3572177368210229,0.7822942217179151,W59E,W59E,0.9522,pathogenic,0.10597903965626587,0.047799999999999954,False,59,False,False,False
urn:mavedb:00000078-b-1#2219,,,p.Trp59Asp,0.7525517212987991,0.412445448956137,1.09265799364146,W59D,W59D,0.9717,pathogenic,0.10014248752325011,0.028299999999999992,False,59,False,False,False
urn:mavedb:00000078-b-1#2220,,,p.Trp59Cys,0.510874273063609,0.323062237912638,0.698686308214581,W59C,W59C,0.969,pathogenic,0.10091508278590974,0.031000000000000028,False,59,False,False,False
urn:mavedb:00000078-b-1#2221,,,p.Arg58Met,0.833500809798754,0.700826444219926,0.966175175377582,R58M,R58M,0.7677,pathogenic,0.2004051760084164,0.23229999999999995,True,58,False,True,False
urn:mavedb:00000078-b-1#2222,,,p.Arg58Tyr,1.07349814335859,0.915926777293602,1.2310695094235902,R58Y,R58Y,0.6876,pathogenic,0.2704766171921999,0.3124,True,58,False,True,False
urn:mavedb:00000078-b-1#2223,,,p.Arg58Trp,0.470863283311593,0.0705114485399245,0.8712151180832621,R58W,R58W,0.3701,ambiguous,0.6669957072170862,0.6299,False,58,False,False,False
urn:mavedb:00000078-b-1#2224,,,p.Arg58Val,0.950011063229572,0.850066571006947,1.0499555554522,R58V,R58V,0.6129,pathogenic,0.35315765822995926,0.3871,True,58,False,True,False
urn:mavedb:00000078-b-1#2225,,,p.Arg58Thr,1.02727153763377,0.9522088920242908,1.10233418324325,R58T,R58T,0.4254,ambiguous,0.5990616150437589,0.5746,False,58,False,False,False
urn:mavedb:00000078-b-1#2226,,,p.Arg58Ser,0.972798601535408,0.763064026284124,1.18253317678669,R58S,R58S,0.4463,ambiguous,0.5718742837169136,0.5537000000000001,False,58,False,False,False
urn:mavedb:00000078-b-1#2228,,,p.Arg58Gln,1.2356979770903,1.1176150909365,1.35378086324409,R58Q,R58Q,0.1584,benign,0.8473164752352971,0.8416,False,58,False,False,False
urn:mavedb:00000078-b-1#2229,,,p.Arg58Pro,1.0905863711467,0.994153431166072,1.1870193111273202,R58P,R58P,0.1973,benign,0.8240985789126403,0.8027,False,58,False,False,False
urn:mavedb:00000078-b-1#2230,,,p.Arg58Asn,1.11422387563808,0.9414255385760508,1.28702221270012,R58N,R58N,0.7279,pathogenic,0.23273621631778713,0.2721,True,58,False,True,False
urn:mavedb:00000078-b-1#2231,,,p.Arg58His,1.06383699626601,0.971740369426994,1.15593362310502,R58H,R58H,0.2344,benign,0.7980097956533243,0.7656000000000001,False,58,False,False,False
urn:mavedb:00000078-b-1#2232,,,p.Arg58Leu,0.682554048692932,0.5931238249902699,0.7719842723955931,R58L,R58L,0.5433,ambiguous,0.44187158593609954,0.4567,False,58,False,False,False
urn:mavedb:00000078-b-1#2233,,,p.Arg58Lys,0.859011526413813,0.6949932006750971,1.02302985215253,R58K,R58K,0.2243,benign,0.8055120963071662,0.7757000000000001,False,58,False,False,False
urn:mavedb:00000078-b-1#2234,,,p.Arg58Ile,0.615578557244673,0.3047598381847849,0.9263972763045608,R58I,R58I,0.652,pathogenic,0.3079316748147207,0.348,False,58,False,False,False
urn:mavedb:00000078-b-1#2235,,,p.Arg58Asp,1.02766601772175,0.799025855210225,1.25630618023327,R58D,R58D,0.608,pathogenic,0.3590963367598846,0.392,True,58,False,True,False
urn:mavedb:00000078-b-1#2236,,,p.Arg58Gly,0.959997140965117,0.853361144864145,1.06663313706609,R58G,R58G,0.3574,ambiguous,0.681566494338269,0.6426000000000001,False,58,False,False,False
urn:mavedb:00000078-b-1#2237,,,p.Arg58Phe,0.8324367675445979,0.720036546279923,0.944836988809272,R58F,R58F,0.849,pathogenic,0.1487132227905026,0.15100000000000002,True,58,False,True,False
urn:mavedb:00000078-b-1#2238,,,p.Arg58Glu,1.01857623779077,0.842279669173455,1.19487280640808,R58E,R58E,0.3067,benign,0.7351667347109729,0.6933,False,58,False,False,False
urn:mavedb:00000078-b-1#2239,,,p.Arg58Cys,0.766994512886189,0.6272985342767371,0.906690491495642,R58C,R58C,0.5461,ambiguous,0.4381587749312944,0.45389999999999997,False,58,False,False,False
urn:mavedb:00000078-b-1#2240,,,p.Arg58Ala,1.06351128402959,0.8959060035745121,1.2311165644846698,R58A,R58A,0.4835,ambiguous,0.5222568247071467,0.5165,False,58,False,False,False
urn:mavedb:00000078-b-1#2241,,,p.Ser57Trp,0.417257863511008,0.292463205393031,0.542052521628985,S57W,S57W,0.8068,pathogenic,0.17326103491048947,0.19320000000000004,False,57,False,False,False
urn:mavedb:00000078-b-1#2242,,,p.Ser57Tyr,0.4191305088328139,0.337797975800778,0.50046304186485,S57Y,S57Y,0.8858,pathogenic,0.13091416364184255,0.11419999999999997,False,57,False,False,False
urn:mavedb:00000078-b-1#2244,,,p.Ser57Gly,0.6978266800133729,0.497436373190938,0.898216986835807,S57G,S57G,0.5625,ambiguous,0.4166000600413372,0.4375,False,57,False,False,False
urn:mavedb:00000078-b-1#2245,,,p.Ser57Val,0.3734473009948289,0.253386746567208,0.493507855422451,S57V,S57V,0.9355,pathogenic,0.11147579086269441,0.0645,False,57,False,False,False
urn:mavedb:00000078-b-1#2246,,,p.Ser57Thr,0.7221180264339221,0.4031536994671839,1.04108235340066,S57T,S57T,0.4919,ambiguous,0.5109328481722017,0.5081,False,57,False,False,False
urn:mavedb:00000078-b-1#2248,,,p.Ser57Arg,0.362104274215797,0.249596482060772,0.4746120663708211,S57R,S57R,0.967,pathogenic,0.10149457577553074,0.03300000000000003,False,57,False,False,False
urn:mavedb:00000078-b-1#2249,,,p.Ser57Gln,0.546312502023059,0.437383868135441,0.655241135910677,S57Q,S57Q,0.9264,pathogenic,0.11467776987474128,0.0736,False,57,False,False,False
urn:mavedb:00000078-b-1#2250,,,p.Ser57Pro,0.408754662858528,0.3162324550678569,0.501276870649198,S57P,S57P,0.9212,pathogenic,0.11657589914059342,0.07879999999999998,False,57,False,False,False
urn:mavedb:00000078-b-1#2251,,,p.Ser57Asn,0.654934330938112,0.40638497269875,0.903483689177474,S57N,S57N,0.9326,pathogenic,0.11247992083785116,0.06740000000000002,False,57,False,False,False
urn:mavedb:00000078-b-1#2252,,,p.Ser57Met,0.499481178677966,0.430755872508154,0.5682064848477779,S57M,S57M,0.9243,pathogenic,0.11543823706819395,0.07569999999999999,False,57,False,False,False
urn:mavedb:00000078-b-1#2253,,,p.Ser57Leu,0.45589486660958,0.410759558339408,0.501030174879752,S57L,S57L,0.8627,pathogenic,0.14171737029737844,0.13729999999999998,False,57,False,False,False
urn:mavedb:00000078-b-1#2254,,,p.Ser57Lys,0.3211129590886469,0.232156677084351,0.410069241092942,S57K,S57K,0.9801,pathogenic,0.09780885395300953,0.01990000000000003,False,57,False,False,False
urn:mavedb:00000078-b-1#2255,,,p.Ser57Ile,0.4141115733018289,0.354369864098998,0.473853282504659,S57I,S57I,0.9611,pathogenic,0.10324036606109886,0.038900000000000046,False,57,False,False,False
urn:mavedb:00000078-b-1#2256,,,p.Ser57His,0.447669467925288,0.372890059165283,0.5224488766852929,S57H,S57H,0.8859,pathogenic,0.13086999074862732,0.11409999999999998,False,57,False,False,False
urn:mavedb:00000078-b-1#2257,,,p.Ser57Cys,0.5687374838547149,0.285069662312821,0.852405305396609,S57C,S57C,0.8234,pathogenic,0.16304352701550745,0.17659999999999998,False,57,False,False,False
urn:mavedb:00000078-b-1#2258,,,p.Ser57Phe,0.5224396206957,0.215770679160157,0.829108562231243,S57F,S57F,0.9293,pathogenic,0.1136410017748863,0.07069999999999999,False,57,False,False,False
urn:mavedb:00000078-b-1#2259,,,p.Ser57Glu,1.0287442702174,0.5510657243541041,1.5064228160806998,S57E,S57E,0.9332,pathogenic,0.11227093225965559,0.06679999999999997,True,57,False,True,False
urn:mavedb:00000078-b-1#2261,,,p.Ala31Trp,1.10671280535417,0.979326595136682,1.23409901557165,A31W,A31W,0.4936,ambiguous,0.5086389384733282,0.5064,False,31,False,False,False
urn:mavedb:00000078-b-1#2262,,,p.Ala31Val,1.13048728883577,1.00839140677047,1.2525831709010602,A31V,A31V,0.0979,benign,0.8760047756600491,0.9021,False,31,False,False,False
urn:mavedb:00000078-b-1#2263,,,p.Ala31Thr,0.974554160998127,0.8087331349615922,1.14037518703466,A31T,A31T,0.0868,benign,0.8804036638422371,0.9132,False,31,False,False,False
urn:mavedb:00000078-b-1#2264,,,p.Ala31Ser,0.8927719445362009,0.601663513608005,1.1838803754643998,A31S,A31S,0.1032,benign,0.8738162972724695,0.8968,False,31,False,False,False
urn:mavedb:00000078-b-1#2265,,,p.Ala31Arg,0.423245685532918,0.336219545814198,0.510271825251638,A31R,A31R,0.2274,benign,0.8032418052445168,0.7726,False,31,False,False,False
urn:mavedb:00000078-b-1#2266,,,p.Ala31Gln,0.9413077529666072,0.792841030954048,1.08977447497917,A31Q,A31Q,0.1919,benign,0.8275663788311762,0.8081,False,31,False,False,False
urn:mavedb:00000078-b-1#2267,,,p.Ala31Pro,0.7872324247948721,0.645047354019422,0.929417495570322,A31P,A31P,0.7485,pathogenic,0.2153945122997265,0.25149999999999995,False,31,False,False,False
urn:mavedb:00000078-b-1#2268,,,p.Ala31Asn,0.925737301299327,0.8142724469838231,1.03720215561483,A31N,A31N,0.2364,benign,0.7964878978875624,0.7636000000000001,False,31,False,False,False
urn:mavedb:00000078-b-1#2269,,,p.Ala31Met,0.7615690666639989,0.5129184284066011,1.0102197049214,A31M,A31M,0.1981,benign,0.8235778926332641,0.8019000000000001,False,31,False,False,False
urn:mavedb:00000078-b-1#2270,,,p.Ala31Leu,1.00557618772457,0.861788422075976,1.14936395337317,A31L,A31L,0.1805,benign,0.8346231689648086,0.8195,False,31,False,False,False
urn:mavedb:00000078-b-1#2271,,,p.Ala31Lys,0.462557038591211,0.308346901347576,0.616767175834847,A31K,A31K,0.2993,benign,0.7423439876211482,0.7007,False,31,False,False,False
urn:mavedb:00000078-b-1#2272,,,p.Ala31Asp,1.07293270195189,0.815059077993756,1.33080632591003,A31D,A31D,0.1994,benign,0.8227279363639065,0.8006,False,31,False,False,False
urn:mavedb:00000078-b-1#2273,,,p.Ala31His,0.942853218900124,0.7846797058253621,1.10102673197489,A31H,A31H,0.315,benign,0.726916200295613,0.685,False,31,False,False,False
urn:mavedb:00000078-b-1#2274,,,p.Ala31Gly,1.07227065515688,1.0173539990032,1.1271873113105702,A31G,A31G,0.1535,benign,0.8499607451108364,0.8465,False,31,False,False,False
urn:mavedb:00000078-b-1#2275,,,p.Ala31Glu,1.07727244432852,0.924532999852668,1.23001188880437,A31E,A31E,0.1185,benign,0.8671657253720203,0.8815,False,31,False,False,False
urn:mavedb:00000078-b-1#2276,,,p.Ala31Cys,0.8649155412014641,0.4773149169298,1.2525161654731298,A31C,A31C,0.6586,pathogenic,0.30070684662692065,0.34140000000000004,True,31,False,True,False
urn:mavedb:00000078-b-1#2278,,,p.Lys30Arg,1.07705395657709,0.913357978772262,1.24074993438192,K30R,K30R,0.1929,benign,0.8269303232868696,0.8071,False,30,False,False,False
urn:mavedb:00000078-b-1#2279,,,p.Lys30Tyr,1.23987727302034,1.05991333038421,1.41984121565647,K30Y,K30Y,0.9437,pathogenic,0.1087169349294878,0.05630000000000002,True,30,False,True,False
urn:mavedb:00000078-b-1#2280,,,p.Lys30Val,1.05482852955501,0.468826454177154,1.64083060493287,K30V,K30V,0.8737,pathogenic,0.13642196336225987,0.12629999999999997,True,30,False,True,False
urn:mavedb:00000078-b-1#2281,,,p.Lys30Thr,1.23332682510921,1.08568080464269,1.38097284557572,K30T,K30T,0.7053,pathogenic,0.2532798850242363,0.29469999999999996,True,30,False,True,False
urn:mavedb:00000078-b-1#2282,,,p.Lys30Ser,1.12005305933961,0.8664710774387141,1.37363504124051,K30S,K30S,0.8613,pathogenic,0.14241160090349916,0.13870000000000005,True,30,False,True,False
urn:mavedb:00000078-b-1#2283,,,p.Lys30Leu,1.0806074135679,0.937539365092032,1.22367546204377,K30L,K30L,0.8368,pathogenic,0.15533266505378496,0.1632,True,30,False,True,False
urn:mavedb:00000078-b-1#2284,,,p.Lys30Pro,1.35156079056592,1.27374380084579,1.42937778028606,K30P,K30P,0.8874,pathogenic,0.13021000106084651,0.11260000000000003,True,30,False,True,False
urn:mavedb:00000078-b-1#2285,,,p.Lys30Asn,1.02005255625019,0.471374605648113,1.56873050685226,K30N,K30N,0.9094,pathogenic,0.12107460873819209,0.09060000000000001,True,30,False,True,False
urn:mavedb:00000078-b-1#2286,,,p.Lys30Met,1.2639908617830802,1.10309493892063,1.42488678464553,K30M,K30M,0.8048,pathogenic,0.174543160445857,0.19520000000000004,True,30,False,True,False
urn:mavedb:00000078-b-1#2287,,,p.Lys30Gly,1.3005681511849,1.2658443911576,1.3352919112122,K30G,K30G,0.809,pathogenic,0.17186354138318655,0.19099999999999995,True,30,False,True,False
urn:mavedb:00000078-b-1#2288,,,p.Lys30Glu,0.804990726670583,-0.119168538912577,1.72914999225374,K30E,K30E,0.4067,ambiguous,0.6227656365901428,0.5932999999999999,False,30,False,False,False
urn:mavedb:00000078-b-1#2289,,,p.Lys30Asp,1.28160570173669,0.9155650738328008,1.64764632964057,K30D,K30D,0.8943,pathogenic,0.12723626366417845,0.10570000000000002,True,30,False,True,False
urn:mavedb:00000078-b-1#2290,,,p.Val29Leu,0.72255855836493,0.5750941336195289,0.87002298311033,V29L,V29L,0.8324,pathogenic,0.15781292694383042,0.16759999999999997,False,29,False,False,False
urn:mavedb:00000078-b-1#2291,,,p.Val29Tyr,0.4777919783299671,0.158122733310235,0.7974612233496999,V29Y,V29Y,0.9648,pathogenic,0.10213917083792713,0.03520000000000001,False,29,False,False,False
urn:mavedb:00000078-b-1#2293,,,p.Val29Trp,0.648048928793299,0.54537392713239,0.7507239304542092,V29W,V29W,0.9877,pathogenic,0.095786146898769,0.012299999999999978,False,29,False,False,False
urn:mavedb:00000078-b-1#2295,,,p.Val29Thr,0.596030714613949,0.402608356046311,0.7894530731815881,V29T,V29T,0.8613,pathogenic,0.14241160090349916,0.13870000000000005,False,29,False,False,False
urn:mavedb:00000078-b-1#2296,,,p.Val29Ser,0.6751007496251451,0.629938450602057,0.720263048648233,V29S,V29S,0.9077,pathogenic,0.12174519227943825,0.09230000000000005,False,29,False,False,False
urn:mavedb:00000078-b-1#2297,,,p.Val29Arg,-0.008027290618127,-0.133740017004015,0.117685435767761,V29R,V29R,0.8021,pathogenic,0.1762917671527936,0.19789999999999996,False,29,False,False,False
urn:mavedb:00000078-b-1#2298,,,p.Val29Gln,0.471381067660343,0.286957710153962,0.655804425166725,V29Q,V29Q,0.8656,pathogenic,0.1402940167168767,0.13439999999999996,False,29,False,False,False
urn:mavedb:00000078-b-1#2299,,,p.Val29Pro,0.745448711870551,0.645201449324486,0.8456959744166159,V29P,V29P,0.9536,pathogenic,0.10553968148586099,0.0464,False,29,False,False,False
urn:mavedb:00000078-b-1#2300,,,p.Val29Asn,0.5491646851424811,0.26855345708028,0.829775913204681,V29N,V29N,0.9426,pathogenic,0.10908022483337133,0.05740000000000001,False,29,False,False,False
urn:mavedb:00000078-b-1#2301,,,p.Val29Met,0.7005035084427221,0.5521492568096701,0.8488577600757741,V29M,V29M,0.8779,pathogenic,0.13447319697657387,0.12209999999999999,False,29,False,False,False
urn:mavedb:00000078-b-1#2302,,,p.Val29Phe,0.7175650286629559,0.549436958264586,0.885693099061327,V29F,V29F,0.8226,pathogenic,0.16351883540185594,0.1774,False,29,False,False,False
urn:mavedb:00000078-b-1#2303,,,p.Val29Ile,0.8324360218088008,0.6002502774431889,1.06462176617441,V29I,V29I,0.2498,benign,0.7859780453614069,0.7502,False,29,False,False,False
urn:mavedb:00000078-b-1#2304,,,p.Val29His,0.53316060099615,0.4093049601853401,0.6570162418069599,V29H,V29H,0.9755,pathogenic,0.0990738053735358,0.024499999999999966,False,29,False,False,False
urn:mavedb:00000078-b-1#2305,,,p.Val29Gly,0.7944995906664529,0.6922243169317039,0.8967748644012029,V29G,V29G,0.7571,pathogenic,0.20854186619809678,0.2429,False,29,False,False,False
urn:mavedb:00000078-b-1#2306,,,p.Val29Asp,0.628535031475135,0.480269716502904,0.776800346447365,V29D,V29D,0.9423,pathogenic,0.10917966601233617,0.057699999999999974,False,29,False,False,False
urn:mavedb:00000078-b-1#2307,,,p.Val29Cys,0.836616738293705,0.604235310504945,1.06899816608246,V29C,V29C,0.9699,pathogenic,0.10065631566193772,0.030100000000000016,True,29,False,True,False
urn:mavedb:00000078-b-1#2308,,,p.Val29Ala,0.802695908614479,0.503523054162562,1.1018687630664,V29A,V29A,0.8557,pathogenic,0.14523523742322836,0.14429999999999998,True,29,False,True,False
urn:mavedb:00000078-b-1#2309,,,p.His28Lys,0.462018959482959,0.341605300833724,0.5824326181321939,H28K,H28K,0.634,pathogenic,0.3282534778368677,0.366,False,28,False,False,False
urn:mavedb:00000078-b-1#2310,,,p.His28Tyr,1.04545975849704,0.873687090211266,1.21723242678281,H28Y,H28Y,0.1859,benign,0.8313247391363868,0.8141,False,28,False,False,False
urn:mavedb:00000078-b-1#2311,,,p.His28Val,0.745390261020403,0.248889976660337,1.24189054538047,H28V,H28V,0.6727,pathogenic,0.28569548451704396,0.32730000000000004,False,28,False,False,False
urn:mavedb:00000078-b-1#2312,,,p.His28Thr,0.778333839453657,0.533975481691896,1.02269219721542,H28T,H28T,0.7461,pathogenic,0.2173473667057434,0.2539,False,28,False,False,False
urn:mavedb:00000078-b-1#2313,,,p.His28Ser,0.883323066603667,0.80725429051707,0.959391842690265,H28S,H28S,0.5932,pathogenic,0.37735932603250055,0.40680000000000005,False,28,False,True,False
urn:mavedb:00000078-b-1#2314,,,p.His28Arg,0.301570347464982,-0.0416848898063694,0.644825584736333,H28R,H28R,0.2718,benign,0.7675257837051016,0.7282,False,28,False,False,False
urn:mavedb:00000078-b-1#2315,,,p.His28Asn,0.773035863417011,0.565623633263458,0.9804480935705632,H28N,H28N,0.4197,ambiguous,0.6063555455380376,0.5803,False,28,False,False,False
urn:mavedb:00000078-b-1#2316,,,p.His28Leu,0.8707347249019269,0.69844864011068,1.04302080969317,H28L,H28L,0.4192,ambiguous,0.60699261420073,0.5808,False,28,False,False,False
urn:mavedb:00000078-b-1#2317,,,p.His28Glu,0.69384300241865,0.6025340911102041,0.785151913727096,H28E,H28E,0.6397,pathogenic,0.3217226181591889,0.36029999999999995,False,28,False,False,False
urn:mavedb:00000078-b-1#2318,,,p.His28Ile,0.792945664273062,0.457304072606468,1.12858725593966,H28I,H28I,0.7818,pathogenic,0.19010359518009945,0.21819999999999995,False,28,False,False,False
urn:mavedb:00000078-b-1#2320,,,p.His28Gly,1.01611925337266,0.8732431933823149,1.158995313363,H28G,H28G,0.7074,pathogenic,0.2513039276958233,0.29259999999999997,True,28,False,True,False
urn:mavedb:00000078-b-1#2321,,,p.His28Asp,0.7616213955537451,0.602500596916885,0.920742194190604,H28D,H28D,0.6394,pathogenic,0.3220641742006505,0.36060000000000003,False,28,False,False,False
urn:mavedb:00000078-b-1#2322,,,p.His28Ala,0.822996297901552,0.630450358405968,1.01554223739714,H28A,H28A,0.6904,pathogenic,0.26769199159189183,0.3096,True,28,False,True,False
urn:mavedb:00000078-b-1#2323,,,p.Leu27Cys,0.5594873990728679,-0.307490423561989,1.4264652217077198,L27C,L27C,0.736,pathogenic,0.22576048103726581,0.264,False,27,False,False,False
urn:mavedb:00000078-b-1#2324,,,p.Leu27Val,0.5147147732362429,0.16462371363526,0.8648058328372259,L27V,L27V,0.1248,benign,0.8642785949455831,0.8752,False,27,False,False,False
urn:mavedb:00000078-b-1#2325,,,p.Leu27Ser,0.8548857346919849,0.604123108172713,1.10564836121126,L27S,L27S,0.5944,pathogenic,0.37586112830383206,0.40559999999999996,False,27,False,True,False
urn:mavedb:00000078-b-1#2326,,,p.Leu27Arg,0.24050649247645,0.05095893905354,0.43005404589936,L27R,L27R,0.4613,ambiguous,0.552011518336446,0.5387,False,27,False,False,False
urn:mavedb:00000078-b-1#2327,,,p.Leu27Pro,0.8082476769207559,0.5407906943384,1.07570465950311,L27P,L27P,0.8606,pathogenic,0.1427604583837029,0.13939999999999997,True,27,False,True,False
urn:mavedb:00000078-b-1#2328,,,p.Leu27Asn,0.883979088598672,0.6905221033850371,1.07743607381231,L27N,L27N,0.7919,pathogenic,0.18308363369881814,0.20809999999999995,True,27,False,True,False
urn:mavedb:00000078-b-1#2329,,,p.Leu27Met,0.339848849935842,0.151252640894684,0.528445058977001,L27M,L27M,0.172,benign,0.8396565180755272,0.8280000000000001,False,27,False,False,False
urn:mavedb:00000078-b-1#2331,,,p.Leu27Ile,1.27962533779134,0.908454251342244,1.6507964242404398,L27I,L27I,0.1728,benign,0.8391909638854229,0.8271999999999999,False,27,False,False,False
urn:mavedb:00000078-b-1#2332,,,p.Leu27Gly,0.793437626238271,0.67209351546271,0.914781737013831,L27G,L27G,0.7183,pathogenic,0.24126828195562872,0.28169999999999995,False,27,False,False,False
urn:mavedb:00000078-b-1#2333,,,p.Leu27Glu,0.780844922748857,0.240835977337677,1.32085386816004,L27E,L27E,0.7032,pathogenic,0.2552695397189939,0.29679999999999995,False,27,False,False,False
urn:mavedb:00000078-b-1#2334,,,p.Leu27Asp,0.9842138249374308,0.7850743213180991,1.18335332855676,L27D,L27D,0.949,pathogenic,0.10699549886374574,0.051000000000000045,True,27,False,True,False
urn:mavedb:00000078-b-1#2335,,,p.Leu27Ala,0.693765816862087,0.379681365828145,1.0078502678960302,L27A,L27A,0.4712,ambiguous,0.5387835421298219,0.5287999999999999,False,27,False,False,False
urn:mavedb:00000078-b-1#2336,,,p.Ala26Asn,0.835517404771025,0.6958190760506329,0.975215733491417,A26N,A26N,0.919,pathogenic,0.11739428354975343,0.08099999999999996,True,26,False,True,False
urn:mavedb:00000078-b-1#2337,,,p.Ala26Tyr,0.440271454143081,0.165742167107173,0.714800741178989,A26Y,A26Y,0.9246,pathogenic,0.11532909653922876,0.07540000000000002,False,26,False,False,False
urn:mavedb:00000078-b-1#2338,,,p.Ala26Val,0.771775643056518,0.367125833251278,1.17642545286176,A26V,A26V,0.7412,pathogenic,0.22138957653427388,0.25880000000000003,False,26,False,False,False
urn:mavedb:00000078-b-1#2339,,,p.Ala26Thr,1.23647756619451,1.13456432986021,1.33839080252881,A26T,A26T,0.534,ambiguous,0.4542585215294713,0.46599999999999997,False,26,False,False,False
urn:mavedb:00000078-b-1#2340,,,p.Ala26Ser,1.30849118392002,1.2406374369392,1.3763449309008402,A26S,A26S,0.1868,benign,0.8307672888050597,0.8132,False,26,False,False,False
urn:mavedb:00000078-b-1#2341,,,p.Ala26Arg,0.4168139388200721,-0.0182240279039026,0.8518519055440459,A26R,A26R,0.8992,pathogenic,0.12518550822394847,0.1008,False,26,False,False,False
urn:mavedb:00000078-b-1#2342,,,p.Ala26Gln,0.278779643353205,-0.202646731161686,0.760206017868095,A26Q,A26Q,0.8714,pathogenic,0.13750609220006052,0.12860000000000005,False,26,False,False,False
urn:mavedb:00000078-b-1#2343,,,p.Ala26His,0.514683284715484,0.412126281186761,0.6172402882442061,A26H,A26H,0.922,pathogenic,0.11628057850318062,0.07799999999999996,False,26,False,False,False
urn:mavedb:00000078-b-1#2344,,,p.Ala26Leu,0.774482127310607,0.7487807936859331,0.8001834609352809,A26L,A26L,0.7852,pathogenic,0.18770732152401592,0.2148,False,26,False,False,False
urn:mavedb:00000078-b-1#2345,,,p.Ala26Lys,0.551033074962422,0.2892365049346081,0.812829644990235,A26K,A26K,0.9785,pathogenic,0.09824530734485282,0.021499999999999964,False,26,False,False,False
urn:mavedb:00000078-b-1#2346,,,p.Ala26Ile,0.932827873780873,0.931293473326063,0.934362274235683,A26I,A26I,0.93,pathogenic,0.11339305780353537,0.06999999999999995,True,26,False,True,False
urn:mavedb:00000078-b-1#2347,,,p.Ala26Asp,1.01590067488112,0.8475840702668291,1.1842172794954098,A26D,A26D,0.9371,pathogenic,0.11092820904017288,0.06289999999999996,True,26,False,True,False
urn:mavedb:00000078-b-1#2348,,,p.Ala26Gly,1.2587795256970502,1.1589931309895902,1.35856592040451,A26G,A26G,0.4116,ambiguous,0.6166187607055159,0.5884,False,26,False,False,False
urn:mavedb:00000078-b-1#2349,,,p.Ala26Phe,0.4080181430095661,0.0348907889866745,0.781145497032457,A26F,A26F,0.8716,pathogenic,0.13741134045159553,0.12839999999999996,False,26,False,False,False
urn:mavedb:00000078-b-1#2350,,,p.Ala26Glu,1.19685648869178,1.02892122631692,1.36479175106663,A26E,A26E,0.9294,pathogenic,0.11360552643043592,0.0706,True,26,False,True,False
urn:mavedb:00000078-b-1#2352,,,p.Tyr25Val,0.214456736534676,-0.258810949289432,0.687724422358784,Y25V,Y25V,0.788,pathogenic,0.18575922243319498,0.21199999999999997,False,25,False,False,False
urn:mavedb:00000078-b-1#2353,,,p.Tyr25Thr,0.512912523801633,0.3487708148942949,0.6770542327089721,Y25T,Y25T,0.9038,pathogenic,0.12330547165847233,0.09619999999999995,False,25,False,False,False
urn:mavedb:00000078-b-1#2354,,,p.Tyr25Gln,0.367153538552341,0.240109403975488,0.494197673129194,Y25Q,Y25Q,0.9578,pathogenic,0.10424086589310588,0.042200000000000015,False,25,False,False,False
urn:mavedb:00000078-b-1#2355,,,p.Tyr25Pro,0.5963159208481529,-0.0928070827772007,1.28543892447351,Y25P,Y25P,0.8615,pathogenic,0.14231214095395767,0.13849999999999996,False,25,False,False,False
urn:mavedb:00000078-b-1#2356,,,p.Tyr25Leu,0.6054282522597471,0.489838177850674,0.721018326668819,Y25L,Y25L,0.6382,pathogenic,0.323432827282582,0.3618,False,25,False,False,False
urn:mavedb:00000078-b-1#2357,,,p.Tyr25Lys,-0.0595679633762344,-0.0648191822061939,-0.0543167445462749,Y25K,Y25K,0.9783,pathogenic,0.09830012759323657,0.021700000000000053,False,25,False,False,False
urn:mavedb:00000078-b-1#2358,,,p.Tyr25Ile,0.500897365270906,0.4396112861284471,0.562183444413365,Y25I,Y25I,0.9006,pathogenic,0.12460873110031213,0.09940000000000004,False,25,False,False,False
urn:mavedb:00000078-b-1#2359,,,p.Tyr25His,0.372074352692552,0.0072145248909861,0.7369341804941179,Y25H,Y25H,0.8617,pathogenic,0.14221277582749253,0.13829999999999998,False,25,False,False,False
urn:mavedb:00000078-b-1#2360,,,p.Tyr25Gly,0.466857238329001,0.3754624319021,0.5582520447559011,Y25G,Y25G,0.7609,pathogenic,0.2055858324827134,0.23909999999999998,False,25,False,False,False
urn:mavedb:00000078-b-1#2361,,,p.Tyr25Phe,0.422214426710971,0.162646584530348,0.681782268891595,Y25F,Y25F,0.3059,benign,0.7359507983852581,0.6940999999999999,False,25,False,False,False
urn:mavedb:00000078-b-1#2362,,,p.Tyr25Glu,0.17547175060118,-0.164911586697954,0.515855087900314,Y25E,Y25E,0.9662,pathogenic,0.10172810326761668,0.03380000000000005,False,25,False,False,False
urn:mavedb:00000078-b-1#2363,,,p.Tyr25Asp,-0.11116350289079,-0.150741204667685,-0.0715858011138959,Y25D,Y25D,0.9031,pathogenic,0.12358877501400996,0.09689999999999999,False,25,False,False,False
urn:mavedb:00000078-b-1#2364,,,p.Tyr25Cys,0.5519891108143871,0.469824843926268,0.634153377702505,Y25C,Y25C,0.7397,pathogenic,0.2226418192798254,0.2603,False,25,False,False,False
urn:mavedb:00000078-b-1#2365,,,p.Tyr25Ala,0.315666874245202,0.3006345219829,0.330699226507503,Y25A,Y25A,0.8776,pathogenic,0.1346110780503451,0.12239999999999995,False,25,False,False,False
urn:mavedb:00000078-b-1#2366,,,p.Leu24Ala,0.8335583823067729,0.618286583497206,1.04883018111634,L24A,L24A,0.193,benign,0.8268665650166306,0.8069999999999999,False,24,False,False,False
urn:mavedb:00000078-b-1#2367,,,p.Leu24Val,0.8786287802817491,0.431321852541214,1.32593570802228,L24V,L24V,0.0785,benign,0.8835349877138424,0.9215,False,24,False,False,False
urn:mavedb:00000078-b-1#2368,,,p.Leu24Thr,0.633698948688535,0.3725513120447769,0.8948465853322941,L24T,L24T,0.2768,benign,0.7631225158540473,0.7232000000000001,False,24,False,False,False
urn:mavedb:00000078-b-1#2369,,,p.Leu24Ser,0.3976109354574329,0.252431360098689,0.542790510816177,L24S,L24S,0.3263,benign,0.7153468470112332,0.6737,False,24,False,False,False
urn:mavedb:00000078-b-1#2370,,,p.Leu24Arg,-0.0534382382499506,-0.252338684821951,0.145462208322049,L24R,L24R,0.6682,pathogenic,0.290422797108636,0.3318,False,24,False,False,False
urn:mavedb:00000078-b-1#2371,,,p.Leu24Gln,0.194341540776758,0.108573349923045,0.280109731630471,L24Q,L24Q,0.5753,pathogenic,0.4000395967260734,0.42469999999999997,False,24,False,False,False
urn:mavedb:00000078-b-1#2372,,,p.Leu24Pro,-0.0791253208445751,-0.0949146611723262,-0.0633359805168241,L24P,L24P,0.7511,pathogenic,0.21329889772061733,0.2489,False,24,False,False,False
urn:mavedb:00000078-b-1#2373,,,p.Leu24His,0.0420341292388571,-0.13808296311539,0.222151221593104,L24H,L24H,0.6634,pathogenic,0.29553117991354666,0.3366,False,24,False,False,False
urn:mavedb:00000078-b-1#2374,,,p.Leu24Gly,0.7120955796560359,0.459965176857484,0.964225982454588,L24G,L24G,0.3195,benign,0.7223551569958763,0.6805,False,24,False,False,False
urn:mavedb:00000078-b-1#2375,,,p.Leu24Glu,0.0630835316929914,-0.17584117038936,0.302008233775343,L24E,L24E,0.8106,pathogenic,0.1708555947722577,0.1894,False,24,False,False,False
urn:mavedb:00000078-b-1#2376,,,p.Leu24Asp,-0.0410956858586057,-0.480518531781872,0.3983271600646609,L24D,L24D,0.9371,pathogenic,0.11092820904017288,0.06289999999999996,False,24,False,False,False
urn:mavedb:00000078-b-1#2377,,,p.Ser23Ala,0.524979653903302,0.36573225979796,0.684227048008645,S23A,S23A,0.3311,benign,0.7103165065937768,0.6689,False,23,False,False,False
urn:mavedb:00000078-b-1#2378,,,p.Ser23Val,0.268088717612804,-0.0175434291988328,0.553720864424441,S23V,S23V,0.8754,pathogenic,0.1356283821069184,0.12460000000000004,False,23,False,False,False
urn:mavedb:00000078-b-1#2379,,,p.Ser23Thr,0.388169527699299,0.319262293186903,0.457076762211695,S23T,S23T,0.6138,pathogenic,0.3520729925548013,0.3862,False,23,False,False,False
urn:mavedb:00000078-b-1#2381,,,p.Ser23Pro,-0.0735072063879296,-0.121277600012872,-0.0257368127629871,S23P,S23P,0.8559,pathogenic,0.14513309646585681,0.1441,False,23,False,False,False
urn:mavedb:00000078-b-1#2382,,,p.Ser23Met,0.8767722473292949,0.7934848183139741,0.960059676344617,S23M,S23M,0.9033,pathogenic,0.1235077295793445,0.09670000000000001,True,23,False,True,False
urn:mavedb:00000078-b-1#2383,,,p.Ser23Leu,0.0362413220034445,-0.0131783993863909,0.08566104339328,S23L,S23L,0.8329,pathogenic,0.15752855815807107,0.16710000000000003,False,23,False,False,False
urn:mavedb:00000078-b-1#2384,,,p.Ser23Gly,0.521087670139719,0.481754011236538,0.560421329042901,S23G,S23G,0.5511,ambiguous,0.43155037085156733,0.44889999999999997,False,23,False,False,False
urn:mavedb:00000078-b-1#2385,,,p.Ser23Phe,-0.0611948680312025,-0.0995230399680544,-0.0228666960943506,S23F,S23F,0.8773,pathogenic,0.1347491607923042,0.12270000000000003,False,23,False,False,False
urn:mavedb:00000078-b-1#2386,,,p.Ser23Asp,0.702345024540457,0.6594216914384631,0.7452683576424519,S23D,S23D,0.9712,pathogenic,0.10028472356278934,0.028800000000000048,False,23,False,False,False
urn:mavedb:00000078-b-1#2387,,,p.Leu22Glu,-0.0838444524668111,-0.231983103934425,0.0642941990008026,L22E,L22E,0.9625,pathogenic,0.10282115749288204,0.03749999999999998,False,22,False,False,False
urn:mavedb:00000078-b-1#2388,,,p.Leu22Tyr,0.26627594671992,0.0439804937966433,0.488571399643197,L22Y,L22Y,0.9185,pathogenic,0.11758156514512082,0.08150000000000002,False,22,False,False,False
urn:mavedb:00000078-b-1#2390,,,p.Leu22Val,0.7729983512143391,0.68073393497595,0.865262767452728,L22V,L22V,0.1349,benign,0.8594619855560125,0.8651,False,22,False,False,False
urn:mavedb:00000078-b-1#2391,,,p.Leu22Thr,0.6563022863189321,0.462891567859513,0.84971300477835,L22T,L22T,0.6808,pathogenic,0.2773388627909804,0.31920000000000004,False,22,False,False,False
urn:mavedb:00000078-b-1#2392,,,p.Leu22Ser,0.51516022378643,0.451552976998145,0.578767470574716,L22S,L22S,0.8179,pathogenic,0.16634590743491262,0.18210000000000004,False,22,False,False,False
urn:mavedb:00000078-b-1#2393,,,p.Leu22Arg,-0.108239371085786,-0.19372494248389,-0.0227537996876814,L22R,L22R,0.9056,pathogenic,0.12258153633699308,0.09440000000000004,False,22,False,False,False
urn:mavedb:00000078-b-1#2394,,,p.Leu22Gln,0.251318831952431,0.0100694097832561,0.4925682541216061,L22Q,L22Q,0.8803,pathogenic,0.13337738220655754,0.11970000000000003,False,22,False,False,False
urn:mavedb:00000078-b-1#2395,,,p.Leu22Pro,0.0790811527767838,-0.13876527111237,0.296927576665938,L22P,L22P,0.7943,pathogenic,0.18145887610258143,0.2057,False,22,False,False,False
urn:mavedb:00000078-b-1#2396,,,p.Leu22Met,1.19011323254946,1.09793558373268,1.28229088136625,L22M,L22M,0.3994,ambiguous,0.631831547256692,0.6006,False,22,False,False,False
urn:mavedb:00000078-b-1#2398,,,p.Leu22His,0.0551864290954802,-0.097060666406919,0.207433524597879,L22H,L22H,0.9439,pathogenic,0.10865110586380004,0.05610000000000004,False,22,False,False,False
urn:mavedb:00000078-b-1#2399,,,p.Leu22Gly,0.344193603666792,0.236537471266794,0.451849736066789,L22G,L22G,0.8516,pathogenic,0.14735052279702132,0.14839999999999998,False,22,False,False,False
urn:mavedb:00000078-b-1#2400,,,p.Leu22Phe,0.818947620911159,0.7655754492449058,0.872319792577413,L22F,L22F,0.4297,ambiguous,0.5935225043507728,0.5703,False,22,False,False,False
urn:mavedb:00000078-b-1#2401,,,p.Leu22Asp,0.0876115833005408,-0.180613840152077,0.355837006753159,L22D,L22D,0.9879,pathogenic,0.09573402678064039,0.0121,False,22,False,False,False
urn:mavedb:00000078-b-1#2402,,,p.Leu22Cys,0.8493361520820529,0.7044108879971729,0.994261416166933,L22C,L22C,0.7603,pathogenic,0.20604965940250675,0.23970000000000002,True,22,False,True,False
urn:mavedb:00000078-b-1#2403,,,p.Leu22Ala,0.8087348069324429,0.6889826362473901,0.928486977617497,L22A,L22A,0.6065,pathogenic,0.3609253631560219,0.39349999999999996,True,22,False,True,False
urn:mavedb:00000078-b-1#2404,,,p.Val21Arg,0.224688735418691,-0.3470832453666031,0.796460716203985,V21R,V21R,0.7369,pathogenic,0.2249979814178774,0.2631,False,21,False,False,False
urn:mavedb:00000078-b-1#2405,,,p.Val21Tyr,0.8684399586392951,0.7400890204734069,0.996790896805183,V21Y,V21Y,0.5765,pathogenic,0.3985007706050151,0.4235,False,21,False,True,False
urn:mavedb:00000078-b-1#2408,,,p.Val21Thr,0.5478918020957789,0.519119931501386,0.5766636726901729,V21T,V21T,0.1671,benign,0.8424714418419289,0.8329,False,21,False,False,False
urn:mavedb:00000078-b-1#2409,,,p.Val21Ser,0.486029172967351,0.302800174739709,0.6692581711949929,V21S,V21S,0.1735,benign,0.8387822198688979,0.8265,False,21,False,False,False
urn:mavedb:00000078-b-1#2410,,,p.Val21His,-0.0857875451667095,-0.676619745805106,0.505044655471687,V21H,V21H,0.8104,pathogenic,0.17098120182834087,0.1896,False,21,False,False,False
urn:mavedb:00000078-b-1#2411,,,p.Val21Pro,0.008120759992413,-0.282613607222446,0.298855127207272,V21P,V21P,0.6026,pathogenic,0.36570454068606045,0.3974,False,21,False,False,False
urn:mavedb:00000078-b-1#2412,,,p.Val21Leu,1.17732415733381,0.891203143989517,1.4634451706781102,V21L,V21L,0.0933,benign,0.8778576520688884,0.9067000000000001,False,21,False,False,False
urn:mavedb:00000078-b-1#2413,,,p.Val21Ile,1.1928391954699098,1.08144678519016,1.30423160574967,V21I,V21I,0.1043,benign,0.8733547837017197,0.8956999999999999,False,21,False,False,False
urn:mavedb:00000078-b-1#2414,,,p.Val21Gly,0.7531892257632309,0.553264756086335,0.953113695440126,V21G,V21G,0.0734,benign,0.8853942288316443,0.9266,False,21,False,False,False
urn:mavedb:00000078-b-1#2415,,,p.Val21Phe,1.26037980514518,1.10635181776512,1.4144077925252398,V21F,V21F,0.0988,benign,0.8756372248960567,0.9012,False,21,False,False,False
urn:mavedb:00000078-b-1#2416,,,p.Val21Ala,0.4215932012895151,-0.0326598534129606,0.87584625599199,V21A,V21A,0.079,benign,0.8833500817488341,0.921,False,21,False,False,False
urn:mavedb:00000078-b-1#2417,,,p.Leu20His,0.1265031263597709,-0.0647855815109915,0.317791834230533,L20H,L20H,0.8151,pathogenic,0.16805846566248367,0.18489999999999995,False,20,False,False,False
urn:mavedb:00000078-b-1#2418,,,p.Leu20Tyr,0.6370679851126422,0.461863153341413,0.812272816883871,L20Y,L20Y,0.628,pathogenic,0.3352207146240334,0.372,False,20,False,False,False
urn:mavedb:00000078-b-1#2419,,,p.Leu20Trp,0.873109011732054,0.663112355088658,1.08310566837545,L20W,L20W,0.3517,ambiguous,0.6879640080764484,0.6483,False,20,False,False,False
urn:mavedb:00000078-b-1#2420,,,p.Leu20Thr,0.436052517391759,0.369554202286041,0.5025508324974771,L20T,L20T,0.3067,benign,0.7351667347109729,0.6933,False,20,False,False,False
urn:mavedb:00000078-b-1#2421,,,p.Leu20Ser,0.461933765749089,0.331072524884187,0.592795006613991,L20S,L20S,0.5061,ambiguous,0.49176591914992446,0.4939,False,20,False,False,False
urn:mavedb:00000078-b-1#2422,,,p.Leu20Arg,-0.1498385177614369,-0.292960708514589,-0.0067163270082845,L20R,L20R,0.8421,pathogenic,0.15241093633055758,0.15790000000000004,False,20,False,False,False
urn:mavedb:00000078-b-1#2423,,,p.Leu20Pro,0.149345299837849,-0.151465552108158,0.4501561517838569,L20P,L20P,0.8134,pathogenic,0.16910864192636071,0.1866,False,20,False,False,False
urn:mavedb:00000078-b-1#2424,,,p.Leu20Asn,0.396719592919848,0.207483525345411,0.585955660494285,L20N,L20N,0.8582,pathogenic,0.1439654033848157,0.14180000000000004,False,20,False,False,False
urn:mavedb:00000078-b-1#2426,,,p.Leu20Lys,0.0091271124825148,-0.251039806105381,0.269294031070411,L20K,L20K,0.9287,pathogenic,0.11385423798546804,0.07130000000000003,False,20,False,False,False
urn:mavedb:00000078-b-1#2427,,,p.Leu20Ala,0.481130394793789,0.281966560873955,0.680294228713623,L20A,L20A,0.252,benign,0.7842001043686718,0.748,False,20,False,False,False
urn:mavedb:00000078-b-1#2428,,,p.Leu20Gly,0.256454208301443,-0.0110232754120982,0.523931692014983,L20G,L20G,0.4888,ambiguous,0.5151143126099205,0.5112,False,20,False,False,False
urn:mavedb:00000078-b-1#2429,,,p.Leu20Glu,0.0670077640797276,-0.101261606904103,0.235277135063558,L20E,L20E,0.8909,pathogenic,0.12868889010968654,0.10909999999999997,False,20,False,False,False
urn:mavedb:00000078-b-1#2430,,,p.Leu20Asp,0.205559317964393,-0.18201109345717,0.593129729385955,L20D,L20D,0.9719,pathogenic,0.10008569918010435,0.028100000000000014,False,20,False,False,False
urn:mavedb:00000078-b-1#2431,,,p.Gly19Lys,-0.0991788194377555,-0.202023386508608,0.0036657476330971,G19K,G19K,0.9875,pathogenic,0.09583832322764917,0.012499999999999956,False,19,False,False,False
urn:mavedb:00000078-b-1#2432,,,p.Gly19His,-0.135174599180541,-0.216924617121323,-0.053424581239759,G19H,G19H,0.9857,pathogenic,0.09631044848617692,0.01429999999999998,False,19,False,False,False
urn:mavedb:00000078-b-1#2434,,,p.Gly19Glu,-0.2423409132664269,-0.580575514398799,0.0958936878659443,G19E,G19E,0.9466,pathogenic,0.10776910940800438,0.0534,False,19,False,False,False
urn:mavedb:00000078-b-1#2435,,,p.Gly19Ala,0.302333408836568,-0.0123025310050611,0.6169693486781961,G19A,G19A,0.6328,pathogenic,0.3296394011267233,0.36719999999999997,False,19,False,False,False
urn:mavedb:00000078-b-1#2436,,,p.Thr18Val,1.03738636068478,0.856166829117499,1.21860589225207,T18V,T18V,0.0852,benign,0.8810176271126902,0.9148000000000001,False,18,False,False,False
urn:mavedb:00000078-b-1#2437,,,p.Thr18Tyr,0.698624423665816,0.080878281367368,1.31637056596426,T18Y,T18Y,0.4501,ambiguous,0.5668662517496955,0.5499,False,18,False,False,False
urn:mavedb:00000078-b-1#2438,,,p.Thr18Asp,0.184894516447668,-0.248352093993194,0.618141126888531,T18D,T18D,0.6876,pathogenic,0.2704766171921999,0.3124,False,18,False,False,False
urn:mavedb:00000078-b-1#2440,,,p.Thr18Ser,0.7247967204532879,0.471877255657017,0.97771618524956,T18S,T18S,0.0951,benign,0.8771377115088254,0.9049,False,18,False,False,False
urn:mavedb:00000078-b-1#2441,,,p.Thr18Arg,-0.0839429434511519,-0.239732806795187,0.0718469198928835,T18R,T18R,0.6699,pathogenic,0.28862986076233726,0.33009999999999995,False,18,False,False,False
urn:mavedb:00000078-b-1#2442,,,p.Thr18Gln,0.471159426178156,0.3487417585495089,0.593577093806803,T18Q,T18Q,0.5948,pathogenic,0.3753623882032257,0.4052,False,18,False,False,False
urn:mavedb:00000078-b-1#2443,,,p.Thr18Pro,0.164297445849198,0.0068544367649228,0.321740454933473,T18P,T18P,0.2407,benign,0.793174868607119,0.7593,False,18,False,False,False
urn:mavedb:00000078-b-1#2444,,,p.Thr18Asn,0.5014616626528621,0.318332105509018,0.684591219796706,T18N,T18N,0.4037,ambiguous,0.6265049264732556,0.5963,False,18,False,False,False
urn:mavedb:00000078-b-1#2445,,,p.Thr18Met,1.17048884152012,1.08025074562865,1.26072693741159,T18M,T18M,0.1092,benign,0.871268013850466,0.8908,False,18,False,False,False
urn:mavedb:00000078-b-1#2446,,,p.Thr18Leu,1.1308549858811,0.957836423204371,1.30387354855783,T18L,T18L,0.0931,benign,0.8779372434200999,0.9069,False,18,False,False,False
urn:mavedb:00000078-b-1#2447,,,p.Thr18Lys,0.163505542782418,-0.0486003922910751,0.375611477855911,T18K,T18K,0.7696,pathogenic,0.19898251297570724,0.23040000000000005,False,18,False,False,False
urn:mavedb:00000078-b-1#2448,,,p.Thr18Ile,0.761283213921303,0.399203913974848,1.12336251386776,T18I,T18I,0.1369,benign,0.8584801303976478,0.8631,False,18,False,False,False
urn:mavedb:00000078-b-1#2449,,,p.Thr18Gly,0.7136164657649889,0.5813273389534029,0.8459055925765749,T18G,T18G,0.0903,benign,0.8790431330949914,0.9097,False,18,False,False,False
urn:mavedb:00000078-b-1#2450,,,p.Thr18Glu,0.006791758122602,-0.1470139302505889,0.160597446495793,T18E,T18E,0.7061,pathogenic,0.25252552343959966,0.29390000000000005,False,18,False,False,False
urn:mavedb:00000078-b-1#2451,,,p.Thr18Cys,1.0792802674317,0.8720577136518008,1.28650282121159,T18C,T18C,0.1896,benign,0.829018798171659,0.8104,False,18,False,False,False
urn:mavedb:00000078-b-1#2452,,,p.Thr18Ala,0.9008857086716942,0.7299110387930341,1.07186037855035,T18A,T18A,0.0477,benign,0.8940524503928363,0.9523,False,18,False,False,False
urn:mavedb:00000078-b-1#2453,,,p.Leu17Pro,-0.130438605198741,-0.192768790399914,-0.068108419997568,L17P,L17P,0.683,pathogenic,0.27510333952792043,0.31699999999999995,False,17,False,False,False
urn:mavedb:00000078-b-1#2454,,,p.Leu17Tyr,0.378720097767044,0.251322349136606,0.506117846397481,L17Y,L17Y,0.5482,ambiguous,0.4353797584262298,0.4518,False,17,False,False,False
urn:mavedb:00000078-b-1#2456,,,p.Leu17Trp,0.7753601565175301,0.6115207931766661,0.9391995198583928,L17W,L17W,0.3186,benign,0.7232722803096213,0.6814,False,17,False,False,False
urn:mavedb:00000078-b-1#2457,,,p.Leu17Val,0.9168229417331408,0.714165979024375,1.11947990444191,L17V,L17V,0.0721,benign,0.8858604205149795,0.9279,False,17,False,False,False
urn:mavedb:00000078-b-1#2458,,,p.Leu17Thr,0.7104589693812791,0.532183489822472,0.8887344489400859,L17T,L17T,0.2205,benign,0.8082561855998706,0.7795,False,17,False,False,False
urn:mavedb:00000078-b-1#2459,,,p.Leu17Ser,0.3548282267819939,0.2029138458211869,0.506742607742802,L17S,L17S,0.2858,benign,0.7550002681909048,0.7142,False,17,False,False,False
urn:mavedb:00000078-b-1#2460,,,p.Leu17Arg,-0.1041439060120269,-0.233897393511813,0.025609581487759,L17R,L17R,0.7034,pathogenic,0.2550794590974134,0.2966,False,17,False,False,False
urn:mavedb:00000078-b-1#2461,,,p.Leu17Gln,0.100409398509794,-0.304115096456894,0.504933893476483,L17Q,L17Q,0.5805,pathogenic,0.3933895726394307,0.4195,False,17,False,False,False
urn:mavedb:00000078-b-1#2462,,,p.Leu17Lys,-0.029126515358376,-0.032663459990137,-0.0255895707266151,L17K,L17K,0.8501,pathogenic,0.1481346662441116,0.14990000000000003,False,17,False,False,False
urn:mavedb:00000078-b-1#2463,,,p.Leu17Asn,0.134977661806309,-0.0272925055291227,0.297247829141741,L17N,L17N,0.745,pathogenic,0.2182483525712417,0.255,False,17,False,False,False
urn:mavedb:00000078-b-1#2464,,,p.Leu17Met,0.882929221883093,0.735601469207567,1.03025697455862,L17M,L17M,0.117,benign,0.8678401379091781,0.883,False,17,False,False,False
urn:mavedb:00000078-b-1#2466,,,p.Leu17Phe,1.19057688996757,1.12350981946895,1.25764396046619,L17F,L17F,0.0866,benign,0.8804806821723021,0.9134,False,17,False,False,False
urn:mavedb:00000078-b-1#2467,,,p.Leu17Ile,1.0310496524644102,0.928883489306266,1.13321581562255,L17I,L17I,0.0967,benign,0.8764922704206556,0.9033,False,17,False,False,False
urn:mavedb:00000078-b-1#2468,,,p.Leu17His,-0.0345996029036125,-0.166963671344874,0.097764465537649,L17H,L17H,0.6861,pathogenic,0.271978243807884,0.31389999999999996,False,17,False,False,False
urn:mavedb:00000078-b-1#2469,,,p.Leu17Gly,0.67628034127405,0.388027311420506,0.964533371127595,L17G,L17G,0.2831,benign,0.7574634558161426,0.7169,False,17,False,False,False
urn:mavedb:00000078-b-1#2470,,,p.Leu17Ala,0.514949871605884,0.354898500642882,0.6750012425688859,L17A,L17A,0.1697,benign,0.8409856211545357,0.8303,False,17,False,False,False
urn:mavedb:00000078-b-1#2471,,,p.Leu17Glu,-0.0015468288689758,-0.385095881992443,0.382002224254492,L17E,L17E,0.8051,pathogenic,0.17435013045266323,0.19489999999999996,False,17,False,False,False
urn:mavedb:00000078-b-1#2472,,,p.Leu17Asp,-0.0150794818184582,-0.174548577793932,0.144389614157016,L17D,L17D,0.934,pathogenic,0.11199328735790541,0.06599999999999995,False,17,False,False,False
urn:mavedb:00000078-b-1#2473,,,p.Leu17Cys,0.77128066565348,0.568956964444526,0.973604366862435,L17C,L17C,0.3204,benign,0.7214355832937658,0.6796,False,17,False,False,False
urn:mavedb:00000078-b-1#2474,,,p.Cys16His,-0.0443594295653586,-0.1416471577463169,0.0529282986155993,C16H,C16H,0.9555,pathogenic,0.1049485613610015,0.044499999999999984,False,16,False,False,False
urn:mavedb:00000078-b-1#2475,,,p.Cys16Tyr,0.109391107062793,-0.0741561244944299,0.292938338620017,C16Y,C16Y,0.8878,pathogenic,0.13003482626813523,0.11219999999999997,False,16,False,False,False
urn:mavedb:00000078-b-1#2476,,,p.Val45Glu,0.4822612975483711,0.146409535521177,0.8181130595755659,V45E,V45E,0.7296,pathogenic,0.2312552541839703,0.2704,False,45,False,False,False
urn:mavedb:00000078-b-1#2477,,,p.Val45Cys,0.5209622998102139,0.347242598288232,0.694682001332197,V45C,V45C,0.9045,pathogenic,0.12302316259595406,0.09550000000000003,False,45,False,False,False
urn:mavedb:00000078-b-1#2478,,,p.Val45Ala,0.8776570839231859,0.165762597814566,1.58955157003181,V45A,V45A,0.2819,benign,0.7585509118282271,0.7181,False,45,False,False,False
urn:mavedb:00000078-b-1#2479,,,p.Asp44Ser,0.467488361284708,0.28967630029207,0.6453004222773471,D44S,D44S,0.9121,pathogenic,0.1200213359243757,0.08789999999999998,False,44,False,False,False
urn:mavedb:00000078-b-1#2481,,,p.Asp44Val,0.1759675450543769,0.0133795376867604,0.338555552421993,D44V,D44V,0.9526,pathogenic,0.1058531786741598,0.0474,False,44,False,False,False
urn:mavedb:00000078-b-1#2482,,,p.Asp44Thr,0.113947814538514,-0.3993468837243309,0.627242512801359,D44T,D44T,0.9751,pathogenic,0.09918527966516383,0.024900000000000033,False,44,False,False,False
urn:mavedb:00000078-b-1#2483,,,p.Asp44Asn,0.522796396995618,-0.0912379392069046,1.13683073319814,D44N,D44N,0.8952,pathogenic,0.12685583227354807,0.1048,False,44,False,False,False
urn:mavedb:00000078-b-1#2484,,,p.Asp44Arg,0.0447615605299197,-0.165022529317787,0.254545650377626,D44R,D44R,0.9557,pathogenic,0.10488668148163524,0.044300000000000006,False,44,False,False,False
urn:mavedb:00000078-b-1#2485,,,p.Asp44Gln,0.4196912102712021,0.370416763130825,0.4689656574115779,D44Q,D44Q,0.9824,pathogenic,0.09718797771583838,0.01759999999999995,False,44,False,False,False
urn:mavedb:00000078-b-1#2486,,,p.Asp44Pro,0.26043409709215,0.117052627565074,0.403815566619225,D44P,D44P,0.9804,pathogenic,0.09772743490295194,0.01959999999999995,False,44,False,False,False
urn:mavedb:00000078-b-1#2487,,,p.Asp44Ile,0.0641922364185102,-0.125915028696885,0.254299501533905,D44I,D44I,0.987,pathogenic,0.09596901032211319,0.013000000000000012,False,44,False,False,False
urn:mavedb:00000078-b-1#2488,,,p.Asp44Met,0.282728991074027,-0.0850590246043161,0.650517006752371,D44M,D44M,0.9973,pathogenic,0.09334681182129634,0.0027000000000000357,False,44,False,False,False
urn:mavedb:00000078-b-1#2489,,,p.Asp44Leu,0.133581752685669,-0.0081965752754746,0.275360080646813,D44L,D44L,0.9826,pathogenic,0.09713434989191222,0.01739999999999997,False,44,False,False,False
urn:mavedb:00000078-b-1#2490,,,p.Asp44Cys,0.165994473216584,0.0022770530448977,0.32971189338827,D44C,D44C,0.9926,pathogenic,0.09452525567163575,0.007399999999999962,False,44,False,False,False
urn:mavedb:00000078-b-1#2491,,,p.Asp44His,0.308489500556712,0.187242406583706,0.429736594529718,D44H,D44H,0.9518,pathogenic,0.10610516540638953,0.04820000000000002,False,44,False,False,False
urn:mavedb:00000078-b-1#2492,,,p.Asp44Gly,0.396561909408551,0.254351168387256,0.538772650429846,D44G,D44G,0.9464,pathogenic,0.10783401658296811,0.05359999999999998,False,44,False,False,False
urn:mavedb:00000078-b-1#2493,,,p.Asp44Phe,0.0858612898252468,-0.087280406110717,0.259002985761211,D44F,D44F,0.9872,pathogenic,0.09591669323285183,0.012800000000000034,False,44,False,False,False
urn:mavedb:00000078-b-1#2494,,,p.Cys43Val,0.7384942864839159,0.270021759742246,1.2069668132255902,C43V,C43V,0.9722,pathogenic,0.10000063013972516,0.027800000000000047,False,43,True,False,False
urn:mavedb:00000078-b-1#2495,,,p.Cys43Tyr,0.586370018598384,0.47583730163502,0.696902735561748,C43Y,C43Y,0.9662,pathogenic,0.10172810326761668,0.03380000000000005,False,43,True,False,False
urn:mavedb:00000078-b-1#2497,,,p.Cys43Asp,0.5418360477520011,-0.133303013653684,1.21697510915769,C43D,C43D,0.9896,pathogenic,0.09529326775975977,0.010399999999999965,False,43,True,False,False
urn:mavedb:00000078-b-1#2498,,,p.Cys43Ser,0.705834455214167,0.620346289096327,0.791322621332007,C43S,C43S,0.9685,pathogenic,0.10105937872830931,0.03149999999999997,False,43,True,False,False
urn:mavedb:00000078-b-1#2499,,,p.Cys43Arg,0.254429590509208,0.0983786006974683,0.410480580320947,C43R,C43R,0.963,pathogenic,0.10267219160139199,0.03700000000000003,False,43,True,False,False
urn:mavedb:00000078-b-1#2500,,,p.Cys43Gln,0.4645316135411479,0.288174259588656,0.64088896749364,C43Q,C43Q,0.9918,pathogenic,0.09472884344828622,0.008199999999999985,False,43,True,False,False
urn:mavedb:00000078-b-1#2501,,,p.Cys43Pro,0.6611941271424959,0.4915880646475671,0.8308001896374251,C43P,C43P,0.9696,pathogenic,0.1007424336636046,0.030399999999999983,False,43,True,False,False
urn:mavedb:00000078-b-1#2502,,,p.Cys43Met,0.977716512333569,0.8349879614980601,1.12044506316908,C43M,C43M,0.9876,pathogenic,0.09581222803353126,0.012399999999999967,True,43,True,True,False
urn:mavedb:00000078-b-1#2503,,,p.Cys43Leu,0.869137012008985,0.7803644773173749,0.957909546700595,C43L,C43L,0.9389,pathogenic,0.11031758818185566,0.06110000000000004,True,43,True,True,False
urn:mavedb:00000078-b-1#2504,,,p.Cys43Lys,0.422354347466335,0.219121759783795,0.625586935148875,C43K,C43K,0.9975,pathogenic,0.09329732774498546,0.0024999999999999467,False,43,True,False,False
urn:mavedb:00000078-b-1#2505,,,p.Cys43Ile,0.916345779672266,0.739825944851582,1.09286561449295,C43I,C43I,0.988,pathogenic,0.09570798778394378,0.01200000000000001,True,43,True,True,False
urn:mavedb:00000078-b-1#2506,,,p.Cys43His,0.7081219919316449,0.356694753714064,1.05954923014922,C43H,C43H,0.987,pathogenic,0.09596901032211319,0.013000000000000012,False,43,True,False,False
urn:mavedb:00000078-b-1#2507,,,p.Cys43Gly,0.555793656066183,0.478780870716681,0.6328064414156851,C43G,C43G,0.8542,pathogenic,0.14600438051251258,0.14580000000000004,False,43,True,False,False
urn:mavedb:00000078-b-1#2508,,,p.Cys43Phe,0.959668041786516,0.8382113652304221,1.08112471834261,C43F,C43F,0.9323,pathogenic,0.11258465836185155,0.06769999999999998,True,43,True,True,False
urn:mavedb:00000078-b-1#2509,,,p.Cys43Glu,0.5994023414327889,0.362934532826988,0.8358701500385909,C43E,C43E,0.9955,pathogenic,0.09379459077227872,0.0044999999999999485,False,43,True,False,False
urn:mavedb:00000078-b-1#2511,,,p.Cys43Ala,1.0602577370454,0.948465923545698,1.17204955054509,C43A,C43A,0.9649,pathogenic,0.10210970747994277,0.03510000000000002,True,43,True,True,False
urn:mavedb:00000078-b-1#2512,,,p.Leu42Asp,0.6750422250237129,0.549475636603437,0.80060881344399,L42D,L42D,0.8731,pathogenic,0.13670361671506503,0.1269,False,42,False,False,False
urn:mavedb:00000078-b-1#2513,,,p.Leu42Tyr,1.07936709716401,0.8233833467521819,1.33535084757583,L42Y,L42Y,0.2451,benign,0.7897266590829214,0.7549,False,42,False,False,False
urn:mavedb:00000078-b-1#2514,,,p.Leu42Val,0.175961441555691,-0.312624111869972,0.6645469949813531,L42V,L42V,0.1162,benign,0.8681978015951756,0.8838,False,42,False,False,False
urn:mavedb:00000078-b-1#2515,,,p.Leu42Thr,0.616729413937619,0.3571670855317079,0.87629174234353,L42T,L42T,0.4229,ambiguous,0.6022677081907345,0.5771,False,42,False,False,False
urn:mavedb:00000078-b-1#2516,,,p.Leu42Ser,0.4282305934102329,0.280192475775111,0.5762687110453549,L42S,L42S,0.346,ambiguous,0.6942707885559107,0.654,False,42,False,False,False
urn:mavedb:00000078-b-1#2517,,,p.Leu42Arg,0.185564922636059,0.0069785441375046,0.364151301134614,L42R,L42R,0.3017,benign,0.740034763231435,0.6982999999999999,False,42,False,False,False
urn:mavedb:00000078-b-1#2518,,,p.Leu42Asn,0.270993844225604,-0.0072118049650605,0.549199493416269,L42N,L42N,0.6966,pathogenic,0.2616117124304548,0.3034,False,42,False,False,False
urn:mavedb:00000078-b-1#2519,,,p.Leu42Met,1.05298382792574,0.9510341833489508,1.15493347250252,L42M,L42M,0.1317,benign,0.8610134978141307,0.8683,False,42,False,False,False
urn:mavedb:00000078-b-1#2521,,,p.Leu42Gly,0.508515756149259,0.437202217360267,0.579829294938251,L42G,L42G,0.5149,ambiguous,0.4798983864945833,0.4851,False,42,False,False,False
urn:mavedb:00000078-b-1#2522,,,p.Leu42Glu,0.649710552566143,0.564733152367602,0.734687952764685,L42E,L42E,0.6556,pathogenic,0.30397543128686266,0.34440000000000004,False,42,False,False,False
urn:mavedb:00000078-b-1#2523,,,p.Leu42Ala,0.648964312394359,0.506734423428265,0.7911942013604542,L42A,L42A,0.2339,benign,0.7983883864957647,0.7661,False,42,False,False,False
urn:mavedb:00000078-b-1#2524,,,p.Ala41Arg,0.268658694873075,0.164179677563915,0.3731377121822349,A41R,A41R,0.8662,pathogenic,0.14000199078380499,0.13380000000000003,False,41,False,False,False
urn:mavedb:00000078-b-1#2525,,,p.Ala41Thr,0.649828319551593,0.611387951901969,0.6882686872012171,A41T,A41T,0.8564,pathogenic,0.14487816660836433,0.14359999999999995,False,41,False,False,False
urn:mavedb:00000078-b-1#2526,,,p.Ala41Ser,1.01868067722917,0.8945699895799829,1.14279136487836,A41S,A41S,0.4133,ambiguous,0.6144750786316264,0.5867,False,41,False,False,False
urn:mavedb:00000078-b-1#2527,,,p.Ala41Leu,0.274565898136064,-0.182705168378682,0.73183696465081,A41L,A41L,0.7861,pathogenic,0.18707866130973072,0.21389999999999998,False,41,False,False,False
urn:mavedb:00000078-b-1#2528,,,p.Ala41Gln,0.612130436603579,0.482166132428605,0.742094740778552,A41Q,A41Q,0.902,pathogenic,0.12403598149443851,0.09799999999999998,False,41,False,False,False
urn:mavedb:00000078-b-1#2529,,,p.Ala41Pro,0.723981226006485,0.388295267088396,1.0596671849245698,A41P,A41P,0.2708,benign,0.7683970934726709,0.7292000000000001,False,41,False,False,False
urn:mavedb:00000078-b-1#2530,,,p.Ala41Met,0.565696585435032,0.417644433458301,0.7137487374117629,A41M,A41M,0.9278,pathogenic,0.1141753298376321,0.07220000000000004,False,41,False,False,False
urn:mavedb:00000078-b-1#2531,,,p.Ala41Asp,0.7056552037002759,0.50773498410937,0.9035754232911808,A41D,A41D,0.9233,pathogenic,0.11580325345204447,0.07669999999999999,False,41,False,False,False
urn:mavedb:00000078-b-1#2532,,,p.Ala41Gly,0.640037224823857,0.606084175706441,0.673990273941273,A41G,A41G,0.6213,pathogenic,0.343109919031191,0.37870000000000004,False,41,False,False,False
urn:mavedb:00000078-b-1#2533,,,p.Ala41Phe,0.20369787197958,-0.3596791120393211,0.7670748559984809,A41F,A41F,0.8854,pathogenic,0.13109107273036275,0.11460000000000004,False,41,False,False,False
urn:mavedb:00000078-b-1#2534,,,p.Ala41Glu,0.612554973619691,0.517516984887375,0.7075929623520071,A41E,A41E,0.913,pathogenic,0.11967343265561214,0.08699999999999997,False,41,False,False,False
urn:mavedb:00000078-b-1#2535,,,p.Arg40Leu,1.1682459712171298,1.04051278086146,1.2959791615728,R40L,R40L,0.3077,benign,0.7341838860582255,0.6923,False,40,False,False,False
urn:mavedb:00000078-b-1#2537,,,p.Arg40Trp,1.13124097671828,0.9425092885513532,1.31997266488521,R40W,R40W,0.2525,benign,0.7837939522427746,0.7475,False,40,False,False,False
urn:mavedb:00000078-b-1#2538,,,p.Arg40Val,1.21437076615017,1.08920752949848,1.33953400280186,R40V,R40V,0.3041,benign,0.737707733354276,0.6959,False,40,False,False,False
urn:mavedb:00000078-b-1#2539,,,p.Arg40Thr,1.14892744699588,0.779325607277572,1.51852928671419,R40T,R40T,0.2641,benign,0.7741546416566467,0.7359,False,40,False,False,False
urn:mavedb:00000078-b-1#2540,,,p.Arg40Ser,1.18139558011091,1.05649775574836,1.30629340447346,R40S,R40S,0.4978,ambiguous,0.5029699568763513,0.5022,False,40,False,False,False
urn:mavedb:00000078-b-1#2542,,,p.Arg40Gln,1.26033505256283,1.04329449841118,1.47737560671447,R40Q,R40Q,0.1045,benign,0.8732706001974202,0.8955,False,40,False,False,False
urn:mavedb:00000078-b-1#2543,,,p.Arg40Pro,0.857907848774887,0.543533764649567,1.17228193290021,R40P,R40P,0.5956,pathogenic,0.37436590336322273,0.4044,False,40,False,True,False
urn:mavedb:00000078-b-1#2544,,,p.Arg40Asn,0.9729685791617292,0.6949115383185589,1.2510256200049,R40N,R40N,0.6897,pathogenic,0.2683858967870139,0.3103,True,40,False,True,False
urn:mavedb:00000078-b-1#2545,,,p.Arg40Met,0.768080730494525,-0.326460005812312,1.8626214668013603,R40M,R40M,0.5299,ambiguous,0.45974291284367136,0.47009999999999996,False,40,False,False,False
urn:mavedb:00000078-b-1#2546,,,p.Arg40Gly,0.9473079648033592,0.9059586409651008,0.988657288641617,R40G,R40G,0.3818,ambiguous,0.6532019284655043,0.6182000000000001,False,40,False,False,False
urn:mavedb:00000078-b-1#2547,,,p.Arg40Lys,0.855665874717415,0.7660500866364879,0.945281662798343,R40K,R40K,0.1643,benign,0.8440519492819718,0.8357,False,40,False,False,False
urn:mavedb:00000078-b-1#2548,,,p.Arg40Ile,0.563761532572323,0.0599616852134968,1.06756137993115,R40I,R40I,0.3631,ambiguous,0.6750800963695514,0.6369,False,40,False,False,False
urn:mavedb:00000078-b-1#2549,,,p.Arg40His,1.1604058390713,1.07283527756749,1.2479764005751202,R40H,R40H,0.1399,benign,0.8569896445269617,0.8601,False,40,False,False,False
urn:mavedb:00000078-b-1#2550,,,p.Arg40Cys,0.999373696076328,0.991920425845543,1.00682696630711,R40C,R40C,0.3391,benign,0.7017815042415622,0.6609,False,40,False,False,False
urn:mavedb:00000078-b-1#2551,,,p.Arg40Phe,1.22376916497199,1.12119064171182,1.32634768823216,R40F,R40F,0.6606,pathogenic,0.29854219475307125,0.33940000000000003,True,40,False,True,False
urn:mavedb:00000078-b-1#2552,,,p.Arg40Glu,1.1116901463738,0.954058779675653,1.26932151307195,R40E,R40E,0.2826,benign,0.7579171080427342,0.7174,False,40,False,False,False
urn:mavedb:00000078-b-1#2553,,,p.Arg40Asp,0.90852309009945,0.659312289543225,1.15773389065568,R40D,R40D,0.6822,pathogenic,0.27591455894449285,0.31779999999999997,True,40,False,True,False
urn:mavedb:00000078-b-1#2554,,,p.Arg40Ala,1.05738144729803,0.68086638872704,1.4338965058690198,R40A,R40A,0.4368,ambiguous,0.5843121243625738,0.5631999999999999,False,40,False,False,False
urn:mavedb:00000078-b-1#2555,,,p.Tyr39Trp,0.896509448674542,0.474856766150062,1.31816213119902,Y39W,Y39W,0.6641,pathogenic,0.2947819975346924,0.3359,True,39,False,True,False
urn:mavedb:00000078-b-1#2556,,,p.Tyr39Val,0.507271039841889,0.4617243939474621,0.5528176857363161,Y39V,Y39V,0.8631,pathogenic,0.14151986960235213,0.13690000000000002,False,39,False,False,False
urn:mavedb:00000078-b-1#2557,,,p.Tyr39Thr,0.541724521160305,0.408195710139926,0.6752533321806851,Y39T,Y39T,0.9119,pathogenic,0.12009886347995813,0.08809999999999996,False,39,False,False,False
urn:mavedb:00000078-b-1#2558,,,p.Tyr39Ser,0.389033937924629,0.250347835790483,0.527720040058776,Y39S,Y39S,0.7288,pathogenic,0.2319510568742345,0.2712,False,39,False,False,False
urn:mavedb:00000078-b-1#2559,,,p.Tyr39Arg,0.143458852068383,-0.0517927688842336,0.338710473020999,Y39R,Y39R,0.8692,pathogenic,0.13855442362659565,0.13080000000000003,False,39,False,False,False
urn:mavedb:00000078-b-1#2560,,,p.Tyr39Gln,0.4118213449602271,0.310000913647476,0.5136417762729779,Y39Q,Y39Q,0.9389,pathogenic,0.11031758818185566,0.06110000000000004,False,39,False,False,False
urn:mavedb:00000078-b-1#2561,,,p.Tyr39Pro,0.4939826650625821,0.297208916041574,0.690756414083589,Y39P,Y39P,0.9232,pathogenic,0.11583985806649015,0.07679999999999998,False,39,False,False,False
urn:mavedb:00000078-b-1#2562,,,p.Tyr39Met,0.248457987908168,-0.120086202979133,0.617002178795469,Y39M,Y39M,0.9624,pathogenic,0.10285099803805212,0.03759999999999997,False,39,False,False,False
urn:mavedb:00000078-b-1#2563,,,p.Tyr39Leu,0.3564225300207821,0.307288405624999,0.405556654416565,Y39L,Y39L,0.8726,pathogenic,0.13693895398880368,0.12739999999999996,False,39,False,False,False
urn:mavedb:00000078-b-1#2564,,,p.Tyr39His,0.7975399287608199,0.6829103401460479,0.9121695173755908,Y39H,Y39H,0.733,pathogenic,0.22832030574910567,0.267,False,39,False,False,False
urn:mavedb:00000078-b-1#2565,,,p.Tyr39Gly,0.5797689828073941,0.44108828713473,0.718449678480058,Y39G,Y39G,0.8088,pathogenic,0.17199003199561844,0.19120000000000004,False,39,False,False,False
urn:mavedb:00000078-b-1#2566,,,p.Tyr39Phe,0.937073462989395,0.911585223286397,0.9625617026923942,Y39F,Y39F,0.2398,benign,0.7938729299650527,0.7602,False,39,False,False,False
urn:mavedb:00000078-b-1#2567,,,p.Tyr39Glu,0.5903060015864849,0.346647547221687,0.833964455951283,Y39E,Y39E,0.9488,pathogenic,0.1070595957259768,0.05120000000000002,False,39,False,False,False
urn:mavedb:00000078-b-1#2568,,,p.Tyr39Asp,0.4435619878444721,0.3953691766008179,0.491754799088127,Y39D,Y39D,0.811,pathogenic,0.17060471120312404,0.18899999999999995,False,39,False,False,False
urn:mavedb:00000078-b-1#2569,,,p.Tyr39Cys,0.644013073944894,0.3841523480371439,0.903873799852644,Y39C,Y39C,0.8375,pathogenic,0.1549426722450254,0.16249999999999998,False,39,False,False,False
urn:mavedb:00000078-b-1#2570,,,p.Tyr39Ala,0.584140722165761,0.4349185934579489,0.733362850873573,Y39A,Y39A,0.9083,pathogenic,0.1215078584247,0.0917,False,39,False,False,False
urn:mavedb:00000078-b-1#2571,,,p.Asp38Ala,0.215927207906303,0.0833558873328984,0.3484985284797069,D38A,D38A,0.1722,benign,0.8395402875185481,0.8278,False,38,False,False,False
urn:mavedb:00000078-b-1#2572,,,p.Asp38Tyr,0.511869649763523,0.372275438496257,0.651463861030788,D38Y,D38Y,0.1877,benign,0.8302076214431757,0.8123,False,38,False,False,False
urn:mavedb:00000078-b-1#2573,,,p.Asp38Val,0.0947865398662179,-0.0617389222864779,0.251312002018914,D38V,D38V,0.302,benign,0.7397448575099264,0.698,False,38,False,False,False
urn:mavedb:00000078-b-1#2574,,,p.Asp38Thr,0.9166698396628952,0.101477768379308,1.73186191094648,D38T,D38T,0.2257,benign,0.8044903401482425,0.7743,False,38,False,False,False
urn:mavedb:00000078-b-1#2575,,,p.Asp38Ser,0.6911492687100871,0.220284193904568,1.16201434351561,D38S,D38S,0.098,benign,0.8759640185055615,0.902,False,38,False,False,False
urn:mavedb:00000078-b-1#2576,,,p.Asp38Arg,0.452333905187289,0.298277697644764,0.606390112729813,D38R,D38R,0.2366,benign,0.7963350442450229,0.7634,False,38,False,False,False
urn:mavedb:00000078-b-1#2577,,,p.Asp38Pro,0.2785245540204461,0.139070209127312,0.417978898913581,D38P,D38P,0.5204,ambiguous,0.47249433170518046,0.4796,False,38,False,False,False
urn:mavedb:00000078-b-1#2578,,,p.Asp38Asn,0.781081767067749,0.4219718593421189,1.1401916747933798,D38N,D38N,0.0924,benign,0.8782151821957628,0.9076,False,38,False,False,False
urn:mavedb:00000078-b-1#2579,,,p.Asp38Met,0.30943482293229,0.184347722362012,0.4345219235025689,D38M,D38M,0.6948,pathogenic,0.2633647625624645,0.3052,False,38,False,False,False
urn:mavedb:00000078-b-1#2580,,,p.Asp38Leu,0.0441758384799174,-0.0485280382695166,0.136879715229351,D38L,D38L,0.4614,ambiguous,0.5518783171871392,0.5386,False,38,False,False,False
urn:mavedb:00000078-b-1#2581,,,p.Asp38Lys,0.3458433324328,-0.178824386252807,0.870511051118407,D38K,D38K,0.2993,benign,0.7423439876211482,0.7007,False,38,False,False,False
urn:mavedb:00000078-b-1#2582,,,p.Asp38Ile,-0.0539930253195091,-0.292192553167388,0.1842065025283689,D38I,D38I,0.5015,ambiguous,0.4979750136686392,0.49850000000000005,False,38,False,False,False
urn:mavedb:00000078-b-1#2583,,,p.Asp38His,0.585615727803136,0.40076368290501,0.7704677727012621,D38H,D38H,0.1585,benign,0.847261881752104,0.8415,False,38,False,False,False
urn:mavedb:00000078-b-1#2584,,,p.Asp38Gly,0.6576300545825721,0.513077538556808,0.8021825706083359,D38G,D38G,0.1049,benign,0.8731019816133216,0.8951,False,38,False,False,False
urn:mavedb:00000078-b-1#2585,,,p.Asp38Glu,0.8970865730016991,0.821031574028665,0.973141571974734,D38E,D38E,0.1303,benign,0.861684811609985,0.8697,False,38,False,False,False
urn:mavedb:00000078-b-1#2586,,,p.Asp38Cys,0.324464999976651,0.248682226450598,0.4002477735027029,D38C,D38C,0.6093,pathogenic,0.3575153420644278,0.39070000000000005,False,38,False,False,False
urn:mavedb:00000078-b-1#2587,,,p.Arg37Ser,1.15455374694122,0.5245912404752601,1.78451625340718,R37S,R37S,0.1578,benign,0.847643505614071,0.8422000000000001,False,37,False,False,False
urn:mavedb:00000078-b-1#2588,,,p.Arg37Tyr,1.09428500998438,0.9481790838013509,1.24039093616741,R37Y,R37Y,0.3466,ambiguous,0.693611241302306,0.6534,False,37,False,False,False
urn:mavedb:00000078-b-1#2589,,,p.Arg37Val,0.8629122255834741,0.0421447584950239,1.68367969267192,R37V,R37V,0.2038,benign,0.8198157003604358,0.7962,False,37,False,False,False
urn:mavedb:00000078-b-1#2590,,,p.Arg37Thr,1.01407600139556,0.782837405162322,1.2453145976288,R37T,R37T,0.112,benign,0.8700526316065135,0.888,False,37,False,False,False
urn:mavedb:00000078-b-1#2591,,,p.Arg37Leu,1.24595012700722,1.03696430388732,1.45493595012713,R37L,R37L,0.164,benign,0.8442200900506459,0.836,False,37,False,False,False
urn:mavedb:00000078-b-1#2593,,,p.Arg37Gln,1.4185892730144298,1.28349878809838,1.5536797579304702,R37Q,R37Q,0.0757,benign,0.884561762931806,0.9243,False,37,False,False,False
urn:mavedb:00000078-b-1#2594,,,p.Arg37Pro,1.00705317529623,0.71719200351181,1.29691434708065,R37P,R37P,0.0759,benign,0.8844889092509074,0.9241,False,37,False,False,False
urn:mavedb:00000078-b-1#2595,,,p.Arg37Ile,1.40153720990886,1.1866020234819,1.6164723963358198,R37I,R37I,0.2435,benign,0.7909873768616006,0.7565,False,37,False,False,False
urn:mavedb:00000078-b-1#2596,,,p.Arg37Gly,1.44172720367433,1.28596376376596,1.59749064358271,R37G,R37G,0.0905,benign,0.8789646583729976,0.9095,False,37,False,False,False
urn:mavedb:00000078-b-1#2597,,,p.Arg37Ala,0.797983840973994,0.152445240649005,1.4435224412989802,R37A,R37A,0.1234,benign,0.8649278606501202,0.8766,False,37,False,False,False
urn:mavedb:00000078-b-1#2598,,,p.Asp36Glu,1.02363709910624,0.803076885084545,1.2441973131279298,D36E,D36E,0.3557,ambiguous,0.6834839130312369,0.6443,False,36,False,False,False
urn:mavedb:00000078-b-1#2599,,,p.Asp36Tyr,0.8868696999926271,0.557882566269795,1.21585683371546,D36Y,D36Y,0.3335,benign,0.707775729146404,0.6665,False,36,False,False,False
urn:mavedb:00000078-b-1#2600,,,p.Asp36Val,0.273850050877423,-0.0085374203425507,0.556237522097398,D36V,D36V,0.3983,ambiguous,0.633187781091016,0.6017,False,36,False,False,False
urn:mavedb:00000078-b-1#2601,,,p.Asp36Thr,0.9338345059882108,0.624856433351175,1.24281257862525,D36T,D36T,0.4597,ambiguous,0.5541414648606966,0.5403,False,36,False,False,False
urn:mavedb:00000078-b-1#2602,,,p.Asp36Ser,0.646316950460467,0.548661740756696,0.743972160164238,D36S,D36S,0.1717,benign,0.8398306666265838,0.8283,False,36,False,False,False
urn:mavedb:00000078-b-1#2603,,,p.Asp36Arg,0.292722623658186,0.0488219144843696,0.536623332832003,D36R,D36R,0.5327,ambiguous,0.4559960684110763,0.46730000000000005,False,36,False,False,False
urn:mavedb:00000078-b-1#2604,,,p.Asp36Pro,0.2231771080801149,0.0036741337936507,0.44268008236658,D36P,D36P,0.768,pathogenic,0.20017982521424926,0.23199999999999998,False,36,False,False,False
urn:mavedb:00000078-b-1#2605,,,p.Asp36Asn,0.584454978891089,0.4005475056581721,0.768362452124007,D36N,D36N,0.1291,benign,0.8622566273795171,0.8709,False,36,False,False,False
urn:mavedb:00000078-b-1#2606,,,p.Asp36Met,0.6702619909582801,0.0913323532896623,1.2491916286268998,D36M,D36M,0.8507,pathogenic,0.14782034582980405,0.1493,False,36,False,False,False
urn:mavedb:00000078-b-1#2607,,,p.Asp36Leu,0.732768893272559,0.413241183252786,1.05229660329233,D36L,D36L,0.6549,pathogenic,0.3047418116168447,0.34509999999999996,False,36,False,False,False
urn:mavedb:00000078-b-1#2608,,,p.Asp36Ile,0.88833503598536,0.336162064787945,1.4405080071827798,D36I,D36I,0.6366,pathogenic,0.3252637178473817,0.36339999999999995,True,36,False,True,False
urn:mavedb:00000078-b-1#2609,,,p.Asp36Gly,0.58621698963843,0.374573487930346,0.7978604913465149,D36G,D36G,0.2705,benign,0.7686578794143121,0.7295,False,36,False,False,False
urn:mavedb:00000078-b-1#2611,,,p.Asp36Cys,0.4601994692211181,0.212558721151322,0.7078402172909141,D36C,D36C,0.785,pathogenic,0.18784734418857751,0.21499999999999997,False,36,False,False,False
urn:mavedb:00000078-b-1#2612,,,p.Asp36Ala,0.652653344321579,0.1632731159270019,1.14203357271616,D36A,D36A,0.337,benign,0.7040400731802879,0.663,False,36,False,False,False
urn:mavedb:00000078-b-1#2613,,,p.Arg35Gly,1.39858160716793,1.22811973616182,1.56904347817404,R35G,R35G,0.1278,benign,0.8628723656234477,0.8722,False,35,False,False,False
urn:mavedb:00000078-b-1#2614,,,p.Arg35Val,1.30603756844145,1.17264985269013,1.4394252841927702,R35V,R35V,0.2833,benign,0.7572817767117451,0.7167,False,35,False,False,False
urn:mavedb:00000078-b-1#2615,,,p.Arg35Ser,1.37952520949491,1.2472177265095,1.5118326924803105,R35S,R35S,0.2568,benign,0.7802692577386561,0.7432000000000001,False,35,False,False,False
urn:mavedb:00000078-b-1#2617,,,p.Arg35Met,1.24973625863123,1.03884822955838,1.4606242877040905,R35M,R35M,0.3194,benign,0.7224571806585954,0.6806,False,35,False,False,False
urn:mavedb:00000078-b-1#2618,,,p.Arg35Leu,1.17904536603651,1.0509767729792598,1.3071139590937702,R35L,R35L,0.1784,benign,0.8358846253872333,0.8216,False,35,False,False,False
urn:mavedb:00000078-b-1#2619,,,p.Ala34Val,1.04917854669376,0.869515569859257,1.22884152352825,A34V,A34V,0.1291,benign,0.8622566273795171,0.8709,False,34,False,False,False
urn:mavedb:00000078-b-1#2621,,,p.Ala34Gln,0.951805631284111,0.795529386135446,1.10808187643278,A34Q,A34Q,0.1821,benign,0.8336540925650874,0.8179,False,34,False,False,False
urn:mavedb:00000078-b-1#2622,,,p.Ala34Thr,0.760542992848514,0.4010627726974221,1.1200232129996102,A34T,A34T,0.0976,benign,0.8761269245872706,0.9024,False,34,False,False,False
urn:mavedb:00000078-b-1#2623,,,p.Ala34Ser,0.950011069968482,0.7927274960536871,1.10729464388328,A34S,A34S,0.0844,benign,0.8813227428647326,0.9156,False,34,False,False,False
urn:mavedb:00000078-b-1#2625,,,p.Cys16Trp,-0.222398466187649,-0.6353132622686999,0.190516329893401,C16W,C16W,0.9211,pathogenic,0.11661289923655588,0.07889999999999997,False,16,False,False,False
urn:mavedb:00000078-b-1#2626,,,p.Cys16Val,0.94689734438576,0.49307008794397,1.40072460082755,C16V,C16V,0.7607,pathogenic,0.2057403201726145,0.23929999999999996,True,16,False,True,False
urn:mavedb:00000078-b-1#2627,,,p.Cys16Thr,0.923292211323046,0.795706868070261,1.05087755457583,C16T,C16T,0.8084,pathogenic,0.17224334534120708,0.1916,True,16,False,True,False
urn:mavedb:00000078-b-1#2628,,,p.Cys16Ser,0.536763619812008,0.3043826091506619,0.769144630473354,C16S,C16S,0.455,ambiguous,0.5603836144689088,0.5449999999999999,False,16,False,False,False
urn:mavedb:00000078-b-1#2629,,,p.Cys16Arg,0.0885915416266523,-0.0248503388878455,0.20203342214115,C16R,C16R,0.9577,pathogenic,0.104271457101869,0.042300000000000004,False,16,False,False,False
urn:mavedb:00000078-b-1#2630,,,p.Cys16Gln,-0.0847460480190049,-0.220106257149701,0.0506141611116909,C16Q,C16Q,0.9649,pathogenic,0.10210970747994277,0.03510000000000002,False,16,False,False,False
urn:mavedb:00000078-b-1#2631,,,p.Cys16Pro,0.121994384394091,-0.0606113729065995,0.3046001416947819,C16P,C16P,0.9091,pathogenic,0.12119252916815787,0.09089999999999998,False,16,False,False,False
urn:mavedb:00000078-b-1#2632,,,p.Cys16Asn,0.4832233213342601,0.400016620986493,0.5664300216820269,C16N,C16N,0.9102,pathogenic,0.12076102681384937,0.08979999999999999,False,16,False,False,False
urn:mavedb:00000078-b-1#2633,,,p.Cys16Met,0.197270269695924,0.0487832544131764,0.345757284978672,C16M,C16M,0.9399,pathogenic,0.10998081330768378,0.06010000000000004,False,16,False,False,False
urn:mavedb:00000078-b-1#2634,,,p.Cys16Leu,0.4287787766834629,0.3180371427881069,0.5395204105788189,C16L,C16L,0.7725,pathogenic,0.19683190592651223,0.22750000000000004,False,16,False,False,False
urn:mavedb:00000078-b-1#2635,,,p.Cys16Ile,0.73402151396872,0.560805429401433,0.9072375985360072,C16I,C16I,0.8835,pathogenic,0.1319361577735465,0.11650000000000005,False,16,False,False,False
urn:mavedb:00000078-b-1#2636,,,p.Cys16Asp,0.105940988194749,-0.0285973794853375,0.240479355874835,C16D,C16D,0.9667,pathogenic,0.10158203230945109,0.033299999999999996,False,16,False,False,False
urn:mavedb:00000078-b-1#2637,,,p.Cys16Gly,0.311556947868471,0.1365200241917629,0.486593871545178,C16G,C16G,0.3841,ambiguous,0.6504503945879102,0.6159,False,16,False,False,False
urn:mavedb:00000078-b-1#2638,,,p.Cys16Phe,0.0040601357067342,-0.0302757835177237,0.0383960549311922,C16F,C16F,0.747,pathogenic,0.21661296903359345,0.253,False,16,False,False,False
urn:mavedb:00000078-b-1#2639,,,p.Cys16Glu,-0.212005820712661,-0.591045146032704,0.167033504607383,C16E,C16E,0.9866,pathogenic,0.09607381374703794,0.013399999999999967,False,16,False,False,False
urn:mavedb:00000078-b-1#2641,,,p.Cys16Ala,0.51977071183299,0.392304667746601,0.64723675591938,C16A,C16A,0.585,pathogenic,0.3876741729784136,0.41500000000000004,False,16,False,False,False
urn:mavedb:00000078-b-1#2642,,,p.Leu15Ser,0.0257046079846654,-0.0311013672684677,0.0825105832377985,L15S,L15S,0.5398,ambiguous,0.4465238837227244,0.46020000000000005,False,15,False,False,False
urn:mavedb:00000078-b-1#2643,,,p.Leu15Trp,0.536432577819624,-0.19537174305611,1.26823689869536,L15W,L15W,0.5533,ambiguous,0.42865204114128347,0.4467,False,15,False,False,False
urn:mavedb:00000078-b-1#2644,,,p.Leu15Val,0.4293394703040629,0.1490098339263809,0.7096691066817451,L15V,L15V,0.1178,benign,0.8674810681280813,0.8822,False,15,False,False,False
urn:mavedb:00000078-b-1#2645,,,p.Leu15Thr,0.552349106334114,0.331444389601807,0.7732538230664221,L15T,L15T,0.4322,ambiguous,0.5902882981211434,0.5678000000000001,False,15,False,False,False
urn:mavedb:00000078-b-1#2646,,,p.Leu15Met,0.689904726128619,0.307552644258946,1.0722568079982902,L15M,L15M,0.2538,benign,0.7827343562182663,0.7462,False,15,False,False,False
urn:mavedb:00000078-b-1#2647,,,p.Leu15Arg,-0.10064220523918,-0.198746272806818,-0.0025381376715426,L15R,L15R,0.8243,pathogenic,0.16251084324551138,0.17569999999999997,False,15,False,False,False
urn:mavedb:00000078-b-1#2648,,,p.Leu15Gln,0.8058932536646051,0.0745316706706581,1.53725483665855,L15Q,L15Q,0.7285,pathogenic,0.23221249648904901,0.27149999999999996,True,15,False,True,False
urn:mavedb:00000078-b-1#2649,,,p.Leu15Asn,0.201324165660144,-0.0028188543034869,0.405467185623775,L15N,L15N,0.8672,pathogenic,0.139517146302921,0.13280000000000003,False,15,False,False,False
urn:mavedb:00000078-b-1#2650,,,p.Leu15Gly,0.0663683897730659,-0.018797713095197,0.151534492641329,L15G,L15G,0.6269,pathogenic,0.3365081494351086,0.3731,False,15,False,False,False
urn:mavedb:00000078-b-1#2651,,,p.Leu15Lys,0.260202581249199,-0.346846009896581,0.867251172394979,L15K,L15K,0.9371,pathogenic,0.11092820904017288,0.06289999999999996,False,15,False,False,False
urn:mavedb:00000078-b-1#2652,,,p.Leu15Ile,0.7251340797185959,0.635586289312444,0.814681870124747,L15I,L15I,0.1901,benign,0.8287042980511963,0.8099000000000001,False,15,False,False,False
urn:mavedb:00000078-b-1#2653,,,p.Leu15His,0.410525731368433,0.203872463021756,0.6171789997151109,L15H,L15H,0.8437,pathogenic,0.1515428883961033,0.1563,False,15,False,False,False
urn:mavedb:00000078-b-1#2654,,,p.Leu15Ala,0.445379597045163,0.308383434109368,0.582375759980958,L15A,L15A,0.3148,benign,0.7271174847559103,0.6852,False,15,False,False,False
urn:mavedb:00000078-b-1#2655,,,p.Leu15Phe,0.73155003730191,0.5888854726954871,0.874214601908334,L15F,L15F,0.2202,benign,0.8084710093484484,0.7798,False,15,False,False,False
urn:mavedb:00000078-b-1#2656,,,p.Leu15Glu,-0.0526473045845823,-0.333867257791289,0.228572648622125,L15E,L15E,0.915,pathogenic,0.11890597761663092,0.08499999999999996,False,15,False,False,False
urn:mavedb:00000078-b-1#2657,,,p.Leu15Cys,0.8164773300590931,0.644938834995411,0.988015825122775,L15C,L15C,0.5731,pathogenic,0.40286715056770495,0.42689999999999995,False,15,False,False,False
urn:mavedb:00000078-b-1#2658,,,p.Ala14Leu,1.0447361328605,0.8312427878869921,1.258229477834,A14L,A14L,0.0981,benign,0.8759232409149873,0.9019,False,14,False,False,False
urn:mavedb:00000078-b-1#2659,,,p.Ala14Tyr,0.949443008384066,0.875322006183649,1.02356401058448,A14Y,A14Y,0.3999,ambiguous,0.6312142082933674,0.6001000000000001,False,14,False,False,False
urn:mavedb:00000078-b-1#2661,,,p.Ala14Val,1.1502832992670802,1.03942329893652,1.26114329959763,A14V,A14V,0.0857,benign,0.8808262990321841,0.9143,False,14,False,False,False
urn:mavedb:00000078-b-1#2662,,,p.Ala14Thr,0.921931614649125,0.821284767902615,1.02257846139564,A14T,A14T,0.097,benign,0.8763706717509416,0.903,False,14,False,False,False
urn:mavedb:00000078-b-1#2663,,,p.Ala14Ser,0.591192640622263,0.444284546085546,0.738100735158979,A14S,A14S,0.1122,benign,0.8699651737318647,0.8878,False,14,False,False,False
urn:mavedb:00000078-b-1#2664,,,p.Ala14Arg,0.10964965935674,-0.109321351914458,0.328620670627939,A14R,A14R,0.6351,pathogenic,0.32698638866730867,0.3649,False,14,False,False,False
urn:mavedb:00000078-b-1#2665,,,p.Ala14Gln,0.589305585719886,0.337958698047084,0.840652473392687,A14Q,A14Q,0.5496,ambiguous,0.4335298589249807,0.4504,False,14,False,False,False
urn:mavedb:00000078-b-1#2666,,,p.Ala14Pro,0.0861499007422533,-0.0378645851221909,0.210164386606697,A14P,A14P,0.3164,benign,0.7255037996105446,0.6836,False,14,False,False,False
urn:mavedb:00000078-b-1#2667,,,p.Ala14Asn,0.745391388182432,0.145468737200715,1.3453140391641498,A14N,A14N,0.4992,ambiguous,0.5010799979264048,0.5008,False,14,False,False,False
urn:mavedb:00000078-b-1#2668,,,p.Ala14Met,1.32142452827947,1.06873946081726,1.5741095957416698,A14M,A14M,0.1617,benign,0.84550149850851,0.8383,False,14,False,False,False
urn:mavedb:00000078-b-1#2669,,,p.Ala14Phe,1.10474206967465,0.868534134492287,1.34095000485702,A14F,A14F,0.133,benign,0.8603860710411217,0.867,False,14,False,False,False
urn:mavedb:00000078-b-1#2670,,,p.Ala14Lys,-0.0285391073860894,-0.136376186047536,0.0792979712753577,A14K,A14K,0.7564,pathogenic,0.20909118927488324,0.24360000000000004,False,14,False,False,False
urn:mavedb:00000078-b-1#2671,,,p.Ala14Ile,1.1959862979046398,1.14519534573767,1.2467772500716,A14I,A14I,0.1537,benign,0.8498539920086111,0.8463,False,14,False,False,False
urn:mavedb:00000078-b-1#2672,,,p.Ala14Gly,0.831610824879193,0.7568922293721541,0.906329420386232,A14G,A14G,0.0789,benign,0.8833871007634441,0.9211,False,14,False,False,False
urn:mavedb:00000078-b-1#2673,,,p.Ala14Asp,0.274116067092368,-0.5690185186100861,1.11725065279482,A14D,A14D,0.6807,pathogenic,0.27744082593539243,0.31930000000000003,False,14,False,False,False
urn:mavedb:00000078-b-1#2674,,,p.Ala14Cys,1.0177776230226,0.818907934412881,1.21664731163231,A14C,A14C,0.2614,benign,0.7764354427005205,0.7385999999999999,False,14,False,False,False
urn:mavedb:00000078-b-1#2675,,,p.Leu13His,0.2735081625084369,0.188349985633541,0.358666339383334,L13H,L13H,0.3652,ambiguous,0.6726683593787474,0.6348,False,13,False,False,False
urn:mavedb:00000078-b-1#2676,,,p.Leu13Tyr,0.7316623394651891,0.4764495610463679,0.9868751178840092,L13Y,L13Y,0.2841,benign,0.7565538134211095,0.7159,False,13,False,False,False
urn:mavedb:00000078-b-1#2677,,,p.Leu13Val,0.9163368453818348,0.709301301234973,1.1233723895287,L13V,L13V,0.0915,benign,0.8785710933206932,0.9085,False,13,False,False,False
urn:mavedb:00000078-b-1#2678,,,p.Leu13Thr,0.840854498968683,0.766290284248505,0.915418713688861,L13T,L13T,0.1778,benign,0.836242869758937,0.8222,False,13,False,False,False
urn:mavedb:00000078-b-1#2679,,,p.Leu13Ser,0.8292046895903309,0.728756942646348,0.9296524365343142,L13S,L13S,0.2647,benign,0.7736447260946502,0.7353000000000001,False,13,False,False,False
urn:mavedb:00000078-b-1#2680,,,p.Leu13Arg,0.153854297560703,0.0219065808393078,0.285802014282099,L13R,L13R,0.2243,benign,0.8055120963071662,0.7757000000000001,False,13,False,False,False
urn:mavedb:00000078-b-1#2681,,,p.Leu13Gln,0.44378568608585,0.318339832430694,0.5692315397410059,L13Q,L13Q,0.2252,benign,0.8048559209305225,0.7747999999999999,False,13,False,False,False
urn:mavedb:00000078-b-1#2682,,,p.Leu13Pro,0.6202892678065911,0.482648094097803,0.75793044151538,L13P,L13P,0.3075,benign,0.734380701789858,0.6925,False,13,False,False,False
urn:mavedb:00000078-b-1#2683,,,p.Leu13Asn,0.4365077242712769,0.283808724163997,0.589206724378557,L13N,L13N,0.5512,ambiguous,0.43141850044099767,0.4488,False,13,False,False,False
urn:mavedb:00000078-b-1#2684,,,p.Leu13Met,1.03357766139329,0.915611658419018,1.15154366436756,L13M,L13M,0.1252,benign,0.8640922777640138,0.8748,False,13,False,False,False
urn:mavedb:00000078-b-1#2686,,,p.Leu13Lys,0.220670862701276,-0.166559869290174,0.6079015946927261,L13K,L13K,0.3704,ambiguous,0.6666463657668212,0.6295999999999999,False,13,False,False,False
urn:mavedb:00000078-b-1#2687,,,p.Leu13Ile,0.963020765286102,0.869332502672835,1.05670902789937,L13I,L13I,0.1277,benign,0.8629195699667749,0.8723,False,13,False,False,False
urn:mavedb:00000078-b-1#2688,,,p.Leu13Asp,0.194523318904514,-0.142921165734954,0.5319678035439821,L13D,L13D,0.786,pathogenic,0.18714839601248456,0.21399999999999997,False,13,False,False,False
urn:mavedb:00000078-b-1#2689,,,p.Leu13Gly,0.816110393108869,0.7149253826951399,0.917295403522598,L13G,L13G,0.2527,benign,0.7836312760500422,0.7473000000000001,False,13,False,False,False
urn:mavedb:00000078-b-1#2690,,,p.Leu13Phe,1.12884319989262,1.0699545410586802,1.18773185872655,L13F,L13F,0.078,benign,0.8837194214968195,0.922,False,13,False,False,False
urn:mavedb:00000078-b-1#2691,,,p.Leu13Glu,0.0556410105806868,-0.090146809366629,0.201428830528003,L13E,L13E,0.4587,ambiguous,0.5554714388377331,0.5413,False,13,False,False,False
urn:mavedb:00000078-b-1#2692,,,p.Leu13Cys,0.843569025112815,0.7435917612440429,0.943546288981587,L13C,L13C,0.3979,ambiguous,0.6336803019671537,0.6021000000000001,False,13,False,False,False
urn:mavedb:00000078-b-1#2693,,,p.Leu13Ala,0.9949850293169992,0.8543050608596758,1.13566499777432,L13A,L13A,0.1525,benign,0.8504930181953261,0.8475,False,13,False,False,False
urn:mavedb:00000078-b-1#2694,,,p.Arg12Met,0.915890124156148,0.857174427852771,0.974605820459525,R12M,R12M,0.6816,pathogenic,0.27652424763589434,0.3184,True,12,False,True,False
urn:mavedb:00000078-b-1#2695,,,p.Arg12Tyr,0.8248695012213871,0.641918920217462,1.00782008222531,R12Y,R12Y,0.5826,pathogenic,0.3907177168207671,0.4174,False,12,False,True,False
urn:mavedb:00000078-b-1#2697,,,p.Arg12Trp,0.828093312940881,0.670077161137291,0.986109464744471,R12W,R12W,0.3191,benign,0.7227630700869524,0.6809000000000001,False,12,False,False,False
urn:mavedb:00000078-b-1#2698,,,p.Arg12Val,0.882075271664503,0.791659583937141,0.972490959391864,R12V,R12V,0.5318,ambiguous,0.45719976521447336,0.46819999999999995,False,12,False,False,False
urn:mavedb:00000078-b-1#2699,,,p.Arg12Thr,0.3853444707686189,0.270666788624333,0.500022152912904,R12T,R12T,0.5226,ambiguous,0.46953666406178746,0.47740000000000005,False,12,False,False,False
urn:mavedb:00000078-b-1#2700,,,p.Arg12Ser,0.6409991071139151,0.550575483768416,0.731422730459413,R12S,R12S,0.6319,pathogenic,0.33068132721186444,0.3681,False,12,False,False,False
urn:mavedb:00000078-b-1#2702,,,p.Arg12Gln,0.73679253301569,0.578607574507787,0.8949774915235931,R12Q,R12Q,0.1931,benign,0.8268027789530737,0.8069,False,12,False,False,False
urn:mavedb:00000078-b-1#2703,,,p.Arg12Pro,0.694622651327001,0.511766297619732,0.8774790050342691,R12P,R12P,0.5018,ambiguous,0.49757002361932445,0.4982,False,12,False,False,False
urn:mavedb:00000078-b-1#2704,,,p.Arg12Asn,0.435191266925668,0.289172851243257,0.5812096826080779,R12N,R12N,0.7526,pathogenic,0.2120993202400958,0.24739999999999995,False,12,False,False,False
urn:mavedb:00000078-b-1#2705,,,p.Arg12His,0.7435370751031021,0.607460023762879,0.8796141264433249,R12H,R12H,0.2917,benign,0.7495387144675019,0.7082999999999999,False,12,False,False,False
urn:mavedb:00000078-b-1#2706,,,p.Arg12Leu,0.8439520091544721,0.749578617946977,0.938325400361968,R12L,R12L,0.3424,ambiguous,0.6982064979530175,0.6576,False,12,False,False,False
urn:mavedb:00000078-b-1#2707,,,p.Arg12Lys,0.67146134399795,0.460727098926305,0.882195589069595,R12K,R12K,0.3929,ambiguous,0.6398068616990988,0.6071,False,12,False,False,False
urn:mavedb:00000078-b-1#2708,,,p.Arg12Ile,0.804989974090195,0.6973600153544749,0.912619932825916,R12I,R12I,0.529,ambiguous,0.46094847731083616,0.471,False,12,False,False,False
urn:mavedb:00000078-b-1#2709,,,p.Arg12Cys,0.5971992850488019,0.485596396202478,0.708802173895127,R12C,R12C,0.3434,ambiguous,0.6971169669796897,0.6566000000000001,False,12,False,False,False
urn:mavedb:00000078-b-1#2710,,,p.Arg12Gly,0.481728882721461,0.3866988466189961,0.576758918823926,R12G,R12G,0.416,ambiguous,0.6110589961126538,0.5840000000000001,False,12,False,False,False
urn:mavedb:00000078-b-1#2711,,,p.Arg12Glu,0.470658523694731,0.379773823778947,0.561543223610516,R12E,R12E,0.5208,ambiguous,0.471956388918764,0.47919999999999996,False,12,False,False,False
urn:mavedb:00000078-b-1#2712,,,p.Arg12Asp,0.13313343123338,0.0844620641481184,0.181804798318641,R12D,R12D,0.8233,pathogenic,0.16310284722949045,0.17669999999999997,False,12,False,False,False
urn:mavedb:00000078-b-1#2713,,,p.Arg12Ala,0.7849918011552108,0.656273246921021,0.9137103553894,R12A,R12A,0.6335,pathogenic,0.3288304848410162,0.36650000000000005,False,12,False,False,False
urn:mavedb:00000078-b-1#2714,,,p.Val11Met,0.927985643768795,0.834653266887615,1.02131802064998,V11M,V11M,0.1375,benign,0.8581837377297825,0.8625,False,11,False,False,False
urn:mavedb:00000078-b-1#2715,,,p.Val11Tyr,1.02016177952559,0.9050013811201642,1.13532217793102,V11Y,V11Y,0.3156,benign,0.726311616036539,0.6844,False,11,False,False,False
urn:mavedb:00000078-b-1#2717,,,p.Val11Trp,0.920302267462426,0.609283996165212,1.2313205387596398,V11W,V11W,0.327,benign,0.714617528387572,0.673,False,11,False,False,False
urn:mavedb:00000078-b-1#2719,,,p.Val11Thr,0.901277647330154,0.7080415855761351,1.09451370908417,V11T,V11T,0.1439,benign,0.8549689478800513,0.8561,False,11,False,False,False
urn:mavedb:00000078-b-1#2720,,,p.Val11Ser,0.844321900540768,0.6331947422347789,1.05544905884676,V11S,V11S,0.1302,benign,0.8617325894862305,0.8698,False,11,False,False,False
urn:mavedb:00000078-b-1#2721,,,p.Val11Arg,1.14120209964994,1.06332409870975,1.2190801005901202,V11R,V11R,0.1688,benign,0.8415019364004364,0.8311999999999999,False,11,False,False,False
urn:mavedb:00000078-b-1#2722,,,p.Val11Gln,0.915415040126728,0.771128291876774,1.05970178837668,V11Q,V11Q,0.187,benign,0.8306431100533936,0.813,False,11,False,False,False
urn:mavedb:00000078-b-1#2723,,,p.Val11Asn,0.723977322683735,0.6482301085908679,0.7997245367766022,V11N,V11N,0.2569,benign,0.7801866095365243,0.7431,False,11,False,False,False
urn:mavedb:00000078-b-1#2724,,,p.Val11His,0.804912328605537,0.646909442648792,0.962915214562282,V11H,V11H,0.3644,ambiguous,0.6735885003237684,0.6355999999999999,False,11,False,False,False
urn:mavedb:00000078-b-1#2725,,,p.Val11Leu,1.02806664669197,0.9479676537004827,1.10816563968346,V11L,V11L,0.1037,benign,0.8736068318379464,0.8963,False,11,False,False,False
urn:mavedb:00000078-b-1#2726,,,p.Val11Lys,1.08508770937026,0.89743200874899,1.27274340999153,V11K,V11K,0.2136,benign,0.8131303682857741,0.7864,False,11,False,False,False
urn:mavedb:00000078-b-1#2727,,,p.Val11Ile,0.986876814578732,0.8742658199241149,1.09948780923335,V11I,V11I,0.0992,benign,0.875473336340284,0.9008,False,11,False,False,False
urn:mavedb:00000078-b-1#2728,,,p.Val11Asp,0.563635218679834,0.428485816520564,0.6987846208391041,V11D,V11D,0.2726,benign,0.7668264942049394,0.7274,False,11,False,False,False
urn:mavedb:00000078-b-1#2729,,,p.Val11Gly,0.842001722212117,0.7629497960489829,0.9210536483752508,V11G,V11G,0.0702,benign,0.8865361923054287,0.9298,False,11,False,False,False
urn:mavedb:00000078-b-1#2730,,,p.Val11Phe,1.03147779083529,0.7579980348164509,1.30495754685413,V11F,V11F,0.0885,benign,0.879745845603471,0.9115,False,11,False,False,False
urn:mavedb:00000078-b-1#2731,,,p.Val11Glu,0.5735342018942211,0.472251886452727,0.674816517335715,V11E,V11E,0.1692,benign,0.8412727239666589,0.8308,False,11,False,False,False
urn:mavedb:00000078-b-1#2732,,,p.Val11Cys,1.00491503011475,0.887720847134006,1.12210921309548,V11C,V11C,0.4579,ambiguous,0.5565347111334732,0.5421,False,11,False,False,False
urn:mavedb:00000078-b-1#2733,,,p.Val11Ala,1.1118456111333002,0.9076089966502908,1.3160822256163,V11A,V11A,0.0786,benign,0.8834980443267635,0.9214,False,11,False,False,False
urn:mavedb:00000078-b-1#2734,,,p.Trp10His,0.584353764523215,0.470914274656855,0.697793254389575,W10H,W10H,0.2696,benign,0.7694385567695021,0.7303999999999999,False,10,False,False,False
urn:mavedb:00000078-b-1#2735,,,p.Trp10Tyr,0.830586683555432,0.5994925048474791,1.06168086226339,W10Y,W10Y,0.2356,benign,0.7970981047557235,0.7644,False,10,False,False,False
urn:mavedb:00000078-b-1#2736,,,p.Trp10Val,1.06960685859173,0.9668225905772768,1.17239112660619,W10V,W10V,0.1362,benign,0.8588248491901825,0.8638,False,10,False,False,False
urn:mavedb:00000078-b-1#2737,,,p.Trp10Thr,0.666696374941076,0.516974754300706,0.816417995581446,W10T,W10T,0.1103,benign,0.870792547268625,0.8897,False,10,False,False,False
urn:mavedb:00000078-b-1#2738,,,p.Trp10Ser,0.7175163807671909,0.504611303400977,0.930421458133406,W10S,W10S,0.1102,benign,0.870835878480658,0.8898,False,10,False,False,False
urn:mavedb:00000078-b-1#2739,,,p.Trp10Arg,1.00951391441196,0.915359335595622,1.10366849322831,W10R,W10R,0.1225,benign,0.865342916787373,0.8775,False,10,False,False,False
urn:mavedb:00000078-b-1#2740,,,p.Trp10Gln,0.5905979014173499,0.4253963236664461,0.7557994791682551,W10Q,W10Q,0.218,benign,0.8100382984641392,0.782,False,10,False,False,False
urn:mavedb:00000078-b-1#2741,,,p.Trp10Pro,0.716693109825452,0.5372169659324061,0.8961692537184979,W10P,W10P,0.1926,benign,0.827121431404624,0.8074,False,10,False,False,False
urn:mavedb:00000078-b-1#2742,,,p.Trp10Asn,0.7522655463730301,0.647491843718448,0.857039249027611,W10N,W10N,0.3325,benign,0.7088364516574686,0.6675,False,10,False,False,False
urn:mavedb:00000078-b-1#2743,,,p.Trp10Met,0.9186785296646428,0.8353041083231859,1.0020529510061,W10M,W10M,0.2421,benign,0.7920841043974753,0.7579,False,10,False,False,False
urn:mavedb:00000078-b-1#2744,,,p.Trp10Leu,1.05331101883316,0.980708059386965,1.12591397827935,W10L,W10L,0.1338,benign,0.859998009216195,0.8662,False,10,False,False,False
urn:mavedb:00000078-b-1#2745,,,p.Trp10Lys,0.904983221968976,0.7698778539661228,1.04008858997183,W10K,W10K,0.2031,benign,0.8202826863263099,0.7968999999999999,False,10,False,False,False
urn:mavedb:00000078-b-1#2746,,,p.Trp10Ile,1.00402764564311,0.7626597180140071,1.2453955732722,W10I,W10I,0.2041,benign,0.8196151362919062,0.7959,False,10,False,False,False
urn:mavedb:00000078-b-1#2747,,,p.Trp10Asp,0.1326388031472959,-0.0560094194035586,0.32128702569815,W10D,W10D,0.3754,ambiguous,0.6607899738159013,0.6246,False,10,False,False,False
urn:mavedb:00000078-b-1#2748,,,p.Trp10Gly,0.7433166946495471,0.645750509364159,0.8408828799349358,W10G,W10G,0.066,benign,0.8880067126420945,0.9339999999999999,False,10,False,False,False
urn:mavedb:00000078-b-1#2749,,,p.Trp10Phe,1.19551529871656,1.1179378055819098,1.27309279185121,W10F,W10F,0.1432,benign,0.8553253431944157,0.8568,False,10,False,False,False
urn:mavedb:00000078-b-1#2750,,,p.Trp10Glu,0.1513944939579969,0.0021670586123072,0.300621929303687,W10E,W10E,0.2758,benign,0.7640094010745941,0.7242,False,10,False,False,False
urn:mavedb:00000078-b-1#2751,,,p.Trp10Cys,0.900988610452188,0.619938052699836,1.18203916820454,W10C,W10C,0.295,benign,0.7464367168425083,0.7050000000000001,False,10,False,False,False
urn:mavedb:00000078-b-1#2752,,,p.Gly9Met,0.461662522393312,0.329976902742021,0.5933481420446021,G9M,G9M,0.7069,pathogenic,0.2517731505355655,0.2931,False,9,False,False,False
urn:mavedb:00000078-b-1#2753,,,p.Gly9Val,0.449160885258256,0.358483828301169,0.539837942215343,G9V,G9V,0.3213,benign,0.7205135628307321,0.6787000000000001,False,9,False,False,False
urn:mavedb:00000078-b-1#2754,,,p.Gly9Thr,0.504543578377748,0.376193257010699,0.6328938997447969,G9T,G9T,0.3067,benign,0.7351667347109729,0.6933,False,9,False,False,False
urn:mavedb:00000078-b-1#2755,,,p.Gly9Ser,0.8662893093918019,0.782886755947859,0.949691862835745,G9S,G9S,0.1721,benign,0.839598415954275,0.8279,False,9,False,False,False
urn:mavedb:00000078-b-1#2756,,,p.Gly9Arg,0.609857319756402,0.525935401958594,0.69377923755421,G9R,G9R,0.4012,ambiguous,0.629606603752389,0.5988,False,9,False,False,False
urn:mavedb:00000078-b-1#2757,,,p.Gly9Gln,0.501892405844923,0.30865155002304,0.695133261666805,G9Q,G9Q,0.478,ambiguous,0.5296569506077056,0.522,False,9,False,False,False
urn:mavedb:00000078-b-1#2758,,,p.Gly9Pro,0.417867699567575,0.2400200574666869,0.595715341668463,G9P,G9P,0.6404,pathogenic,0.3209266014337173,0.35960000000000003,False,9,False,False,False
urn:mavedb:00000078-b-1#2759,,,p.Gly9Asn,0.503605403354743,0.28657582658752,0.720634980121967,G9N,G9N,0.4944,ambiguous,0.5075592888354875,0.5056,False,9,False,False,False
urn:mavedb:00000078-b-1#2760,,,p.Gly9His,0.871504873679462,0.691528639784208,1.05148110757472,G9H,G9H,0.5216,ambiguous,0.4708807462321447,0.47840000000000005,False,9,False,False,False
urn:mavedb:00000078-b-1#2761,,,p.Gly9Leu,0.3507623139408,0.251950213988274,0.449574413893325,G9L,G9L,0.5252,ambiguous,0.4660446643543965,0.4748,False,9,False,False,False
urn:mavedb:00000078-b-1#2762,,,p.Gly9Lys,0.496544838123241,0.303021011637093,0.690068664609389,G9K,G9K,0.6392,pathogenic,0.3222920133501688,0.3608,False,9,False,False,False
urn:mavedb:00000078-b-1#2763,,,p.Gly9Ile,0.316758158824128,0.151206622673741,0.4823096949745139,G9I,G9I,0.4923,ambiguous,0.5103931514359138,0.5077,False,9,False,False,False
urn:mavedb:00000078-b-1#2764,,,p.Gly9Asp,0.488860932615763,0.337916121951693,0.639805743279833,G9D,G9D,0.3199,benign,0.7219467598762722,0.6800999999999999,False,9,False,False,False
urn:mavedb:00000078-b-1#2766,,,p.Gly9Phe,0.561200885920443,0.459169906675891,0.663231865164996,G9F,G9F,0.606,pathogenic,0.36153617334322,0.394,False,9,False,False,False
urn:mavedb:00000078-b-1#2767,,,p.Gly9Glu,0.41080202238131,0.150478517823996,0.6711255269386229,G9E,G9E,0.347,ambiguous,0.6931709750396631,0.653,False,9,False,False,False
urn:mavedb:00000078-b-1#2768,,,p.Gly9Cys,0.7647409166237509,0.622654867137415,0.9068269661100872,G9C,G9C,0.4028,ambiguous,0.6276230540857664,0.5972,False,9,False,False,False
urn:mavedb:00000078-b-1#2769,,,p.Gly9Ala,0.356194754981859,0.158660161324099,0.5537293486396191,G9A,G9A,0.2013,benign,0.8214771120799214,0.7987,False,9,False,False,False
urn:mavedb:00000078-b-1#2770,,,p.Pro8Arg,0.659912474096472,0.5288160585821869,0.7910088896107571,P8R,P8R,0.3081,benign,0.7337898857779391,0.6919,False,8,False,False,False
urn:mavedb:00000078-b-1#2771,,,p.Pro8Tyr,0.415475101786726,0.280015165107288,0.550935038466164,P8Y,P8Y,0.6602,pathogenic,0.2989741993014244,0.3398,False,8,False,False,False
urn:mavedb:00000078-b-1#2773,,,p.Pro8Val,0.7385539043362829,0.5931919983483821,0.8839158103241851,P8V,P8V,0.3201,benign,0.7217423799044606,0.6799,False,8,False,False,False
urn:mavedb:00000078-b-1#2774,,,p.Pro8Thr,0.721881278149317,0.477908612477824,0.96585394382081,P8T,P8T,0.2027,benign,0.8205489094896418,0.7973,False,8,False,False,False
urn:mavedb:00000078-b-1#2775,,,p.Pro8Ser,0.7271024821817891,0.623962946408778,0.8302420179547991,P8S,P8S,0.2659,benign,0.7726215420925084,0.7341,False,8,False,False,False
urn:mavedb:00000078-b-1#2776,,,p.Pro8Cys,0.7541800412964978,0.36267178439119,1.1456882982018102,P8C,P8C,0.6724,pathogenic,0.2860087658569567,0.3276,False,8,False,False,False
urn:mavedb:00000078-b-1#2777,,,p.Pro8Gln,0.6946096716957291,0.5752495147792429,0.8139698286122142,P8Q,P8Q,0.39,ambiguous,0.6433343496062469,0.61,False,8,False,False,False
urn:mavedb:00000078-b-1#2779,,,p.Pro8Asn,0.7022598361534139,0.556818565874843,0.847701106431985,P8N,P8N,0.6853,pathogenic,0.2727819187131828,0.3147,False,8,False,False,False
urn:mavedb:00000078-b-1#2780,,,p.Pro8Met,0.5683718928040021,0.281990872642002,0.8547529129660021,P8M,P8M,0.5963,pathogenic,0.3734950735267441,0.40369999999999995,False,8,False,False,False
urn:mavedb:00000078-b-1#2781,,,p.Pro8Leu,0.642697434237652,0.559167492834801,0.7262273756405029,P8L,P8L,0.2854,benign,0.7553666185318231,0.7146,False,8,False,False,False
urn:mavedb:00000078-b-1#2782,,,p.Pro8Lys,0.521853996784005,0.389217551007955,0.654490442560056,P8K,P8K,0.5911,pathogenic,0.37998823471923776,0.40890000000000004,False,8,False,False,False
urn:mavedb:00000078-b-1#2783,,,p.Pro8Ile,0.6497862489301529,0.583804860095385,0.7157676377649209,P8I,P8I,0.488,ambiguous,0.5161930052260684,0.512,False,8,False,False,False
urn:mavedb:00000078-b-1#2784,,,p.Pro8His,0.718055569337727,0.6095307860640551,0.826580352611399,P8H,P8H,0.4626,ambiguous,0.5502791912940279,0.5374,False,8,False,False,False
urn:mavedb:00000078-b-1#2785,,,p.Pro8Gly,0.605855675132474,0.5208062392624829,0.690905111002465,P8G,P8G,0.3825,ambiguous,0.6523658624997014,0.6174999999999999,False,8,False,False,False
urn:mavedb:00000078-b-1#2786,,,p.Pro8Phe,0.5653545960262769,0.413519398717031,0.717189793335523,P8F,P8F,0.6273,pathogenic,0.3360396328169301,0.37270000000000003,False,8,False,False,False
urn:mavedb:00000078-b-1#2787,,,p.Pro8Glu,0.5001391483721,0.400434452982282,0.599843843761917,P8E,P8E,0.4795,ambiguous,0.5276401614500431,0.5205,False,8,False,False,False
urn:mavedb:00000078-b-1#2788,,,p.Pro8Asp,0.402993928383729,0.165548066443398,0.640439790324059,P8D,P8D,0.7021,pathogenic,0.2563172008228823,0.29790000000000005,False,8,False,False,False
urn:mavedb:00000078-b-1#2789,,,p.Pro8Ala,0.749609466681606,0.454813932547736,1.0444050008154802,P8A,P8A,0.1561,benign,0.8485651649101698,0.8439,False,8,False,False,False
urn:mavedb:00000078-b-1#2790,,,p.Ser7Arg,1.1890425613491102,1.09580462832758,1.2822804943706398,S7R,S7R,0.266,benign,0.7725360748984156,0.734,False,7,False,False,False
urn:mavedb:00000078-b-1#2791,,,p.Ser7Tyr,1.07622206589011,0.9983098008933992,1.1541343308868202,S7Y,S7Y,0.1439,benign,0.8549689478800513,0.8561,False,7,False,False,False
urn:mavedb:00000078-b-1#2793,,,p.Ser7Trp,1.1025517915570902,1.05959742428862,1.1455061588255602,S7W,S7W,0.2208,benign,0.8080410968049628,0.7792,False,7,False,False,False
urn:mavedb:00000078-b-1#2794,,,p.Ser7Val,0.769586502046995,0.662720814209494,0.876452189884496,S7V,S7V,0.1813,benign,0.8341394942478183,0.8187,False,7,False,False,False
urn:mavedb:00000078-b-1#2796,,,p.Gly6Phe,0.864942394388053,0.724934441860611,1.0049503469155,G6F,G6F,0.3172,benign,0.7246940377480175,0.6828000000000001,False,6,False,False,False
urn:mavedb:00000078-b-1#2797,,,p.Gly6Asp,0.637390796233212,0.4764924752155391,0.7982891172508859,G6D,G6D,0.1293,benign,0.8621615546220511,0.8707,False,6,False,False,False
urn:mavedb:00000078-b-1#2798,,,p.Gly6Cys,0.9828331106312808,0.877897914913035,1.08776830634953,G6C,G6C,0.2046,benign,0.8192802925904776,0.7954,False,6,False,False,False
urn:mavedb:00000078-b-1#2799,,,p.Gly6Ala,0.73044103420448,0.6601849058553679,0.800697162553593,G6A,G6A,0.097,benign,0.8763706717509416,0.903,False,6,False,False,False
urn:mavedb:00000078-b-1#2800,,,p.Trp5Ile,0.9249343586562472,0.8383364232593721,1.01153229405312,W5I,W5I,0.3908,ambiguous,0.6423631809853134,0.6092,False,5,False,False,False
urn:mavedb:00000078-b-1#2801,,,p.Trp5Tyr,1.09038544273222,0.981526946429416,1.19924393903502,W5Y,W5Y,0.3967,ambiguous,0.6351557542968292,0.6033,False,5,False,False,False
urn:mavedb:00000078-b-1#2803,,,p.Trp5Val,1.0895736373119498,1.04654308243674,1.13260419218716,W5V,W5V,0.257,benign,0.7801039304527322,0.743,False,5,False,False,False
urn:mavedb:00000078-b-1#2804,,,p.Trp5Thr,0.6883700783933349,0.373565529394437,1.00317462739223,W5T,W5T,0.2067,benign,0.8178661488577162,0.7933,False,5,False,False,False
urn:mavedb:00000078-b-1#2805,,,p.Trp5Ser,0.6776639241235191,0.5644394682027521,0.790888380044287,W5S,W5S,0.1866,benign,0.8308913580736392,0.8134,False,5,False,False,False
urn:mavedb:00000078-b-1#2806,,,p.Trp5Arg,0.905224320880277,0.839406592776435,0.9710420489841188,W5R,W5R,0.4236,ambiguous,0.6013710887904259,0.5764,False,5,False,False,False
urn:mavedb:00000078-b-1#2807,,,p.Trp5Gln,0.707744299162095,0.5241417650201611,0.8913468333040291,W5Q,W5Q,0.4985,ambiguous,0.5020249863313607,0.5015000000000001,False,5,False,False,False
urn:mavedb:00000078-b-1#2808,,,p.Trp5Pro,0.573537992108902,0.440048875008457,0.707027109209348,W5P,W5P,0.4149,ambiguous,0.6124524061447751,0.5851,False,5,False,False,False
urn:mavedb:00000078-b-1#2809,,,p.Trp5Asn,0.6930294587885091,0.605843158986639,0.7802157585903778,W5N,W5N,0.626,pathogenic,0.33756380490505833,0.374,False,5,False,False,False
urn:mavedb:00000078-b-1#2810,,,p.Trp5Met,0.8483610117301701,0.7024321489060781,0.994289874554261,W5M,W5M,0.4612,ambiguous,0.5521447102487481,0.5388,False,5,False,False,False
urn:mavedb:00000078-b-1#2811,,,p.Trp5Leu,0.9970031202638822,0.9748759385169592,1.0191303020108,W5L,W5L,0.228,benign,0.8027990910946877,0.772,False,5,False,False,False
urn:mavedb:00000078-b-1#2812,,,p.Trp5Lys,0.864427811409241,0.709489171476987,1.0193664513415,W5K,W5K,0.5952,pathogenic,0.37486397952177425,0.40480000000000005,False,5,False,True,False
urn:mavedb:00000078-b-1#2813,,,p.Trp5Glu,0.519796576735703,0.420626506800475,0.618966646670932,W5E,W5E,0.4864,ambiguous,0.5183498191821049,0.5136000000000001,False,5,False,False,False
urn:mavedb:00000078-b-1#2814,,,p.Trp5His,0.762071896894229,0.6225210265148671,0.90162276727359,W5H,W5H,0.5854,pathogenic,0.38716797042415513,0.41459999999999997,False,5,False,False,False
urn:mavedb:00000078-b-1#2815,,,p.Trp5Gly,0.6088935285765971,0.492947723517966,0.7248393336352271,W5G,W5G,0.1059,benign,0.8726789646170667,0.8941,False,5,False,False,False
urn:mavedb:00000078-b-1#2816,,,p.Trp5Phe,1.00094880206467,0.913622083035907,1.08827552109343,W5F,W5F,0.1818,benign,0.8338363208065178,0.8182,False,5,False,False,False
urn:mavedb:00000078-b-1#2817,,,p.Trp5Asp,0.412873093415729,0.32780893248297,0.497937254348489,W5D,W5D,0.5606,ambiguous,0.4190795488855158,0.4394,False,5,False,False,False
urn:mavedb:00000078-b-1#2818,,,p.Trp5Cys,0.893039191871424,0.7968307201906851,0.989247663552163,W5C,W5C,0.5115,ambiguous,0.4844811566126033,0.48850000000000005,False,5,False,False,False
urn:mavedb:00000078-b-1#2819,,,p.Trp5Ala,0.842126425405478,0.7623986754763041,0.921854175334652,W5A,W5A,0.1694,benign,0.8411579611893878,0.8306,False,5,False,False,False
urn:mavedb:00000078-b-1#2820,,,p.Thr4Tyr,0.92927889476528,0.762002512231663,1.0965552772989,T4Y,T4Y,0.1624,benign,0.845112938587731,0.8376,False,4,False,False,False
urn:mavedb:00000078-b-1#2821,,,p.Thr4His,0.9452528400717628,0.7910047080863659,1.09950097205716,T4H,T4H,0.1319,benign,0.8609172258124993,0.8681,False,4,False,False,False
urn:mavedb:00000078-b-1#2822,,,p.Thr4Trp,0.805346372420475,0.667200016272145,0.9434927285688052,T4W,T4W,0.2151,benign,0.8120826007552964,0.7848999999999999,False,4,False,False,False
urn:mavedb:00000078-b-1#2823,,,p.Thr4Val,0.836546529270416,0.7261082589126999,0.946984799628132,T4V,T4V,0.1113,benign,0.8703580552835671,0.8887,False,4,False,False,False
urn:mavedb:00000078-b-1#2825,,,p.Thr4Ser,0.912547616482759,0.7926163754742421,1.03247885749128,T4S,T4S,0.0739,benign,0.885214093261438,0.9261,False,4,False,False,False
urn:mavedb:00000078-b-1#2826,,,p.Thr4Arg,1.1343636083218702,1.04113372740181,1.22759348924194,T4R,T4R,0.089,benign,0.8795512891669034,0.911,False,4,False,False,False
urn:mavedb:00000078-b-1#2827,,,p.Thr4Gln,0.95733184136085,0.7227715328864379,1.1918921498352602,T4Q,T4Q,0.1422,benign,0.8558324331303353,0.8578,False,4,False,False,False
urn:mavedb:00000078-b-1#2828,,,p.Thr4Pro,0.833588536940977,0.661487425785974,1.00568964809598,T4P,T4P,0.067,benign,0.8876594768787898,0.933,False,4,False,False,False
urn:mavedb:00000078-b-1#2829,,,p.Thr4Asn,1.12169767376225,1.03497731539834,1.20841803212616,T4N,T4N,0.1091,benign,0.8713111098903134,0.8909,False,4,False,False,False
urn:mavedb:00000078-b-1#2830,,,p.Thr4Met,0.8354269187025541,0.570926882918682,1.09992695448643,T4M,T4M,0.1427,benign,0.8555791886798634,0.8573,False,4,False,False,False
urn:mavedb:00000078-b-1#2831,,,p.Thr4Leu,0.8378030584310959,0.7572619783456519,0.9183441385165392,T4L,T4L,0.108,benign,0.871783760276366,0.892,False,4,False,False,False
urn:mavedb:00000078-b-1#2832,,,p.Thr4Lys,0.876264364016466,0.0679370921171288,1.6845916359158,T4K,T4K,0.1462,benign,0.8537895928292651,0.8538,False,4,False,False,False
urn:mavedb:00000078-b-1#2833,,,p.Thr4Ile,0.868944335345965,0.793802516589711,0.9440861541022192,T4I,T4I,0.124,benign,0.8646501449391667,0.876,False,4,False,False,False
urn:mavedb:00000078-b-1#2834,,,p.Thr4Asp,0.573718299076125,0.280320379251247,0.867116218901003,T4D,T4D,0.1567,benign,0.8482407035736664,0.8432999999999999,False,4,False,False,False
urn:mavedb:00000078-b-1#2835,,,p.Thr4Gly,1.00182554020722,0.9313369594206892,1.07231412099375,T4G,T4G,0.0929,benign,0.8780167545969599,0.9071,False,4,False,False,False
urn:mavedb:00000078-b-1#2836,,,p.Thr4Phe,1.01185034579689,0.9631122303868208,1.06058846120695,T4F,T4F,0.1247,benign,0.8643251177161976,0.8753,False,4,False,False,False
urn:mavedb:00000078-b-1#2837,,,p.Thr4Glu,0.598963358939552,0.4596031166953371,0.7383236011837659,T4E,T4E,0.1647,benign,0.8438274013568305,0.8352999999999999,False,4,False,False,False
urn:mavedb:00000078-b-1#2838,,,p.Thr4Cys,1.00432024979842,0.898102929407378,1.11053757018947,T4C,T4C,0.2323,benign,0.7995948239915835,0.7677,False,4,False,False,False
urn:mavedb:00000078-b-1#2839,,,p.Thr4Ala,0.9306427611225992,0.7104289765928941,1.1508565456523,T4A,T4A,0.0641,benign,0.8886615306345594,0.9359,False,4,False,False,False
urn:mavedb:00000078-b-1#2840,,,p.Gly19Cys,0.0805773397466106,-0.176779457058481,0.337934136551702,G19C,G19C,0.8833,pathogenic,0.13202557365454753,0.11670000000000003,False,19,False,False,False
urn:mavedb:00000078-b-1#2841,,,p.Gly19Tyr,0.0883379929814891,-0.3903206460948379,0.566996632057816,G19Y,G19Y,0.9678,pathogenic,0.10126203883729504,0.032200000000000006,False,19,False,False,False
urn:mavedb:00000078-b-1#2842,,,p.Gly19Val,0.0669762310557228,-0.0579589023822291,0.1919113644936749,G19V,G19V,0.8616,pathogenic,0.1422624465418464,0.13839999999999997,False,19,False,False,False
urn:mavedb:00000078-b-1#2843,,,p.Gly19Thr,0.1751850559689159,-0.101741596132683,0.452111708070514,G19T,G19T,0.9235,pathogenic,0.11573010045442512,0.07650000000000001,False,19,False,False,False
urn:mavedb:00000078-b-1#2844,,,p.Gly19Ser,0.0780168375376059,-0.155890760550797,0.3119244356260089,G19S,G19S,0.7451,pathogenic,0.21816629064831078,0.2549,False,19,False,False,False
urn:mavedb:00000078-b-1#2845,,,p.Gly19Arg,-0.0126733684436562,-0.112338832163669,0.0869920952763562,G19R,G19R,0.9507,pathogenic,0.10645338028406597,0.04930000000000001,False,19,False,False,False
urn:mavedb:00000078-b-1#2846,,,p.Gly19Pro,-0.0298927025625097,-0.171936679362351,0.112151274237331,G19P,G19P,0.969,pathogenic,0.10091508278590974,0.031000000000000028,False,19,False,False,False
urn:mavedb:00000078-b-1#2847,,,p.Gly19Asn,-0.0075346783392494,-0.159169327707553,0.144099971029054,G19N,G19N,0.9782,pathogenic,0.098327559747081,0.02180000000000004,False,19,False,False,False
urn:mavedb:00000078-b-1#2848,,,p.Gly19Leu,0.0258888644457977,-0.215421172341168,0.267198901232763,G19L,G19L,0.9558,pathogenic,0.10485576598229349,0.04420000000000002,False,19,False,False,False
urn:mavedb:00000078-b-1#2849,,,p.Ser3Trp,0.71129933818692,0.619924517866549,0.802674158507291,S3W,S3W,0.1271,benign,0.8632023167469896,0.8729,False,3,False,False,False
urn:mavedb:00000078-b-1#2850,,,p.Ser3Tyr,0.808078726064951,0.7238734364398051,0.892284015690098,S3Y,S3Y,0.1132,benign,0.8695265881702268,0.8868,False,3,False,False,False
urn:mavedb:00000078-b-1#2852,,,p.Ser3Phe,0.753243044146228,0.7067727641809659,0.79971332411149,S3F,S3F,0.108,benign,0.871783760276366,0.892,False,3,False,False,False
urn:mavedb:00000078-b-1#2853,,,p.Ser3Val,0.7444084592360659,0.602090185838287,0.8867267326338449,S3V,S3V,0.112,benign,0.8700526316065135,0.888,False,3,False,False,False
urn:mavedb:00000078-b-1#2854,,,p.Ser3Thr,1.00047079594818,0.95294253336469,1.04799905853167,S3T,S3T,0.0683,benign,0.8872053790817922,0.9317,False,3,False,False,False
urn:mavedb:00000078-b-1#2856,,,p.Ser3Arg,1.1804335065529898,1.06585168755275,1.29501532555323,S3R,S3R,0.1688,benign,0.8415019364004364,0.8311999999999999,False,3,False,False,False
urn:mavedb:00000078-b-1#2857,,,p.Ser3Pro,0.93333396951975,0.8599351371907109,1.00673280184879,S3P,S3P,0.0734,benign,0.8853942288316443,0.9266,False,3,False,False,False
urn:mavedb:00000078-b-1#2858,,,p.Ser3Asn,1.05780521401749,0.983959830310072,1.1316505977249098,S3N,S3N,0.1027,benign,0.8740252413464062,0.8973,False,3,False,False,False
urn:mavedb:00000078-b-1#2859,,,p.Ser3Met,0.8131420980132529,0.719152341057598,0.907131854968909,S3M,S3M,0.1716,benign,0.8398886635640986,0.8284,False,3,False,False,False
urn:mavedb:00000078-b-1#2860,,,p.Ser3Leu,0.752161169598071,0.701987155750477,0.802335183445664,S3L,S3L,0.1089,benign,0.8713972379857824,0.8911,False,3,False,False,False
urn:mavedb:00000078-b-1#2861,,,p.Ser3Lys,1.27548808591796,1.18824537073336,1.36273080110257,S3K,S3K,0.2343,benign,0.7980855740370469,0.7657,False,3,False,False,False
urn:mavedb:00000078-b-1#2862,,,p.Ser3Ile,0.795136830737673,0.739378921823173,0.8508947396521729,S3I,S3I,0.1308,benign,0.8614455763734042,0.8692,False,3,False,False,False
urn:mavedb:00000078-b-1#2863,,,p.Ser3His,1.12081314025017,1.06026973293715,1.18135654756319,S3H,S3H,0.1594,benign,0.8467694017186791,0.8406,False,3,False,False,False
urn:mavedb:00000078-b-1#2864,,,p.Ser3Gly,0.978637525803098,0.907028826447626,1.05024622515857,S3G,S3G,0.066,benign,0.8880067126420945,0.9339999999999999,False,3,False,False,False
urn:mavedb:00000078-b-1#2865,,,p.Ser3Ala,0.9835764409449308,0.920434162808998,1.04671871908086,S3A,S3A,0.0589,benign,0.8904210114735347,0.9411,False,3,False,False,False
urn:mavedb:00000078-b-1#2866,,,p.Ser3Glu,0.691550796143492,0.6026245706291761,0.780477021657808,S3E,S3E,0.1628,benign,0.8448903416793975,0.8371999999999999,False,3,False,False,False
urn:mavedb:00000078-b-1#2867,,,p.Ser3Asp,0.6312160156539061,0.538063533910313,0.7243684973975,S3D,S3D,0.1304,benign,0.8616370106874736,0.8696,False,3,False,False,False
urn:mavedb:00000078-b-1#2868,,,p.Ser3Cys,0.763373184033501,0.622300651523356,0.904445716543646,S3C,S3C,0.1016,benign,0.8744830880834863,0.8984,False,3,False,False,False
urn:mavedb:00000078-b-1#2869,,,p.Gly2Asp,0.7659814461604201,0.705514063194051,0.8264488291267891,G2D,G2D,0.0994,benign,0.8753912688996878,0.9006,False,2,False,False,False
urn:mavedb:00000078-b-1#2870,,,p.Gly2Tyr,0.9179752073194252,0.8191848750806371,1.01676553955821,G2Y,G2Y,0.2366,benign,0.7963350442450229,0.7634,False,2,False,False,False
urn:mavedb:00000078-b-1#2871,,,p.Gly2Val,0.8090103681190131,0.6824685828353089,0.9355521534027172,G2V,G2V,0.1472,benign,0.8532728227002462,0.8528,False,2,False,False,False
urn:mavedb:00000078-b-1#2872,,,p.Gly2Ser,1.02023172328331,0.920762013246952,1.11970143331966,G2S,G2S,0.0876,benign,0.8800948082093744,0.9124,False,2,False,False,False
urn:mavedb:00000078-b-1#2873,,,p.Gly2Arg,1.1838989919530802,1.07395940176522,1.29383858214095,G2R,G2R,0.1863,benign,0.8310772568171755,0.8137,False,2,False,False,False
urn:mavedb:00000078-b-1#2874,,,p.Gly2Asn,0.917241628168714,0.7273110611202991,1.1071721952171298,G2N,G2N,0.1766,benign,0.8369564729844925,0.8234,False,2,False,False,False
urn:mavedb:00000078-b-1#2875,,,p.Gly2Ile,0.7579357388697879,0.6713646765726089,0.8445068011669681,G2I,G2I,0.2128,benign,0.813686501778914,0.7872,False,2,False,False,False
urn:mavedb:00000078-b-1#2877,,,p.Gly2Phe,0.685995697729972,0.5969797536476981,0.775011641812246,G2F,G2F,0.2871,benign,0.7538061865070004,0.7129,False,2,False,False,False
urn:mavedb:00000078-b-1#2878,,,p.Gly2Glu,0.9619273699375608,0.7445977563397759,1.17925698353535,G2E,G2E,0.1227,benign,0.8652508392076957,0.8773,False,2,False,False,False
urn:mavedb:00000078-b-1#2879,,,p.Gly2Cys,0.7500427880616359,0.6183047111378579,0.8817808649854151,G2C,G2C,0.2006,benign,0.8219391297794562,0.7994,False,2,False,False,False
urn:mavedb:00000078-b-1#2880,,,p.Ser7Thr,0.977485102733826,0.8536599258894398,1.10131027957821,S7T,S7T,0.1045,benign,0.8732706001974202,0.8955,False,7,False,False,False
urn:mavedb:00000078-b-1#2882,,,p.Ser7Cys,0.8478348981560271,0.7341279263812421,0.961541869930813,S7C,S7C,0.1232,benign,0.8650202525592193,0.8768,False,7,False,False,False
urn:mavedb:00000078-b-1#2883,,,p.Ser7Gln,0.867690429821271,0.774824441151195,0.960556418491347,S7Q,S7Q,0.2636,benign,0.7745787179052102,0.7363999999999999,False,7,False,False,False
urn:mavedb:00000078-b-1#2884,,,p.Ser7Pro,1.0429493478565,0.941928071434812,1.14397062427819,S7P,S7P,0.1608,benign,0.8459992377682138,0.8392,False,7,False,False,False
urn:mavedb:00000078-b-1#2885,,,p.Ser7Asn,1.02698347751713,0.947648671197136,1.10631828383713,S7N,S7N,0.0722,benign,0.8858246701623679,0.9278,False,7,False,False,False
urn:mavedb:00000078-b-1#2886,,,p.Ser7Met,0.997561725917214,0.8680756615293759,1.12704779030505,S7M,S7M,0.2589,benign,0.77852715718103,0.7411,False,7,False,False,False
urn:mavedb:00000078-b-1#2887,,,p.Ser7Leu,0.9308208439019808,0.8945351874749541,0.967106500329009,S7L,S7L,0.2026,benign,0.8206153942109939,0.7974,False,7,False,False,False
urn:mavedb:00000078-b-1#2888,,,p.Ser7Lys,1.19254128159857,0.9519329344728108,1.4331496287243302,S7K,S7K,0.3001,benign,0.741576226674378,0.6999,False,7,False,False,False
urn:mavedb:00000078-b-1#2889,,,p.Ser7Ile,0.502737846652527,0.4388834629895661,0.5665922303154871,S7I,S7I,0.1446,benign,0.854611369855055,0.8553999999999999,False,7,False,False,False
urn:mavedb:00000078-b-1#2890,,,p.Ser7His,1.09584422215666,1.0120244464186,1.17966399789472,S7H,S7H,0.1294,benign,0.8621139837990269,0.8706,False,7,False,False,False
urn:mavedb:00000078-b-1#2891,,,p.Ser7Gly,0.927055477530618,0.887555531734842,0.9665554233263928,S7G,S7G,0.0921,benign,0.8783339988390788,0.9079,False,7,False,False,False
urn:mavedb:00000078-b-1#2892,,,p.Ser7Phe,1.1001768106363798,0.950392621647454,1.2499609996253,S7F,S7F,0.2181,benign,0.8099673663028192,0.7819,False,7,False,False,False
urn:mavedb:00000078-b-1#2893,,,p.Ser7Glu,0.500887527887574,0.332897775327506,0.668877280447642,S7E,S7E,0.2807,benign,0.7596338785415075,0.7193,False,7,False,False,False
urn:mavedb:00000078-b-1#2894,,,p.Ser7Asp,0.540680666429762,0.458595942898456,0.622765389961068,S7D,S7D,0.1531,benign,0.8501739526421366,0.8469,False,7,False,False,False
urn:mavedb:00000078-b-1#2895,,,p.Ser7Ala,0.494338292166412,0.377095292457288,0.611581291875537,S7A,S7A,0.1392,benign,0.8573393339511725,0.8608,False,7,False,False,False
urn:mavedb:00000078-b-1#2896,,,p.Gly6Tyr,0.8199898126925309,0.718861356598591,0.9211182687864709,G6Y,G6Y,0.2556,benign,0.7812586282887145,0.7444,False,6,False,False,False
urn:mavedb:00000078-b-1#2897,,,p.Gly6Ile,0.9490679313393092,0.805360513074595,1.09277534960402,G6I,G6I,0.1832,benign,0.8329838387488552,0.8168,False,6,False,False,False
urn:mavedb:00000078-b-1#2899,,,p.Gly6Trp,0.7478993420172909,0.646365769002999,0.849432915031584,G6W,G6W,0.2005,benign,0.8220050191003904,0.7995,False,6,False,False,False
urn:mavedb:00000078-b-1#2900,,,p.Gly6Val,1.05796921608939,0.980841726435302,1.13509670574349,G6V,G6V,0.1148,benign,0.8688203421026145,0.8852,False,6,False,False,False
urn:mavedb:00000078-b-1#2901,,,p.Gly6Thr,1.0906442475183,1.00646237757145,1.17482611746514,G6T,G6T,0.1292,benign,0.8622091024795232,0.8708,False,6,False,False,False
urn:mavedb:00000078-b-1#2902,,,p.Gly6Ser,1.01253378950557,0.8808205604697611,1.1442470185413702,G6S,G6S,0.115,benign,0.8687316697673721,0.885,False,6,False,False,False
urn:mavedb:00000078-b-1#2903,,,p.Gly6Arg,1.30765198194165,1.2456307106079498,1.3696732532753602,G6R,G6R,0.0999,benign,0.8751857405579043,0.9001,False,6,False,False,False
urn:mavedb:00000078-b-1#2904,,,p.Gly6Gln,1.08083051895336,0.8173601854101221,1.3443008524966005,G6Q,G6Q,0.1335,benign,0.8601437071416511,0.8665,False,6,False,False,False
urn:mavedb:00000078-b-1#2905,,,p.Gly6Pro,0.658566702350378,0.5877908130923211,0.729342591608436,G6P,G6P,0.4228,ambiguous,0.6023957270026746,0.5771999999999999,False,6,False,False,False
urn:mavedb:00000078-b-1#2906,,,p.Gly6Asn,0.94687418477443,0.8300093180505171,1.06373905149834,G6N,G6N,0.2185,benign,0.8096833443875434,0.7815,False,6,False,False,False
urn:mavedb:00000078-b-1#2907,,,p.Gly6Met,0.9417451142447072,0.890137350477638,0.993352878011775,G6M,G6M,0.3294,benign,0.7121059181546184,0.6706,False,6,False,False,False
urn:mavedb:00000078-b-1#2908,,,p.Gly6Leu,0.7674062330603629,0.668552275657989,0.8662601904627371,G6L,G6L,0.2306,benign,0.8008682425119172,0.7694,False,6,False,False,False
urn:mavedb:00000078-b-1#2909,,,p.Gly6Lys,1.29040719097771,1.2148760776514498,1.36593830430398,G6K,G6K,0.1741,benign,0.8384308376501953,0.8259,False,6,False,False,False
urn:mavedb:00000078-b-1#2910,,,p.Gly6Glu,0.6203116312545339,0.41071021061354,0.829913051895528,G6E,G6E,0.0983,benign,0.8758416243934651,0.9017,False,6,False,False,False
urn:mavedb:00000078-b-1#2911,,,p.Gly6His,0.889497140973022,0.613523427023098,1.16547085492295,G6H,G6H,0.1967,benign,0.8244879142046861,0.8033,False,6,False,False,False
